{"sample0": {"f_0": 0.01171875, "f_1": 0.1416015625, "f_2": 0.2919921875, "f_3": 0.2939453125, "f_4": 0.2158203125, "f_5": 0.267578125, "f_6": 0.3212890625, "f_7": 0.24609375, "f_8": 0.140625, "f_9": 0.12890625}, "sample1": {"f_0": 0.0107421875, "f_1": 0.0654296875, "f_2": 0.1796875, "f_3": 0.2275390625, "f_4": 0.1650390625, "f_5": 0.09765625, "f_6": 0.234375, "f_7": 0.283203125, "f_8": 0.244140625, "f_9": 0.2734375}, "sample2": {"f_0": 0.0126953125, "f_1": 0.037109375, "f_2": 0.1259765625, "f_3": 0.2373046875, "f_4": 0.29296875, "f_5": 0.3193359375, "f_6": 0.2666015625, "f_7": 0.1201171875, "f_8": 0.2138671875, "f_9": 0.1982421875}, "sample3": {"f_0": 0.013671875, "f_1": 0.03125, "f_2": 0.1298828125, "f_3": 0.216796875, "f_4": 0.1904296875, "f_5": 0.16796875, "f_6": 0.185546875, "f_7": 0.24609375, "f_8": 0.236328125, "f_9": 0.201171875}, "sample4": {"f_0": 0.015625, "f_1": 0.2001953125, "f_2": 0.2724609375, "f_3": 0.2275390625, "f_4": 0.22265625, "f_5": 0.0634765625, "f_6": 0.1044921875, "f_7": 0.328125, "f_8": 0.2275390625, "f_9": 0.2431640625}, "sample5": {"f_0": 0.0146484375, "f_1": 0.033203125, "f_2": 0.0546875, "f_3": 0.1298828125, "f_4": 0.25, "f_5": 0.1669921875, "f_6": 0.2373046875, "f_7": 0.2412109375, "f_8": 0.2421875, "f_9": 0.33203125}, "sample6": {"f_0": 0.013671875, "f_1": 0.177734375, "f_2": 0.326171875, "f_3": 0.275390625, "f_4": 0.2705078125, "f_5": 0.244140625, "f_6": 0.0419921875, "f_7": 0.298828125, "f_8": 0.15625, "f_9": 0.1640625}, "sample7": {"f_0": 0.0126953125, "f_1": 0.0576171875, "f_2": 0.1337890625, "f_3": 0.2177734375, "f_4": 0.216796875, "f_5": 0.2353515625, "f_6": 0.1474609375, "f_7": 0.091796875, "f_8": 0.041015625, "f_9": 0.0810546875}, "sample8": {"f_0": 0.0078125, "f_1": 0.0341796875, "f_2": 0.068359375, "f_3": 0.2265625, "f_4": 0.2470703125, "f_5": 0.189453125, "f_6": 0.2236328125, "f_7": 0.1943359375, "f_8": 0.3447265625, "f_9": 0.2177734375}, "sample9": {"f_0": 0.015625, "f_1": 0.04296875, "f_2": 0.14453125, "f_3": 0.2255859375, "f_4": 0.1767578125, "f_5": 0.1806640625, "f_6": 0.24609375, "f_7": 0.2529296875, "f_8": 0.2158203125, "f_9": 0.1640625}, "sample10": {"f_0": 0.017578125, "f_1": 0.1396484375, "f_2": 0.263671875, "f_3": 0.240234375, "f_4": 0.177734375, "f_5": 0.22265625, "f_6": 0.3056640625, "f_7": 0.2958984375, "f_8": 0.15234375, "f_9": 0.07421875}, "sample11": {"f_0": 0.0087890625, "f_1": 0.130859375, "f_2": 0.2060546875, "f_3": 0.1845703125, "f_4": 0.0341796875, "f_5": 0.056640625, "f_6": 0.2421875, "f_7": 0.2333984375, "f_8": 0.072265625, "f_9": 0.068359375}, "sample12": {"f_0": 0.013671875, "f_1": 0.1767578125, "f_2": 0.2802734375, "f_3": 0.248046875, "f_4": 0.2255859375, "f_5": 0.1298828125, "f_6": 0.064453125, "f_7": 0.2314453125, "f_8": 0.333984375, "f_9": 0.212890625}, "sample13": {"f_0": 0.0146484375, "f_1": 0.0390625, "f_2": 0.052734375, "f_3": 0.0869140625, "f_4": 0.15234375, "f_5": 0.2548828125, "f_6": 0.359375, "f_7": 0.3720703125, "f_8": 0.2470703125, "f_9": 0.109375}, "sample14": {"f_0": 0.013671875, "f_1": 0.0419921875, "f_2": 0.126953125, "f_3": 0.2353515625, "f_4": 0.34375, "f_5": 0.3623046875, "f_6": 0.3876953125, "f_7": 0.27734375, "f_8": 0.220703125, "f_9": 0.236328125}, "sample15": {"f_0": 0.009765625, "f_1": 0.228515625, "f_2": 0.302734375, "f_3": 0.232421875, "f_4": 0.234375, "f_5": 0.21875, "f_6": 0.416015625, "f_7": 0.2099609375, "f_8": 0.19921875, "f_9": 0.1865234375}, "sample16": {"f_0": 0.0126953125, "f_1": 0.14453125, "f_2": 0.30859375, "f_3": 0.345703125, "f_4": 0.2568359375, "f_5": 0.2236328125, "f_6": 0.2939453125, "f_7": 0.2451171875, "f_8": 0.2080078125, "f_9": 0.23828125}, "sample17": {"f_0": 0.0185546875, "f_1": 0.060546875, "f_2": 0.1669921875, "f_3": 0.3076171875, "f_4": 0.3037109375, "f_5": 0.1982421875, "f_6": 0.1220703125, "f_7": 0.1865234375, "f_8": 0.2890625, "f_9": 0.2060546875}, "sample18": {"f_0": 0.009765625, "f_1": 0.0400390625, "f_2": 0.181640625, "f_3": 0.2939453125, "f_4": 0.2783203125, "f_5": 0.3046875, "f_6": 0.328125, "f_7": 0.20703125, "f_8": 0.0732421875, "f_9": 0.0703125}, "sample19": {"f_0": 0.0107421875, "f_1": 0.029296875, "f_2": 0.0224609375, "f_3": 0.0322265625, "f_4": 0.0390625, "f_5": 0.0458984375, "f_6": 0.0625, "f_7": 0.099609375, "f_8": 0.103515625, "f_9": 0.125}, "sample20": {"f_0": 0.015625, "f_1": 0.068359375, "f_2": 0.1328125, "f_3": 0.166015625, "f_4": 0.2705078125, "f_5": 0.296875, "f_6": 0.109375, "f_7": 0.1162109375, "f_8": 0.2880859375, "f_9": 0.3193359375}, "sample21": {"f_0": 0.01171875, "f_1": 0.02734375, "f_2": 0.0224609375, "f_3": 0.021484375, "f_4": 0.0419921875, "f_5": 0.0361328125, "f_6": 0.0537109375, "f_7": 0.099609375, "f_8": 0.12890625, "f_9": 0.1689453125}, "sample22": {"f_0": 0.0078125, "f_1": 0.0888671875, "f_2": 0.21875, "f_3": 0.177734375, "f_4": 0.046875, "f_5": 0.03515625, "f_6": 0.1533203125, "f_7": 0.2177734375, "f_8": 0.1533203125, "f_9": 0.0322265625}, "sample23": {"f_0": 0.01953125, "f_1": 0.171875, "f_2": 0.3505859375, "f_3": 0.232421875, "f_4": 0.1318359375, "f_5": 0.1337890625, "f_6": 0.2470703125, "f_7": 0.19921875, "f_8": 0.2216796875, "f_9": 0.2626953125}, "sample24": {"f_0": 0.0087890625, "f_1": 0.0302734375, "f_2": 0.0263671875, "f_3": 0.052734375, "f_4": 0.0576171875, "f_5": 0.0732421875, "f_6": 0.087890625, "f_7": 0.0908203125, "f_8": 0.1328125, "f_9": 0.1640625}, "sample25": {"f_0": 0.009765625, "f_1": 0.07421875, "f_2": 0.123046875, "f_3": 0.2236328125, "f_4": 0.26171875, "f_5": 0.314453125, "f_6": 0.287109375, "f_7": 0.140625, "f_8": 0.080078125, "f_9": 0.154296875}, "sample26": {"f_0": 0.0166015625, "f_1": 0.1142578125, "f_2": 0.2802734375, "f_3": 0.3212890625, "f_4": 0.2158203125, "f_5": 0.1630859375, "f_6": 0.1376953125, "f_7": 0.1298828125, "f_8": 0.0947265625, "f_9": 0.064453125}, "sample27": {"f_0": 0.015625, "f_1": 0.2822265625, "f_2": 0.23046875, "f_3": 0.125, "f_4": 0.0302734375, "f_5": 0.0859375, "f_6": 0.2255859375, "f_7": 0.3359375, "f_8": 0.2265625, "f_9": 0.078125}, "sample28": {"f_0": 0.0185546875, "f_1": 0.08203125, "f_2": 0.193359375, "f_3": 0.2763671875, "f_4": 0.2509765625, "f_5": 0.2109375, "f_6": 0.18359375, "f_7": 0.212890625, "f_8": 0.2314453125, "f_9": 0.15234375}, "sample29": {"f_0": 0.0078125, "f_1": 0.052734375, "f_2": 0.20703125, "f_3": 0.169921875, "f_4": 0.158203125, "f_5": 0.2001953125, "f_6": 0.3115234375, "f_7": 0.23828125, "f_8": 0.1328125, "f_9": 0.150390625}, "sample30": {"f_0": 0.0126953125, "f_1": 0.046875, "f_2": 0.0947265625, "f_3": 0.2744140625, "f_4": 0.2861328125, "f_5": 0.220703125, "f_6": 0.279296875, "f_7": 0.1572265625, "f_8": 0.0712890625, "f_9": 0.0205078125}, "sample31": {"f_0": 0.009765625, "f_1": 0.2138671875, "f_2": 0.302734375, "f_3": 0.2373046875, "f_4": 0.302734375, "f_5": 0.3330078125, "f_6": 0.138671875, "f_7": 0.1279296875, "f_8": 0.162109375, "f_9": 0.2109375}, "sample32": {"f_0": 0.0166015625, "f_1": 0.025390625, "f_2": 0.125, "f_3": 0.2666015625, "f_4": 0.1376953125, "f_5": 0.09765625, "f_6": 0.248046875, "f_7": 0.25390625, "f_8": 0.2431640625, "f_9": 0.3212890625}, "sample33": {"f_0": 0.0126953125, "f_1": 0.185546875, "f_2": 0.2763671875, "f_3": 0.1328125, "f_4": 0.330078125, "f_5": 0.134765625, "f_6": 0.138671875, "f_7": 0.25, "f_8": 0.2451171875, "f_9": 0.1318359375}, "sample34": {"f_0": 0.0107421875, "f_1": 0.146484375, "f_2": 0.30078125, "f_3": 0.21484375, "f_4": 0.1396484375, "f_5": 0.12890625, "f_6": 0.1005859375, "f_7": 0.1650390625, "f_8": 0.2587890625, "f_9": 0.244140625}, "sample35": {"f_0": 0.0126953125, "f_1": 0.0771484375, "f_2": 0.23046875, "f_3": 0.2802734375, "f_4": 0.1904296875, "f_5": 0.240234375, "f_6": 0.2392578125, "f_7": 0.080078125, "f_8": 0.029296875, "f_9": 0.0791015625}, "sample36": {"f_0": 0.013671875, "f_1": 0.05859375, "f_2": 0.140625, "f_3": 0.173828125, "f_4": 0.12109375, "f_5": 0.0771484375, "f_6": 0.1181640625, "f_7": 0.2275390625, "f_8": 0.291015625, "f_9": 0.255859375}, "sample37": {"f_0": 0.0078125, "f_1": 0.06640625, "f_2": 0.259765625, "f_3": 0.259765625, "f_4": 0.265625, "f_5": 0.2890625,