{"sample0": {"f_0": 0.5078125, "f_1": 0.140625, "f_2": 0.0693359375, "f_3": 0.2236328125, "f_4": 0.302734375, "f_5": 0.2666015625, "f_6": 0.40625, "f_7": 0.5546875, "f_8": 0.5390625, "f_9": 0.3974609375}, "sample1": {"f_0": 0.4990234375, "f_1": 0.30078125, "f_2": 0.28125, "f_3": 0.244140625, "f_4": 0.2900390625, "f_5": 0.349609375, "f_6": 0.365234375, "f_7": 0.369140625, "f_8": 0.123046875, "f_9": 0.046875}, "sample2": {"f_0": 0.490234375, "f_1": 0.298828125, "f_2": 0.171875, "f_3": 0.2998046875, "f_4": 0.46484375, "f_5": 0.556640625, "f_6": 0.63671875, "f_7": 0.3701171875, "f_8": 0.2080078125, "f_9": 0.2392578125}, "sample3": {"f_0": 0.482421875, "f_1": 0.3974609375, "f_2": 0.2685546875, "f_3": 0.24609375, "f_4": 0.1708984375, "f_5": 0.0927734375, "f_6": 0.0517578125, "f_7": 0.0419921875, "f_8": 0.16796875, "f_9": 0.275390625}, "sample4": {"f_0": 0.4853515625, "f_1": 0.708984375, "f_2": 0.341796875, "f_3": 0.259765625, "f_4": 0.1123046875, "f_5": 0.232421875, "f_6": 0.7158203125, "f_7": 0.5546875, "f_8": 0.2412109375, "f_9": 0.3173828125}, "sample5": {"f_0": 0.470703125, "f_1": 0.376953125, "f_2": 0.244140625, "f_3": 0.111328125, "f_4": 0.2841796875, "f_5": 0.3232421875, "f_6": 0.232421875, "f_7": 0.271484375, "f_8": 0.158203125, "f_9": 0.1943359375}, "sample6": {"f_0": 0.509765625, "f_1": 0.7470703125, "f_2": 0.50390625, "f_3": 0.251953125, "f_4": 0.2705078125, "f_5": 0.03515625, "f_6": 0.458984375, "f_7": 0.3798828125, "f_8": 0.19140625, "f_9": 0.2880859375}, "sample7": {"f_0": 0.4912109375, "f_1": 0.654296875, "f_2": 0.7099609375, "f_3": 0.6005859375, "f_4": 0.39453125, "f_5": 0.2421875, "f_6": 0.1845703125, "f_7": 0.271484375, "f_8": 0.486328125, "f_9": 0.5703125}, "sample8": {"f_0": 0.5166015625, "f_1": 0.521484375, "f_2": 0.517578125, "f_3": 0.357421875, "f_4": 0.162109375, "f_5": 0.2255859375, "f_6": 0.2646484375, "f_7": 0.4296875, "f_8": 0.39453125, "f_9": 0.138671875}, "sample9": {"f_0": 0.5078125, "f_1": 0.3994140625, "f_2": 0.2802734375, "f_3": 0.25390625, "f_4": 0.3935546875, "f_5": 0.6474609375, "f_6": 0.724609375, "f_7": 0.4375, "f_8": 0.177734375, "f_9": 0.177734375}, "sample10": {"f_0": 0.509765625, "f_1": 0.1357421875, "f_2": 0.07421875, "f_3": 0.2158203125, "f_4": 0.2763671875, "f_5": 0.1796875, "f_6": 0.2666015625, "f_7": 0.466796875, "f_8": 0.544921875, "f_9": 0.3291015625}, "sample11": {"f_0": 0.5205078125, "f_1": 0.5986328125, "f_2": 0.2353515625, "f_3": 0.0634765625, "f_4": 0.314453125, "f_5": 0.4521484375, "f_6": 0.2216796875, "f_7": 0.041015625, "f_8": 0.185546875, "f_9": 0.3701171875}, "sample12": {"f_0": 0.4892578125, "f_1": 0.7119140625, "f_2": 0.4931640625, "f_3": 0.302734375, "f_4": 0.1982421875, "f_5": 0.189453125, "f_6": 0.3828125, "f_7": 0.498046875, "f_8": 0.2861328125, "f_9": 0.1748046875}, "sample13": {"f_0": 0.48046875, "f_1": 0.587890625, "f_2": 0.5947265625, "f_3": 0.5380859375, "f_4": 0.505859375, "f_5": 0.4404296875, "f_6": 0.240234375, "f_7": 0.0810546875, "f_8": 0.037109375, "f_9": 0.154296875}, "sample14": {"f_0": 0.4921875, "f_1": 0.58203125, "f_2": 0.37890625, "f_3": 0.23046875, "f_4": 0.1376953125, "f_5": 0.11328125, "f_6": 0.1474609375, "f_7": 0.16796875, "f_8": 0.248046875, "f_9": 0.2587890625}, "sample15": {"f_0": 0.5107421875, "f_1": 0.6767578125, "f_2": 0.2724609375, "f_3": 0.2587890625, "f_4": 0.26953125, "f_5": 0.419921875, "f_6": 0.3828125, "f_7": 0.1572265625, "f_8": 0.2919921875, "f_9": 0.099609375}, "sample16": {"f_0": 0.486328125, "f_1": 0.71484375, "f_2": 0.5322265625, "f_3": 0.2626953125, "f_4": 0.1845703125, "f_5": 0.2529296875, "f_6": 0.255859375, "f_7": 0.2197265625, "f_8": 0.28125, "f_9": 0.1884765625}, "sample17": {"f_0": 0.4970703125, "f_1": 0.5537109375, "f_2": 0.3623046875, "f_3": 0.1416015625, "f_4": 0.0205078125, "f_5": 0.0537109375, "f_6": 0.177734375, "f_7": 0.259765625, "f_8": 0.197265625, "f_9": 0.1376953125}, "sample18": {"f_0": 0.501953125, "f_1": 0.5068359375, "f_2": 0.275390625, "f_3": 0.181640625, "f_4": 0.220703125, "f_5": 0.3349609375, "f_6": 0.373046875, "f_7": 0.216796875, "f_8": 0.326171875, "f_9": 0.529296875}, "sample19": {"f_0": 0.5029296875, "f_1": 0.4814453125, "f_2": 0.419921875, "f_3": 0.3876953125, "f_4": 0.3369140625, "f_5": 0.3046875, "f_6": 0.2275390625, "f_7": 0.1875, "f_8": 0.2001953125, "f_9": 0.201171875}, "sample20": {"f_0": 0.494140625, "f_1": 0.2392578125, "f_2": 0.1630859375, "f_3": 0.1298828125, "f_4": 0.2568359375, "f_5": 0.5400390625, "f_6": 0.525390625, "f_7": 0.24609375, "f_8": 0.26171875, "f_9": 0.4599609375}, "sample21": {"f_0": 0.501953125, "f_1": 0.490234375, "f_2": 0.470703125, "f_3": 0.46484375, "f_4": 0.4189453125, "f_5": 0.384765625, "f_6": 0.33203125, "f_7": 0.26171875, "f_8": 0.2392578125, "f_9": 0.244140625}, "sample22": {"f_0": 0.4990234375, "f_1": 0.6494140625, "f_2": 0.3515625, "f_3": 0.1025390625, "f_4": 0.263671875, "f_5": 0.6220703125, "f_6": 0.5986328125, "f_7": 0.2841796875, "f_8": 0.12109375, "f_9": 0.423828125}, "sample23": {"f_0": 0.50390625, "f_1": 0.724609375, "f_2": 0.634765625, "f_3": 0.396484375, "f_4": 0.349609375, "f_5": 0.3017578125, "f_6": 0.251953125, "f_7": 0.2900390625, "f_8": 0.3408203125, "f_9": 0.1640625}, "sample24": {"f_0": 0.4814453125, "f_1": 0.447265625, "f_2": 0.3935546875, "f_3": 0.302734375, "f_4": 0.2822265625, "f_5": 0.2216796875, "f_6": 0.19140625, "f_7": 0.130859375, "f_8": 0.1279296875, "f_9": 0.1416015625}, "sample25": {"f_0": 0.490234375, "f_1": 0.6962890625, "f_2": 0.65625, "f_3": 0.572265625, "f_4": 0.515625, "f_5": 0.373046875, "f_6": 0.2099609375, "f_7": 0.162109375, "f_8": 0.3056640625, "f_9": 0.44921875}, "sample26": {"f_0": 0.4609375, "f_1": 0.1748046875, "f_2": 0.0380859375, "f_3": 0.158203125, "f_4": 0.248046875, "f_5": 0.232421875, "f_6": 0.2626953125, "f_7": 0.408203125, "f_8": 0.587890625, "f_9": 0.5478515625}, "sample27": {"f_0": 0.5009765625, "f_1": 0.630859375, "f_2": 0.25390625, "f_3": 0.263671875, "f_4": 0.353515625, "f_5": 0.5283203125, "f_6": 0.2685546875, "f_7": 0.1943359375, "f_8": 0.060546875, "f_9": 0.5029296875}, "sample28": {"f_0": 0.4951171875, "f_1": 0.677734375, "f_2": 0.728515625, "f_3": 0.587890625, "f_4": 0.3857421875, "f_5": 0.263671875, "f_6": 0.2626953125, "f_7": 0.353515625, "f_8": 0.4345703125, "f_9": 0.388671875}, "sample29": {"f_0": 0.490234375, "f_1": 0.341796875, "f_2": 0.220703125, "f_3": 0.3349609375, "f_4": 0.7080078125, "f_5": 0.6455078125, "f_6": 0.2958984375, "f_7": 0.2353515625, "f_8": 0.564453125, "f_9": 0.751953125}, "sample30": {"f_0": 0.4853515625, "f_1": 0.2822265625, "f_2": 0.1748046875, "f_3": 0.17578125, "f_4": 0.361328125, "f_5": 0.2431640625, "f_6": 0.263671875, "f_7": 0.3544921875, "f_8": 0.3837890625, "f_9": 0.447265625}, "sample31": {"f_0": 0.513671875, "f_1": 0.705078125, "f_2": 0.376953125, "f_3": 0.25, "f_4": 0.2470703125, "f_5": 0.076171875, "f_6": 0.0927734375, "f_7": 0.2197265625, "f_8": 0.22265625, "f_9": 0.24609375}, "sample32": {"f_0": 0.48046875, "f_1": 0.447265625, "f_2": 0.306640625, "f_3": 0.2646484375, "f_4": 0.3134765625, "f_5": 0.201171875, "f_6": 0.24609375, "f_7": 0.455078125, "f_8": 0.234375, "f_9": 0.30859375}, "sample33": {"f_0": 0.501953125, "f_1": 0.693359375, "f_2": 0.345703125, "f_3": 0.2939453125, "f_4": 0.29296875, "f_5": 0.1123046875, "f_6": 0.564453125, "f_7": 0.2734375, "f_8": 0.2109375, "f_9": 0.1845703125}, "sample34": {"f_0": 0.5380859375, "f_1": 0.1171875, "f_2": 0.0859375, "f_3": 0.2353515625, "f_4": 0.2763671875, "f_5": 0.2744140625, "f_6": 0.220703125, "f_7": 0.1328125, "f_8": 0.1455078125, "f_9": 0.263671875}, "sample35": {"f_0": 0.45703125, "f_1": 0.2236328125, "f_2": 0.2333984375, "f_3": 0.447265625, "f_4": 0.3505859375, "f_5": 0.216796875, "f_6": 0.2626953125, "f_7": 0.359375, "f_8": 0.3798828125, "f_9": 0.1875}, "sample36": {"f_0": 0.4873046875, "f_1": 0.5927734375, "f_2": 0.3916015625, "f_3": 0.17578125, "f_4": 0.1748046875, "f_5": 0.265625, "f_6": 0.3466796875, "f_7": 0.328125, "f_8": 0.2548828125, "f_9": 0.205078125}, "sample37": {"f_0": 0.501953125, "f_1": 0.447265625,