{"sample0": {"f_0": 0.4999999999999999, "f_1": 0.735141401946927, "f_2": 0.5626563652879852, "f_3": 0.28104757833971156, "f_4": 0.20756331987075513, "f_5": 0.3229361039222573, "f_6": 0.381762542631622, "f_7": 0.3024952113447589, "f_8": 0.2585617309805137, "f_9": 0.26383378223165266}, "sample1": {"f_0": 0.4999999999999999, "f_1": 0.3563248659234098, "f_2": 0.20211669295142295, "f_3": 0.27894851569300033, "f_4": 0.33382949087829217, "f_5": 0.23552142304133727, "f_6": 0.18717813326916055, "f_7": 0.291213374011638, "f_8": 0.36080876705522436, "f_9": 0.31093292975057046}, "sample2": {"f_0": 0.4999999999999999, "f_1": 0.5542827567379279, "f_2": 0.40880291467994373, "f_3": 0.21070199693911862, "f_4": 0.08674028651398735, "f_5": 0.07298185666073165, "f_6": 0.12230431199124289, "f_7": 0.18991147911746403, "f_8": 0.2465014134593556, "f_9": 0.2691995189732701}, "sample3": {"f_0": 0.4999999999999999, "f_1": 0.4425785685998175, "f_2": 0.33715086141245776, "f_3": 0.2659840925222333, "f_4": 0.2616206940628063, "f_5": 0.3987605944921598, "f_6": 0.6097986427281556, "f_7": 0.6910820551060958, "f_8": 0.5766510317757881, "f_9": 0.389543687191076}, "sample4": {"f_0": 0.4999999999999999, "f_1": 0.06223340729763607, "f_2": 0.1360914791937848, "f_3": 0.24139815891932045, "f_4": 0.16842194303263774, "f_5": 0.10257718762543488, "f_6": 0.41021462546852255, "f_7": 0.562757444225077, "f_8": 0.351971213959132, "f_9": 0.24404479715075283}, "sample5": {"f_0": 0.4999999999999999, "f_1": 0.5324538069830531, "f_2": 0.4766796171103893, "f_3": 0.45636123846314486, "f_4": 0.4819686736301373, "f_5": 0.4638050047371691, "f_6": 0.38671960344245526, "f_7": 0.30861104501500586, "f_8": 0.22691203907146013, "f_9": 0.13734666376222898}, "sample6": {"f_0": 0.4999999999999999, "f_1": 0.08071039209640164, "f_2": 0.0985659464317265, "f_3": 0.23736379950785544, "f_4": 0.31646161714084603, "f_5": 0.1717824650194733, "f_6": 0.2545695890081602, "f_7": 0.4855312246703534, "f_8": 0.42852387196948727, "f_9": 0.2931201323451866}, "sample7": {"f_0": 0.4999999999999999, "f_1": 0.2733451509072277, "f_2": 0.08597054936706326, "f_3": 0.016253301854696218, "f_4": 0.07773859166795646, "f_5": 0.24143657292594262, "f_6": 0.44644662980555616, "f_7": 0.6047523690162544, "f_8": 0.6592971222157633, "f_9": 0.5999839456420778}, "sample8": {"f_0": 0.4999999999999999, "f_1": 0.34666755086665874, "f_2": 0.2624285130214782, "f_3": 0.2159649839712061, "f_4": 0.13433447932923015, "f_5": 0.1234781017098328, "f_6": 0.18397281814738806, "f_7": 0.21561201678557745, "f_8": 0.25537962989045593, "f_9": 0.31765969998442406}, "sample9": {"f_0": 0.4999999999999999, "f_1": 0.3512005014475525, "f_2": 0.29093358510994394, "f_3": 0.27891080319995915, "f_4": 0.2584529556123396, "f_5": 0.38179282257129504, "f_6": 0.5626268264149918, "f_7": 0.5764570148973698, "f_8": 0.4891172674345206, "f_9": 0.3964119239412728}, "sample10": {"f_0": 0.4999999999999999, "f_1": 0.7238778277566937, "f_2": 0.5916781508412898, "f_3": 0.3957891979944832, "f_4": 0.349459632512983, "f_5": 0.29182824508851685, "f_6": 0.19996423600664814, "f_7": 0.256291504183208, "f_8": 0.3581191607918441, "f_9": 0.27728100446235016}, "sample11": {"f_0": 0.4999999999999999, "f_1": 0.16263972785772082, "f_2": 0.25039513317980316, "f_3": 0.36868639477743836, "f_4": 0.13426537065161875, "f_5": 0.11119053849439599, "f_6": 0.31577621298764463, "f_7": 0.22563306706627467, "f_8": 0.14752639126231712, "f_9": 0.36823066212543193}, "sample12": {"f_0": 0.4999999999999999, "f_1": 0.0911405584454414, "f_2": 0.08952401738675511, "f_3": 0.20043934865047194, "f_4": 0.18492851753084155, "f_5": 0.15721389065549823, "f_6": 0.16457764270074407, "f_7": 0.18188914026641745, "f_8": 0.3107124475898657, "f_9": 0.3425882520401657}, "sample13": {"f_0": 0.4999999999999999, "f_1": 0.3435444163057465, "f_2": 0.21764468949715732, "f_3": 0.1854365218303489, "f_4": 0.22143180096087361, "f_5": 0.24637924569512024, "f_6": 0.20689860901750012, "f_7": 0.12378284688400708, "f_8": 0.06678126808732258, "f_9": 0.08706361443623098}, "sample14": {"f_0": 0.4999999999999999, "f_1": 0.3107410612383423, "f_2": 0.2129292287739836, "f_3": 0.22416563626255312, "f_4": 0.24412495053262817, "f_5": 0.2608024506844372, "f_6": 0.2925644761341808, "f_7": 0.3735352705214871, "f_8": 0.44159030128287735, "f_9": 0.3919453657081248}, "sample15": {"f_0": 0.4999999999999999, "f_1": 0.042409703048229226, "f_2": 0.25009966689365676, "f_3": 0.2614133961588801, "f_4": 0.5730436328694153, "f_5": 0.45904203214565664, "f_6": 0.02687567505833473, "f_7": 0.24242653712244655, "f_8": 0.24399338912514248, "f_9": 0.4371603871096713}, "sample16": {"f_0": 0.4999999999999999, "f_1": 0.12114792752606565, "f_2": 0.09482475844665174, "f_3": 0.36143073147551813, "f_4": 0.4826248978636358, "f_5": 0.31371270892572806, "f_6": 0.08876763800913225, "f_7": 0.09042228207344154, "f_8": 0.279336651227753, "f_9": 0.35015861110965274}, "sample17": {"f_0": 0.4999999999999999, "f_1": 0.2429573043948639, "f_2": 0.1435282243185302, "f_3": 0.20569261108452586, "f_4": 0.27166744341708715, "f_5": 0.2828807170868052, "f_6": 0.2577894002824594, "f_7": 0.28494239996073517, "f_8": 0.3142387168133686, "f_9": 0.2245380069372449}, "sample18": {"f_0": 0.4999999999999999, "f_1": 0.2631639654085848, "f_2": 0.17267783859064756, "f_3": 0.2599549602486673, "f_4": 0.27816050315509216, "f_5": 0.2390957567415043, "f_6": 0.2940466657533489, "f_7": 0.40284612978160267, "f_8": 0.40929879314967427, "f_9": 0.3413782874821582}, "sample19": {"f_0": 0.4999999999999999, "f_1": 0.525316136135866, "f_2": 0.5483342070146582, "f_3": 0.5726102948052018, "f_4": 0.5945531366873019, "f_5": 0.6119087889798811, "f_6": 0.6290365758305395, "f_7": 0.6505349114878033, "f_8": 0.672655229164242, "f_9": 0.6910114892634206}, "sample20": {"f_0": 0.4999999999999999, "f_1": 0.6016244445102729, "f_2": 0.4290825302137373, "f_3": 0.2811421504255422, "f_4": 0.31017010125844946, "f_5": 0.3355835642202426, "f_6": 0.25244265230470897, "f_7": 0.2256434806202483, "f_8": 0.3579326150437166, "f_9": 0.47532794328169786}, "sample21": {"f_0": 0.4999999999999999, "f_1": 0.49258678334823863, "f_2": 0.4769479534636387, "f_3": 0.4514395878933197, "f_4": 0.4163960458325909, "f_5": 0.37109487288472054, "f_6": 0.3271077610865393, "f_7": 0.28887543695917145, "f_8": 0.2578906936075601, "f_9": 0.23472399007878939}, "sample22": {"f_0": 0.4999999999999999, "f_1": 0.16943850496303345, "f_2": 0.13278873987442502, "f_3": 0.17319648253037348, "f_4": 0.12738379614246492, "f_5": 0.291141014995498, "f_6": 0.47740921096536515, "f_7": 0.3308572585522194, "f_8": 0.14730340634429567, "f_9": 0.14587944051606078}, "sample23": {"f_0": 0.4999999999999999, "f_1": 0.10827299339103728, "f_2": 0.07720479013243942, "f_3": 0.3159843831260045, "f_4": 0.37101923980402496, "f_5": 0.18285312492574046, "f_6": 0.1252787914551936, "f_7": 0.35578654586972336, "f_8": 0.5157741609341847, "f_9": 0.3462120319835849}, "sample24": {"f_0": 0.4999999999999999, "f_1": 0.5447759022703886, "f_2": 0.5806118193738249, "f_3": 0.6136469628172747, "f_4": 0.6461776249099611, "f_5": 0.6714334781602345, "f_6": 0.6845122575216179, "f_7": 0.6904653738657306, "f_8": 0.6954659538080645, "f_9": 0.6964896769046762}, "sample25": {"f_0": 0.4999999999999999, "f_1": 0.24526415733862014, "f_2": 0.09440675614692133, "f_3": 0.09253841010425273, "f_4": 0.13709769874802316, "f_5": 0.12086597648236781, "f_6": 0.06390191141917592, "f_7": 0.07431335148726671, "f_8": 0.20149379345668972, "f_9": 0.3569965629067281}, "sample26": {"f_0": 0.4999999999999999, "f_1": 0.7247440762145982, "f_2": 0.681684821378283, "f_3": 0.5515077212462871, "f_4": 0.4057737958987545, "f_5": 0.24484165599189078, "f_6": 0.180344618184763, "f_7": 0.1961562943581861, "f_8": 0.18016985885166256, "f_9": 0.14263924191936592}, "sample27": {"f_0": 0.4999999999999999, "f_1": 0.046640872100757735, "f_2": 0.2098806470105863, "f_3": 0.3475301975381555, "f_4": 0.3692022180340556, "f_5": 0.13983582616511936, "f_6": 0.3984936368287324,