{"sample0": {"f_0": 0.505859375, "f_1": 0.7109375, "f_2": 0.5537109375, "f_3": 0.2734375, "f_4": 0.205078125, "f_5": 0.2451171875, "f_6": 0.146484375, "f_7": 0.0546875, "f_8": 0.140625, "f_9": 0.171875}, "sample1": {"f_0": 0.484375, "f_1": 0.3662109375, "f_2": 0.234375, "f_3": 0.24609375, "f_4": 0.2099609375, "f_5": 0.19921875, "f_6": 0.1376953125, "f_7": 0.140625, "f_8": 0.4169921875, "f_9": 0.630859375}, "sample2": {"f_0": 0.4931640625, "f_1": 0.5380859375, "f_2": 0.423828125, "f_3": 0.244140625, "f_4": 0.10546875, "f_5": 0.060546875, "f_6": 0.0439453125, "f_7": 0.18359375, "f_8": 0.2626953125, "f_9": 0.2626953125}, "sample3": {"f_0": 0.51953125, "f_1": 0.4111328125, "f_2": 0.3046875, "f_3": 0.2509765625, "f_4": 0.3310546875, "f_5": 0.595703125, "f_6": 0.7509765625, "f_7": 0.591796875, "f_8": 0.3330078125, "f_9": 0.1962890625}, "sample4": {"f_0": 0.494140625, "f_1": 0.0625, "f_2": 0.1533203125, "f_3": 0.2568359375, "f_4": 0.423828125, "f_5": 0.611328125, "f_6": 0.1591796875, "f_7": 0.080078125, "f_8": 0.259765625, "f_9": 0.2265625}, "sample5": {"f_0": 0.482421875, "f_1": 0.5283203125, "f_2": 0.537109375, "f_3": 0.4619140625, "f_4": 0.234375, "f_5": 0.1669921875, "f_6": 0.279296875, "f_7": 0.2451171875, "f_8": 0.345703125, "f_9": 0.314453125}, "sample6": {"f_0": 0.51953125, "f_1": 0.0869140625, "f_2": 0.0947265625, "f_3": 0.2587890625, "f_4": 0.2529296875, "f_5": 0.6259765625, "f_6": 0.287109375, "f_7": 0.1376953125, "f_8": 0.3369140625, "f_9": 0.2314453125}, "sample7": {"f_0": 0.49609375, "f_1": 0.271484375, "f_2": 0.1123046875, "f_3": 0.056640625, "f_4": 0.140625, "f_5": 0.232421875, "f_6": 0.333984375, "f_7": 0.3583984375, "f_8": 0.2412109375, "f_9": 0.1767578125}, "sample8": {"f_0": 0.5068359375, "f_1": 0.34765625, "f_2": 0.2099609375, "f_3": 0.1552734375, "f_4": 0.3466796875, "f_5": 0.248046875, "f_6": 0.236328125, "f_7": 0.1552734375, "f_8": 0.14453125, "f_9": 0.4345703125}, "sample9": {"f_0": 0.509765625, "f_1": 0.333984375, "f_2": 0.208984375, "f_3": 0.2138671875, "f_4": 0.134765625, "f_5": 0.0751953125, "f_6": 0.0283203125, "f_7": 0.1015625, "f_8": 0.3095703125, "f_9": 0.3466796875}, "sample10": {"f_0": 0.498046875, "f_1": 0.7451171875, "f_2": 0.58984375, "f_3": 0.3046875, "f_4": 0.25390625, "f_5": 0.310546875, "f_6": 0.2509765625, "f_7": 0.0859375, "f_8": 0.1064453125, "f_9": 0.2880859375}, "sample11": {"f_0": 0.505859375, "f_1": 0.142578125, "f_2": 0.2822265625, "f_3": 0.6806640625, "f_4": 0.634765625, "f_5": 0.2529296875, "f_6": 0.265625, "f_7": 0.6572265625, "f_8": 0.650390625, "f_9": 0.2626953125}, "sample12": {"f_0": 0.5, "f_1": 0.0849609375, "f_2": 0.1181640625, "f_3": 0.2421875, "f_4": 0.2783203125, "f_5": 0.3720703125, "f_6": 0.2587890625, "f_7": 0.056640625, "f_8": 0.244140625, "f_9": 0.35546875}, "sample13": {"f_0": 0.517578125, "f_1": 0.34765625, "f_2": 0.21875, "f_3": 0.1611328125, "f_4": 0.109375, "f_5": 0.1103515625, "f_6": 0.3037109375, "f_7": 0.51953125, "f_8": 0.677734375, "f_9": 0.5244140625}, "sample14": {"f_0": 0.482421875, "f_1": 0.291015625, "f_2": 0.1953125, "f_3": 0.2861328125, "f_4": 0.4248046875, "f_5": 0.458984375, "f_6": 0.4091796875, "f_7": 0.35546875, "f_8": 0.265625, "f_9": 0.2451171875}, "sample15": {"f_0": 0.505859375, "f_1": 0.0380859375, "f_2": 0.23828125, "f_3": 0.2197265625, "f_4": 0.2138671875, "f_5": 0.1376953125, "f_6": 0.2041015625, "f_7": 0.3369140625, "f_8": 0.2197265625, "f_9": 0.501953125}, "sample16": {"f_0": 0.49609375, "f_1": 0.1220703125, "f_2": 0.0693359375, "f_3": 0.2919921875, "f_4": 0.3251953125, "f_5": 0.240234375, "f_6": 0.23828125, "f_7": 0.26171875, "f_8": 0.240234375, "f_9": 0.2919921875}, "sample17": {"f_0": 0.4970703125, "f_1": 0.23828125, "f_2": 0.169921875, "f_3": 0.3955078125, "f_4": 0.673828125, "f_5": 0.6650390625, "f_6": 0.470703125, "f_7": 0.2626953125, "f_8": 0.3173828125, "f_9": 0.3955078125}, "sample18": {"f_0": 0.5048828125, "f_1": 0.2626953125, "f_2": 0.2080078125, "f_3": 0.359375, "f_4": 0.271484375, "f_5": 0.1962890625, "f_6": 0.205078125, "f_7": 0.2451171875, "f_8": 0.296875, "f_9": 0.1962890625}, "sample19": {"f_0": 0.4951171875, "f_1": 0.521484375, "f_2": 0.5419921875, "f_3": 0.5087890625, "f_4": 0.5146484375, "f_5": 0.4677734375, "f_6": 0.44921875, "f_7": 0.447265625, "f_8": 0.3994140625, "f_9": 0.3671875}, "sample20": {"f_0": 0.4658203125, "f_1": 0.5673828125, "f_2": 0.5, "f_3": 0.43359375, "f_4": 0.2744140625, "f_5": 0.0625, "f_6": 0.11328125, "f_7": 0.28515625, "f_8": 0.265625, "f_9": 0.109375}, "sample21": {"f_0": 0.46875, "f_1": 0.5107421875, "f_2": 0.4609375, "f_3": 0.412109375, "f_4": 0.404296875, "f_5": 0.345703125, "f_6": 0.326171875, "f_7": 0.2783203125, "f_8": 0.2919921875, "f_9": 0.2783203125}, "sample22": {"f_0": 0.4990234375, "f_1": 0.138671875, "f_2": 0.158203125, "f_3": 0.5146484375, "f_4": 0.66015625, "f_5": 0.34375, "f_6": 0.119140625, "f_7": 0.2314453125, "f_8": 0.57421875, "f_9": 0.556640625}, "sample23": {"f_0": 0.4951171875, "f_1": 0.0986328125, "f_2": 0.0361328125, "f_3": 0.1259765625, "f_4": 0.208984375, "f_5": 0.23828125, "f_6": 0.2421875, "f_7": 0.228515625, "f_8": 0.1982421875, "f_9": 0.3857421875}, "sample24": {"f_0": 0.490234375, "f_1": 0.564453125, "f_2": 0.5693359375, "f_3": 0.6064453125, "f_4": 0.609375, "f_5": 0.5927734375, "f_6": 0.5986328125, "f_7": 0.5400390625, "f_8": 0.53125, "f_9": 0.486328125}, "sample25": {"f_0": 0.4794921875, "f_1": 0.2412109375, "f_2": 0.1083984375, "f_3": 0.0869140625, "f_4": 0.07421875, "f_5": 0.1591796875, "f_6": 0.2919921875, "f_7": 0.4052734375, "f_8": 0.2880859375, "f_9": 0.1455078125}, "sample26": {"f_0": 0.478515625, "f_1": 0.7099609375, "f_2": 0.6416015625, "f_3": 0.4287109375, "f_4": 0.263671875, "f_5": 0.275390625, "f_6": 0.263671875, "f_7": 0.1826171875, "f_8": 0.150390625, "f_9": 0.2314453125}, "sample27": {"f_0": 0.4951171875, "f_1": 0.037109375, "f_2": 0.2607421875, "f_3": 0.2666015625, "f_4": 0.4755859375, "f_5": 0.1728515625, "f_6": 0.24609375, "f_7": 0.369140625, "f_8": 0.650390625, "f_9": 0.21875}, "sample28": {"f_0": 0.51171875, "f_1": 0.255859375, "f_2": 0.0576171875, "f_3": 0.060546875, "f_4": 0.14453125, "f_5": 0.2333984375, "f_6": 0.2353515625, "f_7": 0.1552734375, "f_8": 0.123046875, "f_9": 0.1357421875}, "sample29": {"f_0": 0.515625, "f_1": 0.298828125, "f_2": 0.2490234375, "f_3": 0.1845703125, "f_4": 0.109375, "f_5": 0.064453125, "f_6": 0.2314453125, "f_7": 0.265625, "f_8": 0.1044921875, "f_9": 0.103515625}, "sample30": {"f_0": 0.50390625, "f_1": 0.513671875, "f_2": 0.435546875, "f_3": 0.3564453125, "f_4": 0.1611328125, "f_5": 0.2294921875, "f_6": 0.2314453125, "f_7": 0.181640625, "f_8": 0.2607421875, "f_9": 0.4873046875}, "sample31": {"f_0": 0.4970703125, "f_1": 0.0625, "f_2": 0.1650390625, "f_3": 0.2470703125, "f_4": 0.287109375, "f_5": 0.537109375, "f_6": 0.513671875, "f_7": 0.3310546875, "f_8": 0.3056640625, "f_9": 0.24609375}, "sample32": {"f_0": 0.5048828125, "f_1": 0.33203125, "f_2": 0.2265625, "f_3": 0.21484375, "f_4": 0.2177734375, "f_5": 0.4091796875, "f_6": 0.2373046875, "f_7": 0.091796875, "f_8": 0.2861328125, "f_9": 0.2421875}, "sample33": {"f_0": 0.498046875, "f_1": 0.0673828125, "f_2": 0.1513671875, "f_3": 0.2294921875, "f_4": 0.228515625, "f_5": 0.6005859375, "f_6": 0.0888671875, "f_7": 0.220703125, "f_8": 0.28515625, "f_9": 0.3642578125}, "sample34": {"f_0": 0.5283203125, "f_1": 0.73046875, "f_2": 0.4970703125, "f_3": 0.244140625, "f_4": 0.2353515625, "f_5": 0.2568359375, "f_6": 0.3125, "f_7": 0.416015625, "f_8": 0.4013671875, "f_9": 0.2412109375}, "sample35": {"f_0": 0.4814453125, "f_1": 0.5029296875, "f_2": 0.2685546875, "f_3": 0.087890625, "f_4": 0.1494140625, "f_5": 0.2880859375, "f_6": 0.271484375, "f_7": 0.25390625, "f_8": 0.548828125, "f_9": 0.59375}, "sample36": {"f_0": 0.5224609375, "f_1": 0.2421875, "f_2": 0.1806640625, "f_3": 0.3837890625, "f_4": 0.501953125, "f_5": 0.3837890625, "f_6": 0.212890625, "f_7": 0.16796875, "f_8": 0.2509765625, "f_9": 0.26953125}, "sample37": {"f_0": 0.501953125, "f_1": 0.2353515625, "f_2": 0.259765625,