{"sample0": {"f_0": 0.466796875, "f_1": 0.630859375, "f_2": 0.4775390625, "f_3": 0.234375, "f_4": 0.2080078125, "f_5": 0.2099609375, "f_6": 0.134765625, "f_7": 0.0634765625, "f_8": 0.126953125, "f_9": 0.15234375}, "sample1": {"f_0": 0.4697265625, "f_1": 0.326171875, "f_2": 0.208984375, "f_3": 0.2392578125, "f_4": 0.1826171875, "f_5": 0.2021484375, "f_6": 0.138671875, "f_7": 0.1318359375, "f_8": 0.3974609375, "f_9": 0.5419921875}, "sample2": {"f_0": 0.4560546875, "f_1": 0.525390625, "f_2": 0.3779296875, "f_3": 0.2109375, "f_4": 0.119140625, "f_5": 0.064453125, "f_6": 0.056640625, "f_7": 0.162109375, "f_8": 0.232421875, "f_9": 0.2568359375}, "sample3": {"f_0": 0.4794921875, "f_1": 0.3828125, "f_2": 0.26953125, "f_3": 0.240234375, "f_4": 0.3056640625, "f_5": 0.4951171875, "f_6": 0.673828125, "f_7": 0.53125, "f_8": 0.2998046875, "f_9": 0.193359375}, "sample4": {"f_0": 0.4765625, "f_1": 0.072265625, "f_2": 0.18359375, "f_3": 0.208984375, "f_4": 0.361328125, "f_5": 0.486328125, "f_6": 0.1611328125, "f_7": 0.076171875, "f_8": 0.205078125, "f_9": 0.169921875}, "sample5": {"f_0": 0.474609375, "f_1": 0.474609375, "f_2": 0.4580078125, "f_3": 0.40234375, "f_4": 0.216796875, "f_5": 0.1923828125, "f_6": 0.2021484375, "f_7": 0.234375, "f_8": 0.3115234375, "f_9": 0.28515625}, "sample6": {"f_0": 0.474609375, "f_1": 0.1064453125, "f_2": 0.083984375, "f_3": 0.216796875, "f_4": 0.2353515625, "f_5": 0.5498046875, "f_6": 0.2421875, "f_7": 0.1337890625, "f_8": 0.2978515625, "f_9": 0.2265625}, "sample7": {"f_0": 0.4638671875, "f_1": 0.287109375, "f_2": 0.1220703125, "f_3": 0.07421875, "f_4": 0.1259765625, "f_5": 0.2392578125, "f_6": 0.318359375, "f_7": 0.298828125, "f_8": 0.2294921875, "f_9": 0.1806640625}, "sample8": {"f_0": 0.484375, "f_1": 0.3203125, "f_2": 0.166015625, "f_3": 0.134765625, "f_4": 0.3271484375, "f_5": 0.248046875, "f_6": 0.20703125, "f_7": 0.123046875, "f_8": 0.1513671875, "f_9": 0.3681640625}, "sample9": {"f_0": 0.4521484375, "f_1": 0.2841796875, "f_2": 0.2119140625, "f_3": 0.2236328125, "f_4": 0.1396484375, "f_5": 0.068359375, "f_6": 0.05078125, "f_7": 0.1083984375, "f_8": 0.2470703125, "f_9": 0.310546875}, "sample10": {"f_0": 0.490234375, "f_1": 0.638671875, "f_2": 0.5029296875, "f_3": 0.2685546875, "f_4": 0.2109375, "f_5": 0.263671875, "f_6": 0.2119140625, "f_7": 0.099609375, "f_8": 0.11328125, "f_9": 0.2314453125}, "sample11": {"f_0": 0.4482421875, "f_1": 0.1337890625, "f_2": 0.2080078125, "f_3": 0.58984375, "f_4": 0.521484375, "f_5": 0.216796875, "f_6": 0.2490234375, "f_7": 0.59375, "f_8": 0.556640625, "f_9": 0.255859375}, "sample12": {"f_0": 0.470703125, "f_1": 0.0966796875, "f_2": 0.111328125, "f_3": 0.2060546875, "f_4": 0.2431640625, "f_5": 0.330078125, "f_6": 0.2236328125, "f_7": 0.0849609375, "f_8": 0.228515625, "f_9": 0.314453125}, "sample13": {"f_0": 0.458984375, "f_1": 0.29296875, "f_2": 0.20703125, "f_3": 0.166015625, "f_4": 0.083984375, "f_5": 0.1240234375, "f_6": 0.2490234375, "f_7": 0.44140625, "f_8": 0.580078125, "f_9": 0.4482421875}, "sample14": {"f_0": 0.4814453125, "f_1": 0.2841796875, "f_2": 0.1396484375, "f_3": 0.2412109375, "f_4": 0.3583984375, "f_5": 0.3740234375, "f_6": 0.3779296875, "f_7": 0.287109375, "f_8": 0.240234375, "f_9": 0.208984375}, "sample15": {"f_0": 0.4794921875, "f_1": 0.052734375, "f_2": 0.2255859375, "f_3": 0.228515625, "f_4": 0.203125, "f_5": 0.1142578125, "f_6": 0.173828125, "f_7": 0.30859375, "f_8": 0.2001953125, "f_9": 0.408203125}, "sample16": {"f_0": 0.451171875, "f_1": 0.12890625, "f_2": 0.068359375, "f_3": 0.2470703125, "f_4": 0.271484375, "f_5": 0.224609375, "f_6": 0.2275390625, "f_7": 0.2294921875, "f_8": 0.2001953125, "f_9": 0.2607421875}, "sample17": {"f_0": 0.4560546875, "f_1": 0.2099609375, "f_2": 0.162109375, "f_3": 0.345703125, "f_4": 0.560546875, "f_5": 0.5966796875, "f_6": 0.37109375, "f_7": 0.2431640625, "f_8": 0.267578125, "f_9": 0.322265625}, "sample18": {"f_0": 0.4736328125, "f_1": 0.22265625, "f_2": 0.205078125, "f_3": 0.3076171875, "f_4": 0.2958984375, "f_5": 0.1796875, "f_6": 0.1689453125, "f_7": 0.240234375, "f_8": 0.25, "f_9": 0.2001953125}, "sample19": {"f_0": 0.4794921875, "f_1": 0.4462890625, "f_2": 0.470703125, "f_3": 0.4501953125, "f_4": 0.4462890625, "f_5": 0.453125, "f_6": 0.3798828125, "f_7": 0.361328125, "f_8": 0.36328125, "f_9": 0.3408203125}, "sample20": {"f_0": 0.5068359375, "f_1": 0.5244140625, "f_2": 0.431640625, "f_3": 0.3740234375, "f_4": 0.2099609375, "f_5": 0.06640625, "f_6": 0.123046875, "f_7": 0.275390625, "f_8": 0.21875, "f_9": 0.1044921875}, "sample21": {"f_0": 0.4638671875, "f_1": 0.4384765625, "f_2": 0.412109375, "f_3": 0.40234375, "f_4": 0.3505859375, "f_5": 0.3037109375, "f_6": 0.287109375, "f_7": 0.271484375, "f_8": 0.287109375, "f_9": 0.251953125}, "sample22": {"f_0": 0.4560546875, "f_1": 0.1572265625, "f_2": 0.154296875, "f_3": 0.4462890625, "f_4": 0.5498046875, "f_5": 0.314453125, "f_6": 0.091796875, "f_7": 0.2373046875, "f_8": 0.48828125, "f_9": 0.5009765625}, "sample23": {"f_0": 0.4814453125, "f_1": 0.10546875, "f_2": 0.0595703125, "f_3": 0.12890625, "f_4": 0.197265625, "f_5": 0.1826171875, "f_6": 0.2158203125, "f_7": 0.205078125, "f_8": 0.16796875, "f_9": 0.34375}, "sample24": {"f_0": 0.4443359375, "f_1": 0.5, "f_2": 0.51171875, "f_3": 0.5390625, "f_4": 0.525390625, "f_5": 0.5263671875, "f_6": 0.525390625, "f_7": 0.46875, "f_8": 0.46875, "f_9": 0.404296875}, "sample25": {"f_0": 0.4306640625, "f_1": 0.2373046875, "f_2": 0.08203125, "f_3": 0.0693359375, "f_4": 0.0732421875, "f_5": 0.13671875, "f_6": 0.2646484375, "f_7": 0.3134765625, "f_8": 0.2548828125, "f_9": 0.1396484375}, "sample26": {"f_0": 0.4814453125, "f_1": 0.6337890625, "f_2": 0.5947265625, "f_3": 0.3544921875, "f_4": 0.197265625, "f_5": 0.2412109375, "f_6": 0.2451171875, "f_7": 0.1513671875, "f_8": 0.1640625, "f_9": 0.2646484375}, "sample27": {"f_0": 0.4697265625, "f_1": 0.0546875, "f_2": 0.224609375, "f_3": 0.2353515625, "f_4": 0.435546875, "f_5": 0.18359375, "f_6": 0.2099609375, "f_7": 0.294921875, "f_8": 0.5771484375, "f_9": 0.2109375}, "sample28": {"f_0": 0.482421875, "f_1": 0.228515625, "f_2": 0.07421875, "f_3": 0.0537109375, "f_4": 0.119140625, "f_5": 0.2216796875, "f_6": 0.21875, "f_7": 0.1572265625, "f_8": 0.1298828125, "f_9": 0.1513671875}, "sample29": {"f_0": 0.453125, "f_1": 0.2607421875, "f_2": 0.21875, "f_3": 0.1494140625, "f_4": 0.119140625, "f_5": 0.07421875, "f_6": 0.19921875, "f_7": 0.205078125, "f_8": 0.099609375, "f_9": 0.1005859375}, "sample30": {"f_0": 0.49609375, "f_1": 0.48046875, "f_2": 0.3896484375, "f_3": 0.2998046875, "f_4": 0.169921875, "f_5": 0.1884765625, "f_6": 0.2109375, "f_7": 0.158203125, "f_8": 0.248046875, "f_9": 0.408203125}, "sample31": {"f_0": 0.5029296875, "f_1": 0.06640625, "f_2": 0.1357421875, "f_3": 0.2158203125, "f_4": 0.236328125, "f_5": 0.46484375, "f_6": 0.4912109375, "f_7": 0.2939453125, "f_8": 0.28515625, "f_9": 0.2353515625}, "sample32": {"f_0": 0.4716796875, "f_1": 0.2802734375, "f_2": 0.23046875, "f_3": 0.2041015625, "f_4": 0.2138671875, "f_5": 0.3515625, "f_6": 0.2119140625, "f_7": 0.109375, "f_8": 0.2724609375, "f_9": 0.1962890625}, "sample33": {"f_0": 0.4775390625, "f_1": 0.0654296875, "f_2": 0.1513671875, "f_3": 0.2109375, "f_4": 0.2001953125, "f_5": 0.5390625, "f_6": 0.111328125, "f_7": 0.2001953125, "f_8": 0.271484375, "f_9": 0.3076171875}, "sample34": {"f_0": 0.4599609375, "f_1": 0.6083984375, "f_2": 0.4375, "f_3": 0.2373046875, "f_4": 0.208984375, "f_5": 0.2119140625, "f_6": 0.2900390625, "f_7": 0.3466796875, "f_8": 0.3193359375, "f_9": 0.20703125}, "sample35": {"f_0": 0.462890625, "f_1": 0.4482421875, "f_2": 0.2177734375, "f_3": 0.1015625, "f_4": 0.138671875, "f_5": 0.2509765625, "f_6": 0.234375, "f_7": 0.208984375, "f_8": 0.4677734375, "f_9": 0.529296875}, "sample36": {"f_0": 0.4736328125, "f_1": 0.2080078125, "f_2": 0.1640625, "f_3": 0.3291015625, "f_4": 0.3994140625, "f_5": 0.3125, "f_6": 0.19140625, "f_7": 0.1650390625, "f_8": 0.2158203125, "f_9": 0.240234375}, "sample37": {"f_0": 0.4599609375, "f_1": 0.2021484375,