{"sample0": {"f_0": 1.0, "f_1": 0.7294921875, "f_2": 0.310546875, "f_3": 0.1796875, "f_4": 0.271484375, "f_5": 0.2041015625, "f_6": 0.2041015625, "f_7": 0.357421875, "f_8": 0.486328125, "f_9": 0.4462890625}, "sample1": {"f_0": 1.0, "f_1": 0.630859375, "f_2": 0.326171875, "f_3": 0.20703125, "f_4": 0.3203125, "f_5": 0.478515625, "f_6": 0.283203125, "f_7": 0.2294921875, "f_8": 0.30078125, "f_9": 0.3935546875}, "sample2": {"f_0": 1.0, "f_1": 0.80078125, "f_2": 0.4677734375, "f_3": 0.2177734375, "f_4": 0.2958984375, "f_5": 0.27734375, "f_6": 0.375, "f_7": 0.4658203125, "f_8": 0.2734375, "f_9": 0.3056640625}, "sample3": {"f_0": 1.0, "f_1": 0.78125, "f_2": 0.38671875, "f_3": 0.23828125, "f_4": 0.2880859375, "f_5": 0.490234375, "f_6": 0.5673828125, "f_7": 0.408203125, "f_8": 0.263671875, "f_9": 0.29296875}, "sample4": {"f_0": 1.0, "f_1": 0.5244140625, "f_2": 0.1953125, "f_3": 0.259765625, "f_4": 0.298828125, "f_5": 0.771484375, "f_6": 0.7958984375, "f_7": 0.236328125, "f_8": 0.25390625, "f_9": 0.208984375}, "sample5": {"f_0": 1.0, "f_1": 0.908203125, "f_2": 0.74609375, "f_3": 0.4296875, "f_4": 0.2529296875, "f_5": 0.3203125, "f_6": 0.265625, "f_7": 0.23828125, "f_8": 0.259765625, "f_9": 0.17578125}, "sample6": {"f_0": 1.0, "f_1": 0.65625, "f_2": 0.2265625, "f_3": 0.201171875, "f_4": 0.1708984375, "f_5": 0.4033203125, "f_6": 0.7734375, "f_7": 0.2109375, "f_8": 0.376953125, "f_9": 0.328125}, "sample7": {"f_0": 1.0, "f_1": 0.896484375, "f_2": 0.693359375, "f_3": 0.388671875, "f_4": 0.244140625, "f_5": 0.26171875, "f_6": 0.375, "f_7": 0.57421875, "f_8": 0.7080078125, "f_9": 0.6865234375}, "sample8": {"f_0": 1.0, "f_1": 0.8818359375, "f_2": 0.63671875, "f_3": 0.265625, "f_4": 0.21875, "f_5": 0.2861328125, "f_6": 0.279296875, "f_7": 0.357421875, "f_8": 0.1591796875, "f_9": 0.271484375}, "sample9": {"f_0": 1.0, "f_1": 0.755859375, "f_2": 0.357421875, "f_3": 0.232421875, "f_4": 0.306640625, "f_5": 0.5126953125, "f_6": 0.509765625, "f_7": 0.3232421875, "f_8": 0.2529296875, "f_9": 0.3505859375}, "sample10": {"f_0": 1.0, "f_1": 0.748046875, "f_2": 0.35546875, "f_3": 0.2275390625, "f_4": 0.2998046875, "f_5": 0.28125, "f_6": 0.18359375, "f_7": 0.279296875, "f_8": 0.4921875, "f_9": 0.5556640625}, "sample11": {"f_0": 1.0, "f_1": 0.6298828125, "f_2": 0.2451171875, "f_3": 0.5693359375, "f_4": 0.92578125, "f_5": 0.6240234375, "f_6": 0.2373046875, "f_7": 0.4345703125, "f_8": 0.763671875, "f_9": 0.5771484375}, "sample12": {"f_0": 1.0, "f_1": 0.654296875, "f_2": 0.2587890625, "f_3": 0.2294921875, "f_4": 0.271484375, "f_5": 0.388671875, "f_6": 0.5673828125, "f_7": 0.3291015625, "f_8": 0.1513671875, "f_9": 0.2861328125}, "sample13": {"f_0": 1.0, "f_1": 0.9208984375, "f_2": 0.7509765625, "f_3": 0.603515625, "f_4": 0.46484375, "f_5": 0.2333984375, "f_6": 0.1201171875, "f_7": 0.20703125, "f_8": 0.4599609375, "f_9": 0.6015625}, "sample14": {"f_0": 1.0, "f_1": 0.796875, "f_2": 0.408203125, "f_3": 0.2197265625, "f_4": 0.1953125, "f_5": 0.1455078125, "f_6": 0.1630859375, "f_7": 0.2119140625, "f_8": 0.224609375, "f_9": 0.2578125}, "sample15": {"f_0": 1.0, "f_1": 0.453125, "f_2": 0.1875, "f_3": 0.255859375, "f_4": 0.2216796875, "f_5": 0.294921875, "f_6": 0.1064453125, "f_7": 0.3056640625, "f_8": 0.265625, "f_9": 0.3974609375}, "sample16": {"f_0": 1.0, "f_1": 0.6904296875, "f_2": 0.21875, "f_3": 0.1328125, "f_4": 0.23046875, "f_5": 0.2353515625, "f_6": 0.1796875, "f_7": 0.236328125, "f_8": 0.2265625, "f_9": 0.1865234375}, "sample17": {"f_0": 1.0, "f_1": 0.759765625, "f_2": 0.3623046875, "f_3": 0.2265625, "f_4": 0.37109375, "f_5": 0.5048828125, "f_6": 0.4658203125, "f_7": 0.3173828125, "f_8": 0.22265625, "f_9": 0.322265625}, "sample18": {"f_0": 1.0, "f_1": 0.7236328125, "f_2": 0.314453125, "f_3": 0.1884765625, "f_4": 0.177734375, "f_5": 0.1611328125, "f_6": 0.146484375, "f_7": 0.265625, "f_8": 0.5576171875, "f_9": 0.6826171875}, "sample19": {"f_0": 1.0, "f_1": 0.9921875, "f_2": 0.9521484375, "f_3": 0.90234375, "f_4": 0.8095703125, "f_5": 0.7421875, "f_6": 0.6552734375, "f_7": 0.5341796875, "f_8": 0.4716796875, "f_9": 0.4296875}, "sample20": {"f_0": 1.0, "f_1": 0.8125, "f_2": 0.5390625, "f_3": 0.3623046875, "f_4": 0.1943359375, "f_5": 0.2900390625, "f_6": 0.546875, "f_7": 0.4375, "f_8": 0.1982421875, "f_9": 0.1923828125}, "sample21": {"f_0": 1.0, "f_1": 0.9765625, "f_2": 0.9326171875, "f_3": 0.8515625, "f_4": 0.779296875, "f_5": 0.681640625, "f_6": 0.60546875, "f_7": 0.48046875, "f_8": 0.38671875, "f_9": 0.31640625}, "sample22": {"f_0": 1.0, "f_1": 0.72265625, "f_2": 0.296875, "f_3": 0.3798828125, "f_4": 0.8701171875, "f_5": 0.96484375, "f_6": 0.541015625, "f_7": 0.2451171875, "f_8": 0.5654296875, "f_9": 0.9638671875}, "sample23": {"f_0": 1.0, "f_1": 0.7001953125, "f_2": 0.3291015625, "f_3": 0.259765625, "f_4": 0.4130859375, "f_5": 0.357421875, "f_6": 0.2587890625, "f_7": 0.271484375, "f_8": 0.275390625, "f_9": 0.2392578125}, "sample24": {"f_0": 1.0, "f_1": 0.990234375, "f_2": 0.9638671875, "f_3": 0.8994140625, "f_4": 0.87109375, "f_5": 0.7626953125, "f_6": 0.6875, "f_7": 0.599609375, "f_8": 0.53125, "f_9": 0.458984375}, "sample25": {"f_0": 1.0, "f_1": 0.8525390625, "f_2": 0.611328125, "f_3": 0.41015625, "f_4": 0.2939453125, "f_5": 0.193359375, "f_6": 0.212890625, "f_7": 0.3857421875, "f_8": 0.5126953125, "f_9": 0.4609375}, "sample26": {"f_0": 1.0, "f_1": 0.8017578125, "f_2": 0.40234375, "f_3": 0.1904296875, "f_4": 0.244140625, "f_5": 0.3388671875, "f_6": 0.37109375, "f_7": 0.4189453125, "f_8": 0.6611328125, "f_9": 0.7900390625}, "sample27": {"f_0": 1.0, "f_1": 0.3466796875, "f_2": 0.2578125, "f_3": 0.365234375, "f_4": 0.849609375, "f_5": 0.6611328125, "f_6": 0.267578125, "f_7": 0.1376953125, "f_8": 0.4775390625, "f_9": 0.669921875}, "sample28": {"f_0": 1.0, "f_1": 0.8583984375, "f_2": 0.576171875, "f_3": 0.3134765625, "f_4": 0.2177734375, "f_5": 0.23828125, "f_6": 0.296875, "f_7": 0.287109375, "f_8": 0.2734375, "f_9": 0.37109375}, "sample29": {"f_0": 1.0, "f_1": 0.62109375, "f_2": 0.2578125, "f_3": 0.34765625, "f_4": 0.6611328125, "f_5": 0.451171875, "f_6": 0.173828125, "f_7": 0.244140625, "f_8": 0.4951171875, "f_9": 0.6728515625}, "sample30": {"f_0": 1.0, "f_1": 0.791015625, "f_2": 0.5322265625, "f_3": 0.2080078125, "f_4": 0.193359375, "f_5": 0.2626953125, "f_6": 0.1669921875, "f_7": 0.3779296875, "f_8": 0.6376953125, "f_9": 0.90625}, "sample31": {"f_0": 1.0, "f_1": 0.5791015625, "f_2": 0.189453125, "f_3": 0.2373046875, "f_4": 0.173828125, "f_5": 0.251953125, "f_6": 0.4814453125, "f_7": 0.38671875, "f_8": 0.3251953125, "f_9": 0.2783203125}, "sample32": {"f_0": 1.0, "f_1": 0.76171875, "f_2": 0.4052734375, "f_3": 0.1787109375, "f_4": 0.3583984375, "f_5": 0.5078125, "f_6": 0.2099609375, "f_7": 0.2744140625, "f_8": 0.21875, "f_9": 0.1396484375}, "sample33": {"f_0": 1.0, "f_1": 0.57421875, "f_2": 0.1982421875, "f_3": 0.3623046875, "f_4": 0.12890625, "f_5": 0.5771484375, "f_6": 0.505859375, "f_7": 0.22265625, "f_8": 0.212890625, "f_9": 0.4453125}, "sample34": {"f_0": 1.0, "f_1": 0.701171875, "f_2": 0.2685546875, "f_3": 0.24609375, "f_4": 0.3505859375, "f_5": 0.392578125, "f_6": 0.439453125, "f_7": 0.3935546875, "f_8": 0.224609375, "f_9": 0.2490234375}, "sample35": {"f_0": 1.0, "f_1": 0.6591796875, "f_2": 0.248046875, "f_3": 0.2392578125, "f_4": 0.306640625, "f_5": 0.2568359375, "f_6": 0.236328125, "f_7": 0.4970703125, "f_8": 0.8896484375, "f_9": 0.70703125}, "sample36": {"f_0": 1.0, "f_1": 0.7705078125, "f_2": 0.4365234375, "f_3": 0.3310546875, "f_4": 0.50390625, "f_5": 0.5986328125, "f_6": 0.40234375, "f_7": 0.255859375, "f_8": 0.166015625, "f_9": 0.2294921875}, "sample37": {"f_0": 1.0, "f_1": 0.6240234375, "f_2": 0.2421875, "f_3": 0.240234375, "f_4": 0.3154296875, "f_5": 0.2568359375, "f_6": 0.3037109375, "f_7": 0.6611328125, "f_8": 0.5224609375, "f_9": 0.2548828125}, "sample38": {"f_0": 1.0, "f_1": 0.8134765625, "f_2": 0.5009765625, "f_3": 0.275390625, "f_4": 0.150390625, "f_5": 0.6455078125, "f_6": 0.888671875, "f_7": 0.3505859375, "f_8": 0.1533203125, "f_9": 0.501953125},