{"sample0": {"f_0": 5.004680467665246e-34, "f_1": 0.00033054919266415744, "f_2": 0.0016465116950550984, "f_3": 0.004842435034962274, "f_4": 0.011163826951724468}, "sample1": {"f_0": 5.004680467665246e-34, "f_1": 0.00018752725273714918, "f_2": 0.0007449682887156437, "f_3": 0.0016571746979334152, "f_4": 0.0028998004889487696}, "sample2": {"f_0": 5.004680467665246e-34, "f_1": 0.012239876652403166, "f_2": 0.04706856480327663, "f_3": 0.09914030036155864, "f_4": 0.16057667816125407}, "sample3": {"f_0": 5.004680467665246e-34, "f_1": 0.001501553963685647, "f_2": 0.0058676902198468205, "f_3": 0.012695298728505397, "f_4": 0.021354978213216948}, "sample4": {"f_0": 5.004680467665246e-34, "f_1": 0.0014843599357082307, "f_2": 0.005961130484569654, "f_3": 0.013495683279290299, "f_4": 0.024178598756006947}, "sample5": {"f_0": 5.004680467665246e-34, "f_1": 0.0018347990275147802, "f_2": 0.007263176152884432, "f_3": 0.016038852228927526, "f_4": 0.027699920939563652}, "sample6": {"f_0": 5.004680467665246e-34, "f_1": 0.00012490835948270092, "f_2": 0.0005222781830148832, "f_3": 0.0012530828087421216, "f_4": 0.0023975166312543085}, "sample7": {"f_0": 5.004680467665246e-34, "f_1": 0.00475071980580629, "f_2": 0.01867418528957209, "f_3": 0.040808713087120856, "f_4": 0.06963095981737175}, "sample8": {"f_0": 5.004680467665246e-34, "f_1": 0.010090708923703031, "f_2": 0.038998559986940365, "f_3": 0.08284235021075577, "f_4": 0.13582454155953794}, "sample9": {"f_0": 5.004680467665246e-34, "f_1": 0.00022502195563570975, "f_2": 0.0010319055280803315, "f_3": 0.002797812585392437, "f_4": 0.006092482793926544}, "sample10": {"f_0": 5.004680467665246e-34, "f_1": 0.0003440893629521902, "f_2": 0.0014093837853819983, "f_3": 0.0032842775612425554, "f_4": 0.006082812467356202}, "sample11": {"f_0": 5.004680467665246e-34, "f_1": 0.002678058836261343, "f_2": 0.011021133438234142, "f_3": 0.02584870776196036, "f_4": 0.04819391982953694}, "sample12": {"f_0": 5.004680467665246e-34, "f_1": 0.0006622403124692763, "f_2": 0.002624543177249122, "f_3": 0.0058149044434928415, "f_4": 0.010117424229913212}, "sample13": {"f_0": 5.004680467665246e-34, "f_1": 0.0024546448106490073, "f_2": 0.009575291465859028, "f_3": 0.020659172094085878, "f_4": 0.03462251826845185}, "sample14": {"f_0": 5.004680467665246e-34, "f_1": 0.0013449406092127388, "f_2": 0.005356480333799984, "f_3": 0.011965198165226563, "f_4": 0.02105680210301196}, "sample15": {"f_0": 5.004680467665246e-34, "f_1": 0.002493818390565016, "f_2": 0.009851352148153029, "f_3": 0.021707279514823943, "f_4": 0.03747387584717914}, "sample16": {"f_0": 5.004680467665246e-34, "f_1": 0.0041116711488664685, "f_2": 0.016026101872526226, "f_3": 0.03452371170762965, "f_4": 0.05770840120130139}, "sample17": {"f_0": 5.004680467665246e-34, "f_1": 0.0005900864907192359, "f_2": 0.002350494498502243, "f_3": 0.005252140066997523, "f_4": 0.009248094414902505}, "sample18": {"f_0": 5.004680467665246e-34, "f_1": 8.165416533820717e-05, "f_2": 0.00035417197891843315, "f_3": 0.0008971338289872739, "f_4": 0.0018331707311284376}, "sample19": {"f_0": 5.004680467665246e-34, "f_1": 0.0012056049423401303, "f_2": 0.0047834633333608025, "f_3": 0.010618943592557953, "f_4": 0.018528320000482143}, "sample20": {"f_0": 5.004680467665246e-34, "f_1": 0.004479683352208105, "f_2": 0.017779807219048597, "f_3": 0.039479335762457275, "f_4": 0.06886422373867133}, "sample21": {"f_0": 5.004680467665246e-34, "f_1": 0.001603844986322083, "f_2": 0.006411534349043803, "f_3": 0.014358507854112685, "f_4": 0.025185335637943052}, "sample22": {"f_0": 5.004680467665246e-34, "f_1": 3.390495604972718e-05, "f_2": 0.00013542559125455204, "f_3": 0.00030399147702147845, "f_4": 0.000538692074165489}, "sample23": {"f_0": 5.004680467665246e-34, "f_1": 0.00396581445483095, "f_2": 0.015715833614774005, "f_3": 0.03481078622561628, "f_4": 0.060528833583199264}, "sample24": {"f_0": 5.004680467665246e-34, "f_1": 3.7933810799071397e-06, "f_2": 2.2804391670133396e-05, "f_3": 7.950409060783291e-05, "f_4": 0.0002099597064930785}, "sample25": {"f_0": 5.004680467665246e-34, "f_1": 0.006595652990934486, "f_2": 0.025437080256949015, "f_3": 0.05386761461429905, "f_4": 0.08802460079477784}, "sample26": {"f_0": 5.004680467665246e-34, "f_1": 5.7163958928174816e-05, "f_2": 0.0003213426244563779, "f_3": 0.001043544788313574, "f_4": 0.0025589175555656763}, "sample27": {"f_0": 5.004680467665246e-34, "f_1": 8.793196956945289e-06, "f_2": 0.000104784526027636, "f_3": 0.0004899049513416397, "f_4": 0.0014782657071772268}, "sample28": {"f_0": 5.004680467665246e-34, "f_1": 0.0049406409979765135, "f_2": 0.01966439029316642, "f_3": 0.04384700940394727, "f_4": 0.07685773346460135}, "sample29": {"f_0": 5.004680467665246e-34, "f_1": 0.0011733454912621808, "f_2": 0.004648532108271286, "f_3": 0.010292428815500205, "f_4": 0.017887881220835934}, "sample30": {"f_0": 5.004680467665246e-34, "f_1": 0.00012334799465420332, "f_2": 0.0007261394152110182, "f_3": 0.00245090992809617, "f_4": 0.006194331183811394}, "sample31": {"f_0": 5.004680467665246e-34, "f_1": 0.0029584709922375607, "f_2": 0.011731260686538332, "f_3": 0.02601440255204257, "f_4": 0.04531414492533132}, "sample32": {"f_0": 5.004680467665246e-34, "f_1": 0.0027111775672759185, "f_2": 0.010847594221668868, "f_3": 0.02440505056458163, "f_4": 0.043335699922198455}, "sample33": {"f_0": 5.004680467665246e-34, "f_1": 0.00020046551840820884, "f_2": 0.0007984206568033911, "f_3": 0.001783926171589346, "f_4": 0.003141658024252851}, "sample34": {"f_0": 5.004680467665246e-34, "f_1": 0.007822591710206559, "f_2": 0.030092709463572318, "f_3": 0.06344722568585802, "f_4": 0.10300237457822493}, "sample35": {"f_0": 5.004680467665246e-34, "f_1": 0.0007294968822404945, "f_2": 0.0029148547825870344, "f_3": 0.00654664509139541, "f_4": 0.011609054039496141}, "sample36": {"f_0": 5.004680467665246e-34, "f_1": 0.006036376777390888, "f_2": 0.024053282889621674, "f_3": 0.05369471018970875, "f_4": 0.0941305680700414}, "sample37": {"f_0": 5.004680467665246e-34, "f_1": 9.605574022740151e-05, "f_2": 0.0003827215402106836, "f_3": 0.0008556498222761443, "f_4": 0.0015081015866525984}, "sample38": {"f_0": 5.004680467665246e-34, "f_1": 0.000935474691132654, "f_2": 0.0037157319138780226, "f_3": 0.00826335554588817, "f_4": 0.014452888222223527}, "sample39": {"f_0": 5.004680467665246e-34, "f_1": 0.005128823514147632, "f_2": 0.020035716799307848, "f_3": 0.043326567371223534, "f_4": 0.07282246088283412}}