{"sample0": {"f_0": 0.4999999999999999, "f_1": 0.47758604915056263, "f_2": 0.44582565535904956, "f_3": 0.4065334922938757, "f_4": 0.3623468486660372}, "sample1": {"f_0": 0.4999999999999999, "f_1": 0.5130839103582064, "f_2": 0.5247853711741999, "f_3": 0.5349439989876936, "f_4": 0.5434522599039796}, "sample2": {"f_0": 0.4999999999999999, "f_1": 0.3844963605027704, "f_2": 0.2703372738034737, "f_3": 0.17111631522060297, "f_4": 0.09761624826685224}, "sample3": {"f_0": 0.4999999999999999, "f_1": 0.5340221996324245, "f_2": 0.5565523116436523, "f_3": 0.5660993967747853, "f_4": 0.5627643594523382}, "sample4": {"f_0": 0.4999999999999999, "f_1": 0.5364442131923216, "f_2": 0.568372306599372, "f_3": 0.5953288841319453, "f_4": 0.6170490660495264}, "sample5": {"f_0": 0.4999999999999999, "f_1": 0.4519717227443245, "f_2": 0.3974329354689, "f_3": 0.34246390348542083, "f_4": 0.29307442744022777}, "sample6": {"f_0": 0.4999999999999999, "f_1": 0.5087187763112316, "f_2": 0.5122762923265628, "f_3": 0.5103909658744239, "f_4": 0.5032621154320298}, "sample7": {"f_0": 0.4999999999999999, "f_1": 0.4287057638441751, "f_2": 0.35561761249422064, "f_3": 0.28453097842875275, "f_4": 0.2190154059472732}, "sample8": {"f_0": 0.4999999999999999, "f_1": 0.39553921888030147, "f_2": 0.2914175791588664, "f_3": 0.1978866812569826, "f_4": 0.12336443852791282}, "sample9": {"f_0": 0.4999999999999999, "f_1": 0.5111837752493062, "f_2": 0.5154769078868274, "f_3": 0.513197146281666, "f_4": 0.5050667793414109}, "sample10": {"f_0": 0.4999999999999999, "f_1": 0.47873585051192824, "f_2": 0.4530339968298701, "f_3": 0.4248485183677432, "f_4": 0.39628196794369996}, "sample11": {"f_0": 0.4999999999999999, "f_1": 0.4425002808540906, "f_2": 0.37608480238625985, "f_3": 0.3063384613690323, "f_4": 0.23954812986208748}, "sample12": {"f_0": 0.4999999999999999, "f_1": 0.5245979360405064, "f_2": 0.5464907627868917, "f_3": 0.5652240744899439, "f_4": 0.5804595720111061}, "sample13": {"f_0": 0.4999999999999999, "f_1": 0.4470911245231654, "f_2": 0.3905096361451664, "f_3": 0.3343367140351439, "f_4": 0.282461182250727}, "sample14": {"f_0": 0.4999999999999999, "f_1": 0.5358066519208878, "f_2": 0.5694821973624543, "f_3": 0.6005354461915356, "f_4": 0.628516072387466}, "sample15": {"f_0": 0.4999999999999999, "f_1": 0.5479548160280605, "f_2": 0.5906558282156624, "f_3": 0.6266436681429901, "f_4": 0.654725145673318}, "sample16": {"f_0": 0.4999999999999999, "f_1": 0.4311246595169004, "f_2": 0.3576873589532021, "f_3": 0.2864687644536025, "f_4": 0.2239435432869789}, "sample17": {"f_0": 0.4999999999999999, "f_1": 0.47542008988138057, "f_2": 0.45043706483405516, "f_3": 0.42526383438544146, "f_4": 0.4001130414160368}, "sample18": {"f_0": 0.4999999999999999, "f_1": 0.48934657105832813, "f_2": 0.4755646321311591, "f_3": 0.4593013240469729, "f_4": 0.44130850156276585}, "sample19": {"f_0": 0.4999999999999999, "f_1": 0.5339223821876665, "f_2": 0.5657710646090376, "f_3": 0.5950304100185505, "f_4": 0.6212762305152043}, "sample20": {"f_0": 0.4999999999999999, "f_1": 0.43054599823121886, "f_2": 0.3583828180057555, "f_3": 0.28691182737672627, "f_4": 0.2195753379234484}, "sample21": {"f_0": 0.4999999999999999, "f_1": 0.45408215487719505, "f_2": 0.40080501434702437, "f_3": 0.3473754762206806, "f_4": 0.30077892770211206}, "sample22": {"f_0": 0.4999999999999999, "f_1": 0.49414180375536837, "f_2": 0.4882236252650553, "f_3": 0.4822582974683419, "f_4": 0.4762593098473849}, "sample23": {"f_0": 0.4999999999999999, "f_1": 0.43437648218466945, "f_2": 0.36575105803697194, "f_3": 0.29739817562939347, "f_4": 0.23262175015521394}, "sample24": {"f_0": 0.4999999999999999, "f_1": 0.5010222023456864, "f_2": 0.5006076569132268, "f_3": 0.4988852333207226, "f_4": 0.49601214357044543}, "sample25": {"f_0": 0.4999999999999999, "f_1": 0.4154492731462592, "f_2": 0.3301881784569811, "f_3": 0.2512599415693354, "f_4": 0.18432504316725615}, "sample26": {"f_0": 0.4999999999999999, "f_1": 0.5035633035531908, "f_2": 0.49979141816550166, "f_3": 0.48862315518347865, "f_4": 0.47077376914347935}, "sample27": {"f_0": 0.4999999999999999, "f_1": 0.4958834258954788, "f_2": 0.487151041363964, "f_3": 0.4742735841908752, "f_4": 0.4579192882058359}, "sample28": {"f_0": 0.4999999999999999, "f_1": 0.4262510329164568, "f_2": 0.34856549855916347, "f_3": 0.2715883565638484, "f_4": 0.2001213982890255}, "sample29": {"f_0": 0.4999999999999999, "f_1": 0.46359417334973013, "f_2": 0.4240280392973698, "f_3": 0.38294810707273463, "f_4": 0.34206101800156474}, "sample30": {"f_0": 0.4999999999999999, "f_1": 0.485576331557927, "f_2": 0.46281213541047617, "f_3": 0.4326346245229918, "f_4": 0.39672339578285787}, "sample31": {"f_0": 0.4999999999999999, "f_1": 0.5526176090137346, "f_2": 0.6005138885350615, "f_3": 0.6422909737386213, "f_4": 0.6767566746899625}, "sample32": {"f_0": 0.4999999999999999, "f_1": 0.4440132199352326, "f_2": 0.38243446571981826, "f_3": 0.3189866806118405, "f_4": 0.25766415829841804}, "sample33": {"f_0": 0.4999999999999999, "f_1": 0.4856712556565214, "f_2": 0.4710901579956248, "f_3": 0.456362948732221, "f_4": 0.4415965523807592}, "sample34": {"f_0": 0.4999999999999999, "f_1": 0.4078708263931742, "f_2": 0.3155189213345425, "f_3": 0.23136402739797146, "f_4": 0.1620501890145174}, "sample35": {"f_0": 0.4999999999999999, "f_1": 0.526621272597785, "f_2": 0.552353474248291, "f_3": 0.577048797050374, "f_4": 0.6005702135479791}, "sample36": {"f_0": 0.4999999999999999, "f_1": 0.4176118661891381, "f_2": 0.3302196986908096, "f_3": 0.244863871449361, "f_4": 0.1687661424150591}, "sample37": {"f_0": 0.4999999999999999, "f_1": 0.5096695788386596, "f_2": 0.5190334145291764, "f_3": 0.5280565337005548, "f_4": 0.5367197164249307}, "sample38": {"f_0": 0.4999999999999999, "f_1": 0.4687431097763091, "f_2": 0.43654972540903014, "f_3": 0.4039308968929308, "f_4": 0.3713964456392722}, "sample39": {"f_0": 0.4999999999999999, "f_1": 0.42358023010886625, "f_2": 0.342873942088145, "f_3": 0.2652006954117734, "f_4": 0.19758196663770777}}