{"sample0": {"f_0": 0.517578125, "f_1": 0.48046875, "f_2": 0.505859375, "f_3": 0.5224609375, "f_4": 0.5087890625}, "sample1": {"f_0": 0.5068359375, "f_1": 0.48046875, "f_2": 0.44921875, "f_3": 0.4345703125, "f_4": 0.4130859375}, "sample2": {"f_0": 0.501953125, "f_1": 0.548828125, "f_2": 0.6796875, "f_3": 0.7578125, "f_4": 0.7041015625}, "sample3": {"f_0": 0.5146484375, "f_1": 0.4599609375, "f_2": 0.4013671875, "f_3": 0.369140625, "f_4": 0.3173828125}, "sample4": {"f_0": 0.5087890625, "f_1": 0.462890625, "f_2": 0.4384765625, "f_3": 0.3984375, "f_4": 0.353515625}, "sample5": {"f_0": 0.490234375, "f_1": 0.56640625, "f_2": 0.5478515625, "f_3": 0.5712890625, "f_4": 0.5625}, "sample6": {"f_0": 0.4794921875, "f_1": 0.4892578125, "f_2": 0.4912109375, "f_3": 0.4326171875, "f_4": 0.384765625}, "sample7": {"f_0": 0.498046875, "f_1": 0.5732421875, "f_2": 0.5947265625, "f_3": 0.66015625, "f_4": 0.703125}, "sample8": {"f_0": 0.5263671875, "f_1": 0.591796875, "f_2": 0.6572265625, "f_3": 0.7021484375, "f_4": 0.7392578125}, "sample9": {"f_0": 0.4970703125, "f_1": 0.4599609375, "f_2": 0.4580078125, "f_3": 0.4453125, "f_4": 0.41015625}, "sample10": {"f_0": 0.515625, "f_1": 0.5078125, "f_2": 0.509765625, "f_3": 0.5185546875, "f_4": 0.5146484375}, "sample11": {"f_0": 0.5068359375, "f_1": 0.5390625, "f_2": 0.5712890625, "f_3": 0.6005859375, "f_4": 0.5712890625}, "sample12": {"f_0": 0.4853515625, "f_1": 0.46875, "f_2": 0.4384765625, "f_3": 0.4111328125, "f_4": 0.384765625}, "sample13": {"f_0": 0.478515625, "f_1": 0.53125, "f_2": 0.5986328125, "f_3": 0.603515625, "f_4": 0.6025390625}, "sample14": {"f_0": 0.50390625, "f_1": 0.4609375, "f_2": 0.419921875, "f_3": 0.359375, "f_4": 0.3662109375}, "sample15": {"f_0": 0.5224609375, "f_1": 0.4638671875, "f_2": 0.431640625, "f_3": 0.333984375, "f_4": 0.265625}, "sample16": {"f_0": 0.48828125, "f_1": 0.548828125, "f_2": 0.6044921875, "f_3": 0.6201171875, "f_4": 0.6396484375}, "sample17": {"f_0": 0.509765625, "f_1": 0.513671875, "f_2": 0.5244140625, "f_3": 0.5625, "f_4": 0.5771484375}, "sample18": {"f_0": 0.484375, "f_1": 0.501953125, "f_2": 0.505859375, "f_3": 0.498046875, "f_4": 0.4931640625}, "sample19": {"f_0": 0.529296875, "f_1": 0.4638671875, "f_2": 0.431640625, "f_3": 0.376953125, "f_4": 0.3515625}, "sample20": {"f_0": 0.51171875, "f_1": 0.5693359375, "f_2": 0.6171875, "f_3": 0.671875, "f_4": 0.67578125}, "sample21": {"f_0": 0.4931640625, "f_1": 0.5224609375, "f_2": 0.529296875, "f_3": 0.541015625, "f_4": 0.5341796875}, "sample22": {"f_0": 0.5048828125, "f_1": 0.4794921875, "f_2": 0.5126953125, "f_3": 0.533203125, "f_4": 0.5234375}, "sample23": {"f_0": 0.505859375, "f_1": 0.5478515625, "f_2": 0.5751953125, "f_3": 0.6494140625, "f_4": 0.677734375}, "sample24": {"f_0": 0.5068359375, "f_1": 0.4970703125, "f_2": 0.505859375, "f_3": 0.5029296875, "f_4": 0.4892578125}, "sample25": {"f_0": 0.505859375, "f_1": 0.568359375, "f_2": 0.6220703125, "f_3": 0.708984375, "f_4": 0.71484375}, "sample26": {"f_0": 0.4931640625, "f_1": 0.4814453125, "f_2": 0.4853515625, "f_3": 0.4755859375, "f_4": 0.4072265625}, "sample27": {"f_0": 0.5107421875, "f_1": 0.466796875, "f_2": 0.490234375, "f_3": 0.4853515625, "f_4": 0.474609375}, "sample28": {"f_0": 0.51953125, "f_1": 0.537109375, "f_2": 0.611328125, "f_3": 0.65234375, "f_4": 0.66796875}, "sample29": {"f_0": 0.5263671875, "f_1": 0.529296875, "f_2": 0.55078125, "f_3": 0.5703125, "f_4": 0.5849609375}, "sample30": {"f_0": 0.5029296875, "f_1": 0.494140625, "f_2": 0.5185546875, "f_3": 0.5126953125, "f_4": 0.470703125}, "sample31": {"f_0": 0.4892578125, "f_1": 0.4375, "f_2": 0.390625, "f_3": 0.3251953125, "f_4": 0.2705078125}, "sample32": {"f_0": 0.513671875, "f_1": 0.576171875, "f_2": 0.591796875, "f_3": 0.6201171875, "f_4": 0.607421875}, "sample33": {"f_0": 0.4765625, "f_1": 0.51171875, "f_2": 0.5244140625, "f_3": 0.548828125, "f_4": 0.5419921875}, "sample34": {"f_0": 0.4990234375, "f_1": 0.5703125, "f_2": 0.6455078125, "f_3": 0.689453125, "f_4": 0.724609375}, "sample35": {"f_0": 0.5166015625, "f_1": 0.48046875, "f_2": 0.4423828125, "f_3": 0.4296875, "f_4": 0.388671875}, "sample36": {"f_0": 0.4765625, "f_1": 0.5556640625, "f_2": 0.625, "f_3": 0.6396484375, "f_4": 0.673828125}, "sample37": {"f_0": 0.51171875, "f_1": 0.48828125, "f_2": 0.48828125, "f_3": 0.4501953125, "f_4": 0.4677734375}, "sample38": {"f_0": 0.5166015625, "f_1": 0.548828125, "f_2": 0.5654296875, "f_3": 0.578125, "f_4": 0.611328125}, "sample39": {"f_0": 0.513671875, "f_1": 0.572265625, "f_2": 0.60546875, "f_3": 0.6455078125, "f_4": 0.6337890625}}