{"sample0": {"f_0": 1.0, "f_1": 0.9921875, "f_2": 0.9560546875, "f_3": 0.9091796875, "f_4": 0.84765625}, "sample1": {"f_0": 1.0, "f_1": 0.99609375, "f_2": 0.990234375, "f_3": 0.9892578125, "f_4": 0.982421875}, "sample2": {"f_0": 1.0, "f_1": 0.9716796875, "f_2": 0.9150390625, "f_3": 0.7802734375, "f_4": 0.6552734375}, "sample3": {"f_0": 1.0, "f_1": 0.9931640625, "f_2": 0.96875, "f_3": 0.9130859375, "f_4": 0.8583984375}, "sample4": {"f_0": 1.0, "f_1": 0.9931640625, "f_2": 0.98046875, "f_3": 0.9501953125, "f_4": 0.9248046875}, "sample5": {"f_0": 1.0, "f_1": 0.9794921875, "f_2": 0.9501953125, "f_3": 0.900390625, "f_4": 0.8154296875}, "sample6": {"f_0": 1.0, "f_1": 0.99609375, "f_2": 0.990234375, "f_3": 0.9677734375, "f_4": 0.939453125}, "sample7": {"f_0": 1.0, "f_1": 0.984375, "f_2": 0.9619140625, "f_3": 0.916015625, "f_4": 0.830078125}, "sample8": {"f_0": 1.0, "f_1": 0.9814453125, "f_2": 0.916015625, "f_3": 0.8505859375, "f_4": 0.689453125}, "sample9": {"f_0": 1.0, "f_1": 0.9970703125, "f_2": 0.9697265625, "f_3": 0.943359375, "f_4": 0.88671875}, "sample10": {"f_0": 1.0, "f_1": 0.9931640625, "f_2": 0.9765625, "f_3": 0.935546875, "f_4": 0.890625}, "sample11": {"f_0": 1.0, "f_1": 0.9892578125, "f_2": 0.9375, "f_3": 0.861328125, "f_4": 0.7890625}, "sample12": {"f_0": 1.0, "f_1": 0.9931640625, "f_2": 0.9912109375, "f_3": 0.97265625, "f_4": 0.947265625}, "sample13": {"f_0": 1.0, "f_1": 0.98828125, "f_2": 0.9619140625, "f_3": 0.919921875, "f_4": 0.8623046875}, "sample14": {"f_0": 1.0, "f_1": 0.9970703125, "f_2": 0.9814453125, "f_3": 0.9755859375, "f_4": 0.9677734375}, "sample15": {"f_0": 1.0, "f_1": 0.9951171875, "f_2": 0.974609375, "f_3": 0.947265625, "f_4": 0.916015625}, "sample16": {"f_0": 1.0, "f_1": 0.974609375, "f_2": 0.9482421875, "f_3": 0.865234375, "f_4": 0.7822265625}, "sample17": {"f_0": 1.0, "f_1": 0.9990234375, "f_2": 0.9990234375, "f_3": 0.9931640625, "f_4": 0.982421875}, "sample18": {"f_0": 1.0, "f_1": 0.99609375, "f_2": 0.986328125, "f_3": 0.96484375, "f_4": 0.9423828125}, "sample19": {"f_0": 1.0, "f_1": 0.99609375, "f_2": 0.9912109375, "f_3": 0.9716796875, "f_4": 0.94921875}, "sample20": {"f_0": 1.0, "f_1": 0.9873046875, "f_2": 0.9716796875, "f_3": 0.9130859375, "f_4": 0.8359375}, "sample21": {"f_0": 1.0, "f_1": 0.984375, "f_2": 0.9423828125, "f_3": 0.8740234375, "f_4": 0.763671875}, "sample22": {"f_0": 1.0, "f_1": 1.0, "f_2": 1.0, "f_3": 1.0, "f_4": 0.9970703125}, "sample23": {"f_0": 1.0, "f_1": 0.9873046875, "f_2": 0.9599609375, "f_3": 0.9033203125, "f_4": 0.841796875}, "sample24": {"f_0": 1.0, "f_1": 0.9990234375, "f_2": 0.99609375, "f_3": 0.9833984375, "f_4": 0.974609375}, "sample25": {"f_0": 1.0, "f_1": 0.984375, "f_2": 0.943359375, "f_3": 0.8662109375, "f_4": 0.787109375}, "sample26": {"f_0": 1.0, "f_1": 0.990234375, "f_2": 0.9736328125, "f_3": 0.943359375, "f_4": 0.89453125}, "sample27": {"f_0": 1.0, "f_1": 0.998046875, "f_2": 0.974609375, "f_3": 0.953125, "f_4": 0.9306640625}, "sample28": {"f_0": 1.0, "f_1": 0.9892578125, "f_2": 0.9560546875, "f_3": 0.91796875, "f_4": 0.8203125}, "sample29": {"f_0": 1.0, "f_1": 0.9970703125, "f_2": 0.978515625, "f_3": 0.9462890625, "f_4": 0.9091796875}, "sample30": {"f_0": 1.0, "f_1": 0.990234375, "f_2": 0.974609375, "f_3": 0.9228515625, "f_4": 0.8837890625}, "sample31": {"f_0": 1.0, "f_1": 0.99609375, "f_2": 0.9755859375, "f_3": 0.935546875, "f_4": 0.91796875}, "sample32": {"f_0": 1.0, "f_1": 0.98828125, "f_2": 0.9541015625, "f_3": 0.9228515625, "f_4": 0.8154296875}, "sample33": {"f_0": 1.0, "f_1": 1.0, "f_2": 0.9990234375, "f_3": 0.9931640625, "f_4": 0.9873046875}, "sample34": {"f_0": 1.0, "f_1": 0.984375, "f_2": 0.939453125, "f_3": 0.849609375, "f_4": 0.7529296875}, "sample35": {"f_0": 1.0, "f_1": 0.998046875, "f_2": 0.9931640625, "f_3": 0.9892578125, "f_4": 0.98046875}, "sample36": {"f_0": 1.0, "f_1": 0.9873046875, "f_2": 0.9365234375, "f_3": 0.83984375, "f_4": 0.7861328125}, "sample37": {"f_0": 1.0, "f_1": 0.9990234375, "f_2": 0.9990234375, "f_3": 0.998046875, "f_4": 0.9892578125}, "sample38": {"f_0": 1.0, "f_1": 0.9970703125, "f_2": 0.9912109375, "f_3": 0.9775390625, "f_4": 0.9599609375}, "sample39": {"f_0": 1.0, "f_1": 0.9794921875, "f_2": 0.9326171875, "f_3": 0.8564453125, "f_4": 0.7626953125}}