{
    "n_samples": 70,
    "n_qubits": 8,
    "graph_type": "line",
    "backend_qpu_name": "ibm_marrakesh",
    "beta": 1,
    "C": 0.4845838390601316,
    "n_features": 10,
    "times": [
        0.0,
        6.483073516613821,
        12.966147033227642,
        19.449220549841463,
        25.932294066455285,
        32.415367583069106,
        38.89844109968293,
        45.38151461629675,
        51.86458813291057,
        58.34766164952439
    ]
}