{"sample0": {"f_0": 0.40673828125, "f_1": 0.2880859375, "f_2": 0.143310546875, "f_3": 0.044677734375, "f_4": 0.031494140625, "f_5": 0.033447265625, "f_6": 0.012939453125, "f_7": 0.010009765625, "f_8": 0.00732421875, "f_9": 0.00439453125}, "sample1": {"f_0": 0.397216796875, "f_1": 0.278564453125, "f_2": 0.080078125, "f_3": 0.031494140625, "f_4": 0.020263671875, "f_5": 0.011962890625, "f_6": 0.01513671875, "f_7": 0.00830078125, "f_8": 0.00927734375, "f_9": 0.0068359375}, "sample2": {"f_0": 0.409912109375, "f_1": 0.3408203125, "f_2": 0.124267578125, "f_3": 0.048828125, "f_4": 0.02587890625, "f_5": 0.028076171875, "f_6": 0.018310546875, "f_7": 0.011962890625, "f_8": 0.013916015625, "f_9": 0.010986328125}, "sample3": {"f_0": 0.418212890625, "f_1": 0.089111328125, "f_2": 0.05078125, "f_3": 0.054443359375, "f_4": 0.0166015625, "f_5": 0.0146484375, "f_6": 0.01611328125, "f_7": 0.012451171875, "f_8": 0.0146484375, "f_9": 0.012451171875}, "sample4": {"f_0": 0.417724609375, "f_1": 0.08203125, "f_2": 0.062255859375, "f_3": 0.069091796875, "f_4": 0.029052734375, "f_5": 0.0185546875, "f_6": 0.017333984375, "f_7": 0.012939453125, "f_8": 0.015625, "f_9": 0.008056640625}, "sample5": {"f_0": 0.40576171875, "f_1": 0.10498046875, "f_2": 0.05517578125, "f_3": 0.033447265625, "f_4": 0.02392578125, "f_5": 0.02099609375, "f_6": 0.0126953125, "f_7": 0.0107421875, "f_8": 0.009033203125, "f_9": 0.00830078125}, "sample6": {"f_0": 0.40234375, "f_1": 0.0830078125, "f_2": 0.060791015625, "f_3": 0.08251953125, "f_4": 0.063232421875, "f_5": 0.037109375, "f_6": 0.018798828125, "f_7": 0.01123046875, "f_8": 0.015380859375, "f_9": 0.011962890625}, "sample7": {"f_0": 0.400634765625, "f_1": 0.149169921875, "f_2": 0.07470703125, "f_3": 0.029296875, "f_4": 0.019775390625, "f_5": 0.012939453125, "f_6": 0.009765625, "f_7": 0.00830078125, "f_8": 0.005859375, "f_9": 0.00341796875}, "sample8": {"f_0": 0.40283203125, "f_1": 0.22412109375, "f_2": 0.138671875, "f_3": 0.0927734375, "f_4": 0.021728515625, "f_5": 0.01806640625, "f_6": 0.018798828125, "f_7": 0.01318359375, "f_8": 0.01123046875, "f_9": 0.009765625}, "sample9": {"f_0": 0.419921875, "f_1": 0.0771484375, "f_2": 0.04443359375, "f_3": 0.03955078125, "f_4": 0.03515625, "f_5": 0.025390625, "f_6": 0.01708984375, "f_7": 0.01025390625, "f_8": 0.007080078125, "f_9": 0.004638671875}, "sample10": {"f_0": 0.406982421875, "f_1": 0.1435546875, "f_2": 0.068359375, "f_3": 0.051513671875, "f_4": 0.04345703125, "f_5": 0.02783203125, "f_6": 0.013916015625, "f_7": 0.0126953125, "f_8": 0.009521484375, "f_9": 0.0107421875}, "sample11": {"f_0": 0.40966796875, "f_1": 0.23681640625, "f_2": 0.17236328125, "f_3": 0.0869140625, "f_4": 0.0380859375, "f_5": 0.0224609375, "f_6": 0.019287109375, "f_7": 0.011962890625, "f_8": 0.0126953125, "f_9": 0.009033203125}, "sample12": {"f_0": 0.420166015625, "f_1": 0.1611328125, "f_2": 0.0849609375, "f_3": 0.046630859375, "f_4": 0.032958984375, "f_5": 0.0146484375, "f_6": 0.019287109375, "f_7": 0.013427734375, "f_8": 0.01220703125, "f_9": 0.01123046875}, "sample13": {"f_0": 0.40869140625, "f_1": 0.16162109375, "f_2": 0.09033203125, "f_3": 0.0498046875, "f_4": 0.030029296875, "f_5": 0.03173828125, "f_6": 0.029541015625, "f_7": 0.028076171875, "f_8": 0.020751953125, "f_9": 0.015869140625}, "sample14": {"f_0": 0.403076171875, "f_1": 0.236572265625, "f_2": 0.080322265625, "f_3": 0.02294921875, "f_4": 0.016357421875, "f_5": 0.00341796875, "f_6": 0.00390625, "f_7": 0.004638671875, "f_8": 0.00537109375, "f_9": 0.005859375}, "sample15": {"f_0": 0.406494140625, "f_1": 0.165771484375, "f_2": 0.1044921875, "f_3": 0.04833984375, "f_4": 0.046875, "f_5": 0.031005859375, "f_6": 0.027587890625, "f_7": 0.0234375, "f_8": 0.019775390625, "f_9": 0.014892578125}, "sample16": {"f_0": 0.4072265625, "f_1": 0.223388671875, "f_2": 0.13720703125, "f_3": 0.061767578125, "f_4": 0.017578125, "f_5": 0.005615234375, "f_6": 0.0048828125, "f_7": 0.00390625, "f_8": 0.002197265625, "f_9": 0.00390625}, "sample17": {"f_0": 0.40966796875, "f_1": 0.111083984375, "f_2": 0.059814453125, "f_3": 0.0478515625, "f_4": 0.05029296875, "f_5": 0.0517578125, "f_6": 0.024169921875, "f_7": 0.018798828125, "f_8": 0.008544921875, "f_9": 0.0068359375}, "sample18": {"f_0": 0.40771484375, "f_1": 0.123779296875, "f_2": 0.0703125, "f_3": 0.028076171875, "f_4": 0.019775390625, "f_5": 0.014404296875, "f_6": 0.006103515625, "f_7": 0.005615234375, "f_8": 0.005126953125, "f_9": 0.005615234375}, "sample19": {"f_0": 0.412353515625, "f_1": 0.2138671875, "f_2": 0.140380859375, "f_3": 0.065673828125, "f_4": 0.0322265625, "f_5": 0.0126953125, "f_6": 0.0068359375, "f_7": 0.007568359375, "f_8": 0.00732421875, "f_9": 0.00537109375}, "sample20": {"f_0": 0.405029296875, "f_1": 0.108154296875, "f_2": 0.0556640625, "f_3": 0.047607421875, "f_4": 0.031494140625, "f_5": 0.025146484375, "f_6": 0.019287109375, "f_7": 0.012939453125, "f_8": 0.017333984375, "f_9": 0.01220703125}, "sample21": {"f_0": 0.394775390625, "f_1": 0.07958984375, "f_2": 0.056640625, "f_3": 0.03955078125, "f_4": 0.02001953125, "f_5": 0.012451171875, "f_6": 0.009765625, "f_7": 0.006591796875, "f_8": 0.005126953125, "f_9": 0.002685546875}, "sample22": {"f_0": 0.398193359375, "f_1": 0.22900390625, "f_2": 0.127197265625, "f_3": 0.04931640625, "f_4": 0.01708984375, "f_5": 0.0078125, "f_6": 0.005615234375, "f_7": 0.004150390625, "f_8": 0.006591796875, "f_9": 0.00390625}, "sample23": {"f_0": 0.396484375, "f_1": 0.104248046875, "f_2": 0.05712890625, "f_3": 0.0302734375, "f_4": 0.01806640625, "f_5": 0.015869140625, "f_6": 0.007568359375, "f_7": 0.006591796875, "f_8": 0.00537109375, "f_9": 0.0048828125}, "sample24": {"f_0": 0.39208984375, "f_1": 0.220703125, "f_2": 0.082763671875, "f_3": 0.02197265625, "f_4": 0.02294921875, "f_5": 0.017333984375, "f_6": 0.010009765625, "f_7": 0.009033203125, "f_8": 0.007080078125, "f_9": 0.004638671875}, "sample25": {"f_0": 0.390869140625, "f_1": 0.197509765625, "f_2": 0.069091796875, "f_3": 0.0244140625, "f_4": 0.021484375, "f_5": 0.00830078125, "f_6": 0.004638671875, "f_7": 0.0068359375, "f_8": 0.0048828125, "f_9": 0.004638671875}, "sample26": {"f_0": 0.388671875, "f_1": 0.061279296875, "f_2": 0.072509765625, "f_3": 0.057861328125, "f_4": 0.0244140625, "f_5": 0.015625, "f_6": 0.014892578125, "f_7": 0.01025390625, "f_8": 0.006591796875, "f_9": 0.005126953125}, "sample27": {"f_0": 0.38037109375, "f_1": 0.168212890625, "f_2": 0.103759765625, "f_3": 0.04638671875, "f_4": 0.031494140625, "f_5": 0.010986328125, "f_6": 0.009033203125, "f_7": 0.00732421875, "f_8": 0.0078125, "f_9": 0.0068359375}, "sample28": {"f_0": 0.39208984375, "f_1": 0.211181640625, "f_2": 0.077880859375, "f_3": 0.040283203125, "f_4": 0.02587890625, "f_5": 0.017333984375, "f_6": 0.014892578125, "f_7": 0.00634765625, "f_8": 0.004150390625, "f_9": 0.002685546875}, "sample29": {"f_0": 0.41552734375, "f_1": 0.082275390625, "f_2": 0.05029296875, "f_3": 0.045166015625, "f_4": 0.03173828125, "f_5": 0.019775390625, "f_6": 0.01171875, "f_7": 0.0078125, "f_8": 0.007568359375, "f_9": 0.007080078125}, "sample30": {"f_0": 0.39794921875, "f_1": 0.2294921875, "f_2": 0.168212890625, "f_3": 0.083740234375, "f_4": 0.0322265625, "f_5": 0.019287109375, "f_6": 0.010498046875, "f_7": 0.00927734375, "f_8": 0.009765625, "f_9": 0.0048828125}, "sample31": {"f_0": 0.40478515625, "f_1": 0.224365234375, "f_2": 0.08447265625, "f_3": 0.04541015625, "f_4": 0.033203125, "f_5": 0.019775390625, "f_6": 0.019775390625, "f_7": 0.015869140625, "f_8": 0.01123046875, "f_9": 0.006591796875}, "sample32": {"f_0": 0.4130859375, "f_1": 0.092529296875, "f_2": 0.0615234375, "f_3": 0.040771484375, "f_4": 0.031494140625, "f_5": 0.01953125, "f_6": 0.012939453125, "f_7": 0.008544921875, "f_8": 0.01025390625, "f_9": 0.009033203125}, "sample33": {"f_0": 0.395263671875, "f_1": 0.120361328125, "f_2": 0.05322265625, "f_3": 0.048095703125, "f_4": 0.010986328125, "f_5": 0.01123046875, "f_6": 0.01025390625, "f_7": 0.007568359375, "f_8": 0.009033203125, "f_9": 0.006103515625},