{"sample0": {"f_0": 0, "f_1": 0.0634765625, "f_2": 0.18359375, "f_3": 0.2685546875, "f_4": 0.2080078125, "f_5": 0.1083984375, "f_6": 0.109375, "f_7": 0.271484375, "f_8": 0.4326171875, "f_9": 0.3984375}, "sample1": {"f_0": 0, "f_1": 0.01953125, "f_2": 0.1064453125, "f_3": 0.2646484375, "f_4": 0.419921875, "f_5": 0.4306640625, "f_6": 0.37109375, "f_7": 0.2490234375, "f_8": 0.166015625, "f_9": 0.0712890625}, "sample2": {"f_0": 0, "f_1": 0.00390625, "f_2": 0.037109375, "f_3": 0.10546875, "f_4": 0.193359375, "f_5": 0.2607421875, "f_6": 0.35546875, "f_7": 0.373046875, "f_8": 0.337890625, "f_9": 0.3037109375}, "sample3": {"f_0": 0, "f_1": 0.0615234375, "f_2": 0.154296875, "f_3": 0.158203125, "f_4": 0.1171875, "f_5": 0.1962890625, "f_6": 0.26171875, "f_7": 0.22265625, "f_8": 0.080078125, "f_9": 0.05859375}, "sample4": {"f_0": 0, "f_1": 0.0029296875, "f_2": 0.0126953125, "f_3": 0.025390625, "f_4": 0.0693359375, "f_5": 0.1064453125, "f_6": 0.12890625, "f_7": 0.1591796875, "f_8": 0.1494140625, "f_9": 0.1787109375}, "sample5": {"f_0": 0, "f_1": 0.076171875, "f_2": 0.1611328125, "f_3": 0.1708984375, "f_4": 0.1689453125, "f_5": 0.279296875, "f_6": 0.4150390625, "f_7": 0.4189453125, "f_8": 0.2607421875, "f_9": 0.1201171875}, "sample6": {"f_0": 0, "f_1": 0.0615234375, "f_2": 0.2021484375, "f_3": 0.3349609375, "f_4": 0.4404296875, "f_5": 0.3994140625, "f_6": 0.3193359375, "f_7": 0.23828125, "f_8": 0.23828125, "f_9": 0.3369140625}, "sample7": {"f_0": 0, "f_1": 0.0078125, "f_2": 0.0263671875, "f_3": 0.041015625, "f_4": 0.0771484375, "f_5": 0.1171875, "f_6": 0.1728515625, "f_7": 0.19140625, "f_8": 0.2041015625, "f_9": 0.234375}, "sample8": {"f_0": 0, "f_1": 0.0029296875, "f_2": 0.0009765625, "f_3": 0.0048828125, "f_4": 0.0126953125, "f_5": 0.0205078125, "f_6": 0.021484375, "f_7": 0.0419921875, "f_8": 0.0576171875, "f_9": 0.06640625}, "sample9": {"f_0": 0, "f_1": 0.0458984375, "f_2": 0.0947265625, "f_3": 0.154296875, "f_4": 0.080078125, "f_5": 0.0341796875, "f_6": 0.1279296875, "f_7": 0.23828125, "f_8": 0.2763671875, "f_9": 0.2080078125}, "sample10": {"f_0": 0, "f_1": 0.033203125, "f_2": 0.10546875, "f_3": 0.19921875, "f_4": 0.265625, "f_5": 0.3388671875, "f_6": 0.4208984375, "f_7": 0.4375, "f_8": 0.4443359375, "f_9": 0.4951171875}, "sample11": {"f_0": 0, "f_1": 0.046875, "f_2": 0.2109375, "f_3": 0.373046875, "f_4": 0.484375, "f_5": 0.4775390625, "f_6": 0.3857421875, "f_7": 0.193359375, "f_8": 0.06640625, "f_9": 0.0068359375}, "sample12": {"f_0": 0, "f_1": 0.0732421875, "f_2": 0.140625, "f_3": 0.1923828125, "f_4": 0.2265625, "f_5": 0.3505859375, "f_6": 0.5078125, "f_7": 0.6015625, "f_8": 0.5537109375, "f_9": 0.38671875}, "sample13": {"f_0": 0, "f_1": 0.015625, "f_2": 0.05859375, "f_3": 0.1123046875, "f_4": 0.142578125, "f_5": 0.2294921875, "f_6": 0.3037109375, "f_7": 0.4208984375, "f_8": 0.4990234375, "f_9": 0.537109375}, "sample14": {"f_0": 0, "f_1": 0.2236328125, "f_2": 0.3154296875, "f_3": 0.2333984375, "f_4": 0.2392578125, "f_5": 0.2451171875, "f_6": 0.3564453125, "f_7": 0.283203125, "f_8": 0.240234375, "f_9": 0.2958984375}, "sample15": {"f_0": 0, "f_1": 0.0009765625, "f_2": 0.0126953125, "f_3": 0.025390625, "f_4": 0.044921875, "f_5": 0.07421875, "f_6": 0.125, "f_7": 0.13671875, "f_8": 0.197265625, "f_9": 0.23046875}, "sample16": {"f_0": 0, "f_1": 0.0419921875, "f_2": 0.1123046875, "f_3": 0.197265625, "f_4": 0.2626953125, "f_5": 0.2685546875, "f_6": 0.2138671875, "f_7": 0.220703125, "f_8": 0.2158203125, "f_9": 0.2470703125}, "sample17": {"f_0": 0, "f_1": 0.05078125, "f_2": 0.12890625, "f_3": 0.1875, "f_4": 0.1708984375, "f_5": 0.0419921875, "f_6": 0.005859375, "f_7": 0.0712890625, "f_8": 0.1640625, "f_9": 0.1826171875}, "sample18": {"f_0": 0, "f_1": 0.0087890625, "f_2": 0.1337890625, "f_3": 0.2646484375, "f_4": 0.3603515625, "f_5": 0.375, "f_6": 0.3046875, "f_7": 0.2587890625, "f_8": 0.2451171875, "f_9": 0.2548828125}, "sample19": {"f_0": 0, "f_1": 0.0498046875, "f_2": 0.203125, "f_3": 0.390625, "f_4": 0.4677734375, "f_5": 0.42578125, "f_6": 0.32421875, "f_7": 0.119140625, "f_8": 0.03125, "f_9": 0.0283203125}, "sample20": {"f_0": 0, "f_1": 0.0166015625, "f_2": 0.06640625, "f_3": 0.115234375, "f_4": 0.12890625, "f_5": 0.1328125, "f_6": 0.1240234375, "f_7": 0.1103515625, "f_8": 0.13671875, "f_9": 0.2216796875}, "sample21": {"f_0": 0, "f_1": 0.0517578125, "f_2": 0.2197265625, "f_3": 0.41796875, "f_4": 0.51953125, "f_5": 0.4580078125, "f_6": 0.2890625, "f_7": 0.0615234375, "f_8": 0.0205078125, "f_9": 0.1083984375}, "sample22": {"f_0": 0, "f_1": 0.07421875, "f_2": 0.2265625, "f_3": 0.396484375, "f_4": 0.4375, "f_5": 0.3916015625, "f_6": 0.3125, "f_7": 0.302734375, "f_8": 0.333984375, "f_9": 0.3671875}, "sample23": {"f_0": 0, "f_1": 0.0068359375, "f_2": 0.052734375, "f_3": 0.1240234375, "f_4": 0.181640625, "f_5": 0.197265625, "f_6": 0.1806640625, "f_7": 0.189453125, "f_8": 0.2333984375, "f_9": 0.2744140625}, "sample24": {"f_0": 0, "f_1": 0.2255859375, "f_2": 0.4326171875, "f_3": 0.1982421875, "f_4": 0.2900390625, "f_5": 0.6162109375, "f_6": 0.3896484375, "f_7": 0.05859375, "f_8": 0.349609375, "f_9": 0.451171875}, "sample25": {"f_0": 0, "f_1": 0.0341796875, "f_2": 0.0693359375, "f_3": 0.091796875, "f_4": 0.14453125, "f_5": 0.21484375, "f_6": 0.2294921875, "f_7": 0.2099609375, "f_8": 0.1611328125, "f_9": 0.1396484375}, "sample26": {"f_0": 0, "f_1": 0.11328125, "f_2": 0.326171875, "f_3": 0.3154296875, "f_4": 0.1796875, "f_5": 0.134765625, "f_6": 0.35546875, "f_7": 0.4306640625, "f_8": 0.3408203125, "f_9": 0.1484375}, "sample27": {"f_0": 0, "f_1": 0.009765625, "f_2": 0.1044921875, "f_3": 0.27734375, "f_4": 0.291015625, "f_5": 0.2685546875, "f_6": 0.2470703125, "f_7": 0.2060546875, "f_8": 0.125, "f_9": 0.1513671875}, "sample28": {"f_0": 0, "f_1": 0.18359375, "f_2": 0.3037109375, "f_3": 0.2880859375, "f_4": 0.298828125, "f_5": 0.1025390625, "f_6": 0.1904296875, "f_7": 0.361328125, "f_8": 0.1953125, "f_9": 0.2158203125}, "sample29": {"f_0": 0, "f_1": 0.1767578125, "f_2": 0.3115234375, "f_3": 0.33203125, "f_4": 0.216796875, "f_5": 0.158203125, "f_6": 0.212890625, "f_7": 0.1689453125, "f_8": 0.201171875, "f_9": 0.2626953125}, "sample30": {"f_0": 0, "f_1": 0.0302734375, "f_2": 0.1328125, "f_3": 0.2509765625, "f_4": 0.34375, "f_5": 0.3427734375, "f_6": 0.326171875, "f_7": 0.29296875, "f_8": 0.228515625, "f_9": 0.2333984375}, "sample31": {"f_0": 0, "f_1": 0.130859375, "f_2": 0.3583984375, "f_3": 0.486328125, "f_4": 0.3544921875, "f_5": 0.123046875, "f_6": 0.05859375, "f_7": 0.224609375, "f_8": 0.3876953125, "f_9": 0.36328125}, "sample32": {"f_0": 0, "f_1": 0.0126953125, "f_2": 0.134765625, "f_3": 0.2509765625, "f_4": 0.3359375, "f_5": 0.4365234375, "f_6": 0.4609375, "f_7": 0.4833984375, "f_8": 0.4541015625, "f_9": 0.44140625}, "sample33": {"f_0": 0, "f_1": 0.0693359375, "f_2": 0.1943359375, "f_3": 0.25, "f_4": 0.1455078125, "f_5": 0.037109375, "f_6": 0.013671875, "f_7": 0.1328125, "f_8": 0.263671875, "f_9": 0.2861328125}, "sample34": {"f_0": 0, "f_1": 0.0419921875, "f_2": 0.1435546875, "f_3": 0.177734375, "f_4": 0.177734375, "f_5": 0.2470703125, "f_6": 0.349609375, "f_7": 0.3583984375, "f_8": 0.3251953125, "f_9": 0.296875}, "sample35": {"f_0": 0, "f_1": 0.0341796875, "f_2": 0.078125, "f_3": 0.162109375, "f_4": 0.23828125, "f_5": 0.3515625, "f_6": 0.4111328125, "f_7": 0.5166015625, "f_8": 0.564453125, "f_9": 0.546875}, "sample36": {"f_0": 0, "f_1": 0.1474609375, "f_2": 0.2783203125, "f_3": 0.3330078125, "f_4": 0.2587890625, "f_5": 0.3046875, "f_6": 0.369140625, "f_7": 0.3681640625, "f_8": 0.267578125, "f_9": 0.1865234375}, "sample37": {"f_0": 0, "f_1": 0.01171875, "f_2": 0.0947265625, "f_3": 0.1396484375, "f_4": 0.1396484375, "f_5": 0.126953125, "f_6": 0.109375, "f_7": 0.0732421875, "f_8": 0.080078125, "f_9": 0.1240234375}, "sample38": {"f_0": 0, "f_1": 0.1357421875, "f_2": 0.2802734375, "f_3": 0.3251953125, "f_4": 0.4091796875, "f_5": 0.37109375, "f_6": 0.3828125, "f_7": 0.3330078125, "f_8": 0.3369140625, "f_9": 0.3447265625}, "sample39": {"f_0": 0, "f_1": 0.0947265625,