{
    "sample0": {
        "f_0": 0.0048828125,
        "f_1": 0.1669921875,
        "f_2": 0.330078125,
        "f_3": 0.2509765625,
        "f_4": 0.2265625,
        "f_5": 0.26171875,
        "f_6": 0.1953125,
        "f_7": 0.044921875,
        "f_8": 0.109375,
        "f_9": 0.271484375,
        "f_10": 0.2314453125
    },
    "sample1": {
        "f_0": 0.00390625,
        "f_1": 0.177734375,
        "f_2": 0.39453125,
        "f_3": 0.3310546875,
        "f_4": 0.1259765625,
        "f_5": 0.1396484375,
        "f_6": 0.185546875,
        "f_7": 0.1796875,
        "f_8": 0.2080078125,
        "f_9": 0.322265625,
        "f_10": 0.30859375
    },
    "sample2": {
        "f_0": 0.0029296875,
        "f_1": 0.021484375,
        "f_2": 0.130859375,
        "f_3": 0.224609375,
        "f_4": 0.2216796875,
        "f_5": 0.1220703125,
        "f_6": 0.0615234375,
        "f_7": 0.10546875,
        "f_8": 0.2021484375,
        "f_9": 0.416015625,
        "f_10": 0.484375
    },
    "sample3": {
        "f_0": 0.0029296875,
        "f_1": 0.0751953125,
        "f_2": 0.2080078125,
        "f_3": 0.3251953125,
        "f_4": 0.3251953125,
        "f_5": 0.1689453125,
        "f_6": 0.0556640625,
        "f_7": 0.1005859375,
        "f_8": 0.298828125,
        "f_9": 0.3896484375,
        "f_10": 0.3212890625
    },
    "sample4": {
        "f_0": 0.0029296875,
        "f_1": 0.01171875,
        "f_2": 0.0234375,
        "f_3": 0.046875,
        "f_4": 0.041015625,
        "f_5": 0.0654296875,
        "f_6": 0.08203125,
        "f_7": 0.1181640625,
        "f_8": 0.1826171875,
        "f_9": 0.2060546875,
        "f_10": 0.248046875
    },
    "sample5": {
        "f_0": 0.001953125,
        "f_1": 0.1796875,
        "f_2": 0.3212890625,
        "f_3": 0.193359375,
        "f_4": 0.201171875,
        "f_5": 0.2431640625,
        "f_6": 0.083984375,
        "f_7": 0.1376953125,
        "f_8": 0.279296875,
        "f_9": 0.1513671875,
        "f_10": 0.048828125
    },
    "sample6": {
        "f_0": 0.0048828125,
        "f_1": 0.13671875,
        "f_2": 0.2861328125,
        "f_3": 0.2568359375,
        "f_4": 0.267578125,
        "f_5": 0.376953125,
        "f_6": 0.24609375,
        "f_7": 0.0458984375,
        "f_8": 0.078125,
        "f_9": 0.22265625,
        "f_10": 0.1728515625
    },
    "sample7": {
        "f_0": 0.001953125,
        "f_1": 0.0341796875,
        "f_2": 0.078125,
        "f_3": 0.1181640625,
        "f_4": 0.1962890625,
        "f_5": 0.3720703125,
        "f_6": 0.4794921875,
        "f_7": 0.3955078125,
        "f_8": 0.2734375,
        "f_9": 0.33203125,
        "f_10": 0.2861328125
    },
    "sample8": {
        "f_0": 0.0048828125,
        "f_1": 0.03125,
        "f_2": 0.1142578125,
        "f_3": 0.2451171875,
        "f_4": 0.3505859375,
        "f_5": 0.4091796875,
        "f_6": 0.3388671875,
        "f_7": 0.2607421875,
        "f_8": 0.1611328125,
        "f_9": 0.0849609375,
        "f_10": 0.0390625
    },
    "sample9": {
        "f_0": 0.0029296875,
        "f_1": 0.0419921875,
        "f_2": 0.1025390625,
        "f_3": 0.1142578125,
        "f_4": 0.1328125,
        "f_5": 0.3046875,
        "f_6": 0.4921875,
        "f_7": 0.4736328125,
        "f_8": 0.32421875,
        "f_9": 0.359375,
        "f_10": 0.28515625
    },
    "sample10": {
        "f_0": 0.001953125,
        "f_1": 0.0146484375,
        "f_2": 0.0166015625,
        "f_3": 0.0390625,
        "f_4": 0.064453125,
        "f_5": 0.1279296875,
        "f_6": 0.2236328125,
        "f_7": 0.25,
        "f_8": 0.27734375,
        "f_9": 0.2841796875,
        "f_10": 0.2841796875
    },
    "sample11": {
        "f_0": 0.0029296875,
        "f_1": 0.083984375,
        "f_2": 0.2333984375,
        "f_3": 0.2802734375,
        "f_4": 0.19921875,
        "f_5": 0.12109375,
        "f_6": 0.1337890625,
        "f_7": 0.240234375,
        "f_8": 0.271484375,
        "f_9": 0.212890625,
        "f_10": 0.1982421875
    },
    "sample12": {
        "f_0": 0.00390625,
        "f_1": 0.1513671875,
        "f_2": 0.30078125,
        "f_3": 0.2275390625,
        "f_4": 0.2158203125,
        "f_5": 0.279296875,
        "f_6": 0.1376953125,
        "f_7": 0.02734375,
        "f_8": 0.1640625,
        "f_9": 0.2236328125,
        "f_10": 0.111328125
    },
    "sample13": {
        "f_0": 0.0029296875,
        "f_1": 0.107421875,
        "f_2": 0.2705078125,
        "f_3": 0.287109375,
        "f_4": 0.1982421875,
        "f_5": 0.1142578125,
        "f_6": 0.1611328125,
        "f_7": 0.2099609375,
        "f_8": 0.1796875,
        "f_9": 0.140625,
        "f_10": 0.1943359375
    },
    "sample14": {
        "f_0": 0.0048828125,
        "f_1": 0.1103515625,
        "f_2": 0.345703125,
        "f_3": 0.3388671875,
        "f_4": 0.2451171875,
        "f_5": 0.193359375,
        "f_6": 0.205078125,
        "f_7": 0.2275390625,
        "f_8": 0.1298828125,
        "f_9": 0.1162109375,
        "f_10": 0.25
    },
    "sample15": {
        "f_0": 0.001953125,
        "f_1": 0.0087890625,
        "f_2": 0.0791015625,
        "f_3": 0.1787109375,
        "f_4": 0.2578125,
        "f_5": 0.267578125,
        "f_6": 0.1767578125,
        "f_7": 0.107421875,
        "f_8": 0.103515625,
        "f_9": 0.115234375,
        "f_10": 0.1982421875
    },
    "sample16": {
        "f_0": 0.0029296875,
        "f_1": 0.0166015625,
        "f_2": 0.0546875,
        "f_3": 0.076171875,
        "f_4": 0.0986328125,
        "f_5": 0.1494140625,
        "f_6": 0.2802734375,
        "f_7": 0.431640625,
        "f_8": 0.404296875,
        "f_9": 0.3193359375,
        "f_10": 0.3232421875
    },
    "sample17": {
        "f_0": 0.001953125,
        "f_1": 0.0517578125,
        "f_2": 0.26953125,
        "f_3": 0.4580078125,
        "f_4": 0.3525390625,
        "f_5": 0.2294921875,
        "f_6": 0.1025390625,
        "f_7": 0.115234375,
        "f_8": 0.1123046875,
        "f_9": 0.1220703125,
        "f_10": 0.15234375
    },
    "sample18": {
        "f_0": 0.0068359375,
        "f_1": 0.0224609375,
        "f_2": 0.056640625,
        "f_3": 0.0849609375,
        "f_4": 0.1162109375,
        "f_5": 0.1240234375,
        "f_6": 0.1376953125,
        "f_7": 0.21484375,
        "f_8": 0.267578125,
        "f_9": 0.3505859375,
        "f_10": 0.3759765625
    },
    "sample19": {
        "f_0": 0.001953125,
        "f_1": 0.0546875,
        "f_2": 0.1025390625,
        "f_3": 0.1064453125,
        "f_4": 0.1259765625,
        "f_5": 0.1953125,
        "f_6": 0.3583984375,
        "f_7": 0.41015625,
        "f_8": 0.287109375,
        "f_9": 0.166015625,
        "f_10": 0.1689453125
    },
    "sample20": {
        "f_0": 0.0048828125,
        "f_1": 0.0361328125,
        "f_2": 0.1044921875,
        "f_3": 0.1943359375,
        "f_4": 0.2822265625,
        "f_5": 0.2734375,
        "f_6": 0.2841796875,
        "f_7": 0.24609375,
        "f_8": 0.1884765625,
        "f_9": 0.11328125,
        "f_10": 0.0927734375
    },
    "sample21": {
        "f_0": 0.0009765625,
        "f_1": 0.041015625,
        "f_2": 0.1455078125,
        "f_3": 0.2236328125,
        "f_4": 0.1953125,
        "f_5": 0.14453125,
        "f_6": 0.1015625,
        "f_7": 0.1640625,
        "f_8": 0.2919921875,
        "f_9": 0.41015625,
        "f_10": 0.4326171875
    },
    "sample22": {
        "f_0": 0.0029296875,
        "f_1": 0.0751953125,
        "f_2": 0.16015625,
        "f_3": 0.130859375,
        "f_4": 0.0361328125,
        "f_5": 0.078125,
        "f_6": 0.2587890625,
        "f_7": 0.34375,
        "f_8": 0.2216796875,
        "f_9": 0.0986328125,
        "f_10": 0.2060546875
    },
    "sample23": {
        "f_0": 0.0048828125,
        "f_1": 0.0234375,
        "f_2": 0.044921875,
        "f_3": 0.095703125,
        "f_4": 0.125,
        "f_5": 0.2001953125,
        "f_6": 0.21875,
        "f_7": 0.3525390625,
        "f_8": 0.3984375,
        "f_9": 0.462890625,
        "f_10": 0.5087890625
    },