{
    "sample0": {
        "f_0": 0.4912109375,
        "f_1": 0.7060546875,
        "f_2": 0.4375,
        "f_3": 0.19921875,
        "f_4": 0.2021484375,
        "f_5": 0.1318359375,
        "f_6": 0.0732421875,
        "f_7": 0.30859375,
        "f_8": 0.46875
    },
    "sample1": {
        "f_0": 0.482421875,
        "f_1": 0.6572265625,
        "f_2": 0.3837890625,
        "f_3": 0.1357421875,
        "f_4": 0.2177734375,
        "f_5": 0.388671875,
        "f_6": 0.3955078125,
        "f_7": 0.30078125,
        "f_8": 0.2333984375
    },
    "sample2": {
        "f_0": 0.509765625,
        "f_1": 0.3232421875,
        "f_2": 0.1494140625,
        "f_3": 0.1220703125,
        "f_4": 0.1328125,
        "f_5": 0.1669921875,
        "f_6": 0.2763671875,
        "f_7": 0.212890625,
        "f_8": 0.123046875
    },
    "sample3": {
        "f_0": 0.48828125,
        "f_1": 0.6298828125,
        "f_2": 0.38671875,
        "f_3": 0.1669921875,
        "f_4": 0.0283203125,
        "f_5": 0.095703125,
        "f_6": 0.255859375,
        "f_7": 0.36328125,
        "f_8": 0.3359375
    },
    "sample4": {
        "f_0": 0.484375,
        "f_1": 0.509765625,
        "f_2": 0.5146484375,
        "f_3": 0.5390625,
        "f_4": 0.4931640625,
        "f_5": 0.4833984375,
        "f_6": 0.498046875,
        "f_7": 0.44921875,
        "f_8": 0.4501953125
    },
    "sample5": {
        "f_0": 0.513671875,
        "f_1": 0.0859375,
        "f_2": 0.1611328125,
        "f_3": 0.2568359375,
        "f_4": 0.25,
        "f_5": 0.380859375,
        "f_6": 0.3916015625,
        "f_7": 0.185546875,
        "f_8": 0.294921875
    },
    "sample6": {
        "f_0": 0.474609375,
        "f_1": 0.6865234375,
        "f_2": 0.4912109375,
        "f_3": 0.31640625,
        "f_4": 0.3095703125,
        "f_5": 0.2080078125,
        "f_6": 0.0654296875,
        "f_7": 0.2470703125,
        "f_8": 0.462890625
    },
    "sample7": {
        "f_0": 0.4775390625,
        "f_1": 0.521484375,
        "f_2": 0.4267578125,
        "f_3": 0.3349609375,
        "f_4": 0.3544921875,
        "f_5": 0.3505859375,
        "f_6": 0.1796875,
        "f_7": 0.0703125,
        "f_8": 0.09375
    },
    "sample8": {
        "f_0": 0.498046875,
        "f_1": 0.58203125,
        "f_2": 0.572265625,
        "f_3": 0.51171875,
        "f_4": 0.4384765625,
        "f_5": 0.275390625,
        "f_6": 0.1259765625,
        "f_7": 0.0732421875,
        "f_8": 0.1015625
    },
    "sample9": {
        "f_0": 0.5087890625,
        "f_1": 0.2490234375,
        "f_2": 0.228515625,
        "f_3": 0.3046875,
        "f_4": 0.22265625,
        "f_5": 0.1298828125,
        "f_6": 0.30078125,
        "f_7": 0.3662109375,
        "f_8": 0.2978515625
    },
    "sample10": {
        "f_0": 0.4775390625,
        "f_1": 0.4912109375,
        "f_2": 0.3955078125,
        "f_3": 0.3447265625,
        "f_4": 0.34375,
        "f_5": 0.3662109375,
        "f_6": 0.37109375,
        "f_7": 0.2919921875,
        "f_8": 0.2890625
    },
    "sample11": {
        "f_0": 0.5029296875,
        "f_1": 0.208984375,
        "f_2": 0.0673828125,
        "f_3": 0.1513671875,
        "f_4": 0.234375,
        "f_5": 0.2646484375,
        "f_6": 0.1689453125,
        "f_7": 0.1337890625,
        "f_8": 0.2041015625
    },
    "sample12": {
        "f_0": 0.505859375,
        "f_1": 0.095703125,
        "f_2": 0.08203125,
        "f_3": 0.2314453125,
        "f_4": 0.1875,
        "f_5": 0.38671875,
        "f_6": 0.546875,
        "f_7": 0.337890625,
        "f_8": 0.1201171875
    },
    "sample13": {
        "f_0": 0.4814453125,
        "f_1": 0.6767578125,
        "f_2": 0.5595703125,
        "f_3": 0.279296875,
        "f_4": 0.1591796875,
        "f_5": 0.248046875,
        "f_6": 0.26171875,
        "f_7": 0.1806640625,
        "f_8": 0.16796875
    },
    "sample14": {
        "f_0": 0.505859375,
        "f_1": 0.6611328125,
        "f_2": 0.5556640625,
        "f_3": 0.2509765625,
        "f_4": 0.138671875,
        "f_5": 0.1416015625,
        "f_6": 0.2001953125,
        "f_7": 0.150390625,
        "f_8": 0.177734375
    },
    "sample15": {
        "f_0": 0.5048828125,
        "f_1": 0.5087890625,
        "f_2": 0.400390625,
        "f_3": 0.33203125,
        "f_4": 0.294921875,
        "f_5": 0.2802734375,
        "f_6": 0.3046875,
        "f_7": 0.419921875,
        "f_8": 0.48046875
    },
    "sample16": {
        "f_0": 0.517578125,
        "f_1": 0.3583984375,
        "f_2": 0.27734375,
        "f_3": 0.2783203125,
        "f_4": 0.2373046875,
        "f_5": 0.1650390625,
        "f_6": 0.0947265625,
        "f_7": 0.1572265625,
        "f_8": 0.1640625
    },
    "sample17": {
        "f_0": 0.4814453125,
        "f_1": 0.1953125,
        "f_2": 0.119140625,
        "f_3": 0.3125,
        "f_4": 0.3994140625,
        "f_5": 0.3232421875,
        "f_6": 0.28125,
        "f_7": 0.265625,
        "f_8": 0.3349609375
    },
    "sample18": {
        "f_0": 0.4892578125,
        "f_1": 0.5322265625,
        "f_2": 0.5673828125,
        "f_3": 0.5419921875,
        "f_4": 0.4697265625,
        "f_5": 0.4501953125,
        "f_6": 0.44921875,
        "f_7": 0.4423828125,
        "f_8": 0.3740234375
    },
    "sample19": {
        "f_0": 0.494140625,
        "f_1": 0.271484375,
        "f_2": 0.142578125,
        "f_3": 0.212890625,
        "f_4": 0.2060546875,
        "f_5": 0.1181640625,
        "f_6": 0.216796875,
        "f_7": 0.4677734375,
        "f_8": 0.6123046875
    },
    "sample20": {
        "f_0": 0.484375,
        "f_1": 0.5908203125,
        "f_2": 0.673828125,
        "f_3": 0.6513671875,
        "f_4": 0.552734375,
        "f_5": 0.4306640625,
        "f_6": 0.296875,
        "f_7": 0.1865234375,
        "f_8": 0.154296875
    },
    "sample21": {
        "f_0": 0.470703125,
        "f_1": 0.6494140625,
        "f_2": 0.5859375,
        "f_3": 0.4453125,
        "f_4": 0.3203125,
        "f_5": 0.291015625,
        "f_6": 0.3896484375,
        "f_7": 0.5283203125,
        "f_8": 0.5595703125
    },
    "sample22": {
        "f_0": 0.5166015625,
        "f_1": 0.181640625,
        "f_2": 0.1474609375,
        "f_3": 0.369140625,
        "f_4": 0.3876953125,
        "f_5": 0.1572265625,
        "f_6": 0.103515625,
        "f_7": 0.3291015625,
        "f_8": 0.462890625
    },
    "sample23": {
        "f_0": 0.4892578125,
        "f_1": 0.375,
        "f_2": 0.2626953125,
        "f_3": 0.2109375,
        "f_4": 0.1474609375,
        "f_5": 0.0908203125,
        "f_6": 0.0556640625,
        "f_7": 0.0400390625,
        "f_8": 0.046875
    },
    "sample24": {
        "f_0": 0.486328125,
        "f_1": 0.3095703125,
        "f_2": 0.3173828125,
        "f_3": 0.314453125,
        "f_4": 0.173828125,
        "f_5": 0.0595703125,
        "f_6": 0.041015625,
        "f_7": 0.16015625,
        "f_8": 0.2763671875
    },
    "sample25": {
        "f_0": 0.4931640625,
        "f_1": 0.4130859375,
        "f_2": 0.3193359375,
        "f_3": 0.3115234375,
        "f_4": 0.310546875,
        "f_5": 0.29296875,
        "f_6": 0.2666015625,
        "f_7": 0.189453125,
        "f_8": 0.1015625
    },
    "sample26": {
        "f_0": 0.4853515625,
        "f_1": 0.5859375,
        "f_2": 0.6318359375,
        "f_3": 0.6708984375,
        "f_4": 0.626953125,
        "f_5": 0.5869140625,
        "f_6": 0.5810546875,
        "f_7": 0.5556640625,
        "f_8": 0.453125
    },
    "sample27": {
        "f_0": 0.4873046875,
        "f_1": 0.19140625,
        "f_2": 0.0498046875,
        "f_3": 0.158203125,
        "f_4": 0.359375,
        "f_5": 0.4248046875,
        "f_6": 0.3427734375,
        "f_7": 0.24609375,
        "f_8": 0.12109375
    },
    "sample28": {
        "f_0": 0.4775390625,
        "f_1": 0.2568359375,
        "f_2": 0.2412109375,
        "f_3": 0.2958984375,
        "f_4": 0.15234375,
        "f_5": 0.1640625,
        "f_6": 0.3232421875,
        "f_7": 0.3056640625,
        "f_8": 0.2041015625
    },