{
    "sample0": {
        "f_0": 0.47265625,
        "f_1": 0.1142578125,
        "f_2": 0.1064453125,
        "f_3": 0.2587890625,
        "f_4": 0.2734375,
        "f_5": 0.3447265625,
        "f_6": 0.5712890625,
        "f_7": 0.451171875,
        "f_8": 0.1376953125,
        "f_9": 0.15234375,
        "f_10": 0.33203125
    },
    "sample1": {
        "f_0": 0.4892578125,
        "f_1": 0.0849609375,
        "f_2": 0.169921875,
        "f_3": 0.3896484375,
        "f_4": 0.310546875,
        "f_5": 0.1630859375,
        "f_6": 0.1123046875,
        "f_7": 0.1728515625,
        "f_8": 0.20703125,
        "f_9": 0.326171875,
        "f_10": 0.5029296875
    },
    "sample2": {
        "f_0": 0.5126953125,
        "f_1": 0.4345703125,
        "f_2": 0.3955078125,
        "f_3": 0.3974609375,
        "f_4": 0.361328125,
        "f_5": 0.3388671875,
        "f_6": 0.3115234375,
        "f_7": 0.310546875,
        "f_8": 0.345703125,
        "f_9": 0.48828125,
        "f_10": 0.5146484375
    },
    "sample3": {
        "f_0": 0.501953125,
        "f_1": 0.201171875,
        "f_2": 0.12890625,
        "f_3": 0.33984375,
        "f_4": 0.623046875,
        "f_5": 0.7138671875,
        "f_6": 0.43359375,
        "f_7": 0.1728515625,
        "f_8": 0.158203125,
        "f_9": 0.3056640625,
        "f_10": 0.396484375
    },
    "sample4": {
        "f_0": 0.521484375,
        "f_1": 0.4326171875,
        "f_2": 0.322265625,
        "f_3": 0.296875,
        "f_4": 0.2607421875,
        "f_5": 0.2041015625,
        "f_6": 0.1826171875,
        "f_7": 0.1337890625,
        "f_8": 0.1142578125,
        "f_9": 0.12109375,
        "f_10": 0.1376953125
    },
    "sample5": {
        "f_0": 0.4716796875,
        "f_1": 0.701171875,
        "f_2": 0.3515625,
        "f_3": 0.2001953125,
        "f_4": 0.2265625,
        "f_5": 0.0986328125,
        "f_6": 0.2138671875,
        "f_7": 0.3388671875,
        "f_8": 0.1650390625,
        "f_9": 0.0947265625,
        "f_10": 0.37109375
    },
    "sample6": {
        "f_0": 0.4951171875,
        "f_1": 0.130859375,
        "f_2": 0.0791015625,
        "f_3": 0.177734375,
        "f_4": 0.1572265625,
        "f_5": 0.2890625,
        "f_6": 0.529296875,
        "f_7": 0.45703125,
        "f_8": 0.1787109375,
        "f_9": 0.09765625,
        "f_10": 0.150390625
    },
    "sample7": {
        "f_0": 0.4775390625,
        "f_1": 0.2958984375,
        "f_2": 0.20703125,
        "f_3": 0.224609375,
        "f_4": 0.142578125,
        "f_5": 0.16796875,
        "f_6": 0.38671875,
        "f_7": 0.5029296875,
        "f_8": 0.40625,
        "f_9": 0.4189453125,
        "f_10": 0.455078125
    },
    "sample8": {
        "f_0": 0.5146484375,
        "f_1": 0.291015625,
        "f_2": 0.15234375,
        "f_3": 0.0810546875,
        "f_4": 0.10546875,
        "f_5": 0.24609375,
        "f_6": 0.392578125,
        "f_7": 0.5234375,
        "f_8": 0.607421875,
        "f_9": 0.6201171875,
        "f_10": 0.5068359375
    },
    "sample9": {
        "f_0": 0.4912109375,
        "f_1": 0.5009765625,
        "f_2": 0.326171875,
        "f_3": 0.21484375,
        "f_4": 0.3046875,
        "f_5": 0.3740234375,
        "f_6": 0.29296875,
        "f_7": 0.1552734375,
        "f_8": 0.1650390625,
        "f_9": 0.224609375,
        "f_10": 0.1318359375
    },
    "sample10": {
        "f_0": 0.4814453125,
        "f_1": 0.40625,
        "f_2": 0.3388671875,
        "f_3": 0.291015625,
        "f_4": 0.2587890625,
        "f_5": 0.1513671875,
        "f_6": 0.1396484375,
        "f_7": 0.1865234375,
        "f_8": 0.173828125,
        "f_9": 0.134765625,
        "f_10": 0.09765625
    },
    "sample11": {
        "f_0": 0.494140625,
        "f_1": 0.671875,
        "f_2": 0.5908203125,
        "f_3": 0.3544921875,
        "f_4": 0.228515625,
        "f_5": 0.291015625,
        "f_6": 0.4228515625,
        "f_7": 0.359375,
        "f_8": 0.2783203125,
        "f_9": 0.2041015625,
        "f_10": 0.216796875
    },
    "sample12": {
        "f_0": 0.5068359375,
        "f_1": 0.6953125,
        "f_2": 0.421875,
        "f_3": 0.2470703125,
        "f_4": 0.2705078125,
        "f_5": 0.1201171875,
        "f_6": 0.1162109375,
        "f_7": 0.3798828125,
        "f_8": 0.478515625,
        "f_9": 0.248046875,
        "f_10": 0.2001953125
    },
    "sample13": {
        "f_0": 0.484375,
        "f_1": 0.1396484375,
        "f_2": 0.056640625,
        "f_3": 0.2080078125,
        "f_4": 0.318359375,
        "f_5": 0.2548828125,
        "f_6": 0.1982421875,
        "f_7": 0.2626953125,
        "f_8": 0.310546875,
        "f_9": 0.2353515625,
        "f_10": 0.2060546875
    },
    "sample14": {
        "f_0": 0.513671875,
        "f_1": 0.1494140625,
        "f_2": 0.0615234375,
        "f_3": 0.240234375,
        "f_4": 0.361328125,
        "f_5": 0.28515625,
        "f_6": 0.26171875,
        "f_7": 0.32421875,
        "f_8": 0.3046875,
        "f_9": 0.1748046875,
        "f_10": 0.0830078125
    },
    "sample15": {
        "f_0": 0.4951171875,
        "f_1": 0.3681640625,
        "f_2": 0.2314453125,
        "f_3": 0.1796875,
        "f_4": 0.19140625,
        "f_5": 0.1708984375,
        "f_6": 0.1533203125,
        "f_7": 0.1484375,
        "f_8": 0.1474609375,
        "f_9": 0.1259765625,
        "f_10": 0.119140625
    },
    "sample16": {
        "f_0": 0.498046875,
        "f_1": 0.4990234375,
        "f_2": 0.3916015625,
        "f_3": 0.2685546875,
        "f_4": 0.296875,
        "f_5": 0.3427734375,
        "f_6": 0.4130859375,
        "f_7": 0.3857421875,
        "f_8": 0.3388671875,
        "f_9": 0.2998046875,
        "f_10": 0.4091796875
    },
    "sample17": {
        "f_0": 0.482421875,
        "f_1": 0.5380859375,
        "f_2": 0.423828125,
        "f_3": 0.22265625,
        "f_4": 0.125,
        "f_5": 0.142578125,
        "f_6": 0.2431640625,
        "f_7": 0.220703125,
        "f_8": 0.189453125,
        "f_9": 0.150390625,
        "f_10": 0.2314453125
    },
    "sample18": {
        "f_0": 0.5068359375,
        "f_1": 0.3759765625,
        "f_2": 0.2607421875,
        "f_3": 0.17578125,
        "f_4": 0.1689453125,
        "f_5": 0.142578125,
        "f_6": 0.12109375,
        "f_7": 0.107421875,
        "f_8": 0.1025390625,
        "f_9": 0.1962890625,
        "f_10": 0.3115234375
    },
    "sample19": {
        "f_0": 0.51171875,
        "f_1": 0.5859375,
        "f_2": 0.482421875,
        "f_3": 0.337890625,
        "f_4": 0.345703125,
        "f_5": 0.3515625,
        "f_6": 0.2333984375,
        "f_7": 0.08984375,
        "f_8": 0.04296875,
        "f_9": 0.1005859375,
        "f_10": 0.0927734375
    },
    "sample20": {
        "f_0": 0.4833984375,
        "f_1": 0.326171875,
        "f_2": 0.14453125,
        "f_3": 0.09765625,
        "f_4": 0.0537109375,
        "f_5": 0.1044921875,
        "f_6": 0.1748046875,
        "f_7": 0.2490234375,
        "f_8": 0.298828125,
        "f_9": 0.3349609375,
        "f_10": 0.2939453125
    },
    "sample21": {
        "f_0": 0.48046875,
        "f_1": 0.2900390625,
        "f_2": 0.1025390625,
        "f_3": 0.1025390625,
        "f_4": 0.1376953125,
        "f_5": 0.2041015625,
        "f_6": 0.1767578125,
        "f_7": 0.0830078125,
        "f_8": 0.044921875,
        "f_9": 0.1015625,
        "f_10": 0.19921875
    },
    "sample22": {
        "f_0": 0.5068359375,
        "f_1": 0.5751953125,
        "f_2": 0.357421875,
        "f_3": 0.1767578125,
        "f_4": 0.310546875,
        "f_5": 0.4833984375,
        "f_6": 0.4541015625,
        "f_7": 0.166015625,
        "f_8": 0.091796875,
        "f_9": 0.19140625,
        "f_10": 0.23828125
    },
    "sample23": {
        "f_0": 0.49609375,
        "f_1": 0.58203125,
        "f_2": 0.6474609375,
        "f_3": 0.671875,
        "f_4": 0.68359375,
        "f_5": 0.7158203125,
        "f_6": 0.7333984375,
        "f_7": 0.70703125,
        "f_8": 0.685546875,
        "f_9": 0.625,