{
    "sample0": {
        "f_0": 0.4970703125,
        "f_1": 0.1103515625,
        "f_2": 0.0966796875,
        "f_3": 0.2568359375,
        "f_4": 0.279296875,
        "f_5": 0.400390625,
        "f_6": 0.5625,
        "f_7": 0.439453125,
        "f_8": 0.1318359375
    },
    "sample1": {
        "f_0": 0.48046875,
        "f_1": 0.0908203125,
        "f_2": 0.171875,
        "f_3": 0.365234375,
        "f_4": 0.3134765625,
        "f_5": 0.1552734375,
        "f_6": 0.12109375,
        "f_7": 0.1572265625,
        "f_8": 0.212890625
    },
    "sample2": {
        "f_0": 0.4794921875,
        "f_1": 0.4638671875,
        "f_2": 0.41015625,
        "f_3": 0.353515625,
        "f_4": 0.3349609375,
        "f_5": 0.3212890625,
        "f_6": 0.3056640625,
        "f_7": 0.2890625,
        "f_8": 0.3681640625
    },
    "sample3": {
        "f_0": 0.46875,
        "f_1": 0.208984375,
        "f_2": 0.0947265625,
        "f_3": 0.3427734375,
        "f_4": 0.6103515625,
        "f_5": 0.689453125,
        "f_6": 0.4248046875,
        "f_7": 0.1689453125,
        "f_8": 0.134765625
    },
    "sample4": {
        "f_0": 0.48046875,
        "f_1": 0.3955078125,
        "f_2": 0.3115234375,
        "f_3": 0.2861328125,
        "f_4": 0.2119140625,
        "f_5": 0.2265625,
        "f_6": 0.1708984375,
        "f_7": 0.138671875,
        "f_8": 0.1171875
    },
    "sample5": {
        "f_0": 0.4990234375,
        "f_1": 0.6796875,
        "f_2": 0.3388671875,
        "f_3": 0.1796875,
        "f_4": 0.2138671875,
        "f_5": 0.11328125,
        "f_6": 0.1884765625,
        "f_7": 0.3564453125,
        "f_8": 0.1728515625
    },
    "sample6": {
        "f_0": 0.474609375,
        "f_1": 0.11328125,
        "f_2": 0.0859375,
        "f_3": 0.16015625,
        "f_4": 0.16015625,
        "f_5": 0.298828125,
        "f_6": 0.5,
        "f_7": 0.439453125,
        "f_8": 0.1826171875
    },
    "sample7": {
        "f_0": 0.4912109375,
        "f_1": 0.2822265625,
        "f_2": 0.18359375,
        "f_3": 0.1943359375,
        "f_4": 0.150390625,
        "f_5": 0.1787109375,
        "f_6": 0.390625,
        "f_7": 0.4794921875,
        "f_8": 0.38671875
    },
    "sample8": {
        "f_0": 0.48828125,
        "f_1": 0.2724609375,
        "f_2": 0.1259765625,
        "f_3": 0.068359375,
        "f_4": 0.1220703125,
        "f_5": 0.255859375,
        "f_6": 0.3857421875,
        "f_7": 0.515625,
        "f_8": 0.6259765625
    },
    "sample9": {
        "f_0": 0.4912109375,
        "f_1": 0.4912109375,
        "f_2": 0.31640625,
        "f_3": 0.1953125,
        "f_4": 0.2919921875,
        "f_5": 0.3310546875,
        "f_6": 0.2490234375,
        "f_7": 0.1806640625,
        "f_8": 0.177734375
    },
    "sample10": {
        "f_0": 0.4716796875,
        "f_1": 0.3857421875,
        "f_2": 0.369140625,
        "f_3": 0.3251953125,
        "f_4": 0.267578125,
        "f_5": 0.166015625,
        "f_6": 0.1513671875,
        "f_7": 0.1513671875,
        "f_8": 0.1708984375
    },
    "sample11": {
        "f_0": 0.46875,
        "f_1": 0.681640625,
        "f_2": 0.583984375,
        "f_3": 0.353515625,
        "f_4": 0.2255859375,
        "f_5": 0.3056640625,
        "f_6": 0.3935546875,
        "f_7": 0.3759765625,
        "f_8": 0.2724609375
    },
    "sample12": {
        "f_0": 0.458984375,
        "f_1": 0.6904296875,
        "f_2": 0.416015625,
        "f_3": 0.2353515625,
        "f_4": 0.2578125,
        "f_5": 0.1376953125,
        "f_6": 0.1015625,
        "f_7": 0.37109375,
        "f_8": 0.4677734375
    },
    "sample13": {
        "f_0": 0.4921875,
        "f_1": 0.185546875,
        "f_2": 0.0556640625,
        "f_3": 0.19921875,
        "f_4": 0.2958984375,
        "f_5": 0.224609375,
        "f_6": 0.1884765625,
        "f_7": 0.255859375,
        "f_8": 0.3125
    },
    "sample14": {
        "f_0": 0.4775390625,
        "f_1": 0.130859375,
        "f_2": 0.0693359375,
        "f_3": 0.2431640625,
        "f_4": 0.3583984375,
        "f_5": 0.279296875,
        "f_6": 0.27734375,
        "f_7": 0.306640625,
        "f_8": 0.337890625
    },
    "sample15": {
        "f_0": 0.529296875,
        "f_1": 0.365234375,
        "f_2": 0.228515625,
        "f_3": 0.1728515625,
        "f_4": 0.173828125,
        "f_5": 0.169921875,
        "f_6": 0.16015625,
        "f_7": 0.1494140625,
        "f_8": 0.1318359375
    },
    "sample16": {
        "f_0": 0.49609375,
        "f_1": 0.494140625,
        "f_2": 0.359375,
        "f_3": 0.294921875,
        "f_4": 0.3076171875,
        "f_5": 0.3408203125,
        "f_6": 0.41796875,
        "f_7": 0.4033203125,
        "f_8": 0.318359375
    },
    "sample17": {
        "f_0": 0.4951171875,
        "f_1": 0.53125,
        "f_2": 0.3603515625,
        "f_3": 0.2216796875,
        "f_4": 0.119140625,
        "f_5": 0.1376953125,
        "f_6": 0.2568359375,
        "f_7": 0.2353515625,
        "f_8": 0.1806640625
    },
    "sample18": {
        "f_0": 0.5048828125,
        "f_1": 0.34375,
        "f_2": 0.2392578125,
        "f_3": 0.173828125,
        "f_4": 0.1669921875,
        "f_5": 0.1416015625,
        "f_6": 0.1240234375,
        "f_7": 0.08984375,
        "f_8": 0.1083984375
    },
    "sample19": {
        "f_0": 0.4873046875,
        "f_1": 0.5859375,
        "f_2": 0.45703125,
        "f_3": 0.3037109375,
        "f_4": 0.3642578125,
        "f_5": 0.373046875,
        "f_6": 0.23828125,
        "f_7": 0.0927734375,
        "f_8": 0.044921875
    },
    "sample20": {
        "f_0": 0.4853515625,
        "f_1": 0.3046875,
        "f_2": 0.19140625,
        "f_3": 0.0888671875,
        "f_4": 0.064453125,
        "f_5": 0.091796875,
        "f_6": 0.185546875,
        "f_7": 0.29296875,
        "f_8": 0.3125
    },
    "sample21": {
        "f_0": 0.5009765625,
        "f_1": 0.2626953125,
        "f_2": 0.103515625,
        "f_3": 0.083984375,
        "f_4": 0.1748046875,
        "f_5": 0.216796875,
        "f_6": 0.189453125,
        "f_7": 0.0849609375,
        "f_8": 0.064453125
    },
    "sample22": {
        "f_0": 0.5107421875,
        "f_1": 0.5810546875,
        "f_2": 0.3525390625,
        "f_3": 0.1708984375,
        "f_4": 0.283203125,
        "f_5": 0.46484375,
        "f_6": 0.3916015625,
        "f_7": 0.1474609375,
        "f_8": 0.0859375
    },
    "sample23": {
        "f_0": 0.4697265625,
        "f_1": 0.56640625,
        "f_2": 0.6435546875,
        "f_3": 0.6826171875,
        "f_4": 0.6748046875,
        "f_5": 0.7197265625,
        "f_6": 0.701171875,
        "f_7": 0.6884765625,
        "f_8": 0.6669921875
    },
    "sample24": {
        "f_0": 0.5126953125,
        "f_1": 0.39453125,
        "f_2": 0.1943359375,
        "f_3": 0.1787109375,
        "f_4": 0.3525390625,
        "f_5": 0.6357421875,
        "f_6": 0.6083984375,
        "f_7": 0.365234375,
        "f_8": 0.2939453125
    },
    "sample25": {
        "f_0": 0.494140625,
        "f_1": 0.4833984375,
        "f_2": 0.3984375,
        "f_3": 0.318359375,
        "f_4": 0.2265625,
        "f_5": 0.2197265625,
        "f_6": 0.216796875,
        "f_7": 0.30078125,
        "f_8": 0.4306640625
    },
    "sample26": {
        "f_0": 0.4716796875,
        "f_1": 0.3203125,
        "f_2": 0.1806640625,
        "f_3": 0.1044921875,
        "f_4": 0.068359375,
        "f_5": 0.046875,
        "f_6": 0.0517578125,
        "f_7": 0.0732421875,
        "f_8": 0.1279296875
    },
    "sample27": {
        "f_0": 0.494140625,
        "f_1": 0.671875,
        "f_2": 0.6162109375,
        "f_3": 0.400390625,
        "f_4": 0.171875,
        "f_5": 0.09765625,
        "f_6": 0.2314453125,
        "f_7": 0.4248046875,
        "f_8": 0.5400390625
    },
    "sample28": {
        "f_0": 0.47265625,
        "f_1": 0.486328125,
        "f_2": 0.2734375,
        "f_3": 0.2421875,
        "f_4": 0.34765625,
        "f_5": 0.3896484375,
        "f_6": 0.2333984375,
        "f_7": 0.21875,
        "f_8": 0.263671875
    },