{"sample0": {"f_0": 5.004680467665246e-34, "f_1": 0.00015769949352119526, "f_2": 0.0006278971318139634, "f_3": 0.0014019878924055654, "f_4": 0.002465951610095886}, "sample1": {"f_0": 5.004680467665246e-34, "f_1": 0.0006374567339900092, "f_2": 0.0025448667377018824, "f_3": 0.005707377117168165, "f_4": 0.010100325764633563}, "sample2": {"f_0": 5.004680467665246e-34, "f_1": 0.000663139539916235, "f_2": 0.002644808714899979, "f_3": 0.005921932174946317, "f_4": 0.010456621525364846}, "sample3": {"f_0": 5.004680467665246e-34, "f_1": 0.0008903823324018951, "f_2": 0.003546096135759499, "f_3": 0.007921221162570158, "f_4": 0.01394047769192235}, "sample4": {"f_0": 5.004680467665246e-34, "f_1": 0.00012220837155959356, "f_2": 0.0004883738027056026, "f_3": 0.001097119172996585, "f_4": 0.0019461557327569168}, "sample5": {"f_0": 5.004680467665246e-34, "f_1": 0.0014431512326712906, "f_2": 0.0057412723924222565, "f_3": 0.012801066164277586, "f_4": 0.022469357387965832}, "sample6": {"f_0": 5.004680467665246e-34, "f_1": 0.0007956398461245871, "f_2": 0.0031739673295381643, "f_3": 0.007109296381129317, "f_4": 0.012559117387466477}, "sample7": {"f_0": 5.004680467665246e-34, "f_1": 2.0145959931170513e-05, "f_2": 8.058204790558215e-05, "f_3": 0.00018129988719045497, "f_4": 0.00032227570186176767}, "sample8": {"f_0": 5.004680467665246e-34, "f_1": 0.00017244629300606094, "f_2": 0.0006892299061811013, "f_3": 0.0015486776334266937, "f_4": 0.0027479767446668343}, "sample9": {"f_0": 5.004680467665246e-34, "f_1": 0.0015401916466211804, "f_2": 0.006110011054053175, "f_3": 0.013559775141827764, "f_4": 0.023648467826048566}, "sample10": {"f_0": 5.004680467665246e-34, "f_1": 9.130688327252067e-05, "f_2": 0.00036494624388552625, "f_3": 0.0008200862693258773, "f_4": 0.0014553801406705829}, "sample11": {"f_0": 5.004680467665246e-34, "f_1": 0.00029682205512602356, "f_2": 0.0011817389707472778, "f_3": 0.002638234088754115, "f_4": 0.004639213812326872}, "sample12": {"f_0": 5.004680467665246e-34, "f_1": 0.0007969575299593105, "f_2": 0.003189273727750566, "f_3": 0.007180890723863802, "f_4": 0.012777102508525859}, "sample13": {"f_0": 5.004680467665246e-34, "f_1": 6.025185646389047e-05, "f_2": 0.00024985391299325144, "f_3": 0.0005949568729234439, "f_4": 0.00113786712300179}, "sample14": {"f_0": 5.004680467665246e-34, "f_1": 0.0016412526052450528, "f_2": 0.00652393907971569, "f_3": 0.014525815401804873, "f_4": 0.025446368513182265}, "sample15": {"f_0": 5.004680467665246e-34, "f_1": 0.000281375699514223, "f_2": 0.0011221204422313027, "f_3": 0.0025121051129524453, "f_4": 0.004434509551879975}, "sample16": {"f_0": 5.004680467665246e-34, "f_1": 5.470354919399102e-05, "f_2": 0.00023674988595782302, "f_3": 0.0005988671671347169, "f_4": 0.0012254097806659067}, "sample17": {"f_0": 5.004680467665246e-34, "f_1": 0.00179679760121129, "f_2": 0.007117080288011302, "f_3": 0.01575422247439456, "f_4": 0.027375979788733663}, "sample18": {"f_0": 5.004680467665246e-34, "f_1": 2.2494650381054227e-05, "f_2": 0.00010013269964124034, "f_3": 0.00026293127743533674, "f_4": 0.0005594541710513452}, "sample19": {"f_0": 5.004680467665246e-34, "f_1": 0.00018003200196568863, "f_2": 0.000723448708869006, "f_3": 0.001639975406546144, "f_4": 0.0029450448788320427}, "sample20": {"f_0": 5.004680467665246e-34, "f_1": 0.0012199002616282227, "f_2": 0.004871950897611693, "f_3": 0.01093295347904196, "f_4": 0.0193634364811401}, "sample21": {"f_0": 5.004680467665246e-34, "f_1": 4.0175992889611844e-06, "f_2": 1.607953274528345e-05, "f_3": 3.621303984637928e-05, "f_4": 6.446296773676063e-05}, "sample22": {"f_0": 5.004680467665246e-34, "f_1": 0.0018507572080542416, "f_2": 0.00734426816585609, "f_3": 0.016306681794671825, "f_4": 0.028456232743775855}, "sample23": {"f_0": 5.004680467665246e-34, "f_1": 0.0011321608392516182, "f_2": 0.004501688024826299, "f_3": 0.010028770324568703, "f_4": 0.017583851445577517}, "sample24": {"f_0": 5.004680467665246e-34, "f_1": 0.0010140755295422717, "f_2": 0.004030279450337194, "f_3": 0.008971976015989626, "f_4": 0.01571611252908955}, "sample25": {"f_0": 5.004680467665246e-34, "f_1": 0.0011506783123757147, "f_2": 0.004583176805897555, "f_3": 0.01023923135111154, "f_4": 0.018022880147028315}, "sample26": {"f_0": 5.004680467665246e-34, "f_1": 1.3064860397013897e-05, "f_2": 6.689198590206316e-05, "f_3": 0.0002044691669876249, "f_4": 0.0004944707109713727}, "sample27": {"f_0": 5.004680467665246e-34, "f_1": 0.0003401747547660714, "f_2": 0.001356320063404645, "f_3": 0.003035379057697291, "f_4": 0.005355855381679047}, "sample28": {"f_0": 5.004680467665246e-34, "f_1": 6.456914157096682e-05, "f_2": 0.00025854268592935125, "f_3": 0.000582711317154848, "f_4": 0.0010383674461084524}, "sample29": {"f_0": 5.004680467665246e-34, "f_1": 7.695752165440549e-05, "f_2": 0.00030774907916533814, "f_3": 0.0006921316847036564, "f_4": 0.0012297004764382571}, "sample30": {"f_0": 5.004680467665246e-34, "f_1": 0.0005924491827544477, "f_2": 0.0023663930653741332, "f_3": 0.005311678091981239, "f_4": 0.009411571423951643}, "sample31": {"f_0": 5.004680467665246e-34, "f_1": 1.9993199662551808e-05, "f_2": 0.00010028154800481045, "f_3": 0.00029974943354112724, "f_4": 0.0007099422914479751}, "sample32": {"f_0": 5.004680467665246e-34, "f_1": 0.00013328801901384528, "f_2": 0.0005329288616858049, "f_3": 0.0011982544420142962, "f_4": 0.002128156478424581}, "sample33": {"f_0": 5.004680467665246e-34, "f_1": 0.0005231275966299179, "f_2": 0.0020864353611632345, "f_3": 0.004671781022499582, "f_4": 0.008249202379012575}, "sample34": {"f_0": 5.004680467665246e-34, "f_1": 4.50166825643125e-05, "f_2": 0.00018846252071496564, "f_3": 0.00045506941985868596, "f_4": 0.000884564676376141}, "sample35": {"f_0": 5.004680467665246e-34, "f_1": 3.232774517471924e-05, "f_2": 0.00013615059093634427, "f_3": 0.00033162369147829207, "f_4": 0.0006511474087530888}, "sample36": {"f_0": 5.004680467665246e-34, "f_1": 4.443511001734236e-05, "f_2": 0.00017821164840142785, "f_3": 0.00040273700124544967, "f_4": 0.0007203362312834794}, "sample37": {"f_0": 5.004680467665246e-34, "f_1": 0.00015147178712119762, "f_2": 0.000614203190138729, "f_3": 0.001412525890125343, "f_4": 0.0025849898649532364}, "sample38": {"f_0": 5.004680467665246e-34, "f_1": 2.3379296753653908e-05, "f_2": 9.570043980408529e-05, "f_3": 0.0002234187570248631, "f_4": 0.000416983136225628}, "sample39": {"f_0": 5.004680467665246e-34, "f_1": 1.7282722321026537e-05, "f_2": 7.03631442128371e-05, "f_3": 0.00016287876812649262, "f_4": 0.00030069782271363116}, "sample40": {"f_0": 5.004680467665246e-34, "f_1": 0.0006531188729008378, "f_2": 0.0026067186000848443, "f_3": 0.005843606773295182, "f_4": 0.010335389056477825}, "sample41": {"f_0": 5.004680467665246e-34, "f_1": 0.00047306896813583424, "f_2": 0.0018922564546300384, "f_3": 0.00425744036315602, "f_4": 0.007568207911755335}, "sample42": {"f_0": 5.004680467665246e-34, "f_1": 0.0002923375722021601, "f_2": 0.0011676025368776667, "f_3": 0.002620565306810082, "f_4": 0.004642555326659398}, "sample43": {"f_0": 5.004680467665246e-34, "f_1": 9.246789452654655e-06, "f_2": 3.729182754801758e-05, "f_3": 8.504139415098388e-05, "f_4": 0.00015398042990805516}, "sample44": {"f_0": 5.004680467665246e-34, "f_1": 5.88458997306769e-05, "f_2": 0.00023671480288628438, "f_3": 0.0005375770497769947, "f_4": 0.0009679726798010253}, "sample45": {"f_0": 5.004680467665246e-34, "f_1": 0.000397951065437729, "f_2": 0.0015819922028351796, "f_3": 0.0035230189674308756, "f_4": 0.0061736179399162}, "sample46": {"f_0": 5.004680467665246e-34, "f_1": 6.571164267727844e-05, "f_2": 0.00027426116937965064, "f_3": 0.0006591993737692614, "f_4": 0.0012741756934693033}, "sample47": {"f_0": 5.004680467665246e-34, "f_1": 0.000548624867624579, "f_2": 0.0021888346747186557, "f_3": 0.004903747647512049, "f_4": 0.008665600398696226}, "sample48": {"f_0": 5.004680467665246e-34, "f_1": 0.0007927521787700805, "f_2": 0.0031586103310969533, "f_3": 0.007060610735917581, "f_4": 0.012437914632896131},