{"sample0": {"f_0": 0.435546875, "f_1": 0.314453125, "f_2": 0.279052734375, "f_3": 0.270751953125, "f_4": 0.26171875}, "sample1": {"f_0": 0.44580078125, "f_1": 0.39013671875, "f_2": 0.391357421875, "f_3": 0.411865234375, "f_4": 0.4130859375}, "sample2": {"f_0": 0.43359375, "f_1": 0.32421875, "f_2": 0.29248046875, "f_3": 0.3037109375, "f_4": 0.27587890625}, "sample3": {"f_0": 0.446533203125, "f_1": 0.416259765625, "f_2": 0.4248046875, "f_3": 0.428466796875, "f_4": 0.446044921875}, "sample4": {"f_0": 0.439208984375, "f_1": 0.320068359375, "f_2": 0.30615234375, "f_3": 0.29638671875, "f_4": 0.294677734375}, "sample5": {"f_0": 0.41748046875, "f_1": 0.376220703125, "f_2": 0.400390625, "f_3": 0.4140625, "f_4": 0.41162109375}, "sample6": {"f_0": 0.438232421875, "f_1": 0.306640625, "f_2": 0.2998046875, "f_3": 0.27490234375, "f_4": 0.254150390625}, "sample7": {"f_0": 0.434326171875, "f_1": 0.401611328125, "f_2": 0.398681640625, "f_3": 0.394775390625, "f_4": 0.398681640625}, "sample8": {"f_0": 0.446044921875, "f_1": 0.3564453125, "f_2": 0.350830078125, "f_3": 0.360595703125, "f_4": 0.3681640625}, "sample9": {"f_0": 0.432373046875, "f_1": 0.315673828125, "f_2": 0.29296875, "f_3": 0.273193359375, "f_4": 0.236572265625}, "sample10": {"f_0": 0.430419921875, "f_1": 0.380859375, "f_2": 0.39453125, "f_3": 0.41845703125, "f_4": 0.40234375}, "sample11": {"f_0": 0.448486328125, "f_1": 0.311767578125, "f_2": 0.322998046875, "f_3": 0.32958984375, "f_4": 0.31396484375}, "sample12": {"f_0": 0.4423828125, "f_1": 0.376953125, "f_2": 0.346923828125, "f_3": 0.337646484375, "f_4": 0.318115234375}, "sample13": {"f_0": 0.42626953125, "f_1": 0.348876953125, "f_2": 0.33740234375, "f_3": 0.34619140625, "f_4": 0.3544921875}, "sample14": {"f_0": 0.419921875, "f_1": 0.422607421875, "f_2": 0.433837890625, "f_3": 0.46337890625, "f_4": 0.466796875}, "sample15": {"f_0": 0.436767578125, "f_1": 0.415283203125, "f_2": 0.410888671875, "f_3": 0.391845703125, "f_4": 0.39697265625}, "sample16": {"f_0": 0.43359375, "f_1": 0.41943359375, "f_2": 0.383544921875, "f_3": 0.401123046875, "f_4": 0.371337890625}, "sample17": {"f_0": 0.44384765625, "f_1": 0.43115234375, "f_2": 0.439697265625, "f_3": 0.44189453125, "f_4": 0.456787109375}, "sample18": {"f_0": 0.442626953125, "f_1": 0.2958984375, "f_2": 0.31005859375, "f_3": 0.302734375, "f_4": 0.316162109375}, "sample19": {"f_0": 0.44287109375, "f_1": 0.380126953125, "f_2": 0.369873046875, "f_3": 0.4052734375, "f_4": 0.4052734375}, "sample20": {"f_0": 0.441162109375, "f_1": 0.4111328125, "f_2": 0.419677734375, "f_3": 0.42041015625, "f_4": 0.436767578125}, "sample21": {"f_0": 0.4404296875, "f_1": 0.374267578125, "f_2": 0.388916015625, "f_3": 0.380859375, "f_4": 0.37353515625}, "sample22": {"f_0": 0.438232421875, "f_1": 0.413818359375, "f_2": 0.4130859375, "f_3": 0.434814453125, "f_4": 0.45068359375}, "sample23": {"f_0": 0.435302734375, "f_1": 0.4033203125, "f_2": 0.424560546875, "f_3": 0.42138671875, "f_4": 0.452392578125}, "sample24": {"f_0": 0.44775390625, "f_1": 0.391357421875, "f_2": 0.403076171875, "f_3": 0.419189453125, "f_4": 0.433349609375}, "sample25": {"f_0": 0.444091796875, "f_1": 0.4482421875, "f_2": 0.444091796875, "f_3": 0.447998046875, "f_4": 0.471435546875}, "sample26": {"f_0": 0.444580078125, "f_1": 0.35595703125, "f_2": 0.3408203125, "f_3": 0.3330078125, "f_4": 0.35693359375}, "sample27": {"f_0": 0.432373046875, "f_1": 0.311279296875, "f_2": 0.293701171875, "f_3": 0.290283203125, "f_4": 0.28271484375}, "sample28": {"f_0": 0.439453125, "f_1": 0.4599609375, "f_2": 0.4345703125, "f_3": 0.462890625, "f_4": 0.455322265625}, "sample29": {"f_0": 0.4443359375, "f_1": 0.428955078125, "f_2": 0.43408203125, "f_3": 0.440185546875, "f_4": 0.451416015625}, "sample30": {"f_0": 0.426513671875, "f_1": 0.315185546875, "f_2": 0.283203125, "f_3": 0.275390625, "f_4": 0.27880859375}, "sample31": {"f_0": 0.4384765625, "f_1": 0.346923828125, "f_2": 0.3408203125, "f_3": 0.35009765625, "f_4": 0.32080078125}, "sample32": {"f_0": 0.44189453125, "f_1": 0.323486328125, "f_2": 0.315673828125, "f_3": 0.3115234375, "f_4": 0.29736328125}, "sample33": {"f_0": 0.439453125, "f_1": 0.33251953125, "f_2": 0.312744140625, "f_3": 0.3056640625, "f_4": 0.323974609375}, "sample34": {"f_0": 0.4599609375, "f_1": 0.33447265625, "f_2": 0.345458984375, "f_3": 0.352783203125, "f_4": 0.341064453125}, "sample35": {"f_0": 0.448486328125, "f_1": 0.423828125, "f_2": 0.44091796875, "f_3": 0.39111328125, "f_4": 0.400390625}, "sample36": {"f_0": 0.43017578125, "f_1": 0.4013671875, "f_2": 0.392578125, "f_3": 0.384765625, "f_4": 0.368896484375}, "sample37": {"f_0": 0.4599609375, "f_1": 0.33154296875, "f_2": 0.330078125, "f_3": 0.34033203125, "f_4": 0.345458984375}, "sample38": {"f_0": 0.43896484375, "f_1": 0.362060546875, "f_2": 0.35595703125, "f_3": 0.35205078125, "f_4": 0.344482421875}, "sample39": {"f_0": 0.439453125, "f_1": 0.3564453125, "f_2": 0.3544921875, "f_3": 0.345703125, "f_4": 0.351806640625}, "sample40": {"f_0": 0.4384765625, "f_1": 0.371826171875, "f_2": 0.36181640625, "f_3": 0.337158203125, "f_4": 0.310302734375}, "sample41": {"f_0": 0.462646484375, "f_1": 0.34814453125, "f_2": 0.341796875, "f_3": 0.336181640625, "f_4": 0.325439453125}, "sample42": {"f_0": 0.462890625, "f_1": 0.255615234375, "f_2": 0.30810546875, "f_3": 0.2978515625, "f_4": 0.264404296875}, "sample43": {"f_0": 0.444580078125, "f_1": 0.430419921875, "f_2": 0.434326171875, "f_3": 0.430908203125, "f_4": 0.439697265625}, "sample44": {"f_0": 0.434814453125, "f_1": 0.328369140625, "f_2": 0.32568359375, "f_3": 0.320556640625, "f_4": 0.33251953125}, "sample45": {"f_0": 0.439208984375, "f_1": 0.352783203125, "f_2": 0.333984375, "f_3": 0.308837890625, "f_4": 0.309326171875}, "sample46": {"f_0": 0.453857421875, "f_1": 0.426513671875, "f_2": 0.393310546875, "f_3": 0.3974609375, "f_4": 0.37890625}, "sample47": {"f_0": 0.447509765625, "f_1": 0.355224609375, "f_2": 0.34228515625, "f_3": 0.31201171875, "f_4": 0.307861328125}, "sample48": {"f_0": 0.45361328125, "f_1": 0.45751953125, "f_2": 0.451904296875, "f_3": 0.466064453125, "f_4": 0.47021484375}, "sample49": {"f_0": 0.4521484375, "f_1": 0.4130859375, "f_2": 0.42236328125, "f_3": 0.405029296875, "f_4": 0.406982421875}, "sample50": {"f_0": 0.4384765625, "f_1": 0.445068359375, "f_2": 0.4462890625, "f_3": 0.466552734375, "f_4": 0.484375}, "sample51": {"f_0": 0.445556640625, "f_1": 0.320068359375, "f_2": 0.310302734375, "f_3": 0.339599609375, "f_4": 0.314208984375}, "sample52": {"f_0": 0.437255859375, "f_1": 0.37744140625, "f_2": 0.34375, "f_3": 0.341552734375, "f_4": 0.356689453125}, "sample53": {"f_0": 0.43798828125, "f_1": 0.459228515625, "f_2": 0.410400390625, "f_3": 0.44189453125, "f_4": 0.48828125}, "sample54": {"f_0": 0.438720703125, "f_1": 0.438720703125, "f_2": 0.46337890625, "f_3": 0.46337890625, "f_4": 0.4736328125}, "sample55": {"f_0": 0.435546875, "f_1": 0.406982421875, "f_2": 0.396484375, "f_3": 0.40625, "f_4": 0.419677734375}, "sample56": {"f_0": 0.440185546875, "f_1": 0.354736328125, "f_2": 0.3486328125, "f_3": 0.34619140625, "f_4": 0.322998046875}, "sample57": {"f_0": 0.4462890625, "f_1": 0.384033203125, "f_2": 0.3837890625, "f_3": 0.384521484375, "f_4": 0.352783203125}, "sample58": {"f_0": 0.44775390625, "f_1": 0.35986328125, "f_2": 0.373046875, "f_3": 0.33056640625, "f_4": 0.34326171875}, "sample59": {"f_0": 0.43896484375, "f_1": 0.32080078125, "f_2": 0.331298828125, "f_3": 0.330322265625, "f_4": 0.305908203125}, "sample60": {"f_0": 0.43310546875, "f_1": 0.469970703125, "f_2": 0.4541015625, "f_3": 0.453125, "f_4": 0.463623046875}, "sample61": {"f_0": 0.45263671875, "f_1": 0.375, "f_2": 0.377685546875, "f_3": 0.403076171875, "f_4": 0.402099609375}, "sample62": {"f_0": 0.4326171875, "f_1": 0.3984375, "f_2": 0.377685546875, "f_3": 0.3798828125, "f_4": 0.358154296875}, "sample63": {"f_0": 0.451904296875, "f_1": 0.378662109375, "f_2": 0.35302734375, "f_3": 0.35693359375, "f_4": 0.33935546875}, "sample64": {"f_0": 0.445556640625, "f_1": 0.3857421875, "f_2": 0.370361328125,