{"sample0": {"f_0": 0.9999999999999996, "f_1": 0.9992752432678598, "f_2": 0.9971143671099195, "f_3": 0.9935571716166158, "f_4": 0.9886687299664719}, "sample1": {"f_0": 0.9999999999999996, "f_1": 0.9986437684583455, "f_2": 0.9945855164309731, "f_3": 0.9878564663405465, "f_4": 0.978508305915073}, "sample2": {"f_0": 0.9999999999999996, "f_1": 0.9985888179045894, "f_2": 0.9943717287584932, "f_3": 0.9873977293193161, "f_4": 0.9777472453654132}, "sample3": {"f_0": 0.9999999999999996, "f_1": 0.99803472404398, "f_2": 0.9921694048942078, "f_3": 0.9824948613013879, "f_4": 0.9691601196307641}, "sample4": {"f_0": 0.9999999999999996, "f_1": 0.9995566091983779, "f_2": 0.9982286121752798, "f_3": 0.9960225163217726, "f_4": 0.9929491050384864}, "sample5": {"f_0": 0.9999999999999996, "f_1": 0.9965439509792684, "f_2": 0.9862464607927393, "f_3": 0.9693177222601164, "f_4": 0.946102182575305}, "sample6": {"f_0": 0.9999999999999996, "f_1": 0.9983589150896586, "f_2": 0.9934528978102926, "f_3": 0.9853334063364244, "f_4": 0.9740853621244465}, "sample7": {"f_0": 0.9999999999999996, "f_1": 0.9998050278456262, "f_2": 0.9992212206391864, "f_3": 0.9982518880509871, "f_4": 0.9969024864614465}, "sample8": {"f_0": 0.9999999999999996, "f_1": 0.9992434390027304, "f_2": 0.9969801589286552, "f_3": 0.9932292668196941, "f_4": 0.9880222710854389}, "sample9": {"f_0": 0.9999999999999996, "f_1": 0.9967737817137856, "f_2": 0.9871875258428815, "f_3": 0.9715142596810593, "f_4": 0.9501953615740774}, "sample10": {"f_0": 0.9999999999999996, "f_1": 0.9998164158348828, "f_2": 0.9992671422514984, "f_3": 0.9983565655023032, "f_4": 0.9970918299820692}, "sample11": {"f_0": 0.9999999999999996, "f_1": 0.9986550265163076, "f_2": 0.9946430384491622, "f_3": 0.988032302292627, "f_4": 0.9789348405732294}, "sample12": {"f_0": 0.9999999999999996, "f_1": 0.997544954049863, "f_2": 0.9902126739855909, "f_3": 0.978101038913398, "f_4": 0.9613708889414194}, "sample13": {"f_0": 0.9999999999999996, "f_1": 0.9981630598817726, "f_2": 0.992677766382588, "f_3": 0.9836200705955996, "f_4": 0.971114481860143}, "sample14": {"f_0": 0.9999999999999996, "f_1": 0.9964085698357973, "f_2": 0.9857161336418181, "f_3": 0.9681658628730947, "f_4": 0.9441551609512873}, "sample15": {"f_0": 0.9999999999999996, "f_1": 0.9983722073751269, "f_2": 0.9935145901509549, "f_3": 0.9855038854046445, "f_4": 0.9744661857806884}, "sample16": {"f_0": 0.9999999999999996, "f_1": 0.9976318657323209, "f_2": 0.9905731209391666, "f_3": 0.9789590474320712, "f_4": 0.9630095664859619}, "sample17": {"f_0": 0.9999999999999996, "f_1": 0.9960586651281346, "f_2": 0.9843637931174163, "f_3": 0.9652967626017166, "f_4": 0.939473471168354}, "sample18": {"f_0": 0.9999999999999996, "f_1": 0.9981211401747019, "f_2": 0.9925113048968579, "f_3": 0.9832500767075331, "f_4": 0.9704679486082466}, "sample19": {"f_0": 0.9999999999999996, "f_1": 0.9984947286147824, "f_2": 0.9939984688255451, "f_3": 0.9865694197212829, "f_4": 0.9763030507476036}, "sample20": {"f_0": 0.9999999999999996, "f_1": 0.9969492205442857, "f_2": 0.9878439165167746, "f_3": 0.9728241926277628, "f_4": 0.9521202601216268}, "sample21": {"f_0": 0.9999999999999996, "f_1": 0.9998639162482514, "f_2": 0.9994562657230084, "f_3": 0.9987788443619638, "f_4": 0.9978346246316511}, "sample22": {"f_0": 0.9999999999999996, "f_1": 0.9961675531457204, "f_2": 0.9847735095344541, "f_3": 0.9661238220081222, "f_4": 0.9407154679328232}, "sample23": {"f_0": 0.9999999999999996, "f_1": 0.9976384209262815, "f_2": 0.9906041258421473, "f_3": 0.9790466169321815, "f_4": 0.9632090728708568}, "sample24": {"f_0": 0.9999999999999996, "f_1": 0.9978908028277291, "f_2": 0.9916162345630526, "f_3": 0.9813327600144406, "f_4": 0.9672926353177772}, "sample25": {"f_0": 0.9999999999999996, "f_1": 0.9971508802254692, "f_2": 0.9886529742064384, "f_3": 0.9746535017677272, "f_4": 0.95539406272133}, "sample26": {"f_0": 0.9999999999999996, "f_1": 0.9978068728042047, "f_2": 0.9912694712484826, "f_3": 0.980512255785247, "f_4": 0.9657378066735672}, "sample27": {"f_0": 0.9999999999999996, "f_1": 0.9990420211422276, "f_2": 0.9961785338218518, "f_3": 0.9914407246846135, "f_4": 0.9848800372685944}, "sample28": {"f_0": 0.9999999999999996, "f_1": 0.9992174421929484, "f_2": 0.9968754060250862, "f_3": 0.9929907325346704, "f_4": 0.9875912558183145}, "sample29": {"f_0": 0.9999999999999996, "f_1": 0.9998054696954555, "f_2": 0.9992222015161234, "f_3": 0.998251162452617, "f_4": 0.9968939601257334}, "sample30": {"f_0": 0.9999999999999996, "f_1": 0.9987887625612967, "f_2": 0.9951666922003944, "f_3": 0.9891684477840166, "f_4": 0.9808509139494983}, "sample31": {"f_0": 0.9999999999999996, "f_1": 0.9974185838527458, "f_2": 0.9897464695002788, "f_3": 0.9771963707283394, "f_4": 0.9601107938787332}, "sample32": {"f_0": 0.9999999999999996, "f_1": 0.9997334700695127, "f_2": 0.9989354923683968, "f_3": 0.9976108725705756, "f_4": 0.9957675189837321}, "sample33": {"f_0": 0.9999999999999996, "f_1": 0.99873704052201, "f_2": 0.994960403522435, "f_3": 0.9887066611397444, "f_4": 0.9800362617984424}, "sample34": {"f_0": 0.9999999999999996, "f_1": 0.9982220748545172, "f_2": 0.9929156826730404, "f_3": 0.9841622018029202, "f_4": 0.9720947242461417}, "sample35": {"f_0": 0.9999999999999996, "f_1": 0.9984464455043075, "f_2": 0.9938085649380346, "f_3": 0.9861540712984939, "f_4": 0.975593727683229}, "sample36": {"f_0": 0.9999999999999996, "f_1": 0.9994186319693884, "f_2": 0.9976777582131443, "f_3": 0.9947870133485591, "f_4": 0.9907622688825678}, "sample37": {"f_0": 0.9999999999999996, "f_1": 0.998428966744235, "f_2": 0.993745283302565, "f_3": 0.9860359500973139, "f_4": 0.9754418845023426}, "sample38": {"f_0": 0.9999999999999996, "f_1": 0.9990223058590115, "f_2": 0.9961001524888138, "f_3": 0.9912660791845825, "f_4": 0.9845735008307357}, "sample39": {"f_0": 0.9999999999999996, "f_1": 0.9994367502993292, "f_2": 0.9977538428889718, "f_3": 0.9949716199291604, "f_4": 0.99112338234674}, "sample40": {"f_0": 0.9999999999999996, "f_1": 0.9985439711292864, "f_2": 0.9941919957601518, "f_3": 0.9869920733719614, "f_4": 0.9770230999090712}, "sample41": {"f_0": 0.9999999999999996, "f_1": 0.9989946965891922, "f_2": 0.9959864271148361, "f_3": 0.9909979551528004, "f_4": 0.9840666970231897}, "sample42": {"f_0": 0.9999999999999996, "f_1": 0.9993512770550845, "f_2": 0.9974084988256582, "f_3": 0.9941818103931243, "f_4": 0.9896880314276281}, "sample43": {"f_0": 0.9999999999999996, "f_1": 0.9995836098861258, "f_2": 0.9983373234957479, "f_3": 0.9962697513097356, "f_4": 0.9933951070001714}, "sample44": {"f_0": 0.9999999999999996, "f_1": 0.9991636481928247, "f_2": 0.9966592067168327, "f_3": 0.992500476631469, "f_4": 0.9867103242754098}, "sample45": {"f_0": 0.9999999999999996, "f_1": 0.9983880781687793, "f_2": 0.9935866167229919, "f_3": 0.9856975134186223, "f_4": 0.9748872502566802}, "sample46": {"f_0": 0.9999999999999996, "f_1": 0.9977826699741515, "f_2": 0.9911711130714277, "f_3": 0.9802853700894864, "f_4": 0.9653213689482242}, "sample47": {"f_0": 0.9999999999999996, "f_1": 0.9987871784555328, "f_2": 0.99516272117632, "f_3": 0.9891683130934148, "f_4": 0.9808723174443847}, "sample48": {"f_0": 0.9999999999999996, "f_1": 0.9982161955117257, "f_2": 0.9928889429123441, "f_3": 0.9840902917647268, "f_4": 0.9719388899546738}, "sample49": {"f_0": 0.9999999999999996, "f_1": 0.9998737848672983, "f_2": 0.9994962564053468, "f_3": 0.9988707428458349, "f_4": 0.998002716845561}, "sample50": {"f_0": 0.9999999999999996, "f_1": 0.9990800992847857, "f_2": 0.9963346153150021, "f_3": 0.9918058503562367, "f_4": 0.985563144057312}, "sample51": {"f_0": 0.9999999999999996, "f_1": 0.9997439867723253, "f_2": 0.9989769360513091, "f_3": 0.9977018077854879, "f_4": 0.9959235121733917}, "sample52": {"f_0": 0.9999999999999996, "f_1": 0.9992181570899936, "f_2": 0.9968799028376003, "f_3": 0.9930069538105919, "f_4": 0.9876351503268763}, "sample53": {"f_0": 0.9999999999999996, "f_1": 0.9983351626429042, "f_2": 0.9933574455801488, "f_3": 0.9851170136004817,