{"sample0": {"f_0": 0.5048828125, "f_1": 0.4921875, "f_2": 0.4853515625, "f_3": 0.46875, "f_4": 0.4296875}, "sample1": {"f_0": 0.4775390625, "f_1": 0.5302734375, "f_2": 0.5634765625, "f_3": 0.546875, "f_4": 0.59375}, "sample2": {"f_0": 0.4853515625, "f_1": 0.4384765625, "f_2": 0.4541015625, "f_3": 0.3837890625, "f_4": 0.3798828125}, "sample3": {"f_0": 0.498046875, "f_1": 0.5419921875, "f_2": 0.5341796875, "f_3": 0.580078125, "f_4": 0.591796875}, "sample4": {"f_0": 0.51953125, "f_1": 0.498046875, "f_2": 0.458984375, "f_3": 0.4443359375, "f_4": 0.435546875}, "sample5": {"f_0": 0.4951171875, "f_1": 0.5458984375, "f_2": 0.5625, "f_3": 0.611328125, "f_4": 0.6298828125}, "sample6": {"f_0": 0.498046875, "f_1": 0.4775390625, "f_2": 0.44140625, "f_3": 0.4033203125, "f_4": 0.3759765625}, "sample7": {"f_0": 0.494140625, "f_1": 0.4853515625, "f_2": 0.49609375, "f_3": 0.462890625, "f_4": 0.458984375}, "sample8": {"f_0": 0.4921875, "f_1": 0.4873046875, "f_2": 0.52734375, "f_3": 0.53515625, "f_4": 0.5537109375}, "sample9": {"f_0": 0.5205078125, "f_1": 0.4921875, "f_2": 0.4287109375, "f_3": 0.376953125, "f_4": 0.3466796875}, "sample10": {"f_0": 0.513671875, "f_1": 0.5107421875, "f_2": 0.5107421875, "f_3": 0.5595703125, "f_4": 0.5283203125}, "sample11": {"f_0": 0.525390625, "f_1": 0.5224609375, "f_2": 0.5361328125, "f_3": 0.5517578125, "f_4": 0.5439453125}, "sample12": {"f_0": 0.515625, "f_1": 0.4775390625, "f_2": 0.4267578125, "f_3": 0.41796875, "f_4": 0.3779296875}, "sample13": {"f_0": 0.525390625, "f_1": 0.5048828125, "f_2": 0.5068359375, "f_3": 0.50390625, "f_4": 0.4951171875}, "sample14": {"f_0": 0.5029296875, "f_1": 0.544921875, "f_2": 0.5546875, "f_3": 0.6259765625, "f_4": 0.640625}, "sample15": {"f_0": 0.509765625, "f_1": 0.482421875, "f_2": 0.423828125, "f_3": 0.443359375, "f_4": 0.4296875}, "sample16": {"f_0": 0.4921875, "f_1": 0.478515625, "f_2": 0.4755859375, "f_3": 0.4423828125, "f_4": 0.4580078125}, "sample17": {"f_0": 0.48828125, "f_1": 0.533203125, "f_2": 0.5830078125, "f_3": 0.642578125, "f_4": 0.6396484375}, "sample18": {"f_0": 0.5263671875, "f_1": 0.4951171875, "f_2": 0.5078125, "f_3": 0.525390625, "f_4": 0.5078125}, "sample19": {"f_0": 0.48828125, "f_1": 0.4912109375, "f_2": 0.544921875, "f_3": 0.5322265625, "f_4": 0.548828125}, "sample20": {"f_0": 0.50390625, "f_1": 0.5126953125, "f_2": 0.5693359375, "f_3": 0.619140625, "f_4": 0.6357421875}, "sample21": {"f_0": 0.498046875, "f_1": 0.51171875, "f_2": 0.4873046875, "f_3": 0.5009765625, "f_4": 0.4921875}, "sample22": {"f_0": 0.4619140625, "f_1": 0.548828125, "f_2": 0.546875, "f_3": 0.595703125, "f_4": 0.6533203125}, "sample23": {"f_0": 0.5224609375, "f_1": 0.548828125, "f_2": 0.55078125, "f_3": 0.5966796875, "f_4": 0.5947265625}, "sample24": {"f_0": 0.5224609375, "f_1": 0.537109375, "f_2": 0.5458984375, "f_3": 0.6015625, "f_4": 0.6103515625}, "sample25": {"f_0": 0.5263671875, "f_1": 0.548828125, "f_2": 0.568359375, "f_3": 0.5830078125, "f_4": 0.6201171875}, "sample26": {"f_0": 0.453125, "f_1": 0.4951171875, "f_2": 0.4892578125, "f_3": 0.490234375, "f_4": 0.505859375}, "sample27": {"f_0": 0.490234375, "f_1": 0.46484375, "f_2": 0.470703125, "f_3": 0.41796875, "f_4": 0.42578125}, "sample28": {"f_0": 0.5166015625, "f_1": 0.490234375, "f_2": 0.5078125, "f_3": 0.5498046875, "f_4": 0.53515625}, "sample29": {"f_0": 0.501953125, "f_1": 0.5087890625, "f_2": 0.515625, "f_3": 0.5029296875, "f_4": 0.5322265625}, "sample30": {"f_0": 0.490234375, "f_1": 0.4697265625, "f_2": 0.4501953125, "f_3": 0.423828125, "f_4": 0.40625}, "sample31": {"f_0": 0.4697265625, "f_1": 0.51171875, "f_2": 0.4853515625, "f_3": 0.5, "f_4": 0.5068359375}, "sample32": {"f_0": 0.5126953125, "f_1": 0.509765625, "f_2": 0.4833984375, "f_3": 0.4580078125, "f_4": 0.4521484375}, "sample33": {"f_0": 0.5244140625, "f_1": 0.439453125, "f_2": 0.4462890625, "f_3": 0.43359375, "f_4": 0.4140625}, "sample34": {"f_0": 0.5146484375, "f_1": 0.4970703125, "f_2": 0.5224609375, "f_3": 0.4951171875, "f_4": 0.5078125}, "sample35": {"f_0": 0.5078125, "f_1": 0.484375, "f_2": 0.4921875, "f_3": 0.513671875, "f_4": 0.5283203125}, "sample36": {"f_0": 0.5263671875, "f_1": 0.482421875, "f_2": 0.5009765625, "f_3": 0.5009765625, "f_4": 0.4541015625}, "sample37": {"f_0": 0.4853515625, "f_1": 0.4853515625, "f_2": 0.5078125, "f_3": 0.5185546875, "f_4": 0.5615234375}, "sample38": {"f_0": 0.51953125, "f_1": 0.5029296875, "f_2": 0.5244140625, "f_3": 0.4931640625, "f_4": 0.4697265625}, "sample39": {"f_0": 0.513671875, "f_1": 0.501953125, "f_2": 0.4951171875, "f_3": 0.509765625, "f_4": 0.5068359375}, "sample40": {"f_0": 0.505859375, "f_1": 0.4921875, "f_2": 0.43359375, "f_3": 0.416015625, "f_4": 0.3984375}, "sample41": {"f_0": 0.4951171875, "f_1": 0.4853515625, "f_2": 0.4775390625, "f_3": 0.4228515625, "f_4": 0.3896484375}, "sample42": {"f_0": 0.494140625, "f_1": 0.498046875, "f_2": 0.4287109375, "f_3": 0.416015625, "f_4": 0.4287109375}, "sample43": {"f_0": 0.48828125, "f_1": 0.51953125, "f_2": 0.517578125, "f_3": 0.529296875, "f_4": 0.4873046875}, "sample44": {"f_0": 0.515625, "f_1": 0.5185546875, "f_2": 0.51171875, "f_3": 0.533203125, "f_4": 0.5400390625}, "sample45": {"f_0": 0.5234375, "f_1": 0.4814453125, "f_2": 0.443359375, "f_3": 0.4267578125, "f_4": 0.404296875}, "sample46": {"f_0": 0.501953125, "f_1": 0.5322265625, "f_2": 0.4970703125, "f_3": 0.51171875, "f_4": 0.5302734375}, "sample47": {"f_0": 0.486328125, "f_1": 0.455078125, "f_2": 0.45703125, "f_3": 0.4453125, "f_4": 0.4091796875}, "sample48": {"f_0": 0.521484375, "f_1": 0.52734375, "f_2": 0.5576171875, "f_3": 0.5791015625, "f_4": 0.603515625}, "sample49": {"f_0": 0.48828125, "f_1": 0.513671875, "f_2": 0.4921875, "f_3": 0.505859375, "f_4": 0.5205078125}, "sample50": {"f_0": 0.533203125, "f_1": 0.4931640625, "f_2": 0.5126953125, "f_3": 0.578125, "f_4": 0.5849609375}, "sample51": {"f_0": 0.5205078125, "f_1": 0.4970703125, "f_2": 0.4931640625, "f_3": 0.4658203125, "f_4": 0.466796875}, "sample52": {"f_0": 0.5048828125, "f_1": 0.5, "f_2": 0.50390625, "f_3": 0.47265625, "f_4": 0.439453125}, "sample53": {"f_0": 0.494140625, "f_1": 0.4912109375, "f_2": 0.5244140625, "f_3": 0.5283203125, "f_4": 0.56640625}, "sample54": {"f_0": 0.517578125, "f_1": 0.51953125, "f_2": 0.52734375, "f_3": 0.5712890625, "f_4": 0.5791015625}, "sample55": {"f_0": 0.5126953125, "f_1": 0.4892578125, "f_2": 0.5263671875, "f_3": 0.521484375, "f_4": 0.5673828125}, "sample56": {"f_0": 0.49609375, "f_1": 0.4482421875, "f_2": 0.4716796875, "f_3": 0.4404296875, "f_4": 0.3916015625}, "sample57": {"f_0": 0.4619140625, "f_1": 0.5048828125, "f_2": 0.47265625, "f_3": 0.4697265625, "f_4": 0.4619140625}, "sample58": {"f_0": 0.5048828125, "f_1": 0.5029296875, "f_2": 0.4970703125, "f_3": 0.4599609375, "f_4": 0.45703125}, "sample59": {"f_0": 0.5078125, "f_1": 0.525390625, "f_2": 0.5126953125, "f_3": 0.5126953125, "f_4": 0.49609375}, "sample60": {"f_0": 0.4873046875, "f_1": 0.5146484375, "f_2": 0.5400390625, "f_3": 0.5478515625, "f_4": 0.5439453125}, "sample61": {"f_0": 0.4912109375, "f_1": 0.517578125, "f_2": 0.5732421875, "f_3": 0.5791015625, "f_4": 0.568359375}, "sample62": {"f_0": 0.5341796875, "f_1": 0.498046875, "f_2": 0.478515625, "f_3": 0.455078125, "f_4": 0.4365234375}, "sample63": {"f_0": 0.5068359375, "f_1": 0.48828125, "f_2": 0.45703125, "f_3": 0.4365234375, "f_4": 0.4453125}, "sample64": {"f_0": 0.51171875, "f_1": 0.4931640625, "f_2": 0.5078125, "f_3": 0.5126953125, "f_4": 0.482421875}, "sample65": {"f_0": 0.537109375, "f_1": 0.525390625, "f_2": 0.515625, "f_3": 0.55859375, "f_4": 0.60546875}, "sample66": {"f_0": 0.5107421875, "f_1": 0.525390625, "f_2": 0.494140625, "f_3": 0.501953125, "f_4": 0.5126953125}, "sample67": {"f_0": 0.4912109375, "f_1": 0.490234375, "f_2": 0.4619140625, "f_3": 0.4619140625, "f_4": 0.4287109375}, "sample68": {"f_0": 0.501953125, "f_1": 0.5263671875, "f_2": 0.5224609375, "f_3": 0.53515625, "f_4": 0.5908203125}, "sample69": {"f_0": 0.4794921875, "f_1": 0.474609375, "f_2": 0.4853515625, "f_3": 0.4658203125, "f_4": 0.423828125},