{"sample0": {"f_0": 0.4999999999999999, "f_1": 0.5122665634629682, "f_2": 0.5238673500049843, "f_3": 0.5347166930530111, "f_4": 0.5447441725164979}, "sample1": {"f_0": 0.4999999999999999, "f_1": 0.47441239355964243, "f_2": 0.44827574017178407, "f_3": 0.4217638348212358, "f_4": 0.39505305975163135}, "sample2": {"f_0": 0.4999999999999999, "f_1": 0.5253565799075058, "f_2": 0.5497693431685567, "f_3": 0.5730545010591834, "f_4": 0.595043231748767}, "sample3": {"f_0": 0.4999999999999999, "f_1": 0.469657459054187, "f_2": 0.4385809518509354, "f_3": 0.4071194709255961, "f_4": 0.3756229180521836}, "sample4": {"f_0": 0.4999999999999999, "f_1": 0.5108905804854453, "f_2": 0.5214287710128962, "f_3": 0.5315852817785254, "f_4": 0.5413329240779067}, "sample5": {"f_0": 0.4999999999999999, "f_1": 0.4610837807045214, "f_2": 0.42085226378431295, "f_3": 0.3800262195975545, "f_4": 0.33933277401139356}, "sample6": {"f_0": 0.4999999999999999, "f_1": 0.5277580411062299, "f_2": 0.5544413448007177, "f_3": 0.5798320506401459, "f_4": 0.6037263154346053}, "sample7": {"f_0": 0.4999999999999999, "f_1": 0.504399723069689, "f_2": 0.5086173623175246, "f_3": 0.5126467551625383, "f_4": 0.5164828025162357}, "sample8": {"f_0": 0.4999999999999999, "f_1": 0.48658427969236234, "f_2": 0.4726470903975383, "f_3": 0.4582561920499005, "f_4": 0.4434836293038543}, "sample9": {"f_0": 0.4999999999999999, "f_1": 0.5383298341731954, "f_2": 0.5742406233200413, "f_3": 0.6070700641675539, "f_4": 0.636252514784348}, "sample10": {"f_0": 0.4999999999999999, "f_1": 0.49039938638656333, "f_2": 0.48072036540445373, "f_3": 0.4709776803900644, "f_4": 0.4611865994272444}, "sample11": {"f_0": 0.4999999999999999, "f_1": 0.48226696783919715, "f_2": 0.46369177621368973, "f_3": 0.444493348696578, "f_4": 0.424898798696105}, "sample12": {"f_0": 0.4999999999999999, "f_1": 0.5273545263284477, "f_2": 0.5528006680851916, "f_3": 0.5761243840019282, "f_4": 0.5971487558210055}, "sample13": {"f_0": 0.4999999999999999, "f_1": 0.4914076295116426, "f_2": 0.4811171562583847, "f_3": 0.46924006564989, "f_4": 0.45591829129295547}, "sample14": {"f_0": 0.4999999999999999, "f_1": 0.45859710688979305, "f_2": 0.41602198464956525, "f_3": 0.37307283248678236, "f_4": 0.33054674239743637}, "sample15": {"f_0": 0.4999999999999999, "f_1": 0.5160738649709542, "f_2": 0.5305997587067279, "f_3": 0.543402177391322, "f_4": 0.5543347405852769}, "sample16": {"f_0": 0.4999999999999999, "f_1": 0.5061395859929683, "f_2": 0.5100132705282594, "f_3": 0.5117288255815136, "f_4": 0.5114483099933399}, "sample17": {"f_0": 0.4999999999999999, "f_1": 0.4566362894391289, "f_2": 0.4121482584278033, "f_3": 0.3675712991968205, "f_4": 0.32391213339473784}, "sample18": {"f_0": 0.4999999999999999, "f_1": 0.49442522046740955, "f_2": 0.4870463925384093, "f_3": 0.47795172321620305, "f_4": 0.46726323579853957}, "sample19": {"f_0": 0.4999999999999999, "f_1": 0.485946266087034, "f_2": 0.47067496299674283, "f_3": 0.45431531462850716, "f_4": 0.43701610244362615}, "sample20": {"f_0": 0.4999999999999999, "f_1": 0.46422282514327434, "f_2": 0.42707978124270435, "f_3": 0.3890686315806196, "f_4": 0.3507121282786752}, "sample21": {"f_0": 0.4999999999999999, "f_1": 0.5019371374586524, "f_2": 0.5037363207338712, "f_3": 0.5053923257608186, "f_4": 0.506900639509437}, "sample22": {"f_0": 0.4999999999999999, "f_1": 0.45608267726463925, "f_2": 0.4111064999516853, "f_3": 0.36600701758518794, "f_4": 0.3217005462394548}, "sample23": {"f_0": 0.4999999999999999, "f_1": 0.46578306945907555, "f_2": 0.43081908892364323, "f_3": 0.39559934480770126, "f_4": 0.36060933910929893}, "sample24": {"f_0": 0.4999999999999999, "f_1": 0.4676462004596391, "f_2": 0.4346429410631884, "f_3": 0.4014454074909586, "f_4": 0.36850069819469383}, "sample25": {"f_0": 0.4999999999999999, "f_1": 0.46528813441959466, "f_2": 0.429389108779149, "f_3": 0.39283389086678294, "f_4": 0.35616235715270017}, "sample26": {"f_0": 0.4999999999999999, "f_1": 0.4954678707003742, "f_2": 0.4887730142519814, "f_3": 0.4799890158226572, "f_4": 0.46924298882574167}, "sample27": {"f_0": 0.4999999999999999, "f_1": 0.5181235002353837, "f_2": 0.5355045702149873, "f_3": 0.5520264635582036, "f_4": 0.5675820105213232}, "sample28": {"f_0": 0.4999999999999999, "f_1": 0.49161668416608617, "f_2": 0.482576937378913, "f_3": 0.4729476409516717, "f_4": 0.4628003507717453}, "sample29": {"f_0": 0.4999999999999999, "f_1": 0.4911697202782001, "f_2": 0.4822305954743534, "f_3": 0.4731915766348572, "f_4": 0.46406181865335827}, "sample30": {"f_0": 0.4999999999999999, "f_1": 0.5240141718399781, "f_2": 0.5472787487488489, "f_3": 0.5696729775610295, "f_4": 0.5910877100826664}, "sample31": {"f_0": 0.4999999999999999, "f_1": 0.5029972982287406, "f_2": 0.503495492650319, "f_3": 0.5016441023669345, "f_4": 0.49766926661566235}, "sample32": {"f_0": 0.4999999999999999, "f_1": 0.5114766911952735, "f_2": 0.5228056412349289, "f_3": 0.533973872363161, "f_4": 0.5449700285860327}, "sample33": {"f_0": 0.4999999999999999, "f_1": 0.522484625618283, "f_2": 0.5440617580008816, "f_3": 0.5645719122422852, "f_4": 0.5838656938931723}, "sample34": {"f_0": 0.4999999999999999, "f_1": 0.49248629796684085, "f_2": 0.48331427863274673, "f_3": 0.47259303173874795, "f_4": 0.4604636776516178}, "sample35": {"f_0": 0.4999999999999999, "f_1": 0.49360920105459816, "f_2": 0.48574110645897, "f_3": 0.4764686725968177, "f_4": 0.46589230398976095}, "sample36": {"f_0": 0.4999999999999999, "f_1": 0.5063901522121182, "f_2": 0.5122189059506252, "f_3": 0.5174657813749126, "f_4": 0.5221144983237093}, "sample37": {"f_0": 0.4999999999999999, "f_1": 0.4870130033265691, "f_2": 0.47263574856265667, "f_3": 0.4569354337273764, "f_4": 0.4400154492374905}, "sample38": {"f_0": 0.4999999999999999, "f_1": 0.5043320794972612, "f_2": 0.5076744257697399, "f_3": 0.5100051933527596, "f_4": 0.5113162184016831}, "sample39": {"f_0": 0.4999999999999999, "f_1": 0.49557991296166104, "f_2": 0.49060418043091547, "f_3": 0.4850715910609336, "f_4": 0.47898953898957825}, "sample40": {"f_0": 0.4999999999999999, "f_1": 0.5251329677838731, "f_2": 0.5492817383151106, "f_3": 0.5722779857052316, "f_4": 0.5939686352697253}, "sample41": {"f_0": 0.4999999999999999, "f_1": 0.5214714670950762, "f_2": 0.5423390739219518, "f_3": 0.5625390748512514, "f_4": 0.5820156407213102}, "sample42": {"f_0": 0.4999999999999999, "f_1": 0.516913213735525, "f_2": 0.5334065181395189, "f_3": 0.5494184610100131, "f_4": 0.5648900737783952}, "sample43": {"f_0": 0.4999999999999999, "f_1": 0.4967630312719097, "f_2": 0.49314004758242735, "f_3": 0.48915507489103727, "f_4": 0.4848347012789664}, "sample44": {"f_0": 0.4999999999999999, "f_1": 0.49195320845946805, "f_2": 0.48316675786676744, "f_3": 0.47368422217770756, "f_4": 0.4635546219781665}, "sample45": {"f_0": 0.4999999999999999, "f_1": 0.5193163970651906, "f_2": 0.5371571574756703, "f_3": 0.5532923060809959, "f_4": 0.5675298414935085}, "sample46": {"f_0": 0.4999999999999999, "f_1": 0.49089869562978383, "f_2": 0.4797996113165163, "f_3": 0.46690480408894985, "f_4": 0.4524590853310593}, "sample47": {"f_0": 0.4999999999999999, "f_1": 0.5230740802103915, "f_2": 0.5453286782318835, "f_3": 0.5666194096528788, "f_4": 0.5868150547341908}, "sample48": {"f_0": 0.4999999999999999, "f_1": 0.4713781068970361, "f_2": 0.44205732404632486, "f_3": 0.4123366270905107, "f_4": 0.3825167474192264}, "sample49": {"f_0": 0.4999999999999999, "f_1": 0.49670979445125185, "f_2": 0.49330958509107253, "f_3": 0.48980620836622407, "f_4": 0.4862075252823582}, "sample50": {"f_0": 0.4999999999999999, "f_1": 0.4810251908817119, "f_2": 0.46162147368785256, "f_3": 0.44193573597733504, "f_4": 0.4221171824309346}, "sample51": {"f_0": 0.4999999999999999, "f_1": 0.5088585536671074, "f_2": 0.5175224146318304, "f_3": 0.5259735836765513, "f_4": 0.5341949091624927}, "sample52": {"f_0": 0.4999999999999999, "f_1": 0.5081330706722686, "f_2": 0.5155049396459511, "f_3": 0.5220721042926397, "f_4": 0.5277995125378866}, "sample53": {"f_0": 0.4999999999999999, "f_1": 0.4800395995035366,