{"sample0": {"f_0": 0.4986211359500885, "f_1": 0.35671547055244446, "f_2": 0.40238574147224426, "f_3": 0.41525599360466003, "f_4": 0.40642350912094116}, "sample1": {"f_0": 0.4922560751438141, "f_1": 0.3074670732021332, "f_2": 0.28778335452079773, "f_3": 0.24893799424171448, "f_4": 0.25582918524742126}, "sample2": {"f_0": 0.49021393060684204, "f_1": 0.34281086921691895, "f_2": 0.38236644864082336, "f_3": 0.4190542995929718, "f_4": 0.41401228308677673}, "sample3": {"f_0": 0.49100807309150696, "f_1": 0.28779688477516174, "f_2": 0.2690582871437073, "f_3": 0.24126875400543213, "f_4": 0.2154170572757721}, "sample4": {"f_0": 0.49832987785339355, "f_1": 0.39680948853492737, "f_2": 0.41275548934936523, "f_3": 0.43772077560424805, "f_4": 0.4329368770122528}, "sample5": {"f_0": 0.5087854862213135, "f_1": 0.2626175284385681, "f_2": 0.21425305306911469, "f_3": 0.2181490808725357, "f_4": 0.196544349193573}, "sample6": {"f_0": 0.4731246829032898, "f_1": 0.3875068128108978, "f_2": 0.42587727308273315, "f_3": 0.42546728253364563, "f_4": 0.44168829917907715}, "sample7": {"f_0": 0.48650863766670227, "f_1": 0.2728416919708252, "f_2": 0.27322185039520264, "f_3": 0.2811191976070404, "f_4": 0.27551043033599854}, "sample8": {"f_0": 0.5028606653213501, "f_1": 0.30120551586151123, "f_2": 0.2939610779285431, "f_3": 0.30510926246643066, "f_4": 0.25759565830230713}, "sample9": {"f_0": 0.4986884593963623, "f_1": 0.38409021496772766, "f_2": 0.41228097677230835, "f_3": 0.4144321382045746, "f_4": 0.41501760482788086}, "sample10": {"f_0": 0.49600791931152344, "f_1": 0.2812080383300781, "f_2": 0.26977550983428955, "f_3": 0.25759777426719666, "f_4": 0.2669338881969452}, "sample11": {"f_0": 0.5028509497642517, "f_1": 0.3988482356071472, "f_2": 0.39726629853248596, "f_3": 0.36778494715690613, "f_4": 0.3638729751110077}, "sample12": {"f_0": 0.5027980804443359, "f_1": 0.3118011951446533, "f_2": 0.33389925956726074, "f_3": 0.341130793094635, "f_4": 0.3794324994087219}, "sample13": {"f_0": 0.49576541781425476, "f_1": 0.32635536789894104, "f_2": 0.35328909754753113, "f_3": 0.34027794003486633, "f_4": 0.3110259175300598}, "sample14": {"f_0": 0.5116980075836182, "f_1": 0.23060889542102814, "f_2": 0.2010987102985382, "f_3": 0.17869672179222107, "f_4": 0.1557701975107193}, "sample15": {"f_0": 0.515951931476593, "f_1": 0.2805572748184204, "f_2": 0.27393004298210144, "f_3": 0.29001864790916443, "f_4": 0.2956397235393524}, "sample16": {"f_0": 0.4892590045928955, "f_1": 0.25916483998298645, "f_2": 0.29976871609687805, "f_3": 0.24356545507907867, "f_4": 0.27877816557884216}, "sample17": {"f_0": 0.505583643913269, "f_1": 0.2870672941207886, "f_2": 0.24119485914707184, "f_3": 0.2399377077817917, "f_4": 0.1933813989162445}, "sample18": {"f_0": 0.5060027241706848, "f_1": 0.3670995533466339, "f_2": 0.36553603410720825, "f_3": 0.37436091899871826, "f_4": 0.34050965309143066}, "sample19": {"f_0": 0.4900740385055542, "f_1": 0.3324994742870331, "f_2": 0.3274706304073334, "f_3": 0.2923370897769928, "f_4": 0.29773539304733276}, "sample20": {"f_0": 0.5023789405822754, "f_1": 0.2512528896331787, "f_2": 0.24866855144500732, "f_3": 0.2319440096616745, "f_4": 0.2105761021375656}, "sample21": {"f_0": 0.5078732967376709, "f_1": 0.28099533915519714, "f_2": 0.2731349766254425, "f_3": 0.2924964427947998, "f_4": 0.2818634510040283}, "sample22": {"f_0": 0.5033541917800903, "f_1": 0.27367180585861206, "f_2": 0.2732909917831421, "f_3": 0.2520096004009247, "f_4": 0.1970117837190628}, "sample23": {"f_0": 0.5068598985671997, "f_1": 0.28392764925956726, "f_2": 0.2619076669216156, "f_3": 0.22596754133701324, "f_4": 0.21882420778274536}, "sample24": {"f_0": 0.4923492670059204, "f_1": 0.2923589050769806, "f_2": 0.263255774974823, "f_3": 0.2559521496295929, "f_4": 0.23878972232341766}, "sample25": {"f_0": 0.5074740052223206, "f_1": 0.24407321214675903, "f_2": 0.23015041649341583, "f_3": 0.18508809804916382, "f_4": 0.16825729608535767}, "sample26": {"f_0": 0.5070492625236511, "f_1": 0.31156086921691895, "f_2": 0.33291754126548767, "f_3": 0.3410511910915375, "f_4": 0.31955385208129883}, "sample27": {"f_0": 0.5138804912567139, "f_1": 0.36396992206573486, "f_2": 0.3817949593067169, "f_3": 0.38548290729522705, "f_4": 0.394117146730423}, "sample28": {"f_0": 0.5013915300369263, "f_1": 0.23898454010486603, "f_2": 0.2524220049381256, "f_3": 0.20876123011112213, "f_4": 0.22127123177051544}, "sample29": {"f_0": 0.4961465299129486, "f_1": 0.2516460418701172, "f_2": 0.2731337249279022, "f_3": 0.26310262084007263, "f_4": 0.24640758335590363}, "sample30": {"f_0": 0.5027430653572083, "f_1": 0.3876434564590454, "f_2": 0.40776196122169495, "f_3": 0.41084223985671997, "f_4": 0.43513068556785583}, "sample31": {"f_0": 0.5069956183433533, "f_1": 0.346214234828949, "f_2": 0.33777788281440735, "f_3": 0.3108980059623718, "f_4": 0.3190465271472931}, "sample32": {"f_0": 0.4938826560974121, "f_1": 0.38784563541412354, "f_2": 0.38985198736190796, "f_3": 0.39987343549728394, "f_4": 0.42398738861083984}, "sample33": {"f_0": 0.5002069473266602, "f_1": 0.3773716688156128, "f_2": 0.383617639541626, "f_3": 0.4084896147251129, "f_4": 0.4178330600261688}, "sample34": {"f_0": 0.5117595195770264, "f_1": 0.3357457220554352, "f_2": 0.32243600487709045, "f_3": 0.3118405342102051, "f_4": 0.3117823600769043}, "sample35": {"f_0": 0.5061034560203552, "f_1": 0.2313259094953537, "f_2": 0.2231619656085968, "f_3": 0.2433084398508072, "f_4": 0.24611970782279968}, "sample36": {"f_0": 0.5067875981330872, "f_1": 0.2888520061969757, "f_2": 0.2910004258155823, "f_3": 0.31045907735824585, "f_4": 0.3167931139469147}, "sample37": {"f_0": 0.4977315664291382, "f_1": 0.39029571413993835, "f_2": 0.38357675075531006, "f_3": 0.3585858643054962, "f_4": 0.34971997141838074}, "sample38": {"f_0": 0.5108126401901245, "f_1": 0.353882759809494, "f_2": 0.36382752656936646, "f_3": 0.35313984751701355, "f_4": 0.3577379882335663}, "sample39": {"f_0": 0.5214312672615051, "f_1": 0.3511052429676056, "f_2": 0.3587353527545929, "f_3": 0.370567262172699, "f_4": 0.34992820024490356}, "sample40": {"f_0": 0.5038894414901733, "f_1": 0.3537454605102539, "f_2": 0.36548367142677307, "f_3": 0.3812527060508728, "f_4": 0.41738519072532654}, "sample41": {"f_0": 0.5074098706245422, "f_1": 0.39223283529281616, "f_2": 0.3973276913166046, "f_3": 0.41168007254600525, "f_4": 0.4346558749675751}, "sample42": {"f_0": 0.5107397437095642, "f_1": 0.4356488883495331, "f_2": 0.41406872868537903, "f_3": 0.4419096112251282, "f_4": 0.44470223784446716}, "sample43": {"f_0": 0.5017536878585815, "f_1": 0.2786407172679901, "f_2": 0.25152724981307983, "f_3": 0.27688178420066833, "f_4": 0.24172188341617584}, "sample44": {"f_0": 0.5038992762565613, "f_1": 0.393534779548645, "f_2": 0.42391443252563477, "f_3": 0.4244729280471802, "f_4": 0.4071904420852661}, "sample45": {"f_0": 0.48631948232650757, "f_1": 0.3258988857269287, "f_2": 0.3471623361110687, "f_3": 0.3452751338481903, "f_4": 0.3816738724708557}, "sample46": {"f_0": 0.502011775970459, "f_1": 0.2535339295864105, "f_2": 0.30565252900123596, "f_3": 0.28547969460487366, "f_4": 0.29687806963920593}, "sample47": {"f_0": 0.5068016648292542, "f_1": 0.3634380102157593, "f_2": 0.38326844573020935, "f_3": 0.4126828610897064, "f_4": 0.42800086736679077}, "sample48": {"f_0": 0.49795952439308167, "f_1": 0.23163405060768127, "f_2": 0.22450152039527893, "f_3": 0.1874167025089264, "f_4": 0.16319727897644043}, "sample49": {"f_0": 0.5031372308731079, "f_1": 0.2949712574481964, "f_2": 0.2716293931007385, "f_3": 0.27157795429229736, "f_4": 0.2921275794506073}, "sample50": {"f_0": 0.4989621043205261, "f_1": 0.2583436071872711, "f_2": 0.26196953654289246, "f_3": 0.20248448848724365, "f_4": 0.20673173666000366}, "sample51": {"f_0": 0.5010759234428406, "f_1": 0.35521742701530457, "f_2": 0.3461708724498749, "f_3": 0.33484870195388794, "f_4": 0.3457125127315521}, "sample52": {"f_0": 0.47802138328552246, "f_1": 0.33119997382164, "f_2": 0.36491554975509644, "f_3": 0.36176660656929016, "f_4": 0.37160277366638184},