{"sample0": {"f_0": 0.073486328125, "f_1": 0.08251953125, "f_2": 0.078125, "f_3": 0.077392578125, "f_4": 0.087646484375}, "sample1": {"f_0": 0.068359375, "f_1": 0.092529296875, "f_2": 0.09619140625, "f_3": 0.09375, "f_4": 0.0986328125}, "sample2": {"f_0": 0.064208984375, "f_1": 0.089111328125, "f_2": 0.079833984375, "f_3": 0.089599609375, "f_4": 0.084716796875}, "sample3": {"f_0": 0.080078125, "f_1": 0.095458984375, "f_2": 0.10302734375, "f_3": 0.11083984375, "f_4": 0.116943359375}, "sample4": {"f_0": 0.06298828125, "f_1": 0.08984375, "f_2": 0.083984375, "f_3": 0.091064453125, "f_4": 0.08740234375}, "sample5": {"f_0": 0.070556640625, "f_1": 0.097412109375, "f_2": 0.10009765625, "f_3": 0.103759765625, "f_4": 0.111572265625}, "sample6": {"f_0": 0.072265625, "f_1": 0.085205078125, "f_2": 0.07666015625, "f_3": 0.074462890625, "f_4": 0.087890625}, "sample7": {"f_0": 0.0654296875, "f_1": 0.099609375, "f_2": 0.09130859375, "f_3": 0.0947265625, "f_4": 0.090576171875}, "sample8": {"f_0": 0.064453125, "f_1": 0.09423828125, "f_2": 0.078369140625, "f_3": 0.082275390625, "f_4": 0.08984375}, "sample9": {"f_0": 0.068115234375, "f_1": 0.078125, "f_2": 0.08154296875, "f_3": 0.08203125, "f_4": 0.087158203125}, "sample10": {"f_0": 0.07177734375, "f_1": 0.0849609375, "f_2": 0.095458984375, "f_3": 0.0947265625, "f_4": 0.089599609375}, "sample11": {"f_0": 0.06884765625, "f_1": 0.084716796875, "f_2": 0.081298828125, "f_3": 0.078369140625, "f_4": 0.078857421875}, "sample12": {"f_0": 0.074462890625, "f_1": 0.08837890625, "f_2": 0.089111328125, "f_3": 0.084716796875, "f_4": 0.082763671875}, "sample13": {"f_0": 0.073974609375, "f_1": 0.080078125, "f_2": 0.086669921875, "f_3": 0.0791015625, "f_4": 0.08349609375}, "sample14": {"f_0": 0.06201171875, "f_1": 0.105712890625, "f_2": 0.100341796875, "f_3": 0.12646484375, "f_4": 0.128662109375}, "sample15": {"f_0": 0.075927734375, "f_1": 0.096435546875, "f_2": 0.088134765625, "f_3": 0.087890625, "f_4": 0.085693359375}, "sample16": {"f_0": 0.07470703125, "f_1": 0.098388671875, "f_2": 0.092529296875, "f_3": 0.106201171875, "f_4": 0.08935546875}, "sample17": {"f_0": 0.061767578125, "f_1": 0.092041015625, "f_2": 0.111328125, "f_3": 0.10693359375, "f_4": 0.114990234375}, "sample18": {"f_0": 0.065185546875, "f_1": 0.0810546875, "f_2": 0.08203125, "f_3": 0.07275390625, "f_4": 0.070068359375}, "sample19": {"f_0": 0.072998046875, "f_1": 0.09326171875, "f_2": 0.091796875, "f_3": 0.093017578125, "f_4": 0.087890625}, "sample20": {"f_0": 0.078125, "f_1": 0.095947265625, "f_2": 0.09765625, "f_3": 0.09423828125, "f_4": 0.106201171875}, "sample21": {"f_0": 0.070068359375, "f_1": 0.08251953125, "f_2": 0.0966796875, "f_3": 0.0927734375, "f_4": 0.081787109375}, "sample22": {"f_0": 0.074462890625, "f_1": 0.094970703125, "f_2": 0.08837890625, "f_3": 0.110595703125, "f_4": 0.111083984375}, "sample23": {"f_0": 0.072998046875, "f_1": 0.08837890625, "f_2": 0.092041015625, "f_3": 0.107666015625, "f_4": 0.12646484375}, "sample24": {"f_0": 0.07373046875, "f_1": 0.10107421875, "f_2": 0.09423828125, "f_3": 0.103759765625, "f_4": 0.104248046875}, "sample25": {"f_0": 0.06982421875, "f_1": 0.106689453125, "f_2": 0.10400390625, "f_3": 0.114990234375, "f_4": 0.12890625}, "sample26": {"f_0": 0.0693359375, "f_1": 0.079833984375, "f_2": 0.08251953125, "f_3": 0.086181640625, "f_4": 0.08203125}, "sample27": {"f_0": 0.0732421875, "f_1": 0.07470703125, "f_2": 0.080322265625, "f_3": 0.0771484375, "f_4": 0.0810546875}, "sample28": {"f_0": 0.069580078125, "f_1": 0.102294921875, "f_2": 0.09228515625, "f_3": 0.11376953125, "f_4": 0.11181640625}, "sample29": {"f_0": 0.064453125, "f_1": 0.1044921875, "f_2": 0.09228515625, "f_3": 0.106201171875, "f_4": 0.10693359375}, "sample30": {"f_0": 0.071533203125, "f_1": 0.081787109375, "f_2": 0.075927734375, "f_3": 0.088134765625, "f_4": 0.083984375}, "sample31": {"f_0": 0.060302734375, "f_1": 0.078857421875, "f_2": 0.076171875, "f_3": 0.07470703125, "f_4": 0.073486328125}, "sample32": {"f_0": 0.064697265625, "f_1": 0.07373046875, "f_2": 0.0732421875, "f_3": 0.07373046875, "f_4": 0.075927734375}, "sample33": {"f_0": 0.067626953125, "f_1": 0.08447265625, "f_2": 0.070068359375, "f_3": 0.078369140625, "f_4": 0.074462890625}, "sample34": {"f_0": 0.0693359375, "f_1": 0.072265625, "f_2": 0.081298828125, "f_3": 0.08251953125, "f_4": 0.0771484375}, "sample35": {"f_0": 0.068359375, "f_1": 0.10009765625, "f_2": 0.094482421875, "f_3": 0.08447265625, "f_4": 0.086181640625}, "sample36": {"f_0": 0.0693359375, "f_1": 0.08642578125, "f_2": 0.079833984375, "f_3": 0.076171875, "f_4": 0.08203125}, "sample37": {"f_0": 0.05908203125, "f_1": 0.07568359375, "f_2": 0.08056640625, "f_3": 0.070556640625, "f_4": 0.077880859375}, "sample38": {"f_0": 0.0693359375, "f_1": 0.081787109375, "f_2": 0.074951171875, "f_3": 0.080322265625, "f_4": 0.0771484375}, "sample39": {"f_0": 0.067626953125, "f_1": 0.07568359375, "f_2": 0.080078125, "f_3": 0.073974609375, "f_4": 0.067138671875}, "sample40": {"f_0": 0.064453125, "f_1": 0.076416015625, "f_2": 0.0791015625, "f_3": 0.073486328125, "f_4": 0.077880859375}, "sample41": {"f_0": 0.062255859375, "f_1": 0.0771484375, "f_2": 0.072021484375, "f_3": 0.069580078125, "f_4": 0.075439453125}, "sample42": {"f_0": 0.061279296875, "f_1": 0.07177734375, "f_2": 0.0732421875, "f_3": 0.0771484375, "f_4": 0.084716796875}, "sample43": {"f_0": 0.063232421875, "f_1": 0.08984375, "f_2": 0.0869140625, "f_3": 0.090087890625, "f_4": 0.09228515625}, "sample44": {"f_0": 0.062744140625, "f_1": 0.079345703125, "f_2": 0.07421875, "f_3": 0.074951171875, "f_4": 0.07568359375}, "sample45": {"f_0": 0.06201171875, "f_1": 0.0771484375, "f_2": 0.06982421875, "f_3": 0.067626953125, "f_4": 0.0751953125}, "sample46": {"f_0": 0.066162109375, "f_1": 0.092529296875, "f_2": 0.081787109375, "f_3": 0.0791015625, "f_4": 0.07568359375}, "sample47": {"f_0": 0.066162109375, "f_1": 0.07666015625, "f_2": 0.076416015625, "f_3": 0.075927734375, "f_4": 0.083740234375}, "sample48": {"f_0": 0.06591796875, "f_1": 0.107177734375, "f_2": 0.09814453125, "f_3": 0.106201171875, "f_4": 0.1162109375}, "sample49": {"f_0": 0.06396484375, "f_1": 0.088134765625, "f_2": 0.084228515625, "f_3": 0.083740234375, "f_4": 0.09423828125}, "sample50": {"f_0": 0.068359375, "f_1": 0.08935546875, "f_2": 0.09619140625, "f_3": 0.096435546875, "f_4": 0.110107421875}, "sample51": {"f_0": 0.06396484375, "f_1": 0.070068359375, "f_2": 0.07080078125, "f_3": 0.076416015625, "f_4": 0.070556640625}, "sample52": {"f_0": 0.0654296875, "f_1": 0.07568359375, "f_2": 0.0703125, "f_3": 0.07568359375, "f_4": 0.071533203125}, "sample53": {"f_0": 0.0625, "f_1": 0.10498046875, "f_2": 0.083740234375, "f_3": 0.114013671875, "f_4": 0.111328125}, "sample54": {"f_0": 0.07080078125, "f_1": 0.086669921875, "f_2": 0.098388671875, "f_3": 0.108154296875, "f_4": 0.116943359375}, "sample55": {"f_0": 0.066162109375, "f_1": 0.08251953125, "f_2": 0.07861328125, "f_3": 0.073486328125, "f_4": 0.078125}, "sample56": {"f_0": 0.058349609375, "f_1": 0.073974609375, "f_2": 0.06787109375, "f_3": 0.06689453125, "f_4": 0.0625}, "sample57": {"f_0": 0.0615234375, "f_1": 0.08154296875, "f_2": 0.0751953125, "f_3": 0.0673828125, "f_4": 0.06982421875}, "sample58": {"f_0": 0.05615234375, "f_1": 0.074462890625, "f_2": 0.072509765625, "f_3": 0.073974609375, "f_4": 0.068359375}, "sample59": {"f_0": 0.058837890625, "f_1": 0.064208984375, "f_2": 0.07080078125, "f_3": 0.071533203125, "f_4": 0.061767578125}, "sample60": {"f_0": 0.068359375, "f_1": 0.097900390625, "f_2": 0.099853515625, "f_3": 0.099365234375, "f_4": 0.11279296875}, "sample61": {"f_0": 0.063720703125, "f_1": 0.07958984375, "f_2": 0.078125, "f_3": 0.075439453125, "f_4": 0.080322265625}, "sample62": {"f_0": 0.061767578125, "f_1": 0.07763671875, "f_2": 0.0712890625, "f_3": 0.078125, "f_4": 0.076171875}, "sample63": {"f_0": 0.066650390625, "f_1": 0.08154296875, "f_2": 0.065673828125, "f_3": 0.07958984375, "f_4": 0.075927734375}, "sample64": {"f_0": 0.056884765625, "f_1": 0.080078125, "f_2": 0.072998046875,