{"sample0": {"f_0": 0.9792165160179138, "f_1": 0.6857470273971558, "f_2": 0.6789486408233643, "f_3": 0.6887491941452026, "f_4": 0.6825575232505798}, "sample1": {"f_0": 0.97401362657547, "f_1": 0.6682860851287842, "f_2": 0.6901341676712036, "f_3": 0.6758825182914734, "f_4": 0.6774172782897949}, "sample2": {"f_0": 0.9636827111244202, "f_1": 0.6878978610038757, "f_2": 0.693385899066925, "f_3": 0.6953616738319397, "f_4": 0.6731947660446167}, "sample3": {"f_0": 0.9780665636062622, "f_1": 0.7181035876274109, "f_2": 0.6891012191772461, "f_3": 0.6741608381271362, "f_4": 0.6873292922973633}, "sample4": {"f_0": 0.9813515543937683, "f_1": 0.7156682014465332, "f_2": 0.710813045501709, "f_3": 0.7003203630447388, "f_4": 0.7058444023132324}, "sample5": {"f_0": 0.9785397052764893, "f_1": 0.657666027545929, "f_2": 0.6554819941520691, "f_3": 0.6561025977134705, "f_4": 0.6205317378044128}, "sample6": {"f_0": 0.9768690466880798, "f_1": 0.7044074535369873, "f_2": 0.7106598019599915, "f_3": 0.6871412396430969, "f_4": 0.6807586550712585}, "sample7": {"f_0": 0.9777693748474121, "f_1": 0.7075799703598022, "f_2": 0.6887395977973938, "f_3": 0.693577766418457, "f_4": 0.7107725739479065}, "sample8": {"f_0": 0.9720503687858582, "f_1": 0.6772603392601013, "f_2": 0.674267590045929, "f_3": 0.6849318742752075, "f_4": 0.6709277629852295}, "sample9": {"f_0": 0.9851032495498657, "f_1": 0.6936942338943481, "f_2": 0.7207686901092529, "f_3": 0.6783961057662964, "f_4": 0.6624480485916138}, "sample10": {"f_0": 0.9810168743133545, "f_1": 0.7284824848175049, "f_2": 0.7042434811592102, "f_3": 0.7110868096351624, "f_4": 0.6769733428955078}, "sample11": {"f_0": 0.9805502891540527, "f_1": 0.7170767188072205, "f_2": 0.7172037959098816, "f_3": 0.7133668065071106, "f_4": 0.7061663866043091}, "sample12": {"f_0": 0.9782957434654236, "f_1": 0.6926652193069458, "f_2": 0.7120150923728943, "f_3": 0.6888217926025391, "f_4": 0.697486937046051}, "sample13": {"f_0": 0.9663012027740479, "f_1": 0.7084876298904419, "f_2": 0.7065178155899048, "f_3": 0.678583025932312, "f_4": 0.6705623269081116}, "sample14": {"f_0": 0.9717278480529785, "f_1": 0.6668673157691956, "f_2": 0.6499828696250916, "f_3": 0.6197593212127686, "f_4": 0.5984060764312744}, "sample15": {"f_0": 0.9848629236221313, "f_1": 0.7095246911048889, "f_2": 0.6752808094024658, "f_3": 0.6901729106903076, "f_4": 0.6929148435592651}, "sample16": {"f_0": 0.9732651114463806, "f_1": 0.6758816838264465, "f_2": 0.6823262572288513, "f_3": 0.6718900799751282, "f_4": 0.6639667749404907}, "sample17": {"f_0": 0.9965816736221313, "f_1": 0.680811882019043, "f_2": 0.6778439879417419, "f_3": 0.6675581932067871, "f_4": 0.634524941444397}, "sample18": {"f_0": 0.990443229675293, "f_1": 0.69874507188797, "f_2": 0.723690390586853, "f_3": 0.6857832074165344, "f_4": 0.6800147891044617}, "sample19": {"f_0": 0.9883378744125366, "f_1": 0.7110276222229004, "f_2": 0.7090902924537659, "f_3": 0.6998987793922424, "f_4": 0.6999725103378296}, "sample20": {"f_0": 0.988650381565094, "f_1": 0.6999590992927551, "f_2": 0.6923033595085144, "f_3": 0.657173752784729, "f_4": 0.6481227278709412}, "sample21": {"f_0": 0.9981668591499329, "f_1": 0.7023569941520691, "f_2": 0.7003355622291565, "f_3": 0.6989234685897827, "f_4": 0.6963699460029602}, "sample22": {"f_0": 1, "f_1": 0.7006098031997681, "f_2": 0.6857069730758667, "f_3": 0.6408903002738953, "f_4": 0.6358535885810852}, "sample23": {"f_0": 0.9823946952819824, "f_1": 0.7275676727294922, "f_2": 0.6966190934181213, "f_3": 0.6734470725059509, "f_4": 0.6780338287353516}, "sample24": {"f_0": 0.9782938361167908, "f_1": 0.6824667453765869, "f_2": 0.7044530510902405, "f_3": 0.678017258644104, "f_4": 0.6614809632301331}, "sample25": {"f_0": 0.9872227311134338, "f_1": 0.702938973903656, "f_2": 0.6824711561203003, "f_3": 0.6443140506744385, "f_4": 0.6405612230300903}, "sample26": {"f_0": 0.984733521938324, "f_1": 0.6854515075683594, "f_2": 0.6870177984237671, "f_3": 0.6978638172149658, "f_4": 0.6713941693305969}, "sample27": {"f_0": 0.9869194626808167, "f_1": 0.6879957318305969, "f_2": 0.6844437718391418, "f_3": 0.6859378218650818, "f_4": 0.6882835030555725}, "sample28": {"f_0": 0.9789217710494995, "f_1": 0.7000474333763123, "f_2": 0.6928061842918396, "f_3": 0.652435839176178, "f_4": 0.6696851253509521}, "sample29": {"f_0": 0.9874775409698486, "f_1": 0.7169937491416931, "f_2": 0.7128838300704956, "f_3": 0.693068265914917, "f_4": 0.7015053033828735}, "sample30": {"f_0": 0.9896262288093567, "f_1": 0.7228174209594727, "f_2": 0.6922467350959778, "f_3": 0.6954412460327148, "f_4": 0.7063762545585632}, "sample31": {"f_0": 0.9935001730918884, "f_1": 0.709941029548645, "f_2": 0.7145166993141174, "f_3": 0.6842470765113831, "f_4": 0.6696022748947144}, "sample32": {"f_0": 0.9731428623199463, "f_1": 0.7116858959197998, "f_2": 0.7165235280990601, "f_3": 0.7167508602142334, "f_4": 0.7250643968582153}, "sample33": {"f_0": 0.9869233965873718, "f_1": 0.7205267548561096, "f_2": 0.7117246985435486, "f_3": 0.7272568941116333, "f_4": 0.7095595002174377}, "sample34": {"f_0": 0.9719806909561157, "f_1": 0.704050600528717, "f_2": 0.7117897272109985, "f_3": 0.6911764740943909, "f_4": 0.6739259362220764}, "sample35": {"f_0": 0.9971612691879272, "f_1": 0.6886967420578003, "f_2": 0.6820927858352661, "f_3": 0.6904731392860413, "f_4": 0.656965434551239}, "sample36": {"f_0": 0.9960266947746277, "f_1": 0.7288521528244019, "f_2": 0.7120587825775146, "f_3": 0.7208336591720581, "f_4": 0.693577766418457}, "sample37": {"f_0": 0.9910945892333984, "f_1": 0.7589441537857056, "f_2": 0.7313318252563477, "f_3": 0.7230539917945862, "f_4": 0.7371711730957031}, "sample38": {"f_0": 1, "f_1": 0.7404427528381348, "f_2": 0.7360803484916687, "f_3": 0.7342864871025085, "f_4": 0.7184650301933289}, "sample39": {"f_0": 0.9978494048118591, "f_1": 0.7567698359489441, "f_2": 0.7470845580101013, "f_3": 0.7428609728813171, "f_4": 0.7323734164237976}, "sample40": {"f_0": 1, "f_1": 0.7337819337844849, "f_2": 0.7320141196250916, "f_3": 0.7495472431182861, "f_4": 0.7299992442131042}, "sample41": {"f_0": 1, "f_1": 0.7638610601425171, "f_2": 0.7679555416107178, "f_3": 0.7469977736473083, "f_4": 0.7661622762680054}, "sample42": {"f_0": 1, "f_1": 0.702961802482605, "f_2": 0.7310630083084106, "f_3": 0.7330032587051392, "f_4": 0.7113291025161743}, "sample43": {"f_0": 1, "f_1": 0.7504518032073975, "f_2": 0.7480000853538513, "f_3": 0.7308201193809509, "f_4": 0.7250074744224548}, "sample44": {"f_0": 1, "f_1": 0.7568052411079407, "f_2": 0.7394737601280212, "f_3": 0.745577335357666, "f_4": 0.7382823824882507}, "sample45": {"f_0": 1, "f_1": 0.7182878255844116, "f_2": 0.726290225982666, "f_3": 0.6933244466781616, "f_4": 0.7050188183784485}, "sample46": {"f_0": 1, "f_1": 0.7088601589202881, "f_2": 0.6988030076026917, "f_3": 0.6935709118843079, "f_4": 0.6934603452682495}, "sample47": {"f_0": 1, "f_1": 0.7400636672973633, "f_2": 0.7579401135444641, "f_3": 0.7230681777000427, "f_4": 0.7275719046592712}, "sample48": {"f_0": 0.994809091091156, "f_1": 0.7175024151802063, "f_2": 0.7153534293174744, "f_3": 0.6889350414276123, "f_4": 0.6741037964820862}, "sample49": {"f_0": 1, "f_1": 0.747029185295105, "f_2": 0.7333055734634399, "f_3": 0.7345660924911499, "f_4": 0.7323581576347351}, "sample50": {"f_0": 0.9897825717926025, "f_1": 0.7196253538131714, "f_2": 0.7219098210334778, "f_3": 0.6766303777694702, "f_4": 0.6844170093536377}, "sample51": {"f_0": 1, "f_1": 0.7282071113586426, "f_2": 0.7191131711006165, "f_3": 0.7111522555351257, "f_4": 0.7040519118309021}, "sample52": {"f_0": 1, "f_1": 0.7176752090454102, "f_2": 0.7308609485626221, "f_3": 0.724765419960022, "f_4": 0.7233896851539612}, "sample53": {"f_0": 0.9905052781105042, "f_1": 0.7193582057952881, "f_2": 0.7188563346862793, "f_3": 0.6853190064430237, "f_4": 0.6729039549827576}, "sample54": {"f_0": 0.9991428852081299, "f_1": 0.7279815673828125, "f_2": 0.7196990251541138, "f_3": 0.6956825256347656, "f_4": 0.6908355355262756}, "sample55": {"f_0": 1, "f_1": 0.741469144821167,