{"sample0": {"f_0": 0.014445751905441284, "f_1": 0.045731861144304276, "f_2": 0.0413542315363884, "f_3": 0.04072707146406174, "f_4": 0.054109133780002594}, "sample1": {"f_0": 0.007697145454585552, "f_1": 0.060813818126916885, "f_2": 0.06490039080381393, "f_3": 0.06228511035442352, "f_4": 0.0675605982542038}, "sample2": {"f_0": 0.001678363885730505, "f_1": 0.05515378713607788, "f_2": 0.042920831590890884, "f_3": 0.05637950077652931, "f_4": 0.050512656569480896}, "sample3": {"f_0": 0.02314455434679985, "f_1": 0.060775090008974075, "f_2": 0.0703616514801979, "f_3": 0.08265726268291473, "f_4": 0.0920214056968689}, "sample4": {"f_0": 0.0005907104350626469, "f_1": 0.05498551204800606, "f_2": 0.047838807106018066, "f_3": 0.056365225464105606, "f_4": 0.053621139377355576}, "sample5": {"f_0": 0.010726205073297024, "f_1": 0.06690412759780884, "f_2": 0.06966288387775421, "f_3": 0.07584112882614136, "f_4": 0.08736857771873474}, "sample6": {"f_0": 0.011056195013225079, "f_1": 0.0482722744345665, "f_2": 0.036890264600515366, "f_3": 0.035143882036209106, "f_4": 0.053715407848358154}, "sample7": {"f_0": 0.003955915104597807, "f_1": 0.06542710214853287, "f_2": 0.05541491508483887, "f_3": 0.060247525572776794, "f_4": 0.05502783879637718}, "sample8": {"f_0": 0.0016976790502667427, "f_1": 0.060878198593854904, "f_2": 0.04129568114876747, "f_3": 0.047420401126146317, "f_4": 0.05779610201716423}, "sample9": {"f_0": 0.0063314493745565414, "f_1": 0.03984054550528526, "f_2": 0.04539310932159424, "f_3": 0.04721459373831749, "f_4": 0.05434964597225189}, "sample10": {"f_0": 0.010879074223339558, "f_1": 0.04683099314570427, "f_2": 0.06321553885936737, "f_3": 0.061843227595090866, "f_4": 0.05408230796456337}, "sample11": {"f_0": 0.0076566110365092754, "f_1": 0.04776480793952942, "f_2": 0.04378998652100563, "f_3": 0.040276505053043365, "f_4": 0.04118265584111214}, "sample12": {"f_0": 0.014087099581956863, "f_1": 0.054150279611349106, "f_2": 0.05462273210287094, "f_3": 0.04842054098844528, "f_4": 0.0469125397503376}, "sample13": {"f_0": 0.014784029684960842, "f_1": 0.041738059371709824, "f_2": 0.051466189324855804, "f_3": 0.04151345044374466, "f_4": 0.04755476862192154}, "sample14": {"f_0": 0, "f_1": 0.07648368924856186, "f_2": 0.07107265293598175, "f_3": 0.10436888039112091, "f_4": 0.10917879641056061}, "sample15": {"f_0": 0.015091298148036003, "f_1": 0.061792489141225815, "f_2": 0.05234874412417412, "f_3": 0.05457937717437744, "f_4": 0.050865206867456436}, "sample16": {"f_0": 0.015481139533221722, "f_1": 0.0684899240732193, "f_2": 0.05987805873155594, "f_3": 0.0775371715426445, "f_4": 0.05756962299346924}, "sample17": {"f_0": 0, "f_1": 0.057199910283088684, "f_2": 0.0824066549539566, "f_3": 0.07844670116901398, "f_4": 0.08935905247926712}, "sample18": {"f_0": 0.002337230136618018, "f_1": 0.04502386972308159, "f_2": 0.045801639556884766, "f_3": 0.03491165116429329, "f_4": 0.032033901661634445}, "sample19": {"f_0": 0.01311409566551447, "f_1": 0.058968838304281235, "f_2": 0.05733421817421913, "f_3": 0.0588538721203804, "f_4": 0.05326654762029648}, "sample20": {"f_0": 0.01790347881615162, "f_1": 0.0627320259809494, "f_2": 0.06775002926588058, "f_3": 0.06206069886684418, "f_4": 0.0785592794418335}, "sample21": {"f_0": 0.009348366409540176, "f_1": 0.04722021520137787, "f_2": 0.06453459709882736, "f_3": 0.05983640253543854, "f_4": 0.04620400071144104}, "sample22": {"f_0": 0.014493926428258419, "f_1": 0.061607129871845245, "f_2": 0.053773581981658936, "f_3": 0.08314336836338043, "f_4": 0.08513162285089493}, "sample23": {"f_0": 0.013640842400491238, "f_1": 0.05079558864235878, "f_2": 0.056527264416217804, "f_3": 0.07805515825748444, "f_4": 0.10485005378723145}, "sample24": {"f_0": 0.014141501858830452, "f_1": 0.06950116157531738, "f_2": 0.06105581670999527, "f_3": 0.07309563457965851, "f_4": 0.07347472012042999}, "sample25": {"f_0": 0.00841019582003355, "f_1": 0.07745790481567383, "f_2": 0.07432675361633301, "f_3": 0.08832570165395737, "f_4": 0.10746839642524719}, "sample26": {"f_0": 0.0077186706475913525, "f_1": 0.04187609255313873, "f_2": 0.04581384360790253, "f_3": 0.05183982849121094, "f_4": 0.046988170593976974}, "sample27": {"f_0": 0.014025450684130192, "f_1": 0.037344951182603836, "f_2": 0.04352028667926788, "f_3": 0.03936466947197914, "f_4": 0.04451822116971016}, "sample28": {"f_0": 0.008065800182521343, "f_1": 0.07031787186861038, "f_2": 0.05619747191667557, "f_3": 0.08687520027160645, "f_4": 0.08207951486110687}, "sample29": {"f_0": 0.0027353456243872643, "f_1": 0.0720323845744133, "f_2": 0.05479184910655022, "f_3": 0.0748254656791687, "f_4": 0.07628447562456131}, "sample30": {"f_0": 0.010945766232907772, "f_1": 0.04262449964880943, "f_2": 0.036760371178388596, "f_3": 0.05271076038479805, "f_4": 0.04848655313253403}, "sample31": {"f_0": 0, "f_1": 0.040916115045547485, "f_2": 0.035856377333402634, "f_3": 0.0356433279812336, "f_4": 0.034933436661958694}, "sample32": {"f_0": 0.0015348938759416342, "f_1": 0.03172218054533005, "f_2": 0.03341389447450638, "f_3": 0.033815961331129074, "f_4": 0.03451172262430191}, "sample33": {"f_0": 0.004796156659722328, "f_1": 0.04608268663287163, "f_2": 0.028072547167539597, "f_3": 0.03883618116378784, "f_4": 0.036545947194099426}, "sample34": {"f_0": 0.00817064754664898, "f_1": 0.03263337165117264, "f_2": 0.044337350875139236, "f_3": 0.04677888751029968, "f_4": 0.04115952551364899}, "sample35": {"f_0": 0.0065163313411176205, "f_1": 0.06721848249435425, "f_2": 0.06079897657036781, "f_3": 0.048139166086912155, "f_4": 0.05178584158420563}, "sample36": {"f_0": 0.007563616614788771, "f_1": 0.0487050861120224, "f_2": 0.04133392870426178, "f_3": 0.036647386848926544, "f_4": 0.0445210263133049}, "sample37": {"f_0": 0, "f_1": 0.032811734825372696, "f_2": 0.04112410917878151, "f_3": 0.028499597683548927, "f_4": 0.038251351565122604}, "sample38": {"f_0": 0.006057849153876305, "f_1": 0.03964981064200401, "f_2": 0.03154822438955307, "f_3": 0.03837709128856659, "f_4": 0.03601397946476936}, "sample39": {"f_0": 0.004164430778473616, "f_1": 0.03263859823346138, "f_2": 0.03978675976395607, "f_3": 0.031382620334625244, "f_4": 0.02307256869971752}, "sample40": {"f_0": 0, "f_1": 0.035262346267700195, "f_2": 0.03989028185606003, "f_3": 0.03269074857234955, "f_4": 0.03791733458638191}, "sample41": {"f_0": 0, "f_1": 0.034678976982831955, "f_2": 0.02747538685798645, "f_3": 0.024576853960752487, "f_4": 0.03350827097892761}, "sample42": {"f_0": 0, "f_1": 0.03119644895195961, "f_2": 0.03192126378417015, "f_3": 0.0370103158056736, "f_4": 0.04700962454080582}, "sample43": {"f_0": 0, "f_1": 0.05072837322950363, "f_2": 0.04835989698767662, "f_3": 0.052756957709789276, "f_4": 0.05531330034136772}, "sample44": {"f_0": 0, "f_1": 0.03702714666724205, "f_2": 0.03135125711560249, "f_3": 0.03300664201378822, "f_4": 0.03439074382185936}, "sample45": {"f_0": 0, "f_1": 0.03738890960812569, "f_2": 0.027607755735516548, "f_3": 0.026107700541615486, "f_4": 0.03534083440899849}, "sample46": {"f_0": 0.0033735919278115034, "f_1": 0.05478346347808838, "f_2": 0.045598238706588745, "f_3": 0.042523618787527084, "f_4": 0.03773662447929382}, "sample47": {"f_0": 0.002015975071117282, "f_1": 0.034421805292367935, "f_2": 0.03588249906897545, "f_3": 0.03610634803771973, "f_4": 0.04442351683974266}, "sample48": {"f_0": 0.0009030227665789425, "f_1": 0.07391971349716187, "f_2": 0.06213194131851196, "f_3": 0.07441359758377075, "f_4": 0.0882156565785408}, "sample49": {"f_0": 0, "f_1": 0.04844169318675995, "f_2": 0.04491052031517029, "f_3": 0.04418494924902916, "f_4": 0.05779564008116722}, "sample50": {"f_0": 0.006319390144199133, "f_1": 0.05216910317540169, "f_2": 0.0614936389029026, "f_3": 0.06292101740837097, "f_4": 0.08066492527723312}, "sample51": {"f_0": 9.163051436189562e-05, "f_1": 0.028103889897465706, "f_2": 0.029314884915947914, "f_3": 0.036870431154966354, "f_4": 0.029663611203432083}, "sample52": {"f_0": 0.0009348963503725827, "f_1": 0.03486591577529907, "f_2": 0.02792437933385372,