{"sample0": {"f_0": 1.0, "f_1": 0.9990234375, "f_2": 0.99609375, "f_3": 0.9912109375, "f_4": 0.9921875}, "sample1": {"f_0": 1.0, "f_1": 0.9990234375, "f_2": 0.994140625, "f_3": 0.9853515625, "f_4": 0.9775390625}, "sample2": {"f_0": 1.0, "f_1": 0.9990234375, "f_2": 0.9951171875, "f_3": 0.9853515625, "f_4": 0.9765625}, "sample3": {"f_0": 1.0, "f_1": 0.9970703125, "f_2": 0.990234375, "f_3": 0.9794921875, "f_4": 0.98046875}, "sample4": {"f_0": 1.0, "f_1": 1.0, "f_2": 0.9990234375, "f_3": 0.994140625, "f_4": 0.9912109375}, "sample5": {"f_0": 1.0, "f_1": 0.99609375, "f_2": 0.9873046875, "f_3": 0.9638671875, "f_4": 0.9521484375}, "sample6": {"f_0": 1.0, "f_1": 0.9990234375, "f_2": 0.9970703125, "f_3": 0.98828125, "f_4": 0.974609375}, "sample7": {"f_0": 1.0, "f_1": 1.0, "f_2": 0.9990234375, "f_3": 0.99609375, "f_4": 0.9970703125}, "sample8": {"f_0": 1.0, "f_1": 0.998046875, "f_2": 0.998046875, "f_3": 0.9921875, "f_4": 0.9892578125}, "sample9": {"f_0": 1.0, "f_1": 0.9970703125, "f_2": 0.98828125, "f_3": 0.9765625, "f_4": 0.9521484375}, "sample10": {"f_0": 1.0, "f_1": 1.0, "f_2": 0.9990234375, "f_3": 1.0, "f_4": 0.998046875}, "sample11": {"f_0": 1.0, "f_1": 1.0, "f_2": 0.99609375, "f_3": 0.9873046875, "f_4": 0.98046875}, "sample12": {"f_0": 1.0, "f_1": 0.9990234375, "f_2": 0.994140625, "f_3": 0.974609375, "f_4": 0.974609375}, "sample13": {"f_0": 1.0, "f_1": 0.9970703125, "f_2": 0.9931640625, "f_3": 0.9814453125, "f_4": 0.962890625}, "sample14": {"f_0": 1.0, "f_1": 0.9931640625, "f_2": 0.98828125, "f_3": 0.951171875, "f_4": 0.9443359375}, "sample15": {"f_0": 1.0, "f_1": 0.998046875, "f_2": 0.994140625, "f_3": 0.986328125, "f_4": 0.970703125}, "sample16": {"f_0": 1.0, "f_1": 0.9970703125, "f_2": 0.9951171875, "f_3": 0.9794921875, "f_4": 0.953125}, "sample17": {"f_0": 1.0, "f_1": 0.9970703125, "f_2": 0.9755859375, "f_3": 0.955078125, "f_4": 0.9365234375}, "sample18": {"f_0": 1.0, "f_1": 0.9990234375, "f_2": 0.9912109375, "f_3": 0.984375, "f_4": 0.96484375}, "sample19": {"f_0": 1.0, "f_1": 0.9970703125, "f_2": 0.9931640625, "f_3": 0.986328125, "f_4": 0.982421875}, "sample20": {"f_0": 1.0, "f_1": 0.99609375, "f_2": 0.9931640625, "f_3": 0.974609375, "f_4": 0.9541015625}, "sample21": {"f_0": 1.0, "f_1": 1.0, "f_2": 1.0, "f_3": 0.9990234375, "f_4": 0.998046875}, "sample22": {"f_0": 1.0, "f_1": 0.998046875, "f_2": 0.9794921875, "f_3": 0.97265625, "f_4": 0.9384765625}, "sample23": {"f_0": 1.0, "f_1": 0.9990234375, "f_2": 0.9931640625, "f_3": 0.9794921875, "f_4": 0.9580078125}, "sample24": {"f_0": 1.0, "f_1": 0.9990234375, "f_2": 0.9892578125, "f_3": 0.984375, "f_4": 0.9697265625}, "sample25": {"f_0": 1.0, "f_1": 0.998046875, "f_2": 0.9921875, "f_3": 0.9794921875, "f_4": 0.9482421875}, "sample26": {"f_0": 1.0, "f_1": 0.998046875, "f_2": 0.9873046875, "f_3": 0.9755859375, "f_4": 0.9580078125}, "sample27": {"f_0": 1.0, "f_1": 0.9990234375, "f_2": 0.9970703125, "f_3": 0.9931640625, "f_4": 0.978515625}, "sample28": {"f_0": 1.0, "f_1": 0.9990234375, "f_2": 0.99609375, "f_3": 0.98828125, "f_4": 0.984375}, "sample29": {"f_0": 1.0, "f_1": 1.0, "f_2": 1.0, "f_3": 0.998046875, "f_4": 0.9970703125}, "sample30": {"f_0": 1.0, "f_1": 0.998046875, "f_2": 0.998046875, "f_3": 0.986328125, "f_4": 0.9765625}, "sample31": {"f_0": 1.0, "f_1": 0.9951171875, "f_2": 0.990234375, "f_3": 0.978515625, "f_4": 0.95703125}, "sample32": {"f_0": 1.0, "f_1": 1.0, "f_2": 0.998046875, "f_3": 0.998046875, "f_4": 0.998046875}, "sample33": {"f_0": 1.0, "f_1": 0.9990234375, "f_2": 0.9951171875, "f_3": 0.9892578125, "f_4": 0.9755859375}, "sample34": {"f_0": 1.0, "f_1": 1.0, "f_2": 0.9892578125, "f_3": 0.9833984375, "f_4": 0.9765625}, "sample35": {"f_0": 1.0, "f_1": 0.9990234375, "f_2": 0.9951171875, "f_3": 0.9873046875, "f_4": 0.970703125}, "sample36": {"f_0": 1.0, "f_1": 0.9990234375, "f_2": 0.9990234375, "f_3": 0.9970703125, "f_4": 0.9873046875}, "sample37": {"f_0": 1.0, "f_1": 0.9970703125, "f_2": 0.9951171875, "f_3": 0.98828125, "f_4": 0.9716796875}, "sample38": {"f_0": 1.0, "f_1": 0.9970703125, "f_2": 1.0, "f_3": 0.98828125, "f_4": 0.9873046875}, "sample39": {"f_0": 1.0, "f_1": 1.0, "f_2": 0.998046875, "f_3": 0.994140625, "f_4": 0.9912109375}, "sample40": {"f_0": 1.0, "f_1": 0.998046875, "f_2": 0.9931640625, "f_3": 0.9853515625, "f_4": 0.9765625}, "sample41": {"f_0": 1.0, "f_1": 0.998046875, "f_2": 0.998046875, "f_3": 0.9931640625, "f_4": 0.9853515625}, "sample42": {"f_0": 1.0, "f_1": 0.998046875, "f_2": 0.998046875, "f_3": 0.994140625, "f_4": 0.9921875}, "sample43": {"f_0": 1.0, "f_1": 0.9990234375, "f_2": 0.9990234375, "f_3": 0.9951171875, "f_4": 0.9951171875}, "sample44": {"f_0": 1.0, "f_1": 0.998046875, "f_2": 0.99609375, "f_3": 0.99609375, "f_4": 0.9873046875}, "sample45": {"f_0": 1.0, "f_1": 0.998046875, "f_2": 0.99609375, "f_3": 0.9775390625, "f_4": 0.98046875}, "sample46": {"f_0": 1.0, "f_1": 0.998046875, "f_2": 0.9892578125, "f_3": 0.986328125, "f_4": 0.96875}, "sample47": {"f_0": 1.0, "f_1": 0.9990234375, "f_2": 0.9970703125, "f_3": 0.98828125, "f_4": 0.9765625}, "sample48": {"f_0": 1.0, "f_1": 1.0, "f_2": 0.9921875, "f_3": 0.984375, "f_4": 0.9833984375}, "sample49": {"f_0": 1.0, "f_1": 1.0, "f_2": 0.9990234375, "f_3": 0.9990234375, "f_4": 0.998046875}, "sample50": {"f_0": 1.0, "f_1": 1.0, "f_2": 0.994140625, "f_3": 0.9931640625, "f_4": 0.9921875}, "sample51": {"f_0": 1.0, "f_1": 1.0, "f_2": 0.9990234375, "f_3": 0.9970703125, "f_4": 0.99609375}, "sample52": {"f_0": 1.0, "f_1": 0.9990234375, "f_2": 0.994140625, "f_3": 0.9873046875, "f_4": 0.9873046875}, "sample53": {"f_0": 1.0, "f_1": 1.0, "f_2": 0.994140625, "f_3": 0.990234375, "f_4": 0.982421875}, "sample54": {"f_0": 1.0, "f_1": 0.9970703125, "f_2": 0.9892578125, "f_3": 0.982421875, "f_4": 0.9755859375}, "sample55": {"f_0": 1.0, "f_1": 0.9990234375, "f_2": 0.9970703125, "f_3": 0.9970703125, "f_4": 0.9892578125}, "sample56": {"f_0": 1.0, "f_1": 0.994140625, "f_2": 0.986328125, "f_3": 0.9775390625, "f_4": 0.9609375}, "sample57": {"f_0": 1.0, "f_1": 0.9990234375, "f_2": 0.990234375, "f_3": 0.9775390625, "f_4": 0.962890625}, "sample58": {"f_0": 1.0, "f_1": 0.99609375, "f_2": 0.9912109375, "f_3": 0.9775390625, "f_4": 0.953125}, "sample59": {"f_0": 1.0, "f_1": 0.9921875, "f_2": 0.9912109375, "f_3": 0.9697265625, "f_4": 0.9609375}, "sample60": {"f_0": 1.0, "f_1": 0.9970703125, "f_2": 0.9912109375, "f_3": 0.990234375, "f_4": 0.974609375}, "sample61": {"f_0": 1.0, "f_1": 1.0, "f_2": 0.9912109375, "f_3": 0.9892578125, "f_4": 0.9765625}, "sample62": {"f_0": 1.0, "f_1": 0.99609375, "f_2": 0.9931640625, "f_3": 0.9833984375, "f_4": 0.958984375}, "sample63": {"f_0": 1.0, "f_1": 0.9990234375, "f_2": 0.9921875, "f_3": 0.9912109375, "f_4": 0.9677734375}, "sample64": {"f_0": 1.0, "f_1": 0.9990234375, "f_2": 0.9912109375, "f_3": 0.984375, "f_4": 0.9697265625}, "sample65": {"f_0": 1.0, "f_1": 1.0, "f_2": 0.9951171875, "f_3": 0.9912109375, "f_4": 0.986328125}, "sample66": {"f_0": 1.0, "f_1": 1.0, "f_2": 0.9990234375, "f_3": 0.998046875, "f_4": 0.998046875}, "sample67": {"f_0": 1.0, "f_1": 0.9990234375, "f_2": 0.9970703125, "f_3": 0.990234375, "f_4": 0.9892578125}, "sample68": {"f_0": 1.0, "f_1": 0.9970703125, "f_2": 0.99609375, "f_3": 0.98828125, "f_4": 0.9833984375}, "sample69": {"f_0": 1.0, "f_1": 0.9990234375, "f_2": 0.9951171875, "f_3": 0.9814453125, "f_4": 0.978515625}, "sample70": {"f_0": 1.0, "f_1": 0.9970703125, "f_2": 0.9912109375, "f_3": 0.9736328125, "f_4": 0.947265625}, "sample71": {"f_0": 1.0, "f_1": 0.998046875, "f_2": 0.9921875, "f_3": 0.9853515625, "f_4": 0.9658203125}, "sample72": {"f_0": 1.0, "f_1": 0.9951171875, "f_2": 0.96875, "f_3": 0.9404296875, "f_4": 0.8994140625}, "sample73": {"f_0": 1.0, "f_1": 1.0, "f_2": 0.9970703125, "f_3": 0.9931640625, "f_4": 0.998046875}, "sample74": {"f_0": 1.0, "f_1": 1.0, "f_2": 1.0, "f_3": 0.9970703125, "f_4": 0.998046875}, "sample75": {"f_0": 1.0, "f_1": 0.998046875, "f_2": 0.9951171875, "f_3": 0.982421875, "f_4": 0.9658203125}, "sample76": {"f_0": 1.0, "f_1": 1.0, "f_2": 0.9970703125, "f_3": 0.9921875,