{"sample0": {"f_0": 0.4999999999999999, "f_1": 0.48716637929841317, "f_2": 0.47387491423674916, "f_3": 0.46024246645601075, "f_4": 0.4463905090600701}, "sample1": {"f_0": 0.4999999999999999, "f_1": 0.5248688316326932, "f_2": 0.548854642996891, "f_3": 0.5718000086364786, "f_4": 0.5935555719280754}, "sample2": {"f_0": 0.4999999999999999, "f_1": 0.4738953775369999, "f_2": 0.44724719430483645, "f_3": 0.4202651604350788, "f_4": 0.39316063514201105}, "sample3": {"f_0": 0.4999999999999999, "f_1": 0.5292676473221949, "f_2": 0.5571345491790318, "f_3": 0.583296611538362, "f_4": 0.6074776792705027}, "sample4": {"f_0": 0.4999999999999999, "f_1": 0.48878823708449176, "f_2": 0.47728821496508894, "f_3": 0.46553435371624385, "f_4": 0.4535623366933369}, "sample5": {"f_0": 0.4999999999999999, "f_1": 0.5369033215074187, "f_2": 0.5711354694008487, "f_3": 0.6020925688268395, "f_4": 0.6292387659518776}, "sample6": {"f_0": 0.4999999999999999, "f_1": 0.47139651382955333, "f_2": 0.44218552033911285, "f_3": 0.41261065207740755, "f_4": 0.3829181640773078}, "sample7": {"f_0": 0.4999999999999999, "f_1": 0.49542545073586824, "f_2": 0.4906844403695673, "f_3": 0.4857864327756395, "f_4": 0.4807419596470727}, "sample8": {"f_0": 0.4999999999999999, "f_1": 0.512831605603374, "f_2": 0.525022298437298, "f_3": 0.5365217524032203, "f_4": 0.5472866185262517}, "sample9": {"f_0": 0.4999999999999999, "f_1": 0.4599841391872112, "f_2": 0.419056913576893, "f_3": 0.3780039706553334, "f_4": 0.3375913146157776}, "sample10": {"f_0": 0.4999999999999999, "f_1": 0.5095083363315918, "f_2": 0.5189117230909304, "f_3": 0.5281989713815648, "f_4": 0.5373606106954959}, "sample11": {"f_0": 0.4999999999999999, "f_1": 0.5166848807322361, "f_2": 0.53213300120622, "f_3": 0.5461771876848034, "f_4": 0.5586752556894514}, "sample12": {"f_0": 0.4999999999999999, "f_1": 0.4709873852513746, "f_2": 0.44060127962815004, "f_3": 0.40915754563533363, "f_4": 0.3769992356289403}, "sample13": {"f_0": 0.4999999999999999, "f_1": 0.5068156822265941, "f_2": 0.5118104640371967, "f_3": 0.5149749618186332, "f_4": 0.5163340576901893}, "sample14": {"f_0": 0.4999999999999999, "f_1": 0.5394527155512492, "f_2": 0.5762180880719684, "f_3": 0.6096188457881168, "f_4": 0.6390547870670331}, "sample15": {"f_0": 0.4999999999999999, "f_1": 0.482579718103687, "f_2": 0.46403695188645855, "f_3": 0.44461381312627457, "f_4": 0.4245659547472914}, "sample16": {"f_0": 0.4999999999999999, "f_1": 0.49154698328854646, "f_2": 0.4807966002968651, "f_3": 0.4678290890176926, "f_4": 0.4527866662732879}, "sample17": {"f_0": 0.4999999999999999, "f_1": 0.5412191732902165, "f_2": 0.5793326149776243, "f_3": 0.6134796858792906, "f_4": 0.64293731756235}, "sample18": {"f_0": 0.4999999999999999, "f_1": 0.5037184143576732, "f_2": 0.5055650450580895, "f_3": 0.5055612847687654, "f_4": 0.5037641669807584}, "sample19": {"f_0": 0.4999999999999999, "f_1": 0.5127284945297141, "f_2": 0.5240469545376711, "f_3": 0.533894080499322, "f_4": 0.5422319931828093}, "sample20": {"f_0": 0.4999999999999999, "f_1": 0.5339462956626395, "f_2": 0.5656360861716818, "f_3": 0.5946885145261848, "f_4": 0.6207715683240915}, "sample21": {"f_0": 0.4999999999999999, "f_1": 0.49793079638888776, "f_2": 0.49573602452188253, "f_3": 0.49342273164099165, "f_4": 0.49099844808995113}, "sample22": {"f_0": 0.4999999999999999, "f_1": 0.5419356330891352, "f_2": 0.5810112777486247, "f_3": 0.6164234862176061, "f_4": 0.6474711544371442}, "sample23": {"f_0": 0.4999999999999999, "f_1": 0.5329875123064574, "f_2": 0.5642867249433307, "f_3": 0.5934760424490493, "f_4": 0.6201835852071352}, "sample24": {"f_0": 0.4999999999999999, "f_1": 0.5312586778976324, "f_2": 0.5610035729502016, "f_3": 0.5888593285394718, "f_4": 0.614508049652173}, "sample25": {"f_0": 0.4999999999999999, "f_1": 0.5330134241182504, "f_2": 0.5638470422331866, "f_3": 0.592058842252056, "f_4": 0.6172545857156579}, "sample26": {"f_0": 0.4999999999999999, "f_1": 0.5023520669642273, "f_2": 0.5025633489824033, "f_3": 0.5007277091295776, "f_4": 0.4969892885587972}, "sample27": {"f_0": 0.4999999999999999, "f_1": 0.4812586956616099, "f_2": 0.462030283670269, "f_3": 0.4424496401841071, "f_4": 0.4226538821289504}, "sample28": {"f_0": 0.4999999999999999, "f_1": 0.5076653271684333, "f_2": 0.5145570113321025, "f_3": 0.5206258029001539, "f_4": 0.5258292724926777}, "sample29": {"f_0": 0.4999999999999999, "f_1": 0.50871270693891, "f_2": 0.5172993551209353, "f_3": 0.5257517175024635, "f_4": 0.5340618419488137}, "sample30": {"f_0": 0.4999999999999999, "f_1": 0.4753670399040729, "f_2": 0.45025433651691976, "f_3": 0.42480714831496835, "f_4": 0.39917477529078343}, "sample31": {"f_0": 0.4999999999999999, "f_1": 0.49444127882366773, "f_2": 0.48635125839796445, "f_3": 0.47585201779494635, "f_4": 0.4631514695545187}, "sample32": {"f_0": 0.4999999999999999, "f_1": 0.48839006689325304, "f_2": 0.47666277999515405, "f_3": 0.46483525464942854, "f_4": 0.45292564687612374}, "sample33": {"f_0": 0.4999999999999999, "f_1": 0.47677554250035636, "f_2": 0.4529850808827171, "f_3": 0.42880652991995843, "f_4": 0.4044197702842827}, "sample34": {"f_0": 0.4999999999999999, "f_1": 0.5057807935702404, "f_2": 0.5097898665610086, "f_3": 0.5120242394840311, "f_4": 0.5125156112709002}, "sample35": {"f_0": 0.4999999999999999, "f_1": 0.5048695721948838, "f_2": 0.508203609070001, "f_3": 0.5100170223931545, "f_4": 0.5103525711022209}, "sample36": {"f_0": 0.4999999999999999, "f_1": 0.49307291486728766, "f_2": 0.48563706391092043, "f_3": 0.47772396897489167, "f_4": 0.46936810679014207}, "sample37": {"f_0": 0.4999999999999999, "f_1": 0.5115674352047868, "f_2": 0.521723737930047, "f_3": 0.5305130422600633, "f_4": 0.5380114251298054}, "sample38": {"f_0": 0.4999999999999999, "f_1": 0.4947136056585036, "f_2": 0.4885214271588778, "f_3": 0.4814843045888479, "f_4": 0.4736742655652781}, "sample39": {"f_0": 0.4999999999999999, "f_1": 0.5038741200599894, "f_2": 0.5072200256022693, "f_3": 0.5100629076363533, "f_4": 0.5124345411798756}, "sample40": {"f_0": 0.4999999999999999, "f_1": 0.47406412221831384, "f_2": 0.44751697604512586, "f_3": 0.420557694440025, "f_4": 0.3933898536958238}, "sample41": {"f_0": 0.4999999999999999, "f_1": 0.4779962984622516, "f_2": 0.4555396096475142, "f_3": 0.432716320664705, "f_4": 0.4096192642136353}, "sample42": {"f_0": 0.4999999999999999, "f_1": 0.48273040089176156, "f_2": 0.4651695832230166, "f_3": 0.447383914689921, "f_4": 0.4294405129758924}, "sample43": {"f_0": 0.4999999999999999, "f_1": 0.5028298254036686, "f_2": 0.5052345677408687, "f_3": 0.5071997178128493, "f_4": 0.5087143861511131}, "sample44": {"f_0": 0.4999999999999999, "f_1": 0.5072692856330872, "f_2": 0.5137291636529514, "f_3": 0.5193538315035384, "f_4": 0.5241236749770445}, "sample45": {"f_0": 0.4999999999999999, "f_1": 0.4794696321690264, "f_2": 0.45801145145015665, "f_3": 0.4359282263050573, "f_4": 0.41353102670308806}, "sample46": {"f_0": 0.4999999999999999, "f_1": 0.5069496859870453, "f_2": 0.5116457629242909, "f_3": 0.5140397653743055, "f_4": 0.5141364593106341}, "sample47": {"f_0": 0.4999999999999999, "f_1": 0.47626172311276554, "f_2": 0.45202287761915483, "f_3": 0.4274526510880479, "f_4": 0.40272286310889005}, "sample48": {"f_0": 0.4999999999999999, "f_1": 0.5276308407934598, "f_2": 0.5539902291971162, "f_3": 0.578814275410134, "f_4": 0.601860057168344}, "sample49": {"f_0": 0.4999999999999999, "f_1": 0.5031744430057965, "f_2": 0.5062284701159719, "f_3": 0.5091585367237137, "f_4": 0.5119621882562421}, "sample50": {"f_0": 0.4999999999999999, "f_1": 0.518404616749416, "f_2": 0.5361065459616438, "f_3": 0.5529850774466758, "f_4": 0.568934007047598}, "sample51": {"f_0": 0.4999999999999999, "f_1": 0.49096550167039976, "f_2": 0.4817744515439819, "f_3": 0.47244677900432264, "f_4": 0.46300283830850697}, "sample52": {"f_0": 0.4999999999999999, "f_1": 0.49115731286462794, "f_2": 0.48166416847579, "f_3": 0.47158665559210833, "f_4": 0.46099702075835314}, "sample53": {"f_0": 0.4999999999999999, "f_1": 0.5186696731126839,