{"sample0": {"f_0": 0.5, "f_1": 0.5205078125, "f_2": 0.53125, "f_3": 0.5419921875, "f_4": 0.55078125}, "sample1": {"f_0": 0.5048828125, "f_1": 0.4677734375, "f_2": 0.4658203125, "f_3": 0.404296875, "f_4": 0.3916015625}, "sample2": {"f_0": 0.5263671875, "f_1": 0.521484375, "f_2": 0.5400390625, "f_3": 0.576171875, "f_4": 0.6220703125}, "sample3": {"f_0": 0.5341796875, "f_1": 0.4658203125, "f_2": 0.443359375, "f_3": 0.3798828125, "f_4": 0.3818359375}, "sample4": {"f_0": 0.5048828125, "f_1": 0.5166015625, "f_2": 0.515625, "f_3": 0.5517578125, "f_4": 0.5048828125}, "sample5": {"f_0": 0.478515625, "f_1": 0.4775390625, "f_2": 0.4091796875, "f_3": 0.349609375, "f_4": 0.3203125}, "sample6": {"f_0": 0.5224609375, "f_1": 0.5126953125, "f_2": 0.5615234375, "f_3": 0.5849609375, "f_4": 0.595703125}, "sample7": {"f_0": 0.5048828125, "f_1": 0.5, "f_2": 0.50390625, "f_3": 0.49609375, "f_4": 0.5166015625}, "sample8": {"f_0": 0.4951171875, "f_1": 0.4853515625, "f_2": 0.498046875, "f_3": 0.447265625, "f_4": 0.4423828125}, "sample9": {"f_0": 0.5185546875, "f_1": 0.556640625, "f_2": 0.5849609375, "f_3": 0.6103515625, "f_4": 0.625}, "sample10": {"f_0": 0.5087890625, "f_1": 0.4921875, "f_2": 0.4814453125, "f_3": 0.4755859375, "f_4": 0.482421875}, "sample11": {"f_0": 0.4970703125, "f_1": 0.4716796875, "f_2": 0.4619140625, "f_3": 0.4296875, "f_4": 0.4296875}, "sample12": {"f_0": 0.5068359375, "f_1": 0.4970703125, "f_2": 0.5390625, "f_3": 0.5712890625, "f_4": 0.5732421875}, "sample13": {"f_0": 0.509765625, "f_1": 0.4716796875, "f_2": 0.482421875, "f_3": 0.494140625, "f_4": 0.4501953125}, "sample14": {"f_0": 0.5224609375, "f_1": 0.4443359375, "f_2": 0.3955078125, "f_3": 0.3642578125, "f_4": 0.328125}, "sample15": {"f_0": 0.5107421875, "f_1": 0.5263671875, "f_2": 0.544921875, "f_3": 0.53125, "f_4": 0.546875}, "sample16": {"f_0": 0.513671875, "f_1": 0.478515625, "f_2": 0.5126953125, "f_3": 0.5107421875, "f_4": 0.5078125}, "sample17": {"f_0": 0.5048828125, "f_1": 0.455078125, "f_2": 0.4111328125, "f_3": 0.37890625, "f_4": 0.30859375}, "sample18": {"f_0": 0.484375, "f_1": 0.5009765625, "f_2": 0.48046875, "f_3": 0.4677734375, "f_4": 0.4501953125}, "sample19": {"f_0": 0.490234375, "f_1": 0.48046875, "f_2": 0.4873046875, "f_3": 0.4501953125, "f_4": 0.4462890625}, "sample20": {"f_0": 0.48828125, "f_1": 0.4501953125, "f_2": 0.4208984375, "f_3": 0.3955078125, "f_4": 0.337890625}, "sample21": {"f_0": 0.4716796875, "f_1": 0.4853515625, "f_2": 0.509765625, "f_3": 0.517578125, "f_4": 0.5146484375}, "sample22": {"f_0": 0.5302734375, "f_1": 0.4453125, "f_2": 0.3994140625, "f_3": 0.3720703125, "f_4": 0.30078125}, "sample23": {"f_0": 0.474609375, "f_1": 0.4814453125, "f_2": 0.4130859375, "f_3": 0.3984375, "f_4": 0.3427734375}, "sample24": {"f_0": 0.5185546875, "f_1": 0.4541015625, "f_2": 0.421875, "f_3": 0.4150390625, "f_4": 0.349609375}, "sample25": {"f_0": 0.4970703125, "f_1": 0.4755859375, "f_2": 0.41796875, "f_3": 0.3896484375, "f_4": 0.375}, "sample26": {"f_0": 0.49609375, "f_1": 0.5068359375, "f_2": 0.4599609375, "f_3": 0.486328125, "f_4": 0.4619140625}, "sample27": {"f_0": 0.5, "f_1": 0.505859375, "f_2": 0.5380859375, "f_3": 0.5576171875, "f_4": 0.5791015625}, "sample28": {"f_0": 0.515625, "f_1": 0.4873046875, "f_2": 0.470703125, "f_3": 0.4736328125, "f_4": 0.4697265625}, "sample29": {"f_0": 0.5146484375, "f_1": 0.4912109375, "f_2": 0.482421875, "f_3": 0.4619140625, "f_4": 0.4326171875}, "sample30": {"f_0": 0.478515625, "f_1": 0.529296875, "f_2": 0.5732421875, "f_3": 0.5537109375, "f_4": 0.59375}, "sample31": {"f_0": 0.494140625, "f_1": 0.48828125, "f_2": 0.4931640625, "f_3": 0.48828125, "f_4": 0.4619140625}, "sample32": {"f_0": 0.4716796875, "f_1": 0.5361328125, "f_2": 0.509765625, "f_3": 0.5283203125, "f_4": 0.5341796875}, "sample33": {"f_0": 0.513671875, "f_1": 0.521484375, "f_2": 0.5205078125, "f_3": 0.5595703125, "f_4": 0.5654296875}, "sample34": {"f_0": 0.484375, "f_1": 0.48828125, "f_2": 0.4755859375, "f_3": 0.466796875, "f_4": 0.4716796875}, "sample35": {"f_0": 0.529296875, "f_1": 0.486328125, "f_2": 0.4853515625, "f_3": 0.4736328125, "f_4": 0.45703125}, "sample36": {"f_0": 0.5068359375, "f_1": 0.48828125, "f_2": 0.5146484375, "f_3": 0.517578125, "f_4": 0.509765625}, "sample37": {"f_0": 0.5341796875, "f_1": 0.4736328125, "f_2": 0.48828125, "f_3": 0.4619140625, "f_4": 0.431640625}, "sample38": {"f_0": 0.458984375, "f_1": 0.5009765625, "f_2": 0.509765625, "f_3": 0.4736328125, "f_4": 0.517578125}, "sample39": {"f_0": 0.5068359375, "f_1": 0.4931640625, "f_2": 0.4873046875, "f_3": 0.4853515625, "f_4": 0.447265625}, "sample40": {"f_0": 0.5078125, "f_1": 0.509765625, "f_2": 0.55078125, "f_3": 0.591796875, "f_4": 0.56640625}, "sample41": {"f_0": 0.50390625, "f_1": 0.5302734375, "f_2": 0.5419921875, "f_3": 0.5517578125, "f_4": 0.5673828125}, "sample42": {"f_0": 0.4912109375, "f_1": 0.4892578125, "f_2": 0.5185546875, "f_3": 0.576171875, "f_4": 0.5546875}, "sample43": {"f_0": 0.48046875, "f_1": 0.50390625, "f_2": 0.490234375, "f_3": 0.482421875, "f_4": 0.4716796875}, "sample44": {"f_0": 0.5009765625, "f_1": 0.4775390625, "f_2": 0.51171875, "f_3": 0.4599609375, "f_4": 0.48046875}, "sample45": {"f_0": 0.484375, "f_1": 0.5166015625, "f_2": 0.5634765625, "f_3": 0.541015625, "f_4": 0.55078125}, "sample46": {"f_0": 0.490234375, "f_1": 0.478515625, "f_2": 0.5048828125, "f_3": 0.455078125, "f_4": 0.4375}, "sample47": {"f_0": 0.515625, "f_1": 0.5107421875, "f_2": 0.5390625, "f_3": 0.572265625, "f_4": 0.5810546875}, "sample48": {"f_0": 0.486328125, "f_1": 0.4716796875, "f_2": 0.4365234375, "f_3": 0.412109375, "f_4": 0.3486328125}, "sample49": {"f_0": 0.5048828125, "f_1": 0.498046875, "f_2": 0.5234375, "f_3": 0.466796875, "f_4": 0.5009765625}, "sample50": {"f_0": 0.5107421875, "f_1": 0.4970703125, "f_2": 0.4306640625, "f_3": 0.4345703125, "f_4": 0.412109375}, "sample51": {"f_0": 0.5029296875, "f_1": 0.4951171875, "f_2": 0.5068359375, "f_3": 0.5341796875, "f_4": 0.521484375}, "sample52": {"f_0": 0.474609375, "f_1": 0.513671875, "f_2": 0.521484375, "f_3": 0.5185546875, "f_4": 0.513671875}, "sample53": {"f_0": 0.51953125, "f_1": 0.4814453125, "f_2": 0.46875, "f_3": 0.4248046875, "f_4": 0.4111328125}, "sample54": {"f_0": 0.5078125, "f_1": 0.4775390625, "f_2": 0.4580078125, "f_3": 0.4228515625, "f_4": 0.427734375}, "sample55": {"f_0": 0.4765625, "f_1": 0.4970703125, "f_2": 0.4736328125, "f_3": 0.4521484375, "f_4": 0.44921875}, "sample56": {"f_0": 0.49609375, "f_1": 0.5244140625, "f_2": 0.5400390625, "f_3": 0.5595703125, "f_4": 0.5732421875}, "sample57": {"f_0": 0.486328125, "f_1": 0.4990234375, "f_2": 0.494140625, "f_3": 0.494140625, "f_4": 0.5087890625}, "sample58": {"f_0": 0.4931640625, "f_1": 0.50390625, "f_2": 0.513671875, "f_3": 0.4873046875, "f_4": 0.501953125}, "sample59": {"f_0": 0.49609375, "f_1": 0.50390625, "f_2": 0.4931640625, "f_3": 0.47265625, "f_4": 0.447265625}, "sample60": {"f_0": 0.5, "f_1": 0.5, "f_2": 0.484375, "f_3": 0.431640625, "f_4": 0.4072265625}, "sample61": {"f_0": 0.4873046875, "f_1": 0.4794921875, "f_2": 0.423828125, "f_3": 0.431640625, "f_4": 0.373046875}, "sample62": {"f_0": 0.4892578125, "f_1": 0.5087890625, "f_2": 0.5419921875, "f_3": 0.5224609375, "f_4": 0.5361328125}, "sample63": {"f_0": 0.50390625, "f_1": 0.50390625, "f_2": 0.5322265625, "f_3": 0.5673828125, "f_4": 0.5576171875}, "sample64": {"f_0": 0.4814453125, "f_1": 0.5009765625, "f_2": 0.5048828125, "f_3": 0.4873046875, "f_4": 0.447265625}, "sample65": {"f_0": 0.5068359375, "f_1": 0.49609375, "f_2": 0.451171875, "f_3": 0.4296875, "f_4": 0.3994140625}, "sample66": {"f_0": 0.4970703125, "f_1": 0.4853515625, "f_2": 0.4912109375, "f_3": 0.498046875, "f_4": 0.462890625}, "sample67": {"f_0": 0.51953125, "f_1": 0.5517578125, "f_2": 0.5, "f_3": 0.54296875, "f_4": 0.5419921875}, "sample68": {"f_0": 0.5087890625, "f_1": 0.486328125, "f_2": 0.4794921875, "f_3": 0.4462890625, "f_4": 0.4482421875}, "sample69": {"f_0": 0.50390625, "f_1": 0.5087890625, "f_2": 0.5029296875, "f_3": 0.53125, "f_4": 0.517578125},