{"sample0": {"f_0": 0.494108110666275, "f_1": 0.35353711247444153, "f_2": 0.30727124214172363, "f_3": 0.29670098423957825, "f_4": 0.28373125195503235}, "sample1": {"f_0": 0.5063323378562927, "f_1": 0.453682005405426, "f_2": 0.454121470451355, "f_3": 0.482977956533432, "f_4": 0.48512059450149536}, "sample2": {"f_0": 0.48837730288505554, "f_1": 0.3663621246814728, "f_2": 0.325171560049057, "f_3": 0.33936363458633423, "f_4": 0.30330413579940796}, "sample3": {"f_0": 0.5052306652069092, "f_1": 0.4859384596347809, "f_2": 0.49758046865463257, "f_3": 0.5051245093345642, "f_4": 0.527001142501831}, "sample4": {"f_0": 0.49761322140693665, "f_1": 0.35865694284439087, "f_2": 0.3416588008403778, "f_3": 0.32700875401496887, "f_4": 0.32633814215660095}, "sample5": {"f_0": 0.4689123034477234, "f_1": 0.43652117252349854, "f_2": 0.46890491247177124, "f_3": 0.48734864592552185, "f_4": 0.48507463932037354}, "sample6": {"f_0": 0.497105211019516, "f_1": 0.3414458930492401, "f_2": 0.33303818106651306, "f_3": 0.3005307912826538, "f_4": 0.2741067111492157}, "sample7": {"f_0": 0.49064382910728455, "f_1": 0.46701645851135254, "f_2": 0.4635862708091736, "f_3": 0.4579114019870758, "f_4": 0.46338677406311035}, "sample8": {"f_0": 0.5076938271522522, "f_1": 0.4095556139945984, "f_2": 0.4025520086288452, "f_3": 0.4148915410041809, "f_4": 0.4249667525291443}, "sample9": {"f_0": 0.48827239871025085, "f_1": 0.35504332184791565, "f_2": 0.32325950264930725, "f_3": 0.29975879192352295, "f_4": 0.25228604674339294}, "sample10": {"f_0": 0.4847259223461151, "f_1": 0.4392378628253937, "f_2": 0.4595474302768707, "f_3": 0.4901895225048065, "f_4": 0.4687168300151825}, "sample11": {"f_0": 0.5099743604660034, "f_1": 0.3492793142795563, "f_2": 0.3632931411266327, "f_3": 0.3734710216522217, "f_4": 0.35237106680870056}, "sample12": {"f_0": 0.5021049976348877, "f_1": 0.43548113107681274, "f_2": 0.3952338993549347, "f_3": 0.38455089926719666, "f_4": 0.35909226536750793}, "sample13": {"f_0": 0.4794132709503174, "f_1": 0.3973792493343353, "f_2": 0.3826082646846771, "f_3": 0.39624375104904175, "f_4": 0.4058813154697418}, "sample14": {"f_0": 0.4731054902076721, "f_1": 0.4969307482242584, "f_2": 0.5127832889556885, "f_3": 0.5523145794868469, "f_4": 0.5579355359077454}, "sample15": {"f_0": 0.49614518880844116, "f_1": 0.48539969325065613, "f_2": 0.48050397634506226, "f_3": 0.45615074038505554, "f_4": 0.4632432460784912}, "sample16": {"f_0": 0.4912125766277313, "f_1": 0.4913531243801117, "f_2": 0.44547614455223083, "f_3": 0.46908989548683167, "f_4": 0.43181321024894714}, "sample17": {"f_0": 0.5044851303100586, "f_1": 0.506365180015564, "f_2": 0.5192777514457703, "f_3": 0.5224843621253967, "f_4": 0.5431571006774902}, "sample18": {"f_0": 0.5032597184181213, "f_1": 0.32933542132377625, "f_2": 0.3479791283607483, "f_3": 0.3388536274433136, "f_4": 0.35752928256988525}, "sample19": {"f_0": 0.5020294785499573, "f_1": 0.4390121102333069, "f_2": 0.42592430114746094, "f_3": 0.47148436307907104, "f_4": 0.47295430302619934}, "sample20": {"f_0": 0.49814584851264954, "f_1": 0.4807049632072449, "f_2": 0.49254465103149414, "f_3": 0.49397847056388855, "f_4": 0.5152161121368408}, "sample21": {"f_0": 0.4992094933986664, "f_1": 0.4325701892375946, "f_2": 0.45247071981430054, "f_3": 0.4415561556816101, "f_4": 0.4327150881290436}, "sample22": {"f_0": 0.4957476556301117, "f_1": 0.48412856459617615, "f_2": 0.48431867361068726, "f_3": 0.5142922401428223, "f_4": 0.5357811450958252}, "sample23": {"f_0": 0.4932366907596588, "f_1": 0.4694443345069885, "f_2": 0.49781322479248047, "f_3": 0.4948732852935791, "f_4": 0.5360571146011353}, "sample24": {"f_0": 0.5084550380706787, "f_1": 0.45476028323173523, "f_2": 0.47068917751312256, "f_3": 0.4916389584541321, "f_4": 0.5112473368644714}, "sample25": {"f_0": 0.5049412846565247, "f_1": 0.528712272644043, "f_2": 0.5230541229248047, "f_3": 0.5297823548316956, "f_4": 0.5617649555206299}, "sample26": {"f_0": 0.504614531993866, "f_1": 0.40784433484077454, "f_2": 0.38828209042549133, "f_3": 0.37875768542289734, "f_4": 0.41116243600845337}, "sample27": {"f_0": 0.48683860898017883, "f_1": 0.3492993712425232, "f_2": 0.32733023166656494, "f_3": 0.31978660821914673, "f_4": 0.31158965826034546}, "sample28": {"f_0": 0.4988352954387665, "f_1": 0.543694019317627, "f_2": 0.5116613507270813, "f_3": 0.5482079982757568, "f_4": 0.5399390459060669}, "sample29": {"f_0": 0.5046001672744751, "f_1": 0.5038032531738281, "f_2": 0.5095428824424744, "f_3": 0.5176762342453003, "f_4": 0.5325323939323425}, "sample30": {"f_0": 0.4822256863117218, "f_1": 0.3517923653125763, "f_2": 0.3117015063762665, "f_3": 0.3018595576286316, "f_4": 0.30465322732925415}, "sample31": {"f_0": 0.4982401728630066, "f_1": 0.3950994312763214, "f_2": 0.388101726770401, "f_3": 0.4004044532775879, "f_4": 0.36521825194358826}, "sample32": {"f_0": 0.499716579914093, "f_1": 0.36261335015296936, "f_2": 0.35505425930023193, "f_3": 0.3481280207633972, "f_4": 0.3299638330936432}, "sample33": {"f_0": 0.49727097153663635, "f_1": 0.3752080202102661, "f_2": 0.35059279203414917, "f_3": 0.3401930630207062, "f_4": 0.36447572708129883}, "sample34": {"f_0": 0.5250003337860107, "f_1": 0.3795109689235687, "f_2": 0.3943667709827423, "f_3": 0.4038483798503876, "f_4": 0.3912501037120819}, "sample35": {"f_0": 0.5087892413139343, "f_1": 0.4970005750656128, "f_2": 0.5199481248855591, "f_3": 0.45722272992134094, "f_4": 0.4698573350906372}, "sample36": {"f_0": 0.48505276441574097, "f_1": 0.46755969524383545, "f_2": 0.4562895596027374, "f_3": 0.4453084468841553, "f_4": 0.4262472689151764}, "sample37": {"f_0": 0.5245863795280457, "f_1": 0.37114742398262024, "f_2": 0.37205612659454346, "f_3": 0.3851265609264374, "f_4": 0.3933013379573822}, "sample38": {"f_0": 0.49756136536598206, "f_1": 0.41329455375671387, "f_2": 0.4036353528499603, "f_3": 0.4009286165237427, "f_4": 0.39166203141212463}, "sample39": {"f_0": 0.4980814456939697, "f_1": 0.4051644206047058, "f_2": 0.4038492441177368, "f_3": 0.392309308052063, "f_4": 0.40027904510498047}, "sample40": {"f_0": 0.4963717460632324, "f_1": 0.4274425208568573, "f_2": 0.4133157432079315, "f_3": 0.38151052594184875, "f_4": 0.34648001194000244}, "sample41": {"f_0": 0.5288292169570923, "f_1": 0.39476272463798523, "f_2": 0.3856876492500305, "f_3": 0.37871798872947693, "f_4": 0.364358514547348}, "sample42": {"f_0": 0.5257738828659058, "f_1": 0.27425092458724976, "f_2": 0.34168893098831177, "f_3": 0.3283644914627075, "f_4": 0.28646615147590637}, "sample43": {"f_0": 0.5032287836074829, "f_1": 0.5027258396148682, "f_2": 0.5093945264816284, "f_3": 0.5049391388893127, "f_4": 0.5164573788642883}, "sample44": {"f_0": 0.48887667059898376, "f_1": 0.3682798147201538, "f_2": 0.36421018838882446, "f_3": 0.3578754961490631, "f_4": 0.37521225214004517}, "sample45": {"f_0": 0.49746713042259216, "f_1": 0.40281495451927185, "f_2": 0.3782048523426056, "f_3": 0.34545648097991943, "f_4": 0.3477005958557129}, "sample46": {"f_0": 0.5157053470611572, "f_1": 0.5014020800590515, "f_2": 0.4597490727901459, "f_3": 0.4657787084579468, "f_4": 0.4389169216156006}, "sample47": {"f_0": 0.5076438784599304, "f_1": 0.4040265381336212, "f_2": 0.38771718740463257, "f_3": 0.347024530172348, "f_4": 0.3431302607059479}, "sample48": {"f_0": 0.5157338976860046, "f_1": 0.5403377413749695, "f_2": 0.5336926579475403, "f_3": 0.5535316467285156, "f_4": 0.5589044690132141}, "sample49": {"f_0": 0.5137579441070557, "f_1": 0.4808776378631592, "f_2": 0.4939025640487671, "f_3": 0.4714275598526001, "f_4": 0.4737948775291443}, "sample50": {"f_0": 0.49649378657341003, "f_1": 0.5236113667488098, "f_2": 0.5258929133415222, "f_3": 0.5536060929298401, "f_4": 0.5766372084617615}, "sample51": {"f_0": 0.5065398216247559, "f_1": 0.359480619430542, "f_2": 0.34684693813323975, "f_3": 0.3865533471107483, "f_4": 0.3518921732902527}, "sample52": {"f_0": 0.49469009041786194, "f_1": 0.43379369378089905, "f_2": 0.3894234895706177, "f_3": 0.38781771063804626, "f_4": 0.40786609053611755},