{"sample0": {"f_0": 0, "f_1": 0, "f_2": 0, "f_3": 0.0009765625, "f_4": 0.001953125}, "sample1": {"f_0": 0, "f_1": 0.001953125, "f_2": 0.01953125, "f_3": 0.03515625, "f_4": 0.0673828125}, "sample2": {"f_0": 0, "f_1": 0.00390625, "f_2": 0.0068359375, "f_3": 0.025390625, "f_4": 0.0302734375}, "sample3": {"f_0": 0, "f_1": 0, "f_2": 0, "f_3": 0.0029296875, "f_4": 0.0068359375}, "sample4": {"f_0": 0, "f_1": 0.0029296875, "f_2": 0.0107421875, "f_3": 0.01953125, "f_4": 0.0380859375}, "sample5": {"f_0": 0, "f_1": 0.0009765625, "f_2": 0.0009765625, "f_3": 0, "f_4": 0.001953125}, "sample6": {"f_0": 0, "f_1": 0, "f_2": 0.0009765625, "f_3": 0.0029296875, "f_4": 0.0048828125}, "sample7": {"f_0": 0, "f_1": 0.0048828125, "f_2": 0.00390625, "f_3": 0.0166015625, "f_4": 0.0361328125}, "sample8": {"f_0": 0, "f_1": 0.00390625, "f_2": 0.01171875, "f_3": 0.0234375, "f_4": 0.0302734375}, "sample9": {"f_0": 0, "f_1": 0, "f_2": 0, "f_3": 0, "f_4": 0}, "sample10": {"f_0": 0, "f_1": 0, "f_2": 0, "f_3": 0, "f_4": 0}, "sample11": {"f_0": 0, "f_1": 0, "f_2": 0, "f_3": 0.0009765625, "f_4": 0.0009765625}, "sample12": {"f_0": 0, "f_1": 0.001953125, "f_2": 0.0009765625, "f_3": 0.0048828125, "f_4": 0.0146484375}, "sample13": {"f_0": 0, "f_1": 0, "f_2": 0.0009765625, "f_3": 0.005859375, "f_4": 0.005859375}, "sample14": {"f_0": 0, "f_1": 0.0009765625, "f_2": 0.0126953125, "f_3": 0.033203125, "f_4": 0.0478515625}, "sample15": {"f_0": 0, "f_1": 0.001953125, "f_2": 0.0068359375, "f_3": 0.0224609375, "f_4": 0.0263671875}, "sample16": {"f_0": 0, "f_1": 0, "f_2": 0.0107421875, "f_3": 0.0205078125, "f_4": 0.0361328125}, "sample17": {"f_0": 0, "f_1": 0, "f_2": 0, "f_3": 0, "f_4": 0.0009765625}, "sample18": {"f_0": 0, "f_1": 0.001953125, "f_2": 0, "f_3": 0.005859375, "f_4": 0.0029296875}, "sample19": {"f_0": 0, "f_1": 0, "f_2": 0.0048828125, "f_3": 0.0068359375, "f_4": 0.017578125}, "sample20": {"f_0": 0, "f_1": 0.0029296875, "f_2": 0.0078125, "f_3": 0.0205078125, "f_4": 0.02734375}, "sample21": {"f_0": 0, "f_1": 0, "f_2": 0.0068359375, "f_3": 0.01953125, "f_4": 0.029296875}, "sample22": {"f_0": 0, "f_1": 0, "f_2": 0.001953125, "f_3": 0.0048828125, "f_4": 0.013671875}, "sample23": {"f_0": 0, "f_1": 0.001953125, "f_2": 0.01171875, "f_3": 0.0126953125, "f_4": 0.0322265625}, "sample24": {"f_0": 0, "f_1": 0.0048828125, "f_2": 0.0146484375, "f_3": 0.033203125, "f_4": 0.0654296875}, "sample25": {"f_0": 0, "f_1": 0.0009765625, "f_2": 0.0107421875, "f_3": 0.0234375, "f_4": 0.0419921875}, "sample26": {"f_0": 0, "f_1": 0, "f_2": 0.0048828125, "f_3": 0.009765625, "f_4": 0.01953125}, "sample27": {"f_0": 0, "f_1": 0, "f_2": 0.0048828125, "f_3": 0.01171875, "f_4": 0.015625}, "sample28": {"f_0": 0, "f_1": 0.0029296875, "f_2": 0.0126953125, "f_3": 0.017578125, "f_4": 0.0537109375}, "sample29": {"f_0": 0, "f_1": 0, "f_2": 0, "f_3": 0, "f_4": 0.001953125}, "sample30": {"f_0": 0, "f_1": 0.0009765625, "f_2": 0.001953125, "f_3": 0.0078125, "f_4": 0.015625}, "sample31": {"f_0": 0, "f_1": 0, "f_2": 0.0009765625, "f_3": 0.0009765625, "f_4": 0.0009765625}, "sample32": {"f_0": 0, "f_1": 0, "f_2": 0.001953125, "f_3": 0.001953125, "f_4": 0.0107421875}, "sample33": {"f_0": 0, "f_1": 0.005859375, "f_2": 0.0234375, "f_3": 0.0400390625, "f_4": 0.0693359375}, "sample34": {"f_0": 0, "f_1": 0.001953125, "f_2": 0.0126953125, "f_3": 0.0234375, "f_4": 0.0419921875}, "sample35": {"f_0": 0, "f_1": 0.0048828125, "f_2": 0.013671875, "f_3": 0.0244140625, "f_4": 0.046875}, "sample36": {"f_0": 0, "f_1": 0.0009765625, "f_2": 0, "f_3": 0.005859375, "f_4": 0.0068359375}, "sample37": {"f_0": 0, "f_1": 0.0048828125, "f_2": 0.0234375, "f_3": 0.0302734375, "f_4": 0.0537109375}, "sample38": {"f_0": 0, "f_1": 0, "f_2": 0.001953125, "f_3": 0.009765625, "f_4": 0.0234375}, "sample39": {"f_0": 0, "f_1": 0, "f_2": 0, "f_3": 0, "f_4": 0.00390625}}