{"sample0": {"f_0": 1.0, "f_1": 1.0, "f_2": 0.998046875, "f_3": 0.998046875, "f_4": 0.9970703125}, "sample1": {"f_0": 1.0, "f_1": 0.9873046875, "f_2": 0.958984375, "f_3": 0.9033203125, "f_4": 0.8330078125}, "sample2": {"f_0": 1.0, "f_1": 0.98828125, "f_2": 0.9716796875, "f_3": 0.9521484375, "f_4": 0.921875}, "sample3": {"f_0": 1.0, "f_1": 0.998046875, "f_2": 0.9951171875, "f_3": 0.990234375, "f_4": 0.9814453125}, "sample4": {"f_0": 1.0, "f_1": 0.9931640625, "f_2": 0.96875, "f_3": 0.9326171875, "f_4": 0.900390625}, "sample5": {"f_0": 1.0, "f_1": 1.0, "f_2": 0.9990234375, "f_3": 0.9990234375, "f_4": 0.998046875}, "sample6": {"f_0": 1.0, "f_1": 0.99609375, "f_2": 0.994140625, "f_3": 0.9912109375, "f_4": 0.984375}, "sample7": {"f_0": 1.0, "f_1": 0.9921875, "f_2": 0.974609375, "f_3": 0.94921875, "f_4": 0.892578125}, "sample8": {"f_0": 1.0, "f_1": 0.9951171875, "f_2": 0.96875, "f_3": 0.923828125, "f_4": 0.876953125}, "sample9": {"f_0": 1.0, "f_1": 1.0, "f_2": 1.0, "f_3": 0.9990234375, "f_4": 1.0}, "sample10": {"f_0": 1.0, "f_1": 0.9990234375, "f_2": 0.9990234375, "f_3": 1.0, "f_4": 1.0}, "sample11": {"f_0": 1.0, "f_1": 1.0, "f_2": 0.998046875, "f_3": 0.9970703125, "f_4": 0.998046875}, "sample12": {"f_0": 1.0, "f_1": 0.99609375, "f_2": 0.9892578125, "f_3": 0.9677734375, "f_4": 0.9619140625}, "sample13": {"f_0": 1.0, "f_1": 1.0, "f_2": 0.9990234375, "f_3": 0.98828125, "f_4": 0.9912109375}, "sample14": {"f_0": 1.0, "f_1": 0.98828125, "f_2": 0.9521484375, "f_3": 0.90625, "f_4": 0.8701171875}, "sample15": {"f_0": 1.0, "f_1": 0.994140625, "f_2": 0.97265625, "f_3": 0.9501953125, "f_4": 0.9130859375}, "sample16": {"f_0": 1.0, "f_1": 0.9921875, "f_2": 0.966796875, "f_3": 0.91015625, "f_4": 0.8544921875}, "sample17": {"f_0": 1.0, "f_1": 1.0, "f_2": 1.0, "f_3": 1.0, "f_4": 0.9990234375}, "sample18": {"f_0": 1.0, "f_1": 0.9990234375, "f_2": 0.9921875, "f_3": 0.994140625, "f_4": 0.9912109375}, "sample19": {"f_0": 1.0, "f_1": 0.998046875, "f_2": 0.984375, "f_3": 0.982421875, "f_4": 0.9609375}, "sample20": {"f_0": 1.0, "f_1": 0.994140625, "f_2": 0.9775390625, "f_3": 0.9453125, "f_4": 0.9111328125}, "sample21": {"f_0": 1.0, "f_1": 0.9912109375, "f_2": 0.974609375, "f_3": 0.9453125, "f_4": 0.9306640625}, "sample22": {"f_0": 1.0, "f_1": 0.99609375, "f_2": 0.9873046875, "f_3": 0.97265625, "f_4": 0.95703125}, "sample23": {"f_0": 1.0, "f_1": 0.994140625, "f_2": 0.9736328125, "f_3": 0.94140625, "f_4": 0.912109375}, "sample24": {"f_0": 1.0, "f_1": 0.9873046875, "f_2": 0.9521484375, "f_3": 0.9013671875, "f_4": 0.841796875}, "sample25": {"f_0": 1.0, "f_1": 0.9931640625, "f_2": 0.9736328125, "f_3": 0.919921875, "f_4": 0.8837890625}, "sample26": {"f_0": 1.0, "f_1": 0.998046875, "f_2": 0.9931640625, "f_3": 0.9755859375, "f_4": 0.9619140625}, "sample27": {"f_0": 1.0, "f_1": 0.994140625, "f_2": 0.990234375, "f_3": 0.9775390625, "f_4": 0.9365234375}, "sample28": {"f_0": 1.0, "f_1": 0.9921875, "f_2": 0.951171875, "f_3": 0.8837890625, "f_4": 0.8388671875}, "sample29": {"f_0": 1.0, "f_1": 1.0, "f_2": 1.0, "f_3": 0.998046875, "f_4": 0.9990234375}, "sample30": {"f_0": 1.0, "f_1": 0.998046875, "f_2": 0.98828125, "f_3": 0.966796875, "f_4": 0.9619140625}, "sample31": {"f_0": 1.0, "f_1": 1.0, "f_2": 1.0, "f_3": 0.9951171875, "f_4": 0.9951171875}, "sample32": {"f_0": 1.0, "f_1": 1.0, "f_2": 0.9873046875, "f_3": 0.990234375, "f_4": 0.9794921875}, "sample33": {"f_0": 1.0, "f_1": 0.990234375, "f_2": 0.9228515625, "f_3": 0.8603515625, "f_4": 0.78515625}, "sample34": {"f_0": 1.0, "f_1": 0.9833984375, "f_2": 0.966796875, "f_3": 0.9287109375, "f_4": 0.8662109375}, "sample35": {"f_0": 1.0, "f_1": 0.9921875, "f_2": 0.9716796875, "f_3": 0.919921875, "f_4": 0.88671875}, "sample36": {"f_0": 1.0, "f_1": 1.0, "f_2": 0.99609375, "f_3": 0.9775390625, "f_4": 0.97265625}, "sample37": {"f_0": 1.0, "f_1": 0.9892578125, "f_2": 0.9521484375, "f_3": 0.88671875, "f_4": 0.8251953125}, "sample38": {"f_0": 1.0, "f_1": 0.9951171875, "f_2": 0.986328125, "f_3": 0.970703125, "f_4": 0.939453125}, "sample39": {"f_0": 1.0, "f_1": 1.0, "f_2": 1.0, "f_3": 0.9970703125, "f_4": 0.9970703125}}