{"sample0": {"f_0": 0.5107421875, "f_1": 0.47265625, "f_2": 0.466796875, "f_3": 0.48828125, "f_4": 0.4736328125}, "sample1": {"f_0": 0.494140625, "f_1": 0.4345703125, "f_2": 0.33984375, "f_3": 0.2626953125, "f_4": 0.2275390625}, "sample2": {"f_0": 0.4736328125, "f_1": 0.5498046875, "f_2": 0.6015625, "f_3": 0.619140625, "f_4": 0.6474609375}, "sample3": {"f_0": 0.5029296875, "f_1": 0.48828125, "f_2": 0.4345703125, "f_3": 0.435546875, "f_4": 0.375}, "sample4": {"f_0": 0.5048828125, "f_1": 0.5390625, "f_2": 0.591796875, "f_3": 0.615234375, "f_4": 0.6650390625}, "sample5": {"f_0": 0.4853515625, "f_1": 0.4833984375, "f_2": 0.513671875, "f_3": 0.501953125, "f_4": 0.552734375}, "sample6": {"f_0": 0.5078125, "f_1": 0.513671875, "f_2": 0.5283203125, "f_3": 0.5771484375, "f_4": 0.56640625}, "sample7": {"f_0": 0.490234375, "f_1": 0.4599609375, "f_2": 0.4111328125, "f_3": 0.3369140625, "f_4": 0.2734375}, "sample8": {"f_0": 0.5087890625, "f_1": 0.42578125, "f_2": 0.3955078125, "f_3": 0.310546875, "f_4": 0.2578125}, "sample9": {"f_0": 0.4833984375, "f_1": 0.498046875, "f_2": 0.486328125, "f_3": 0.4716796875, "f_4": 0.46484375}, "sample10": {"f_0": 0.515625, "f_1": 0.517578125, "f_2": 0.486328125, "f_3": 0.484375, "f_4": 0.490234375}, "sample11": {"f_0": 0.46875, "f_1": 0.4736328125, "f_2": 0.4833984375, "f_3": 0.4736328125, "f_4": 0.4375}, "sample12": {"f_0": 0.5107421875, "f_1": 0.4697265625, "f_2": 0.4189453125, "f_3": 0.4013671875, "f_4": 0.353515625}, "sample13": {"f_0": 0.501953125, "f_1": 0.5234375, "f_2": 0.46484375, "f_3": 0.4375, "f_4": 0.4423828125}, "sample14": {"f_0": 0.478515625, "f_1": 0.431640625, "f_2": 0.384765625, "f_3": 0.2998046875, "f_4": 0.255859375}, "sample15": {"f_0": 0.5283203125, "f_1": 0.5400390625, "f_2": 0.5927734375, "f_3": 0.591796875, "f_4": 0.650390625}, "sample16": {"f_0": 0.4765625, "f_1": 0.4287109375, "f_2": 0.3759765625, "f_3": 0.32421875, "f_4": 0.2470703125}, "sample17": {"f_0": 0.470703125, "f_1": 0.482421875, "f_2": 0.505859375, "f_3": 0.474609375, "f_4": 0.478515625}, "sample18": {"f_0": 0.529296875, "f_1": 0.5419921875, "f_2": 0.51953125, "f_3": 0.5244140625, "f_4": 0.5615234375}, "sample19": {"f_0": 0.4990234375, "f_1": 0.4638671875, "f_2": 0.447265625, "f_3": 0.373046875, "f_4": 0.37890625}, "sample20": {"f_0": 0.5146484375, "f_1": 0.48046875, "f_2": 0.3818359375, "f_3": 0.3447265625, "f_4": 0.2724609375}, "sample21": {"f_0": 0.4736328125, "f_1": 0.4736328125, "f_2": 0.4287109375, "f_3": 0.34765625, "f_4": 0.32421875}, "sample22": {"f_0": 0.4892578125, "f_1": 0.453125, "f_2": 0.4423828125, "f_3": 0.396484375, "f_4": 0.3583984375}, "sample23": {"f_0": 0.4814453125, "f_1": 0.5234375, "f_2": 0.5908203125, "f_3": 0.60546875, "f_4": 0.611328125}, "sample24": {"f_0": 0.4912109375, "f_1": 0.4150390625, "f_2": 0.33984375, "f_3": 0.2783203125, "f_4": 0.240234375}, "sample25": {"f_0": 0.5009765625, "f_1": 0.427734375, "f_2": 0.3955078125, "f_3": 0.3291015625, "f_4": 0.2587890625}, "sample26": {"f_0": 0.5126953125, "f_1": 0.552734375, "f_2": 0.578125, "f_3": 0.587890625, "f_4": 0.609375}, "sample27": {"f_0": 0.5048828125, "f_1": 0.4365234375, "f_2": 0.412109375, "f_3": 0.3818359375, "f_4": 0.353515625}, "sample28": {"f_0": 0.48046875, "f_1": 0.4287109375, "f_2": 0.359375, "f_3": 0.3046875, "f_4": 0.236328125}, "sample29": {"f_0": 0.4853515625, "f_1": 0.4833984375, "f_2": 0.4970703125, "f_3": 0.453125, "f_4": 0.447265625}, "sample30": {"f_0": 0.474609375, "f_1": 0.4609375, "f_2": 0.4482421875, "f_3": 0.400390625, "f_4": 0.3701171875}, "sample31": {"f_0": 0.505859375, "f_1": 0.4921875, "f_2": 0.44921875, "f_3": 0.451171875, "f_4": 0.451171875}, "sample32": {"f_0": 0.4912109375, "f_1": 0.4970703125, "f_2": 0.5185546875, "f_3": 0.556640625, "f_4": 0.568359375}, "sample33": {"f_0": 0.50390625, "f_1": 0.4306640625, "f_2": 0.3798828125, "f_3": 0.2568359375, "f_4": 0.212890625}, "sample34": {"f_0": 0.509765625, "f_1": 0.4208984375, "f_2": 0.3701171875, "f_3": 0.3212890625, "f_4": 0.275390625}, "sample35": {"f_0": 0.513671875, "f_1": 0.44921875, "f_2": 0.3740234375, "f_3": 0.3017578125, "f_4": 0.267578125}, "sample36": {"f_0": 0.490234375, "f_1": 0.4931640625, "f_2": 0.4599609375, "f_3": 0.421875, "f_4": 0.3876953125}, "sample37": {"f_0": 0.494140625, "f_1": 0.447265625, "f_2": 0.369140625, "f_3": 0.294921875, "f_4": 0.19921875}, "sample38": {"f_0": 0.474609375, "f_1": 0.462890625, "f_2": 0.4287109375, "f_3": 0.392578125, "f_4": 0.3447265625}, "sample39": {"f_0": 0.5126953125, "f_1": 0.5029296875, "f_2": 0.4609375, "f_3": 0.4521484375, "f_4": 0.4375}}