{"sample0": {"f_0": 0.986328125, "f_1": 0.927734375, "f_2": 0.8740234375, "f_3": 0.837890625, "f_4": 0.755859375, "f_5": 0.67578125, "f_6": 0.5751953125, "f_7": 0.4990234375, "f_8": 0.3955078125, "f_9": 0.3583984375}, "sample1": {"f_0": 0.9736328125, "f_1": 0.935546875, "f_2": 0.8515625, "f_3": 0.818359375, "f_4": 0.7431640625, "f_5": 0.640625, "f_6": 0.5322265625, "f_7": 0.4404296875, "f_8": 0.3427734375, "f_9": 0.267578125}, "sample2": {"f_0": 0.978515625, "f_1": 0.9453125, "f_2": 0.904296875, "f_3": 0.87109375, "f_4": 0.796875, "f_5": 0.7724609375, "f_6": 0.712890625, "f_7": 0.63671875, "f_8": 0.607421875, "f_9": 0.5087890625}, "sample3": {"f_0": 0.978515625, "f_1": 0.9326171875, "f_2": 0.88671875, "f_3": 0.857421875, "f_4": 0.783203125, "f_5": 0.744140625, "f_6": 0.6650390625, "f_7": 0.6123046875, "f_8": 0.5634765625, "f_9": 0.484375}, "sample4": {"f_0": 0.978515625, "f_1": 0.95703125, "f_2": 0.91796875, "f_3": 0.9189453125, "f_4": 0.8984375, "f_5": 0.8642578125, "f_6": 0.8447265625, "f_7": 0.8212890625, "f_8": 0.8017578125, "f_9": 0.796875}, "sample5": {"f_0": 0.9716796875, "f_1": 0.9248046875, "f_2": 0.892578125, "f_3": 0.802734375, "f_4": 0.697265625, "f_5": 0.6103515625, "f_6": 0.5478515625, "f_7": 0.423828125, "f_8": 0.333984375, "f_9": 0.2724609375}, "sample6": {"f_0": 0.9775390625, "f_1": 0.93359375, "f_2": 0.8828125, "f_3": 0.84765625, "f_4": 0.7763671875, "f_5": 0.71875, "f_6": 0.6142578125, "f_7": 0.556640625, "f_8": 0.4892578125, "f_9": 0.4072265625}, "sample7": {"f_0": 0.96875, "f_1": 0.9208984375, "f_2": 0.888671875, "f_3": 0.8740234375, "f_4": 0.8134765625, "f_5": 0.78515625, "f_6": 0.736328125, "f_7": 0.685546875, "f_8": 0.6083984375, "f_9": 0.6201171875}, "sample8": {"f_0": 0.97265625, "f_1": 0.9453125, "f_2": 0.923828125, "f_3": 0.8857421875, "f_4": 0.8388671875, "f_5": 0.818359375, "f_6": 0.7939453125, "f_7": 0.779296875, "f_8": 0.69140625, "f_9": 0.6787109375}, "sample9": {"f_0": 0.9677734375, "f_1": 0.9326171875, "f_2": 0.8896484375, "f_3": 0.8427734375, "f_4": 0.7529296875, "f_5": 0.7490234375, "f_6": 0.6767578125, "f_7": 0.6357421875, "f_8": 0.5400390625, "f_9": 0.5126953125}, "sample10": {"f_0": 0.9736328125, "f_1": 0.9365234375, "f_2": 0.8935546875, "f_3": 0.8876953125, "f_4": 0.8564453125, "f_5": 0.8359375, "f_6": 0.7939453125, "f_7": 0.759765625, "f_8": 0.7333984375, "f_9": 0.720703125}, "sample11": {"f_0": 0.97265625, "f_1": 0.943359375, "f_2": 0.9072265625, "f_3": 0.8896484375, "f_4": 0.8173828125, "f_5": 0.7802734375, "f_6": 0.7138671875, "f_7": 0.6611328125, "f_8": 0.6044921875, "f_9": 0.5390625}, "sample12": {"f_0": 0.9765625, "f_1": 0.9423828125, "f_2": 0.8984375, "f_3": 0.8212890625, "f_4": 0.7294921875, "f_5": 0.6484375, "f_6": 0.5556640625, "f_7": 0.46875, "f_8": 0.4072265625, "f_9": 0.3515625}, "sample13": {"f_0": 0.974609375, "f_1": 0.939453125, "f_2": 0.892578125, "f_3": 0.8662109375, "f_4": 0.80859375, "f_5": 0.7314453125, "f_6": 0.6611328125, "f_7": 0.595703125, "f_8": 0.5205078125, "f_9": 0.4736328125}, "sample14": {"f_0": 0.9814453125, "f_1": 0.9326171875, "f_2": 0.8857421875, "f_3": 0.8525390625, "f_4": 0.806640625, "f_5": 0.73046875, "f_6": 0.62890625, "f_7": 0.5908203125, "f_8": 0.4931640625, "f_9": 0.4072265625}, "sample15": {"f_0": 0.9765625, "f_1": 0.947265625, "f_2": 0.908203125, "f_3": 0.8916015625, "f_4": 0.8271484375, "f_5": 0.79296875, "f_6": 0.7666015625, "f_7": 0.712890625, "f_8": 0.6787109375, "f_9": 0.642578125}, "sample16": {"f_0": 0.974609375, "f_1": 0.939453125, "f_2": 0.896484375, "f_3": 0.908203125, "f_4": 0.849609375, "f_5": 0.80859375, "f_6": 0.771484375, "f_7": 0.7431640625, "f_8": 0.6865234375, "f_9": 0.6494140625}, "sample17": {"f_0": 0.9775390625, "f_1": 0.935546875, "f_2": 0.89453125, "f_3": 0.8662109375, "f_4": 0.7744140625, "f_5": 0.712890625, "f_6": 0.6337890625, "f_7": 0.568359375, "f_8": 0.45703125, "f_9": 0.40234375}, "sample18": {"f_0": 0.9765625, "f_1": 0.9453125, "f_2": 0.8974609375, "f_3": 0.91015625, "f_4": 0.876953125, "f_5": 0.865234375, "f_6": 0.8486328125, "f_7": 0.796875, "f_8": 0.7568359375, "f_9": 0.7509765625}, "sample19": {"f_0": 0.9716796875, "f_1": 0.943359375, "f_2": 0.8974609375, "f_3": 0.8662109375, "f_4": 0.8173828125, "f_5": 0.7802734375, "f_6": 0.7197265625, "f_7": 0.6650390625, "f_8": 0.6240234375, "f_9": 0.58984375}, "sample20": {"f_0": 0.974609375, "f_1": 0.955078125, "f_2": 0.9091796875, "f_3": 0.9130859375, "f_4": 0.8603515625, "f_5": 0.8349609375, "f_6": 0.8271484375, "f_7": 0.810546875, "f_8": 0.7744140625, "f_9": 0.7314453125}, "sample21": {"f_0": 0.9677734375, "f_1": 0.953125, "f_2": 0.90625, "f_3": 0.888671875, "f_4": 0.8251953125, "f_5": 0.828125, "f_6": 0.7822265625, "f_7": 0.7373046875, "f_8": 0.7216796875, "f_9": 0.6611328125}, "sample22": {"f_0": 0.966796875, "f_1": 0.931640625, "f_2": 0.8935546875, "f_3": 0.849609375, "f_4": 0.748046875, "f_5": 0.7158203125, "f_6": 0.64453125, "f_7": 0.615234375, "f_8": 0.5009765625, "f_9": 0.4462890625}, "sample23": {"f_0": 0.978515625, "f_1": 0.953125, "f_2": 0.9150390625, "f_3": 0.90625, "f_4": 0.876953125, "f_5": 0.8701171875, "f_6": 0.853515625, "f_7": 0.8408203125, "f_8": 0.8291015625, "f_9": 0.7998046875}, "sample24": {"f_0": 0.9658203125, "f_1": 0.9404296875, "f_2": 0.88671875, "f_3": 0.845703125, "f_4": 0.7783203125, "f_5": 0.7236328125, "f_6": 0.646484375, "f_7": 0.59375, "f_8": 0.521484375, "f_9": 0.439453125}, "sample25": {"f_0": 0.9736328125, "f_1": 0.9423828125, "f_2": 0.90234375, "f_3": 0.8984375, "f_4": 0.8486328125, "f_5": 0.833984375, "f_6": 0.806640625, "f_7": 0.783203125, "f_8": 0.744140625, "f_9": 0.7080078125}, "sample26": {"f_0": 0.9697265625, "f_1": 0.943359375, "f_2": 0.9013671875, "f_3": 0.900390625, "f_4": 0.8671875, "f_5": 0.875, "f_6": 0.8046875, "f_7": 0.8232421875, "f_8": 0.80078125, "f_9": 0.744140625}, "sample27": {"f_0": 0.9697265625, "f_1": 0.9404296875, "f_2": 0.91015625, "f_3": 0.8896484375, "f_4": 0.80859375, "f_5": 0.763671875, "f_6": 0.7001953125, "f_7": 0.6552734375, "f_8": 0.556640625, "f_9": 0.53515625}, "sample28": {"f_0": 0.9775390625, "f_1": 0.921875, "f_2": 0.888671875, "f_3": 0.8505859375, "f_4": 0.7900390625, "f_5": 0.748046875, "f_6": 0.6494140625, "f_7": 0.60546875, "f_8": 0.513671875, "f_9": 0.51953125}, "sample29": {"f_0": 0.9736328125, "f_1": 0.9365234375, "f_2": 0.9111328125, "f_3": 0.9208984375, "f_4": 0.8994140625, "f_5": 0.90234375, "f_6": 0.861328125, "f_7": 0.8505859375, "f_8": 0.8369140625, "f_9": 0.8427734375}, "sample30": {"f_0": 0.96484375, "f_1": 0.943359375, "f_2": 0.8974609375, "f_3": 0.875, "f_4": 0.828125, "f_5": 0.7529296875, "f_6": 0.7216796875, "f_7": 0.6513671875, "f_8": 0.580078125, "f_9": 0.546875}, "sample31": {"f_0": 0.9765625, "f_1": 0.9443359375, "f_2": 0.916015625, "f_3": 0.9033203125, "f_4": 0.8828125, "f_5": 0.8603515625, "f_6": 0.833984375, "f_7": 0.8369140625, "f_8": 0.798828125, "f_9": 0.7978515625}, "sample32": {"f_0": 0.9765625, "f_1": 0.93359375, "f_2": 0.884765625, "f_3": 0.8515625, "f_4": 0.7861328125, "f_5": 0.763671875, "f_6": 0.6591796875, "f_7": 0.5927734375, "f_8": 0.5048828125, "f_9": 0.5068359375}, "sample33": {"f_0": 0.9697265625, "f_1": 0.9296875, "f_2": 0.8701171875, "f_3": 0.8388671875, "f_4": 0.71484375, "f_5": 0.658203125, "f_6": 0.5517578125, "f_7": 0.4638671875, "f_8": 0.451171875, "f_9": 0.3818359375}, "sample34": {"f_0": 0.974609375, "f_1": 0.94140625, "f_2": 0.8798828125, "f_3": 0.884765625, "f_4": 0.8271484375, "f_5": 0.814453125, "f_6": 0.7470703125, "f_7": 0.751953125, "f_8": 0.6884765625, "f_9": 0.650390625}, "sample35": {"f_0": 0.97265625, "f_1": 0.9404296875, "f_2": 0.9189453125, "f_3": 0.8974609375, "f_4": 0.83984375, "f_5": 0.833984375, "f_6": 0.7978515625, "f_7": 0.76953125, "f_8": 0.720703125, "f_9": 0.7021484375}, "sample36": {"f_0": 0.96875, "f_1": 0.931640625, "f_2": 0.9091796875, "f_3": 0.8623046875, "f_4": 0.7919921875, "f_5": 0.755859375, "f_6": 0.65234375, "f_7": 0.6220703125, "f_8": 0.5439453125, "f_9": 0.4677734375}, "sample37": {"f_0": 0.974609375, "f_1": 0.9453125,