{"sample0": {"f_0": 0, "f_1": 0.0056458679027235215, "f_2": 0.022191413144999957, "f_3": 0.04849148364190852, "f_4": 0.08273834452294106, "f_5": 0.12260421223677742, "f_6": 0.16542406401678117, "f_7": 0.2084036693634485, "f_8": 0.2488357383779742, "f_9": 0.28430645463192206}, "sample1": {"f_0": 0, "f_1": 0.006399625834974259, "f_2": 0.02525724449549716, "f_3": 0.055557110424869195, "f_4": 0.09563557706021343, "f_5": 0.14323293504901158, "f_6": 0.19557923816835276, "f_7": 0.24952182145851926, "f_8": 0.30169791607790997, "f_9": 0.3487487627839753}, "sample2": {"f_0": 0, "f_1": 0.00018334440856001186, "f_2": 0.0008425708304724361, "f_3": 0.002290006625116397, "f_4": 0.004997150024673449, "f_5": 0.009527169887070957, "f_6": 0.016451828759963406, "f_7": 0.02626266111432753, "f_8": 0.039286980817060814, "f_9": 0.05561881979817938}, "sample3": {"f_0": 0, "f_1": 0.002016165409132169, "f_2": 0.008032663855474699, "f_3": 0.017952849950718476, "f_4": 0.03161359144207288, "f_5": 0.048782584013072075, "f_6": 0.06915535834324654, "f_7": 0.09235267085761978, "f_8": 0.11791906585143432, "f_9": 0.14532342656254976}, "sample4": {"f_0": 0, "f_1": 0.00010797336611017576, "f_2": 0.00043018610834293173, "f_3": 0.0009615684863643938, "f_4": 0.0016938441330123272, "f_5": 0.002615785579289682, "f_6": 0.003713563502637367, "f_7": 0.00497118136094114, "f_8": 0.006370984908246451, "f_9": 0.00789423408751965}, "sample5": {"f_0": 0, "f_1": 0.007079816839803222, "f_2": 0.027685763021016475, "f_3": 0.05998079817724368, "f_4": 0.10110813198362119, "f_5": 0.1474761303049082, "f_6": 0.19511461888498777, "f_7": 0.24006547931227817, "f_8": 0.27876697576997583, "f_9": 0.30839208433331317}, "sample6": {"f_0": 0, "f_1": 0.004839709170516599, "f_2": 0.01901042961603881, "f_3": 0.04149661012547784, "f_4": 0.07070194660242529, "f_5": 0.10458487075737825, "f_6": 0.14083118346117424, "f_7": 0.1770486112839165, "f_8": 0.21096614631693467, "f_9": 0.2406206315836053}, "sample7": {"f_0": 0, "f_1": 0.000866562120706362, "f_2": 0.003420125712930581, "f_3": 0.007524674511932488, "f_4": 0.012961465988561622, "f_5": 0.01944129251171391, "f_6": 0.0266221298618357, "f_7": 0.0341322600150378, "f_8": 0.041598504294344314, "f_9": 0.04867853729254846}, "sample8": {"f_0": 0, "f_1": 0.0008533267706661698, "f_2": 0.0034212811419177046, "f_3": 0.007726687430146593, "f_4": 0.013803996561723006, "f_5": 0.02169414237714833, "f_6": 0.0314378074364585, "f_7": 0.04306753247567592, "f_8": 0.056599182928103106, "f_9": 0.07202333518369566}, "sample9": {"f_0": 0, "f_1": 0.001056901776940521, "f_2": 0.004202911338932154, "f_3": 0.009360277336970596, "f_4": 0.0163882626996357, "f_5": 0.025069951155890707, "f_6": 0.03510021138888919, "f_7": 0.04607987330374064, "f_8": 0.0575208745629559, "f_9": 0.06886590467560222}, "sample10": {"f_0": 0, "f_1": 7.137095435598221e-05, "f_2": 0.0002931450157805068, "f_3": 0.0006869438902932411, "f_4": 0.0012844646583300447, "f_5": 0.0021216477655454586, "f_6": 0.0032317775504132422, "f_7": 0.0046385858316362084, "f_8": 0.0063504820984930785, "f_9": 0.008356938754944285}, "sample11": {"f_0": 0, "f_1": 0.002739424417164905, "f_2": 0.010848365468263003, "f_3": 0.024003508228983506, "f_4": 0.041681393534932824, "f_5": 0.06318080289446336, "f_6": 0.08765270298974581, "f_7": 0.11413643069870291, "f_8": 0.14160052644693905, "f_9": 0.16898642187275095}, "sample12": {"f_0": 0, "f_1": 0.005832587106753911, "f_2": 0.022873885023548122, "f_3": 0.04979549027670876, "f_4": 0.08451617706689592, "f_5": 0.12438798339999728, "f_6": 0.16643184239798556, "f_7": 0.20760072841275776, "f_8": 0.2450457701329212, "f_9": 0.276360592435466}, "sample13": {"f_0": 0, "f_1": 0.00357031332002327, "f_2": 0.014122128934310411, "f_3": 0.03118580038499795, "f_4": 0.054003950150850674, "f_5": 0.08156817883986561, "f_6": 0.11266784679807183, "f_7": 0.14594847678131512, "f_8": 0.17997684528595032, "f_9": 0.21330949814690434}, "sample14": {"f_0": 0, "f_1": 0.004010862139713505, "f_2": 0.01587674333936085, "f_3": 0.035104717659236576, "f_4": 0.06089693956258317, "f_5": 0.09218525605875343, "f_6": 0.12767780910373228, "f_7": 0.1659158096875931, "f_8": 0.2053382038375347, "f_9": 0.24435154411286003}, "sample15": {"f_0": 0, "f_1": 0.00012670814761989036, "f_2": 0.000550882161724828, "f_3": 0.0014011462418839727, "f_4": 0.0028803600863855743, "f_5": 0.005249153306514065, "f_6": 0.008804431017598818, "f_7": 0.013854287080865144, "f_8": 0.020691007840411287, "f_9": 0.0295639871795909}, "sample16": {"f_0": 0, "f_1": 0.00019722640051887032, "f_2": 0.0008000907289514706, "f_3": 0.0018400663407916165, "f_4": 0.0033629310928008412, "f_5": 0.005419640989567944, "f_6": 0.008055235851288587, "f_7": 0.011297240858620473, "f_8": 0.015145157937849077, "f_9": 0.01956259499270787}, "sample17": {"f_0": 0, "f_1": 0.0015339054194293516, "f_2": 0.0062404171144032575, "f_3": 0.014413001075111101, "f_4": 0.026473822907380165, "f_5": 0.042882745880851836, "f_6": 0.06402753963358995, "f_7": 0.0901102247663399, "f_8": 0.12104528499627513, "f_9": 0.156384303645799}, "sample18": {"f_0": 0, "f_1": 0.0003814291409426156, "f_2": 0.00151760789672911, "f_3": 0.0033844493973219985, "f_4": 0.005942599368894303, "f_5": 0.009138598988169966, "f_6": 0.012906467663508427, "f_7": 0.01716966192494344, "f_8": 0.021843356044924066, "f_9": 0.02683698085613168}, "sample19": {"f_0": 0, "f_1": 0.0014169605718401055, "f_2": 0.005586702243348463, "f_3": 0.012271019250583545, "f_4": 0.021089971734617755, "f_5": 0.03154641726822454, "f_6": 0.043058269482785225, "f_7": 0.05499653689315297, "f_8": 0.06672682922321593, "f_9": 0.07765178266501269}, "sample20": {"f_0": 0, "f_1": 0.0007741019322269401, "f_2": 0.003088694401183, "f_3": 0.006920718528988991, "f_4": 0.012232012326618056, "f_5": 0.018969711845568313, "f_6": 0.02706680670565302, "f_7": 0.03644284399428358, "f_8": 0.04700477293021438, "f_9": 0.058647921165508266}, "sample21": {"f_0": 0, "f_1": 0.0014370142932486707, "f_2": 0.005706903400925969, "f_3": 0.012687438863924172, "f_4": 0.02217897971834265, "f_5": 0.03391045590454976, "f_6": 0.04754749627044953, "f_7": 0.06270246118986393, "f_8": 0.07894608351846794, "f_9": 0.09582037401217314}, "sample22": {"f_0": 0, "f_1": 0.002373748641164098, "f_2": 0.00935483613657971, "f_3": 0.02053089502705026, "f_4": 0.035241226027146896, "f_5": 0.052615128989689196, "f_6": 0.07162257112938467, "f_7": 0.09113438561384452, "f_8": 0.1099886504556671, "f_9": 0.12705953130020797}, "sample23": {"f_0": 0, "f_1": 0.00033962691968255455, "f_2": 0.0013552370350260101, "f_3": 0.0030371084299983067, "f_4": 0.005369335355164801, "f_5": 0.008330265344560345, "f_6": 0.011893093342176477, "f_7": 0.016026595602578627, "f_8": 0.020695982046667883, "f_9": 0.025863842268835938}, "sample24": {"f_0": 0, "f_1": 0.00012811545158120243, "f_2": 0.0007160673357127061, "f_3": 0.002330686680720111, "f_4": 0.005777918457529441, "f_5": 0.011920800229823302, "f_6": 0.02147237750133837, "f_7": 0.034801484988331424, "f_8": 0.051787964449241844, "f_9": 0.07175625843559855}, "sample25": {"f_0": 0, "f_1": 4.640015829710015e-05, "f_2": 0.00019479101311918584, "f_3": 0.0004721506808537805, "f_4": 0.000921497217067661, "f_5": 0.0015990783448524538, "f_6": 0.0025706475478610496, "f_7": 0.003907024661641135, "f_8": 0.0056791787270183604, "f_9": 0.007953098867903928}, "sample26": {"f_0": 0, "f_1": 0.0006942777083362759, "f_2": 0.0027641685019595685, "f_3": 0.006171273966755967, "f_4": 0.010853010756074201, "f_5": 0.01672468102863514, "f_6": 0.023682271645278034, "f_7": 0.031605886706136295, "f_8": 0.04036369631023783, "f_9": 0.04981626663743707}, "sample27": {"f_0": 0, "f_1": 0.0025795888326342904, "f_2": 0.01027249456172166, "f_3": 0.022940285722723875, "f_4": 0.04034962313832112, "f_5": 0.06216904397348857, "f_6": 0.08796580904788112, "f_7": 0.11720398696036825, "f_8": 0.1492450509735342, "f_9": 0.18335222309041582}, "sample28": {"f_0": 0, "f_1": 0.0009224977401038355, "f_2": 0.003690042116017348, "f_3": 0.00829216413510813,