{"sample0": {"f_0": 0.4873046875, "f_1": 0.5205078125, "f_2": 0.5712890625, "f_3": 0.623046875, "f_4": 0.6259765625, "f_5": 0.669921875, "f_6": 0.65234375, "f_7": 0.6513671875, "f_8": 0.5615234375, "f_9": 0.5390625}, "sample1": {"f_0": 0.4853515625, "f_1": 0.5517578125, "f_2": 0.583984375, "f_3": 0.6298828125, "f_4": 0.646484375, "f_5": 0.6484375, "f_6": 0.6357421875, "f_7": 0.60546875, "f_8": 0.537109375, "f_9": 0.53515625}, "sample2": {"f_0": 0.4853515625, "f_1": 0.46875, "f_2": 0.4208984375, "f_3": 0.419921875, "f_4": 0.3857421875, "f_5": 0.359375, "f_6": 0.3193359375, "f_7": 0.279296875, "f_8": 0.25390625, "f_9": 0.2294921875}, "sample3": {"f_0": 0.478515625, "f_1": 0.5126953125, "f_2": 0.5458984375, "f_3": 0.572265625, "f_4": 0.5732421875, "f_5": 0.5546875, "f_6": 0.5390625, "f_7": 0.5458984375, "f_8": 0.5390625, "f_9": 0.5029296875}, "sample4": {"f_0": 0.5078125, "f_1": 0.48046875, "f_2": 0.51171875, "f_3": 0.46484375, "f_4": 0.5048828125, "f_5": 0.46875, "f_6": 0.478515625, "f_7": 0.5, "f_8": 0.5244140625, "f_9": 0.5029296875}, "sample5": {"f_0": 0.498046875, "f_1": 0.4013671875, "f_2": 0.2822265625, "f_3": 0.228515625, "f_4": 0.1865234375, "f_5": 0.1083984375, "f_6": 0.0908203125, "f_7": 0.05859375, "f_8": 0.0673828125, "f_9": 0.0703125}, "sample6": {"f_0": 0.4794921875, "f_1": 0.556640625, "f_2": 0.5927734375, "f_3": 0.6552734375, "f_4": 0.6318359375, "f_5": 0.6318359375, "f_6": 0.666015625, "f_7": 0.6484375, "f_8": 0.599609375, "f_9": 0.5634765625}, "sample7": {"f_0": 0.49609375, "f_1": 0.509765625, "f_2": 0.515625, "f_3": 0.5498046875, "f_4": 0.51953125, "f_5": 0.5205078125, "f_6": 0.478515625, "f_7": 0.4951171875, "f_8": 0.4697265625, "f_9": 0.447265625}, "sample8": {"f_0": 0.5166015625, "f_1": 0.5048828125, "f_2": 0.5234375, "f_3": 0.533203125, "f_4": 0.552734375, "f_5": 0.5810546875, "f_6": 0.55859375, "f_7": 0.5732421875, "f_8": 0.5625, "f_9": 0.58203125}, "sample9": {"f_0": 0.4931640625, "f_1": 0.4296875, "f_2": 0.41015625, "f_3": 0.3388671875, "f_4": 0.318359375, "f_5": 0.2939453125, "f_6": 0.26171875, "f_7": 0.232421875, "f_8": 0.22265625, "f_9": 0.208984375}, "sample10": {"f_0": 0.5126953125, "f_1": 0.5009765625, "f_2": 0.4775390625, "f_3": 0.4697265625, "f_4": 0.4443359375, "f_5": 0.4501953125, "f_6": 0.4462890625, "f_7": 0.4384765625, "f_8": 0.4169921875, "f_9": 0.388671875}, "sample11": {"f_0": 0.4619140625, "f_1": 0.4306640625, "f_2": 0.380859375, "f_3": 0.310546875, "f_4": 0.267578125, "f_5": 0.2314453125, "f_6": 0.201171875, "f_7": 0.13671875, "f_8": 0.130859375, "f_9": 0.1005859375}, "sample12": {"f_0": 0.478515625, "f_1": 0.3935546875, "f_2": 0.30859375, "f_3": 0.26953125, "f_4": 0.201171875, "f_5": 0.1455078125, "f_6": 0.1064453125, "f_7": 0.072265625, "f_8": 0.0625, "f_9": 0.064453125}, "sample13": {"f_0": 0.4892578125, "f_1": 0.5146484375, "f_2": 0.5576171875, "f_3": 0.6123046875, "f_4": 0.6220703125, "f_5": 0.650390625, "f_6": 0.6181640625, "f_7": 0.63671875, "f_8": 0.638671875, "f_9": 0.5947265625}, "sample14": {"f_0": 0.4833984375, "f_1": 0.529296875, "f_2": 0.5693359375, "f_3": 0.607421875, "f_4": 0.6142578125, "f_5": 0.6337890625, "f_6": 0.6357421875, "f_7": 0.6201171875, "f_8": 0.6240234375, "f_9": 0.6083984375}, "sample15": {"f_0": 0.4765625, "f_1": 0.4755859375, "f_2": 0.5107421875, "f_3": 0.4794921875, "f_4": 0.4677734375, "f_5": 0.4501953125, "f_6": 0.4189453125, "f_7": 0.431640625, "f_8": 0.4150390625, "f_9": 0.388671875}, "sample16": {"f_0": 0.4697265625, "f_1": 0.4658203125, "f_2": 0.4326171875, "f_3": 0.4072265625, "f_4": 0.4169921875, "f_5": 0.3681640625, "f_6": 0.3505859375, "f_7": 0.3154296875, "f_8": 0.3193359375, "f_9": 0.2861328125}, "sample17": {"f_0": 0.50390625, "f_1": 0.4443359375, "f_2": 0.3662109375, "f_3": 0.3505859375, "f_4": 0.259765625, "f_5": 0.251953125, "f_6": 0.1923828125, "f_7": 0.1796875, "f_8": 0.1474609375, "f_9": 0.1201171875}, "sample18": {"f_0": 0.4736328125, "f_1": 0.494140625, "f_2": 0.4833984375, "f_3": 0.5087890625, "f_4": 0.521484375, "f_5": 0.533203125, "f_6": 0.5009765625, "f_7": 0.5029296875, "f_8": 0.505859375, "f_9": 0.51171875}, "sample19": {"f_0": 0.4892578125, "f_1": 0.4482421875, "f_2": 0.390625, "f_3": 0.3369140625, "f_4": 0.318359375, "f_5": 0.2880859375, "f_6": 0.2421875, "f_7": 0.2392578125, "f_8": 0.205078125, "f_9": 0.1806640625}, "sample20": {"f_0": 0.4853515625, "f_1": 0.50390625, "f_2": 0.5302734375, "f_3": 0.54296875, "f_4": 0.5322265625, "f_5": 0.5849609375, "f_6": 0.5517578125, "f_7": 0.5732421875, "f_8": 0.5771484375, "f_9": 0.5703125}, "sample21": {"f_0": 0.4912109375, "f_1": 0.529296875, "f_2": 0.541015625, "f_3": 0.560546875, "f_4": 0.5615234375, "f_5": 0.6064453125, "f_6": 0.560546875, "f_7": 0.5869140625, "f_8": 0.5859375, "f_9": 0.5751953125}, "sample22": {"f_0": 0.4755859375, "f_1": 0.404296875, "f_2": 0.388671875, "f_3": 0.3134765625, "f_4": 0.2939453125, "f_5": 0.25, "f_6": 0.150390625, "f_7": 0.158203125, "f_8": 0.1552734375, "f_9": 0.1533203125}, "sample23": {"f_0": 0.494140625, "f_1": 0.4609375, "f_2": 0.423828125, "f_3": 0.4140625, "f_4": 0.384765625, "f_5": 0.369140625, "f_6": 0.3388671875, "f_7": 0.328125, "f_8": 0.3154296875, "f_9": 0.26953125}, "sample24": {"f_0": 0.4853515625, "f_1": 0.4833984375, "f_2": 0.447265625, "f_3": 0.392578125, "f_4": 0.3798828125, "f_5": 0.359375, "f_6": 0.3076171875, "f_7": 0.3037109375, "f_8": 0.294921875, "f_9": 0.2880859375}, "sample25": {"f_0": 0.458984375, "f_1": 0.4580078125, "f_2": 0.4619140625, "f_3": 0.416015625, "f_4": 0.404296875, "f_5": 0.3994140625, "f_6": 0.392578125, "f_7": 0.36328125, "f_8": 0.37890625, "f_9": 0.353515625}, "sample26": {"f_0": 0.48046875, "f_1": 0.51953125, "f_2": 0.51953125, "f_3": 0.54296875, "f_4": 0.5498046875, "f_5": 0.5673828125, "f_6": 0.55859375, "f_7": 0.5947265625, "f_8": 0.576171875, "f_9": 0.6142578125}, "sample27": {"f_0": 0.4892578125, "f_1": 0.4375, "f_2": 0.37890625, "f_3": 0.3173828125, "f_4": 0.271484375, "f_5": 0.2255859375, "f_6": 0.1943359375, "f_7": 0.12890625, "f_8": 0.119140625, "f_9": 0.1005859375}, "sample28": {"f_0": 0.48046875, "f_1": 0.4228515625, "f_2": 0.390625, "f_3": 0.375, "f_4": 0.3193359375, "f_5": 0.283203125, "f_6": 0.255859375, "f_7": 0.2333984375, "f_8": 0.2216796875, "f_9": 0.2333984375}, "sample29": {"f_0": 0.5234375, "f_1": 0.4755859375, "f_2": 0.4423828125, "f_3": 0.4443359375, "f_4": 0.4326171875, "f_5": 0.435546875, "f_6": 0.404296875, "f_7": 0.44140625, "f_8": 0.400390625, "f_9": 0.3984375}, "sample30": {"f_0": 0.49609375, "f_1": 0.4091796875, "f_2": 0.3505859375, "f_3": 0.3193359375, "f_4": 0.283203125, "f_5": 0.2353515625, "f_6": 0.1904296875, "f_7": 0.146484375, "f_8": 0.142578125, "f_9": 0.1103515625}, "sample31": {"f_0": 0.4970703125, "f_1": 0.4814453125, "f_2": 0.4814453125, "f_3": 0.466796875, "f_4": 0.462890625, "f_5": 0.4482421875, "f_6": 0.423828125, "f_7": 0.4453125, "f_8": 0.41796875, "f_9": 0.4384765625}, "sample32": {"f_0": 0.51171875, "f_1": 0.4072265625, "f_2": 0.3583984375, "f_3": 0.3134765625, "f_4": 0.25, "f_5": 0.189453125, "f_6": 0.16015625, "f_7": 0.1240234375, "f_8": 0.1044921875, "f_9": 0.095703125}, "sample33": {"f_0": 0.4609375, "f_1": 0.546875, "f_2": 0.58203125, "f_3": 0.6572265625, "f_4": 0.64453125, "f_5": 0.6318359375, "f_6": 0.62109375, "f_7": 0.5859375, "f_8": 0.537109375, "f_9": 0.4970703125}, "sample34": {"f_0": 0.4970703125, "f_1": 0.4873046875, "f_2": 0.453125, "f_3": 0.4619140625, "f_4": 0.4482421875, "f_5": 0.435546875, "f_6": 0.4296875, "f_7": 0.3974609375, "f_8": 0.375, "f_9": 0.3623046875}, "sample35": {"f_0": 0.5048828125, "f_1": 0.4677734375, "f_2": 0.46484375, "f_3": 0.4326171875, "f_4": 0.4287109375, "f_5": 0.4130859375, "f_6": 0.4140625, "f_7": 0.4091796875, "f_8": 0.3662109375, "f_9": 0.37109375}, "sample36": {"f_0": 0.5107421875, "f_1": 0.44921875, "f_2": 0.3896484375, "f_3": 0.3134765625, "f_4": 0.2734375, "f_5": 0.2001953125, "f_6": 0.154296875, "f_7": 0.1201171875, "f_8": 0.115234375, "f_9": 0.0849609375}, "sample37": {"f_0": 0.4853515625, "f_1": 0.4638671875, "f_2": 0.40625,