{"sample0": {"f_0": 0.5166015625, "f_1": 0.5625, "f_2": 0.646484375, "f_3": 0.6708984375, "f_4": 0.6904296875, "f_5": 0.728515625, "f_6": 0.7119140625, "f_7": 0.703125, "f_8": 0.69921875, "f_9": 0.6064453125}, "sample1": {"f_0": 0.494140625, "f_1": 0.5751953125, "f_2": 0.6123046875, "f_3": 0.7080078125, "f_4": 0.755859375, "f_5": 0.7021484375, "f_6": 0.7158203125, "f_7": 0.6806640625, "f_8": 0.6630859375, "f_9": 0.607421875}, "sample2": {"f_0": 0.5322265625, "f_1": 0.484375, "f_2": 0.466796875, "f_3": 0.4228515625, "f_4": 0.39453125, "f_5": 0.3671875, "f_6": 0.3427734375, "f_7": 0.2841796875, "f_8": 0.2763671875, "f_9": 0.251953125}, "sample3": {"f_0": 0.5009765625, "f_1": 0.5546875, "f_2": 0.57421875, "f_3": 0.6201171875, "f_4": 0.595703125, "f_5": 0.6298828125, "f_6": 0.65234375, "f_7": 0.6240234375, "f_8": 0.599609375, "f_9": 0.5830078125}, "sample4": {"f_0": 0.482421875, "f_1": 0.5166015625, "f_2": 0.5146484375, "f_3": 0.5205078125, "f_4": 0.5390625, "f_5": 0.5546875, "f_6": 0.5400390625, "f_7": 0.548828125, "f_8": 0.55859375, "f_9": 0.5625}, "sample5": {"f_0": 0.5048828125, "f_1": 0.4091796875, "f_2": 0.34375, "f_3": 0.2265625, "f_4": 0.1708984375, "f_5": 0.1279296875, "f_6": 0.06640625, "f_7": 0.0576171875, "f_8": 0.0478515625, "f_9": 0.0673828125}, "sample6": {"f_0": 0.5087890625, "f_1": 0.5380859375, "f_2": 0.6162109375, "f_3": 0.6806640625, "f_4": 0.7177734375, "f_5": 0.70703125, "f_6": 0.732421875, "f_7": 0.7236328125, "f_8": 0.6845703125, "f_9": 0.66796875}, "sample7": {"f_0": 0.4677734375, "f_1": 0.533203125, "f_2": 0.556640625, "f_3": 0.5625, "f_4": 0.578125, "f_5": 0.5810546875, "f_6": 0.537109375, "f_7": 0.521484375, "f_8": 0.509765625, "f_9": 0.4765625}, "sample8": {"f_0": 0.5078125, "f_1": 0.5380859375, "f_2": 0.5703125, "f_3": 0.5556640625, "f_4": 0.578125, "f_5": 0.6298828125, "f_6": 0.62890625, "f_7": 0.61328125, "f_8": 0.6337890625, "f_9": 0.6611328125}, "sample9": {"f_0": 0.5, "f_1": 0.4736328125, "f_2": 0.43359375, "f_3": 0.37890625, "f_4": 0.3408203125, "f_5": 0.310546875, "f_6": 0.2685546875, "f_7": 0.23046875, "f_8": 0.248046875, "f_9": 0.2265625}, "sample10": {"f_0": 0.5029296875, "f_1": 0.4921875, "f_2": 0.5107421875, "f_3": 0.5146484375, "f_4": 0.4794921875, "f_5": 0.4931640625, "f_6": 0.47265625, "f_7": 0.48046875, "f_8": 0.4716796875, "f_9": 0.4296875}, "sample11": {"f_0": 0.529296875, "f_1": 0.45703125, "f_2": 0.3623046875, "f_3": 0.3291015625, "f_4": 0.2919921875, "f_5": 0.240234375, "f_6": 0.18359375, "f_7": 0.1435546875, "f_8": 0.1025390625, "f_9": 0.1005859375}, "sample12": {"f_0": 0.4892578125, "f_1": 0.416015625, "f_2": 0.341796875, "f_3": 0.244140625, "f_4": 0.1728515625, "f_5": 0.119140625, "f_6": 0.087890625, "f_7": 0.0576171875, "f_8": 0.04296875, "f_9": 0.0439453125}, "sample13": {"f_0": 0.5146484375, "f_1": 0.5654296875, "f_2": 0.603515625, "f_3": 0.65234375, "f_4": 0.70703125, "f_5": 0.701171875, "f_6": 0.7236328125, "f_7": 0.71484375, "f_8": 0.72265625, "f_9": 0.7001953125}, "sample14": {"f_0": 0.5166015625, "f_1": 0.5830078125, "f_2": 0.6298828125, "f_3": 0.666015625, "f_4": 0.697265625, "f_5": 0.7314453125, "f_6": 0.728515625, "f_7": 0.7294921875, "f_8": 0.712890625, "f_9": 0.7080078125}, "sample15": {"f_0": 0.4892578125, "f_1": 0.5166015625, "f_2": 0.501953125, "f_3": 0.5205078125, "f_4": 0.5166015625, "f_5": 0.5146484375, "f_6": 0.4599609375, "f_7": 0.4970703125, "f_8": 0.4931640625, "f_9": 0.462890625}, "sample16": {"f_0": 0.4873046875, "f_1": 0.486328125, "f_2": 0.4501953125, "f_3": 0.484375, "f_4": 0.431640625, "f_5": 0.412109375, "f_6": 0.39453125, "f_7": 0.3759765625, "f_8": 0.333984375, "f_9": 0.333984375}, "sample17": {"f_0": 0.4921875, "f_1": 0.4638671875, "f_2": 0.4052734375, "f_3": 0.359375, "f_4": 0.2646484375, "f_5": 0.2568359375, "f_6": 0.193359375, "f_7": 0.166015625, "f_8": 0.12890625, "f_9": 0.1376953125}, "sample18": {"f_0": 0.51953125, "f_1": 0.5234375, "f_2": 0.5390625, "f_3": 0.54296875, "f_4": 0.568359375, "f_5": 0.5859375, "f_6": 0.58203125, "f_7": 0.5908203125, "f_8": 0.5986328125, "f_9": 0.6044921875}, "sample19": {"f_0": 0.521484375, "f_1": 0.4599609375, "f_2": 0.4365234375, "f_3": 0.3857421875, "f_4": 0.3486328125, "f_5": 0.310546875, "f_6": 0.2490234375, "f_7": 0.2431640625, "f_8": 0.205078125, "f_9": 0.1728515625}, "sample20": {"f_0": 0.51171875, "f_1": 0.5341796875, "f_2": 0.541015625, "f_3": 0.5869140625, "f_4": 0.591796875, "f_5": 0.5986328125, "f_6": 0.65234375, "f_7": 0.6474609375, "f_8": 0.6767578125, "f_9": 0.7060546875}, "sample21": {"f_0": 0.486328125, "f_1": 0.5517578125, "f_2": 0.54296875, "f_3": 0.611328125, "f_4": 0.6083984375, "f_5": 0.6328125, "f_6": 0.6708984375, "f_7": 0.66796875, "f_8": 0.6474609375, "f_9": 0.65234375}, "sample22": {"f_0": 0.513671875, "f_1": 0.4384765625, "f_2": 0.388671875, "f_3": 0.3486328125, "f_4": 0.265625, "f_5": 0.2294921875, "f_6": 0.1982421875, "f_7": 0.158203125, "f_8": 0.140625, "f_9": 0.125}, "sample23": {"f_0": 0.5283203125, "f_1": 0.47265625, "f_2": 0.458984375, "f_3": 0.4482421875, "f_4": 0.423828125, "f_5": 0.4013671875, "f_6": 0.4140625, "f_7": 0.357421875, "f_8": 0.3662109375, "f_9": 0.30078125}, "sample24": {"f_0": 0.5048828125, "f_1": 0.474609375, "f_2": 0.46484375, "f_3": 0.400390625, "f_4": 0.4052734375, "f_5": 0.3857421875, "f_6": 0.3779296875, "f_7": 0.3212890625, "f_8": 0.3125, "f_9": 0.3095703125}, "sample25": {"f_0": 0.498046875, "f_1": 0.46875, "f_2": 0.5087890625, "f_3": 0.455078125, "f_4": 0.453125, "f_5": 0.4404296875, "f_6": 0.4345703125, "f_7": 0.416015625, "f_8": 0.3740234375, "f_9": 0.3466796875}, "sample26": {"f_0": 0.5009765625, "f_1": 0.509765625, "f_2": 0.5400390625, "f_3": 0.55859375, "f_4": 0.5673828125, "f_5": 0.59765625, "f_6": 0.6025390625, "f_7": 0.6474609375, "f_8": 0.6572265625, "f_9": 0.6552734375}, "sample27": {"f_0": 0.5087890625, "f_1": 0.447265625, "f_2": 0.38671875, "f_3": 0.3115234375, "f_4": 0.279296875, "f_5": 0.2490234375, "f_6": 0.1845703125, "f_7": 0.1513671875, "f_8": 0.10546875, "f_9": 0.0927734375}, "sample28": {"f_0": 0.5107421875, "f_1": 0.458984375, "f_2": 0.4150390625, "f_3": 0.3837890625, "f_4": 0.3623046875, "f_5": 0.3095703125, "f_6": 0.2880859375, "f_7": 0.24609375, "f_8": 0.248046875, "f_9": 0.21484375}, "sample29": {"f_0": 0.51171875, "f_1": 0.5205078125, "f_2": 0.5009765625, "f_3": 0.486328125, "f_4": 0.490234375, "f_5": 0.4765625, "f_6": 0.4931640625, "f_7": 0.5029296875, "f_8": 0.46484375, "f_9": 0.447265625}, "sample30": {"f_0": 0.4873046875, "f_1": 0.4384765625, "f_2": 0.4228515625, "f_3": 0.349609375, "f_4": 0.2919921875, "f_5": 0.2646484375, "f_6": 0.2001953125, "f_7": 0.142578125, "f_8": 0.1259765625, "f_9": 0.08984375}, "sample31": {"f_0": 0.494140625, "f_1": 0.5048828125, "f_2": 0.53125, "f_3": 0.529296875, "f_4": 0.4990234375, "f_5": 0.5029296875, "f_6": 0.5107421875, "f_7": 0.486328125, "f_8": 0.5048828125, "f_9": 0.4716796875}, "sample32": {"f_0": 0.5126953125, "f_1": 0.42578125, "f_2": 0.3232421875, "f_3": 0.2861328125, "f_4": 0.2548828125, "f_5": 0.2158203125, "f_6": 0.1669921875, "f_7": 0.1142578125, "f_8": 0.09765625, "f_9": 0.07421875}, "sample33": {"f_0": 0.4892578125, "f_1": 0.5830078125, "f_2": 0.63671875, "f_3": 0.6904296875, "f_4": 0.716796875, "f_5": 0.7197265625, "f_6": 0.673828125, "f_7": 0.6865234375, "f_8": 0.6318359375, "f_9": 0.6103515625}, "sample34": {"f_0": 0.513671875, "f_1": 0.4931640625, "f_2": 0.5009765625, "f_3": 0.5234375, "f_4": 0.4775390625, "f_5": 0.4541015625, "f_6": 0.4580078125, "f_7": 0.4296875, "f_8": 0.3974609375, "f_9": 0.439453125}, "sample35": {"f_0": 0.513671875, "f_1": 0.5107421875, "f_2": 0.4921875, "f_3": 0.5078125, "f_4": 0.4912109375, "f_5": 0.44140625, "f_6": 0.453125, "f_7": 0.451171875, "f_8": 0.3994140625, "f_9": 0.3603515625}, "sample36": {"f_0": 0.51171875, "f_1": 0.4248046875, "f_2": 0.4013671875, "f_3": 0.3251953125, "f_4": 0.275390625, "f_5": 0.23828125, "f_6": 0.1728515625, "f_7": 0.1123046875, "f_8": 0.087890625, "f_9": 0.0712890625}, "sample37": {"f_0": 0.5048828125, "f_1": 0.4833984375,