{"sample0": {"f_0": 0, "f_1": 0.0048828125, "f_2": 0.0234375, "f_3": 0.046875, "f_4": 0.0908203125, "f_5": 0.14453125, "f_6": 0.1494140625, "f_7": 0.197265625, "f_8": 0.2548828125, "f_9": 0.2890625}, "sample1": {"f_0": 0, "f_1": 0.005859375, "f_2": 0.0322265625, "f_3": 0.0576171875, "f_4": 0.1005859375, "f_5": 0.150390625, "f_6": 0.1962890625, "f_7": 0.267578125, "f_8": 0.3056640625, "f_9": 0.341796875}, "sample2": {"f_0": 0, "f_1": 0, "f_2": 0.0009765625, "f_3": 0.0009765625, "f_4": 0.00390625, "f_5": 0.0126953125, "f_6": 0.0146484375, "f_7": 0.0263671875, "f_8": 0.0361328125, "f_9": 0.0517578125}, "sample3": {"f_0": 0, "f_1": 0.001953125, "f_2": 0.0078125, "f_3": 0.0205078125, "f_4": 0.0283203125, "f_5": 0.044921875, "f_6": 0.06640625, "f_7": 0.0859375, "f_8": 0.1123046875, "f_9": 0.150390625}, "sample4": {"f_0": 0, "f_1": 0, "f_2": 0.0009765625, "f_3": 0, "f_4": 0.0009765625, "f_5": 0, "f_6": 0.0009765625, "f_7": 0.0068359375, "f_8": 0.0107421875, "f_9": 0.01171875}, "sample5": {"f_0": 0, "f_1": 0.0068359375, "f_2": 0.02734375, "f_3": 0.0576171875, "f_4": 0.0927734375, "f_5": 0.125, "f_6": 0.2041015625, "f_7": 0.240234375, "f_8": 0.2900390625, "f_9": 0.3076171875}, "sample6": {"f_0": 0, "f_1": 0.005859375, "f_2": 0.015625, "f_3": 0.0400390625, "f_4": 0.0810546875, "f_5": 0.09375, "f_6": 0.1376953125, "f_7": 0.171875, "f_8": 0.193359375, "f_9": 0.25}, "sample7": {"f_0": 0, "f_1": 0, "f_2": 0.00390625, "f_3": 0.005859375, "f_4": 0.0087890625, "f_5": 0.0263671875, "f_6": 0.0322265625, "f_7": 0.0419921875, "f_8": 0.0361328125, "f_9": 0.0380859375}, "sample8": {"f_0": 0, "f_1": 0, "f_2": 0.0029296875, "f_3": 0.0078125, "f_4": 0.015625, "f_5": 0.021484375, "f_6": 0.0283203125, "f_7": 0.0341796875, "f_8": 0.0400390625, "f_9": 0.0830078125}, "sample9": {"f_0": 0, "f_1": 0.0029296875, "f_2": 0.001953125, "f_3": 0.009765625, "f_4": 0.0126953125, "f_5": 0.0185546875, "f_6": 0.0419921875, "f_7": 0.0517578125, "f_8": 0.06640625, "f_9": 0.0712890625}, "sample10": {"f_0": 0, "f_1": 0, "f_2": 0, "f_3": 0, "f_4": 0, "f_5": 0.001953125, "f_6": 0.001953125, "f_7": 0.009765625, "f_8": 0.0068359375, "f_9": 0.0087890625}, "sample11": {"f_0": 0, "f_1": 0.0029296875, "f_2": 0.009765625, "f_3": 0.0244140625, "f_4": 0.037109375, "f_5": 0.076171875, "f_6": 0.087890625, "f_7": 0.09765625, "f_8": 0.15234375, "f_9": 0.16796875}, "sample12": {"f_0": 0, "f_1": 0.00390625, "f_2": 0.0234375, "f_3": 0.0419921875, "f_4": 0.0927734375, "f_5": 0.130859375, "f_6": 0.1767578125, "f_7": 0.2158203125, "f_8": 0.265625, "f_9": 0.302734375}, "sample13": {"f_0": 0, "f_1": 0.005859375, "f_2": 0.0166015625, "f_3": 0.0380859375, "f_4": 0.056640625, "f_5": 0.087890625, "f_6": 0.1064453125, "f_7": 0.1513671875, "f_8": 0.17578125, "f_9": 0.21484375}, "sample14": {"f_0": 0, "f_1": 0.005859375, "f_2": 0.0146484375, "f_3": 0.025390625, "f_4": 0.0537109375, "f_5": 0.1259765625, "f_6": 0.1337890625, "f_7": 0.1650390625, "f_8": 0.212890625, "f_9": 0.240234375}, "sample15": {"f_0": 0, "f_1": 0, "f_2": 0.0009765625, "f_3": 0.0048828125, "f_4": 0.0029296875, "f_5": 0.00390625, "f_6": 0.0068359375, "f_7": 0.0078125, "f_8": 0.0234375, "f_9": 0.029296875}, "sample16": {"f_0": 0, "f_1": 0.0009765625, "f_2": 0.0029296875, "f_3": 0, "f_4": 0.0048828125, "f_5": 0.00390625, "f_6": 0.0126953125, "f_7": 0.0107421875, "f_8": 0.013671875, "f_9": 0.025390625}, "sample17": {"f_0": 0, "f_1": 0.0009765625, "f_2": 0.005859375, "f_3": 0.0087890625, "f_4": 0.0234375, "f_5": 0.046875, "f_6": 0.0556640625, "f_7": 0.09765625, "f_8": 0.1259765625, "f_9": 0.166015625}, "sample18": {"f_0": 0, "f_1": 0, "f_2": 0.0029296875, "f_3": 0, "f_4": 0.00390625, "f_5": 0.0048828125, "f_6": 0.013671875, "f_7": 0.0185546875, "f_8": 0.0234375, "f_9": 0.029296875}, "sample19": {"f_0": 0, "f_1": 0.0029296875, "f_2": 0.0087890625, "f_3": 0.0087890625, "f_4": 0.0185546875, "f_5": 0.037109375, "f_6": 0.0390625, "f_7": 0.046875, "f_8": 0.06640625, "f_9": 0.076171875}, "sample20": {"f_0": 0, "f_1": 0.0029296875, "f_2": 0.0009765625, "f_3": 0.005859375, "f_4": 0.0126953125, "f_5": 0.0205078125, "f_6": 0.0205078125, "f_7": 0.0341796875, "f_8": 0.04296875, "f_9": 0.0625}, "sample21": {"f_0": 0, "f_1": 0.001953125, "f_2": 0.0029296875, "f_3": 0.015625, "f_4": 0.0166015625, "f_5": 0.0380859375, "f_6": 0.0390625, "f_7": 0.0654296875, "f_8": 0.0791015625, "f_9": 0.0908203125}, "sample22": {"f_0": 0, "f_1": 0.00390625, "f_2": 0.0107421875, "f_3": 0.017578125, "f_4": 0.0322265625, "f_5": 0.0390625, "f_6": 0.060546875, "f_7": 0.080078125, "f_8": 0.1103515625, "f_9": 0.1240234375}, "sample23": {"f_0": 0, "f_1": 0.0009765625, "f_2": 0.0009765625, "f_3": 0.001953125, "f_4": 0.0029296875, "f_5": 0.009765625, "f_6": 0.0087890625, "f_7": 0.0166015625, "f_8": 0.0185546875, "f_9": 0.029296875}, "sample24": {"f_0": 0, "f_1": 0, "f_2": 0.0009765625, "f_3": 0, "f_4": 0.005859375, "f_5": 0.0126953125, "f_6": 0.0224609375, "f_7": 0.03125, "f_8": 0.0537109375, "f_9": 0.080078125}, "sample25": {"f_0": 0, "f_1": 0, "f_2": 0, "f_3": 0.0009765625, "f_4": 0.0009765625, "f_5": 0.0009765625, "f_6": 0.001953125, "f_7": 0.005859375, "f_8": 0.0029296875, "f_9": 0.0068359375}, "sample26": {"f_0": 0, "f_1": 0.0009765625, "f_2": 0.005859375, "f_3": 0.0048828125, "f_4": 0.0087890625, "f_5": 0.0126953125, "f_6": 0.025390625, "f_7": 0.0361328125, "f_8": 0.0478515625, "f_9": 0.0400390625}, "sample27": {"f_0": 0, "f_1": 0.0009765625, "f_2": 0.001953125, "f_3": 0.0244140625, "f_4": 0.0400390625, "f_5": 0.0615234375, "f_6": 0.0869140625, "f_7": 0.119140625, "f_8": 0.154296875, "f_9": 0.1767578125}, "sample28": {"f_0": 0, "f_1": 0.001953125, "f_2": 0.0048828125, "f_3": 0.0068359375, "f_4": 0.0126953125, "f_5": 0.025390625, "f_6": 0.03515625, "f_7": 0.041015625, "f_8": 0.0537109375, "f_9": 0.0625}, "sample29": {"f_0": 0, "f_1": 0, "f_2": 0, "f_3": 0.0009765625, "f_4": 0, "f_5": 0, "f_6": 0.0009765625, "f_7": 0.0009765625, "f_8": 0.0029296875, "f_9": 0.001953125}, "sample30": {"f_0": 0, "f_1": 0.0029296875, "f_2": 0.01171875, "f_3": 0.0146484375, "f_4": 0.044921875, "f_5": 0.0576171875, "f_6": 0.0869140625, "f_7": 0.1064453125, "f_8": 0.1298828125, "f_9": 0.15234375}, "sample31": {"f_0": 0, "f_1": 0, "f_2": 0, "f_3": 0, "f_4": 0, "f_5": 0.0009765625, "f_6": 0, "f_7": 0, "f_8": 0, "f_9": 0.0009765625}, "sample32": {"f_0": 0, "f_1": 0.0009765625, "f_2": 0.0224609375, "f_3": 0.021484375, "f_4": 0.0576171875, "f_5": 0.087890625, "f_6": 0.119140625, "f_7": 0.14453125, "f_8": 0.1611328125, "f_9": 0.2099609375}, "sample33": {"f_0": 0, "f_1": 0.00390625, "f_2": 0.03125, "f_3": 0.056640625, "f_4": 0.0849609375, "f_5": 0.1298828125, "f_6": 0.1552734375, "f_7": 0.1630859375, "f_8": 0.205078125, "f_9": 0.228515625}, "sample34": {"f_0": 0, "f_1": 0, "f_2": 0, "f_3": 0, "f_4": 0.0009765625, "f_5": 0.0048828125, "f_6": 0.0048828125, "f_7": 0.005859375, "f_8": 0.0146484375, "f_9": 0.017578125}, "sample35": {"f_0": 0, "f_1": 0, "f_2": 0, "f_3": 0, "f_4": 0.0009765625, "f_5": 0.0009765625, "f_6": 0.001953125, "f_7": 0.0048828125, "f_8": 0.0068359375, "f_9": 0.009765625}, "sample36": {"f_0": 0, "f_1": 0.0029296875, "f_2": 0.0087890625, "f_3": 0.033203125, "f_4": 0.044921875, "f_5": 0.052734375, "f_6": 0.09765625, "f_7": 0.13671875, "f_8": 0.171875, "f_9": 0.19921875}, "sample37": {"f_0": 0, "f_1": 0.0009765625, "f_2": 0.00390625, "f_3": 0.0029296875, "f_4": 0.0126953125, "f_5": 0.021484375, "f_6": 0.0283203125, "f_7": 0.025390625, "f_8": 0.0361328125, "f_9": 0.0439453125}, "sample38": {"f_0": 0, "f_1": 0, "f_2": 0, "f_3": 0.0009765625, "f_4": 0.0029296875, "f_5": 0.0029296875, "f_6": 0.01171875, "f_7": 0.01171875, "f_8": 0.015625, "f_9": 0.041015625}, "sample39": {"f_0": 0, "f_1": 0, "f_2": 0.0048828125, "f_3": 0.017578125, "f_4": 0.0166015625, "f_5": 0.0498046875, "f_6": 0.064453125, "f_7": 0.083984375, "f_8": 0.078125, "f_9": 0.1259765625}, "sample40": {"f_0": 0, "f_1": 0.001953125, "f_2": 0.00390625, "f_3": 0.015625, "f_4": 0.0302734375, "f_5": 0.0400390625, "f_6": 0.0576171875, "f_7": 0.064453125,