{
    "n_qubits": 8,
    "n_samples": 10,
    "times": [
        0.0,
        0.5,
        1.0,
        1.5,
        2.0,
        2.5,
        3.0,
        3.5,
        4.0,
        4.5,
        5.0,
        5.5,
        6.0,
        6.5,
        7.0,
        7.5,
        8.0,
        8.5,
        9.0,
        9.5,
        10.0,
        10.5,
        11.0,
        11.5,
        12.0,
        12.5,
        13.0,
        13.5,
        14.0,
        14.5,
        15.0
    ],
    "fidelities": {
        "0": [
            0.9999999999999996,
            0.9999948684343268,
            0.99990624804261,
            0.999279853817769,
            0.9965117284703815,
            0.9842343475032019,
            0.965270669481097,
            0.907279301935964,
            0.8378711905595008,
            0.7058085969983176,
            0.5839597538592181,
            0.47484230464062566,
            0.4619125515783891,
            0.4919798007812216,
            0.423106419680341,
            0.34171189263437884,
            0.33659436704130086,
            0.2874176875851259,
            0.24704940043947485,
            0.27368038121993976,
            0.26958091880003887,
            0.2854709196238799,
            0.31612187661239044,
            0.345608802941765,
            0.3050912205312498,
            0.2508542667986223,
            0.2513258313393341,
            0.27676190999770084,
            0.33598517369408376,
            0.2772213068846755,
            0.20321878485708564
        ],
        "1": [
            0.9999999999999996,
            0.9999959991374188,
            0.9999528597818088,
            0.9997297310380214,
            0.9984723256315701,
            0.9959974163517393,
            0.9858835005059724,
            0.9698564702571807,
            0.9236149904040895,
            0.8539041780982364,
            0.695629836670525,
            0.47573887605991455,
            0.27198411848294096,
            0.16469543635773903,
            0.29594627659873346,
            0.2556828632642211,
            0.3616391172793573,
            0.41038762702045795,
            0.27033086630116665,
            0.27272047141180056,
            0.24645745793396104,
            0.19772986912967289,
            0.2555957216345495,
            0.29050591340582094,
            0.22832011693642437,
            0.20624143624363486,
            0.2443871674313931,
            0.21055694249586843,
            0.2718072270788991,
            0.3763914807135054,
            0.35137765929677994
        ],
        "2": [
            0.9999999999999996,
            0.9999989556042803,
            0.9999726321566696,
            0.999946765433454,
            0.9995788953316866,
            0.9985094267293069,
            0.9973526746124179,
            0.9905113334596877,
            0.9799959169986372,
            0.9719826681085706,
            0.9461342037988502,
            0.8816078776844752,
            0.8151297851386451,
            0.7565751391505257,
            0.6348466053141705,
            0.4831220852433904,
            0.3292691184616282,
            0.2464316031675855,
            0.26265293288064245,
            0.2991707577387915,
            0.3165366318470185,
            0.3102790806080605,
            0.2946705808458225,
            0.3125153317833467,
            0.31581757735434,
            0.28088956860318487,
            0.23971429461563892,
            0.21386815969692455,
            0.22014460068436273,
            0.2632091124401653,
            0.2764313620453565
        ],
        "3": [
            0.9999999999999996,
            0.9999958642106607,
            0.9998805839726405,
            0.9990884295611717,
            0.9961478019939931,
            0.9889580921585511,
            0.953783859180821,
            0.8964841634566486,
            0.8033885074829321,
            0.6683479025943527,
            0.5027321020137137,
            0.5341250520233967,
            0.3993108064658155,
            0.23869161220170176,
            0.23096209175055243,
            0.1871275015401821,
            0.2451633670574905,
            0.3492275806206311,
            0.3374158465167766,
            0.335904102901742,
            0.21181615142652888,
            0.22240529462151243,
            0.34228714032602287,
            0.37295190063680417,
            0.3045606883084535,
            0.2656927052042633,
            0.27014107372431384,
            0.27591014636836475,
            0.3204101654144082,
            0.29209705283584336,
            0.3339796169711347
        ],
        "4": [
            0.9999999999999996,
            0.9999995112523832,
            0.9999824904971532,
            0.999848538626572,
            0.9991432095911597,
            0.9970888908877031,
            0.9920224214671415,
            0.9786117341259943,
            0.9535010361632031,
            0.9066072869474846,
            0.8208315016383123,
            0.699993762528279,
            0.5680105091228467,
            0.4743344393555598,
            0.42943884360256823,
            0.3630521145831015,
            0.2976566395074398,
            0.27733953675678463,
            0.2968138610210807,
            0.3292464031613753,
            0.34143747170758215,
            0.33422867552938607,
            0.31827115564724456,
            0.27638705843555905,
            0.2500369167335377,
            0.2554967107127312,
            0.2758173050862499,
            0.23937796946123488,
            0.17730892564394338,
            0.18788500792553062,
            0.21060528440336
        ],
        "5": [
            0.9999999999999996,
            0.9999985118468727,
            0.9999359998463319,
            0.9996086105783003,
            0.99836544449624,
            0.9936707001160221,
            0.979586114431046,
            0.9488478684331348,
            0.8997251768144148,
            0.8166106752254189,
            0.6709467540033197,
            0.4831853199139515,
            0.30489605738847525,
            0.17747358791918008,
            0.14137574184328283,
            0.2374100751394641,
            0.5053401073191872,
            0.7867847040673412,
            0.7750141765655377,
            0.4745436118068371,
            0.2632066431764309,
            0.28049022673285606,
            0.4838672726811105,
            0.6749661948147448,
            0.567989869226395,
            0.3509435885560106,
            0.22381461012472864,
            0.1874748874350694,
            0.21093007070196276,
            0.29518167688194547,
            0.3903101230591178
        ],
        "6": [
            0.9999999999999996,
            0.9999981511619217,
            0.9999686570311275,
            0.999726661263228,
            0.9991934110245697,
            0.9967347724610508,
            0.9934118250818741,
            0.9814043711686613,
            0.9614173780179731,
            0.8938296814446229,
            0.7873142218532541,
            0.5708140867357516,
            0.29048738329869445,
            0.22634001259996767,
            0.33443724782790757,
            0.28479101285313346,
            0.19558099175663932,
            0.22800073932172857,
            0.2507773170815308,
            0.190048846193249,
            0.19306933779336236,
            0.24346511539145083,
            0.2735590855928214,
            0.2658270809182828,
            0.2820898713202243,
            0.35881924624879974,
            0.3200443075717735,
            0.18292049015333542,
            0.17416001555861063,
            0.2354284298422945,
            0.2806954927321669
        ],