{"sample_id":{"0":0,"1":1,"2":2,"3":3,"4":4,"5":5,"6":6,"7":7,"8":8,"9":9,"10":10,"11":11,"12":12,"13":13,"14":14,"15":15,"16":16,"17":17,"18":18,"19":19,"20":20,"21":21,"22":22,"23":23,"24":24,"25":25,"26":26,"27":27,"28":28,"29":29,"30":30,"31":31,"32":32,"33":33,"34":34,"35":35,"36":36,"37":37,"38":38,"39":39},"f_0 Re":{"0":1.0,"1":1.0,"2":1.0,"3":1.0,"4":1.0,"5":1.0,"6":1.0,"7":1.0,"8":1.0,"9":1.0,"10":1.0,"11":1.0,"12":1.0,"13":1.0,"14":1.0,"15":1.0,"16":1.0,"17":1.0,"18":1.0,"19":1.0,"20":1.0,"21":1.0,"22":1.0,"23":1.0,"24":1.0,"25":1.0,"26":1.0,"27":1.0,"28":1.0,"29":1.0,"30":1.0,"31":1.0,"32":1.0,"33":1.0,"34":1.0,"35":1.0,"36":1.0,"37":1.0,"38":1.0,"39":1.0},"f_1 Re":{"0":0.99256022,"1":0.9853731166,"2":0.9995882201,"3":0.9951225484,"4":0.9944666778,"5":0.9961249272,"6":0.994809569,"7":0.9980516382,"8":0.9906981995,"9":1.0008755506,"10":0.9960417961,"11":0.9942161999,"12":0.9903024992,"13":0.99905753,"14":0.9932829452,"15":0.9961752905,"16":0.9998773237,"17":0.9989150701,"18":1.0021904639,"19":0.9976612818,"20":0.9969683741,"21":0.9957063739,"22":0.9977374192,"23":0.9948596925,"24":0.9895441674,"25":0.9920907988,"26":0.9929954606,"27":0.9948880174,"28":0.9867405059,"29":1.0003212884,"30":0.9974813148,"31":0.9998532682,"32":0.99697351,"33":0.9843338731,"34":1.0000806896,"35":0.9833036308,"36":0.9979124065,"37":0.98446943,"38":0.9987078598,"39":0.9946938508},"f_1 Im":{"0":-0.1275725218,"1":-0.18310341,"2":0.1131438895,"3":-0.0944836822,"4":0.0337177608,"5":0.0890058964,"6":-0.0762148911,"7":-0.098956338,"8":-0.0270203222,"9":0.0251459348,"10":0.0900850556,"11":-0.1040093193,"12":-0.0977125005,"13":-0.0096463133,"14":-0.0163810715,"15":0.0223045305,"16":-0.0376484171,"17":-0.0194340499,"18":-0.004905526,"19":0.041304234,"20":-0.0347214758,"21":-0.0530863536,"22":-0.0427975989,"23":0.0188428452,"24":-0.0072315212,"25":-0.0352808514,"26":0.1121395565,"27":-0.0107954417,"28":0.0093576915,"29":-0.0284228531,"30":0.0108926643,"31":-0.0252530899,"32":0.0860894263,"33":-0.0365122065,"34":0.0314139818,"35":-0.1191866978,"36":-0.0468997248,"37":-0.1187680312,"38":-0.019871635,"39":0.1057364163},"f_2 Re":{"0":0.9765166992,"1":0.9082935261,"2":0.9871849659,"3":0.9848186658,"4":0.9830888131,"5":0.9717677963,"6":0.9882041262,"7":0.9602274701,"8":0.9788247402,"9":0.9978685018,"10":0.9810025884,"11":0.9851809831,"12":0.9665838968,"13":0.995462256,"14":0.9775793983,"15":0.9756165317,"16":0.9819999204,"17":0.997145978,"18":0.9948914699,"19":0.9895737445,"20":1.001581572,"21":0.9894006798,"22":0.9888180252,"23":0.9828908482,"24":0.9580805728,"25":0.9749355306,"26":0.9701272137,"27":0.9939194206,"28":0.9683120835,"29":0.9998887937,"30":0.9953908408,"31":0.9878108464,"32":0.9850599788,"33":0.9618876422,"34":0.9709374391,"35":0.9513243056,"36":0.9906616216,"37":0.940067694,"38":0.9746170188,"39":0.9897449429},"f_2 Im":{"0":-0.2139358432,"1":-0.3282787288,"2":0.1480285536,"3":-0.1581696564,"4":0.0558133366,"5":0.2385441508,"6":-0.138395958,"7":-0.2113538155,"8":-0.012297155,"9":0.0883576551,"10":0.1898052336,"11":-0.1615922078,"12":-0.2259677209,"13":-0.053495194,"14":-0.0704094656,"15":0.0511312762,"16":-0.0227386308,"17":-0.0612887461,"18":-0.058788733,"19":0.0773364459,"20":-0.0696350019,"21":-0.0692229401,"22":-0.0484082573,"23":0.0236511558,"24":-0.0364980028,"25":-0.1026750299,"26":0.1918045363,"27":-0.0667009322,"28":0.0564591404,"29":0.0154161912,"30":0.0095599029,"31":-0.1602863517,"32":0.1531007357,"33":-0.1160602373,"34":0.0622013306,"35":-0.262235516,"36":-0.0957108852,"37":-0.2016779957,"38":0.0145627966,"39":0.1380174738},"f_3 Re":{"0":0.9413291038,"1":0.8121810034,"2":0.95427596,"3":0.9665698838,"4":0.967039609,"5":0.9557138521,"6":0.9741543301,"7":0.9423727679,"8":0.9558658154,"9":0.9833721599,"10":0.9593997655,"11":0.967615865,"12":0.9231800152,"13":0.9937125453,"14":0.9379953601,"15":0.9826766061,"16":0.9462159842,"17":0.9889212977,"18":0.9814267577,"19":0.9815098963,"20":0.9562664242,"21":0.9596179037,"22":0.980144869,"23":0.9644403732,"24":0.9323718515,"25":0.9346625648,"26":0.9368716493,"27":0.9880790091,"28":0.9168067218,"29":0.9986326016,"30":0.9834715797,"31":0.9784030877,"32":0.9647504561,"33":0.9140218588,"34":0.9612072014,"35":0.8686542439,"36":0.9811082135,"37":0.8577990656,"38":0.9734535792,"39":0.9794779494},"f_3 Im":{"0":-0.3296940682,"1":-0.4581488021,"2":0.1875153008,"3":-0.2343957004,"4":0.1262215633,"5":0.2880151702,"6":-0.1882306196,"7":-0.2614359247,"8":-0.0220030109,"9":0.1806381749,"10":0.2833721415,"11":-0.2532815671,"12":-0.320598512,"13":-0.0553573631,"14":-0.1017258725,"15":0.0715035334,"16":-0.0001353379,"17":-0.1526127647,"18":-0.1329495425,"19":0.0958179846,"20":-0.0342691725,"21":-0.10564252,"22":-0.0549905414,"23":0.0402769188,"24":-0.070554697,"25":-0.1392763786,"26":0.2743566681,"27":-0.0871229319,"28":0.0835268003,"29":-0.0394352526,"30":0.004491187,"31":-0.1844822563,"32":0.2023459276,"33":-0.1522526539,"34":0.1048766874,"35":-0.3487248331,"36":-0.1522739706,"37":-0.312123809,"38":0.0116344156,"39":0.1970461315},"f_4 Re":{"0":0.9126746419,"1":0.6907109866,"2":0.9260444764,"3":0.9329555934,"4":0.9171223084,"5":0.8874379342,"6":0.9320916612,"7":0.8615905517,"8":0.9192854478,"9":0.9573910701,"10":0.9242824746,"11":0.9315555641,"12":0.8656361399,"13":0.9802428271,"14":0.8939242392,"15":0.9383877912,"16":0.9141759394,"17":0.9808478802,"18":0.9671329307,"19":0.9650692879,"20":0.9252363225,"21":0.9560106883,"22":0.9639348203,"23":0.9479109664,"24":0.8665744632,"25":0.8673439142,"26":0.9156686794,"27":0.9622898348,"28":0.8954205872,"29":0.9997267677,"30":0.972077477,"31":0.9547642003,"32":0.9386543807,"33":0.8232230352,"34":0.924130188,"35":0.7904957592,"36":0.9587539605,"37":0.7674804581,"38":0.9593524828,"39":0.9699207227},"f_4 Im":{"0":-0.4030333946,"1":-0.6350725024,"2":0.2267200261,"3":-0.3412747296,"4":0.1653327821,"5":0.4593614166,"6":-0.3068140491,"7":-0.3260196493,"8":-0.0465624838,"9":0.2854548997,"10":0.3778571612,"11":-0.3625404383,"12":-0.446564442,"13":-0.1355048203,"14":-0.1434062881,"15":0.0588512003,"16":0.0077838471,"17":-0.1820190028,"18":-0.1305183066,"19":0.143340574,"20":-0.0409069844,"21":-0.1450194196,"22":-0.1045162968,"23":0.0380427687,"24":-0.0843892934,"25":-0.1649538532,"26":0.3580142118,"27":-0.1213211939,"28":0.1254409737,"29":-0.0747113805,"30":0.0374704176,"31":-0.2761318673,"32":0.317929214,"33":-0.1890022254,"34":0.1215602042,"35":-0.4748766604,"36":-0.1900771457,"37":-0.3737648103,"38":0.0070787737,"39":0.2381813794},"expected_value":{"0":0.2854403315,"1":1.4390682468,"2":3.9328492764,"3":0.4910688795,"4":3.3793070266,"5":4.6661254136,"6":0.6171002329,"7":0.8081007857,"8":1.8055772536,"9":2.2799671623,"10":3.4572977954,"11":0.3539225838,"12":0.4784477695,"13":0.7604668353,"14":1.4027753685,"15":2.4429237702,"16":1.8325875155,"17":0.5973704757,"18":0.8784979365,"19":1.9147828542,"20":1.2352942387,"21":1.349801856,"22":1.0184705111,"23":2.3015382594,"24":2.04235444,"25":1.1034830289,"26":4.0383838469,"27":0.8902389436,"28":2.5881677938,"29":0.9451085695,"30":1.3337625055,"31":0.4673265369,"32":2.9969701354,"33":1.4251745495,"34":2.6554488831,"35":0.8759471111,"36":0.6543945713,"37":1.0533589665,"38":1.277211214,"39":2.2581287146}}