{"sample0": {"f_0": 0.4999999999999999, "f_1": 0.5095064254532257, "f_2": 0.5188144981433997, "f_3": 0.5279104917230216, "f_4": 0.5367809925915665}, "sample1": {"f_0": 0.4999999999999999, "f_1": 0.5590162960944167, "f_2": 0.606132940705294, "f_3": 0.6383030751475983, "f_4": 0.6534463761229738}, "sample2": {"f_0": 0.4999999999999999, "f_1": 0.4532929669895543, "f_2": 0.40406338091610294, "f_3": 0.35389738990910297, "f_4": 0.3044113125108091}, "sample3": {"f_0": 0.4999999999999999, "f_1": 0.5198610540882563, "f_2": 0.5387679702314628, "f_3": 0.5565962166413511, "f_4": 0.5732283662668717}, "sample4": {"f_0": 0.4999999999999999, "f_1": 0.4470859065577104, "f_2": 0.3912173068024911, "f_3": 0.3346840260074582, "f_4": 0.27980313200147844}, "sample5": {"f_0": 0.4999999999999999, "f_1": 0.49135401352745434, "f_2": 0.4825711780087563, "f_3": 0.47366182332103596, "f_4": 0.4646364281461535}, "sample6": {"f_0": 0.4999999999999999, "f_1": 0.47891429400318186, "f_2": 0.4571178262497825, "f_3": 0.4347596820591632, "f_4": 0.41199278855257626}, "sample7": {"f_0": 0.4999999999999999, "f_1": 0.5453786025758708, "f_2": 0.5845044692802966, "f_3": 0.6159417172820678, "f_4": 0.6385366288883024}, "sample8": {"f_0": 0.4999999999999999, "f_1": 0.5509406919838588, "f_2": 0.5936125758538693, "f_3": 0.6260101711518204, "f_4": 0.6466108653663702}, "sample9": {"f_0": 0.4999999999999999, "f_1": 0.5047590019751517, "f_2": 0.5094705259081564, "f_3": 0.5141328478806078, "f_4": 0.5187442619768028}, "sample10": {"f_0": 0.4999999999999999, "f_1": 0.5038015494869613, "f_2": 0.507573086013513, "f_3": 0.511313730747243, "f_4": 0.5150226120540543}, "sample11": {"f_0": 0.4999999999999999, "f_1": 0.5097721412558074, "f_2": 0.5193341527951821, "f_3": 0.5286711260268174, "f_4": 0.5377685032274401}, "sample12": {"f_0": 0.4999999999999999, "f_1": 0.5285374775840103, "f_2": 0.5549434265516988, "f_3": 0.5788512586488412, "f_4": 0.5999290664540625}, "sample13": {"f_0": 0.4999999999999999, "f_1": 0.5173478638224717, "f_2": 0.5339845112739598, "f_3": 0.5498268202358167, "f_4": 0.5647956373636561}, "sample14": {"f_0": 0.4999999999999999, "f_1": 0.5529170767790813, "f_2": 0.5967575297801548, "f_3": 0.6292847929278771, "f_4": 0.648839454234006}, "sample15": {"f_0": 0.4999999999999999, "f_1": 0.45419199899622764, "f_2": 0.40592652130822376, "f_3": 0.356701335493103, "f_4": 0.30804399165631596}, "sample16": {"f_0": 0.4999999999999999, "f_1": 0.552911047362422, "f_2": 0.596748011880068, "f_3": 0.6292750557362663, "f_4": 0.6488331864456003}, "sample17": {"f_0": 0.4999999999999999, "f_1": 0.5045193349307062, "f_2": 0.508995953710878, "f_3": 0.5134283799283504, "f_4": 0.5178151517458953}, "sample18": {"f_0": 0.4999999999999999, "f_1": 0.4784162149606203, "f_2": 0.45609190041374487, "f_3": 0.4331869134346187, "f_4": 0.40986526910282517}, "sample19": {"f_0": 0.4999999999999999, "f_1": 0.5297704642791594, "f_2": 0.5571954479048837, "f_3": 0.5818593368980157, "f_4": 0.6033883604958903}, "sample20": {"f_0": 0.4999999999999999, "f_1": 0.542588406234359, "f_2": 0.5798016193257861, "f_3": 0.6104460709819994, "f_4": 0.6335388778991194}, "sample21": {"f_0": 0.4999999999999999, "f_1": 0.5398557378894753, "f_2": 0.5751151265482696, "f_3": 0.6047950975918003, "f_4": 0.6280681425947058}, "sample22": {"f_0": 0.4999999999999999, "f_1": 0.5312816795438962, "f_2": 0.559938508009416, "f_3": 0.5854891755762401, "f_4": 0.6075045423892556}, "sample23": {"f_0": 0.4999999999999999, "f_1": 0.45365807640341854, "f_2": 0.404819969385708, "f_3": 0.3550355372529845, "f_4": 0.30588466957034066}, "sample24": {"f_0": 0.4999999999999999, "f_1": 0.5595615551130835, "f_2": 0.6069454246010348, "f_3": 0.6390251400833018, "f_4": 0.653684027316176}, "sample25": {"f_0": 0.4999999999999999, "f_1": 0.5499861839910792, "f_2": 0.5920760193743816, "f_3": 0.6243701789833248, "f_4": 0.6454113709537688}, "sample26": {"f_0": 0.4999999999999999, "f_1": 0.4682904384408013, "f_2": 0.435163201236239, "f_3": 0.4011217020069153, "f_4": 0.36668324783376693}, "sample27": {"f_0": 0.4999999999999999, "f_1": 0.5301268149478211, "f_2": 0.5578439921298771, "f_3": 0.5827209911723413, "f_4": 0.6043713891578624}, "sample28": {"f_0": 0.4999999999999999, "f_1": 0.5598776102011983, "f_2": 0.6074143587005194, "f_3": 0.6394370952265547, "f_4": 0.653808253405781}, "sample29": {"f_0": 0.4999999999999999, "f_1": 0.5078896694745593, "f_2": 0.5156448223283367, "f_3": 0.5232576084631295, "f_4": 0.5307203218904301}, "sample30": {"f_0": 0.4999999999999999, "f_1": 0.529476908649474, "f_2": 0.5566604009178503, "f_3": 0.5811469014940442, "f_4": 0.6025728755169024}, "sample31": {"f_0": 0.4999999999999999, "f_1": 0.5105498008259398, "f_2": 0.5208528720180554, "f_3": 0.5308904597827804, "f_4": 0.540644293563179}, "sample32": {"f_0": 0.4999999999999999, "f_1": 0.4759432894167069, "f_2": 0.4509924293188579, "f_3": 0.42536843290676757, "f_4": 0.3992982759812564}, "sample33": {"f_0": 0.4999999999999999, "f_1": 0.5658630379957982, "f_2": 0.6160029189749758, "f_3": 0.6462891563346308, "f_4": 0.6542267920648291}, "sample34": {"f_0": 0.4999999999999999, "f_1": 0.5522699661139516, "f_2": 0.5957333211825568, "f_3": 0.6282308451686841, "f_4": 0.6481480905719679}, "sample35": {"f_0": 0.4999999999999999, "f_1": 0.5487066922973649, "f_2": 0.5899987266905343, "f_3": 0.6221135556049467, "f_4": 0.64368035983437}, "sample36": {"f_0": 0.4999999999999999, "f_1": 0.5234384091756444, "f_2": 0.5455037484557634, "f_3": 0.5659919112801455, "f_4": 0.5847133801260348}, "sample37": {"f_0": 0.4999999999999999, "f_1": 0.5605247540483996, "f_2": 0.6083698715904559, "f_3": 0.6402653916867322, "f_4": 0.6540314240952186}, "sample38": {"f_0": 0.4999999999999999, "f_1": 0.5351353246059328, "f_2": 0.5668439697914277, "f_3": 0.5944474134241893, "f_4": 0.617354979134328}, "sample39": {"f_0": 0.4999999999999999, "f_1": 0.5095013419654348, "f_2": 0.5188045528897571, "f_3": 0.5278959284125543, "f_4": 0.5367620762236013}}