{"sample0": {"f_0": 1.0, "f_1": 1.0, "f_2": 0.9990234375, "f_3": 0.9970703125, "f_4": 0.9970703125}, "sample1": {"f_0": 1.0, "f_1": 0.994140625, "f_2": 0.955078125, "f_3": 0.8984375, "f_4": 0.8515625}, "sample2": {"f_0": 1.0, "f_1": 0.99609375, "f_2": 0.98046875, "f_3": 0.9462890625, "f_4": 0.9208984375}, "sample3": {"f_0": 1.0, "f_1": 0.998046875, "f_2": 0.99609375, "f_3": 0.9921875, "f_4": 0.9814453125}, "sample4": {"f_0": 1.0, "f_1": 0.994140625, "f_2": 0.9755859375, "f_3": 0.9404296875, "f_4": 0.8896484375}, "sample5": {"f_0": 1.0, "f_1": 1.0, "f_2": 1.0, "f_3": 0.9990234375, "f_4": 0.998046875}, "sample6": {"f_0": 1.0, "f_1": 0.998046875, "f_2": 0.9951171875, "f_3": 0.984375, "f_4": 0.9775390625}, "sample7": {"f_0": 1.0, "f_1": 0.9970703125, "f_2": 0.9658203125, "f_3": 0.9521484375, "f_4": 0.89453125}, "sample8": {"f_0": 1.0, "f_1": 0.990234375, "f_2": 0.9716796875, "f_3": 0.9306640625, "f_4": 0.8837890625}, "sample9": {"f_0": 1.0, "f_1": 1.0, "f_2": 1.0, "f_3": 0.9990234375, "f_4": 0.9990234375}, "sample10": {"f_0": 1.0, "f_1": 1.0, "f_2": 0.9990234375, "f_3": 1.0, "f_4": 0.9990234375}, "sample11": {"f_0": 1.0, "f_1": 1.0, "f_2": 0.9990234375, "f_3": 0.9990234375, "f_4": 0.9970703125}, "sample12": {"f_0": 1.0, "f_1": 0.994140625, "f_2": 0.9892578125, "f_3": 0.974609375, "f_4": 0.9580078125}, "sample13": {"f_0": 1.0, "f_1": 0.9990234375, "f_2": 0.9990234375, "f_3": 0.9951171875, "f_4": 0.986328125}, "sample14": {"f_0": 1.0, "f_1": 0.9931640625, "f_2": 0.96875, "f_3": 0.9130859375, "f_4": 0.86328125}, "sample15": {"f_0": 1.0, "f_1": 0.9931640625, "f_2": 0.9736328125, "f_3": 0.9580078125, "f_4": 0.916015625}, "sample16": {"f_0": 1.0, "f_1": 0.994140625, "f_2": 0.962890625, "f_3": 0.92578125, "f_4": 0.8759765625}, "sample17": {"f_0": 1.0, "f_1": 0.9990234375, "f_2": 0.9990234375, "f_3": 0.9990234375, "f_4": 0.99609375}, "sample18": {"f_0": 1.0, "f_1": 1.0, "f_2": 0.994140625, "f_3": 0.990234375, "f_4": 0.9755859375}, "sample19": {"f_0": 1.0, "f_1": 0.9970703125, "f_2": 0.98828125, "f_3": 0.98046875, "f_4": 0.96484375}, "sample20": {"f_0": 1.0, "f_1": 0.994140625, "f_2": 0.986328125, "f_3": 0.9462890625, "f_4": 0.90234375}, "sample21": {"f_0": 1.0, "f_1": 0.994140625, "f_2": 0.978515625, "f_3": 0.9482421875, "f_4": 0.935546875}, "sample22": {"f_0": 1.0, "f_1": 0.9951171875, "f_2": 0.984375, "f_3": 0.97265625, "f_4": 0.9453125}, "sample23": {"f_0": 1.0, "f_1": 0.9921875, "f_2": 0.9765625, "f_3": 0.9443359375, "f_4": 0.9111328125}, "sample24": {"f_0": 1.0, "f_1": 0.9873046875, "f_2": 0.9541015625, "f_3": 0.8896484375, "f_4": 0.8154296875}, "sample25": {"f_0": 1.0, "f_1": 0.990234375, "f_2": 0.96875, "f_3": 0.923828125, "f_4": 0.8544921875}, "sample26": {"f_0": 1.0, "f_1": 0.9970703125, "f_2": 0.990234375, "f_3": 0.9697265625, "f_4": 0.962890625}, "sample27": {"f_0": 1.0, "f_1": 0.9970703125, "f_2": 0.98828125, "f_3": 0.98046875, "f_4": 0.951171875}, "sample28": {"f_0": 1.0, "f_1": 0.98046875, "f_2": 0.9619140625, "f_3": 0.8984375, "f_4": 0.8671875}, "sample29": {"f_0": 1.0, "f_1": 1.0, "f_2": 1.0, "f_3": 0.9970703125, "f_4": 0.99609375}, "sample30": {"f_0": 1.0, "f_1": 0.9970703125, "f_2": 0.9931640625, "f_3": 0.9716796875, "f_4": 0.966796875}, "sample31": {"f_0": 1.0, "f_1": 1.0, "f_2": 0.998046875, "f_3": 0.994140625, "f_4": 0.9892578125}, "sample32": {"f_0": 1.0, "f_1": 0.9990234375, "f_2": 0.994140625, "f_3": 0.986328125, "f_4": 0.9794921875}, "sample33": {"f_0": 1.0, "f_1": 0.984375, "f_2": 0.9375, "f_3": 0.8828125, "f_4": 0.7724609375}, "sample34": {"f_0": 1.0, "f_1": 0.994140625, "f_2": 0.9677734375, "f_3": 0.9404296875, "f_4": 0.87890625}, "sample35": {"f_0": 1.0, "f_1": 0.990234375, "f_2": 0.9765625, "f_3": 0.9248046875, "f_4": 0.888671875}, "sample36": {"f_0": 1.0, "f_1": 0.998046875, "f_2": 0.9921875, "f_3": 0.98828125, "f_4": 0.9716796875}, "sample37": {"f_0": 1.0, "f_1": 0.9853515625, "f_2": 0.9462890625, "f_3": 0.88671875, "f_4": 0.802734375}, "sample38": {"f_0": 1.0, "f_1": 0.9951171875, "f_2": 0.9794921875, "f_3": 0.96484375, "f_4": 0.9345703125}, "sample39": {"f_0": 1.0, "f_1": 1.0, "f_2": 0.9990234375, "f_3": 0.998046875, "f_4": 0.9970703125}}