{"sample0": {"f_0": 0.4765625, "f_1": 0.4931640625, "f_2": 0.484375, "f_3": 0.4638671875, "f_4": 0.4814453125}, "sample1": {"f_0": 0.4873046875, "f_1": 0.419921875, "f_2": 0.3505859375, "f_3": 0.30859375, "f_4": 0.1982421875}, "sample2": {"f_0": 0.505859375, "f_1": 0.568359375, "f_2": 0.5830078125, "f_3": 0.6162109375, "f_4": 0.6298828125}, "sample3": {"f_0": 0.5048828125, "f_1": 0.4619140625, "f_2": 0.47265625, "f_3": 0.447265625, "f_4": 0.40234375}, "sample4": {"f_0": 0.4951171875, "f_1": 0.5439453125, "f_2": 0.5859375, "f_3": 0.6181640625, "f_4": 0.6630859375}, "sample5": {"f_0": 0.517578125, "f_1": 0.4833984375, "f_2": 0.5244140625, "f_3": 0.5, "f_4": 0.5380859375}, "sample6": {"f_0": 0.49609375, "f_1": 0.5205078125, "f_2": 0.5390625, "f_3": 0.55078125, "f_4": 0.568359375}, "sample7": {"f_0": 0.498046875, "f_1": 0.4306640625, "f_2": 0.3837890625, "f_3": 0.3359375, "f_4": 0.27734375}, "sample8": {"f_0": 0.48046875, "f_1": 0.4423828125, "f_2": 0.40234375, "f_3": 0.3427734375, "f_4": 0.2685546875}, "sample9": {"f_0": 0.509765625, "f_1": 0.47265625, "f_2": 0.474609375, "f_3": 0.48828125, "f_4": 0.49609375}, "sample10": {"f_0": 0.4931640625, "f_1": 0.4814453125, "f_2": 0.4912109375, "f_3": 0.4794921875, "f_4": 0.4873046875}, "sample11": {"f_0": 0.5107421875, "f_1": 0.482421875, "f_2": 0.4931640625, "f_3": 0.4755859375, "f_4": 0.4677734375}, "sample12": {"f_0": 0.5234375, "f_1": 0.46875, "f_2": 0.4345703125, "f_3": 0.3994140625, "f_4": 0.3662109375}, "sample13": {"f_0": 0.5029296875, "f_1": 0.4912109375, "f_2": 0.48046875, "f_3": 0.48046875, "f_4": 0.4384765625}, "sample14": {"f_0": 0.5205078125, "f_1": 0.4609375, "f_2": 0.3779296875, "f_3": 0.3291015625, "f_4": 0.26171875}, "sample15": {"f_0": 0.5029296875, "f_1": 0.5439453125, "f_2": 0.5830078125, "f_3": 0.625, "f_4": 0.6259765625}, "sample16": {"f_0": 0.51171875, "f_1": 0.4345703125, "f_2": 0.365234375, "f_3": 0.314453125, "f_4": 0.259765625}, "sample17": {"f_0": 0.484375, "f_1": 0.5146484375, "f_2": 0.51171875, "f_3": 0.4677734375, "f_4": 0.4794921875}, "sample18": {"f_0": 0.5166015625, "f_1": 0.5546875, "f_2": 0.5322265625, "f_3": 0.537109375, "f_4": 0.5791015625}, "sample19": {"f_0": 0.4873046875, "f_1": 0.474609375, "f_2": 0.4423828125, "f_3": 0.408203125, "f_4": 0.384765625}, "sample20": {"f_0": 0.501953125, "f_1": 0.4423828125, "f_2": 0.400390625, "f_3": 0.365234375, "f_4": 0.3388671875}, "sample21": {"f_0": 0.4892578125, "f_1": 0.435546875, "f_2": 0.4111328125, "f_3": 0.3369140625, "f_4": 0.2939453125}, "sample22": {"f_0": 0.5087890625, "f_1": 0.4521484375, "f_2": 0.4482421875, "f_3": 0.37890625, "f_4": 0.3515625}, "sample23": {"f_0": 0.5048828125, "f_1": 0.552734375, "f_2": 0.5830078125, "f_3": 0.61328125, "f_4": 0.6357421875}, "sample24": {"f_0": 0.5146484375, "f_1": 0.439453125, "f_2": 0.37109375, "f_3": 0.2861328125, "f_4": 0.234375}, "sample25": {"f_0": 0.4794921875, "f_1": 0.4404296875, "f_2": 0.3681640625, "f_3": 0.3369140625, "f_4": 0.2568359375}, "sample26": {"f_0": 0.5078125, "f_1": 0.525390625, "f_2": 0.572265625, "f_3": 0.583984375, "f_4": 0.607421875}, "sample27": {"f_0": 0.53515625, "f_1": 0.4736328125, "f_2": 0.42578125, "f_3": 0.4091796875, "f_4": 0.3701171875}, "sample28": {"f_0": 0.49609375, "f_1": 0.4326171875, "f_2": 0.3740234375, "f_3": 0.3212890625, "f_4": 0.2470703125}, "sample29": {"f_0": 0.5078125, "f_1": 0.470703125, "f_2": 0.5107421875, "f_3": 0.478515625, "f_4": 0.4365234375}, "sample30": {"f_0": 0.4814453125, "f_1": 0.4912109375, "f_2": 0.451171875, "f_3": 0.3857421875, "f_4": 0.369140625}, "sample31": {"f_0": 0.5029296875, "f_1": 0.509765625, "f_2": 0.44921875, "f_3": 0.4853515625, "f_4": 0.451171875}, "sample32": {"f_0": 0.482421875, "f_1": 0.513671875, "f_2": 0.5341796875, "f_3": 0.5703125, "f_4": 0.5869140625}, "sample33": {"f_0": 0.494140625, "f_1": 0.431640625, "f_2": 0.330078125, "f_3": 0.2685546875, "f_4": 0.2021484375}, "sample34": {"f_0": 0.501953125, "f_1": 0.4443359375, "f_2": 0.3642578125, "f_3": 0.322265625, "f_4": 0.2646484375}, "sample35": {"f_0": 0.48828125, "f_1": 0.4443359375, "f_2": 0.3857421875, "f_3": 0.357421875, "f_4": 0.259765625}, "sample36": {"f_0": 0.517578125, "f_1": 0.4638671875, "f_2": 0.453125, "f_3": 0.431640625, "f_4": 0.384765625}, "sample37": {"f_0": 0.5078125, "f_1": 0.42578125, "f_2": 0.3505859375, "f_3": 0.2685546875, "f_4": 0.2216796875}, "sample38": {"f_0": 0.50390625, "f_1": 0.4521484375, "f_2": 0.4404296875, "f_3": 0.4052734375, "f_4": 0.35546875}, "sample39": {"f_0": 0.51953125, "f_1": 0.4990234375, "f_2": 0.4892578125, "f_3": 0.455078125, "f_4": 0.46484375}}