{"sample0": {"f_0": 1.0, "f_1": 0.7021484375, "f_2": 0.28125, "f_3": 0.197265625, "f_4": 0.326171875, "f_5": 0.3984375, "f_6": 0.29296875, "f_7": 0.220703125, "f_8": 0.2314453125, "f_9": 0.25390625}, "sample1": {"f_0": 1.0, "f_1": 0.630859375, "f_2": 0.3056640625, "f_3": 0.1396484375, "f_4": 0.0791015625, "f_5": 0.2353515625, "f_6": 0.3564453125, "f_7": 0.330078125, "f_8": 0.275390625, "f_9": 0.3173828125}, "sample2": {"f_0": 1.0, "f_1": 0.81640625, "f_2": 0.45703125, "f_3": 0.29296875, "f_4": 0.322265625, "f_5": 0.43359375, "f_6": 0.4501953125, "f_7": 0.4130859375, "f_8": 0.330078125, "f_9": 0.2958984375}, "sample3": {"f_0": 1.0, "f_1": 0.76953125, "f_2": 0.4091796875, "f_3": 0.291015625, "f_4": 0.2470703125, "f_5": 0.3896484375, "f_6": 0.58203125, "f_7": 0.64453125, "f_8": 0.4853515625, "f_9": 0.3916015625}, "sample4": {"f_0": 1.0, "f_1": 0.54296875, "f_2": 0.1982421875, "f_3": 0.2353515625, "f_4": 0.234375, "f_5": 0.1455078125, "f_6": 0.1494140625, "f_7": 0.4482421875, "f_8": 0.40234375, "f_9": 0.2861328125}, "sample5": {"f_0": 1.0, "f_1": 0.89453125, "f_2": 0.7314453125, "f_3": 0.5869140625, "f_4": 0.361328125, "f_5": 0.296875, "f_6": 0.19140625, "f_7": 0.1640625, "f_8": 0.2021484375, "f_9": 0.3330078125}, "sample6": {"f_0": 1.0, "f_1": 0.650390625, "f_2": 0.2333984375, "f_3": 0.1689453125, "f_4": 0.267578125, "f_5": 0.2861328125, "f_6": 0.1142578125, "f_7": 0.4150390625, "f_8": 0.7431640625, "f_9": 0.625}, "sample7": {"f_0": 1.0, "f_1": 0.890625, "f_2": 0.6865234375, "f_3": 0.4365234375, "f_4": 0.2373046875, "f_5": 0.0791015625, "f_6": 0.041015625, "f_7": 0.072265625, "f_8": 0.16796875, "f_9": 0.2705078125}, "sample8": {"f_0": 1.0, "f_1": 0.8740234375, "f_2": 0.6484375, "f_3": 0.48828125, "f_4": 0.3310546875, "f_5": 0.25, "f_6": 0.1396484375, "f_7": 0.125, "f_8": 0.173828125, "f_9": 0.2294921875}, "sample9": {"f_0": 1.0, "f_1": 0.732421875, "f_2": 0.3759765625, "f_3": 0.2568359375, "f_4": 0.2314453125, "f_5": 0.185546875, "f_6": 0.4111328125, "f_7": 0.6875, "f_8": 0.5068359375, "f_9": 0.3154296875}, "sample10": {"f_0": 1.0, "f_1": 0.7646484375, "f_2": 0.35546875, "f_3": 0.240234375, "f_4": 0.26953125, "f_5": 0.2275390625, "f_6": 0.2333984375, "f_7": 0.388671875, "f_8": 0.3056640625, "f_9": 0.208984375}, "sample11": {"f_0": 1.0, "f_1": 0.625, "f_2": 0.263671875, "f_3": 0.642578125, "f_4": 0.6953125, "f_5": 0.2373046875, "f_6": 0.208984375, "f_7": 0.5205078125, "f_8": 0.3740234375, "f_9": 0.142578125}, "sample12": {"f_0": 1.0, "f_1": 0.6552734375, "f_2": 0.24609375, "f_3": 0.2451171875, "f_4": 0.2666015625, "f_5": 0.271484375, "f_6": 0.2939453125, "f_7": 0.26953125, "f_8": 0.232421875, "f_9": 0.27734375}, "sample13": {"f_0": 1.0, "f_1": 0.9091796875, "f_2": 0.7529296875, "f_3": 0.572265625, "f_4": 0.5234375, "f_5": 0.5244140625, "f_6": 0.5458984375, "f_7": 0.4921875, "f_8": 0.3798828125, "f_9": 0.2568359375}, "sample14": {"f_0": 1.0, "f_1": 0.8037109375, "f_2": 0.4619140625, "f_3": 0.384765625, "f_4": 0.283203125, "f_5": 0.3310546875, "f_6": 0.28125, "f_7": 0.259765625, "f_8": 0.4794921875, "f_9": 0.62890625}, "sample15": {"f_0": 1.0, "f_1": 0.427734375, "f_2": 0.1669921875, "f_3": 0.208984375, "f_4": 0.265625, "f_5": 0.87109375, "f_6": 0.580078125, "f_7": 0.1298828125, "f_8": 0.255859375, "f_9": 0.1923828125}, "sample16": {"f_0": 1.0, "f_1": 0.693359375, "f_2": 0.23046875, "f_3": 0.1708984375, "f_4": 0.4208984375, "f_5": 0.5869140625, "f_6": 0.486328125, "f_7": 0.2421875, "f_8": 0.091796875, "f_9": 0.2158203125}, "sample17": {"f_0": 1.0, "f_1": 0.7744140625, "f_2": 0.3662109375, "f_3": 0.2705078125, "f_4": 0.263671875, "f_5": 0.3076171875, "f_6": 0.2734375, "f_7": 0.259765625, "f_8": 0.3818359375, "f_9": 0.494140625}, "sample18": {"f_0": 1.0, "f_1": 0.732421875, "f_2": 0.3232421875, "f_3": 0.22265625, "f_4": 0.240234375, "f_5": 0.1953125, "f_6": 0.1533203125, "f_7": 0.130859375, "f_8": 0.2080078125, "f_9": 0.3388671875}, "sample19": {"f_0": 1.0, "f_1": 0.982421875, "f_2": 0.9541015625, "f_3": 0.94140625, "f_4": 0.8974609375, "f_5": 0.873046875, "f_6": 0.8056640625, "f_7": 0.7724609375, "f_8": 0.7333984375, "f_9": 0.71484375}, "sample20": {"f_0": 1.0, "f_1": 0.796875, "f_2": 0.55859375, "f_3": 0.4384765625, "f_4": 0.427734375, "f_5": 0.4560546875, "f_6": 0.3857421875, "f_7": 0.388671875, "f_8": 0.4150390625, "f_9": 0.28515625}, "sample21": {"f_0": 1.0, "f_1": 0.98046875, "f_2": 0.93359375, "f_3": 0.89453125, "f_4": 0.8173828125, "f_5": 0.783203125, "f_6": 0.705078125, "f_7": 0.6201171875, "f_8": 0.56640625, "f_9": 0.5029296875}, "sample22": {"f_0": 1.0, "f_1": 0.7177734375, "f_2": 0.26953125, "f_3": 0.3974609375, "f_4": 0.390625, "f_5": 0.18359375, "f_6": 0.388671875, "f_7": 0.6669921875, "f_8": 0.5, "f_9": 0.138671875}, "sample23": {"f_0": 1.0, "f_1": 0.677734375, "f_2": 0.3173828125, "f_3": 0.115234375, "f_4": 0.2216796875, "f_5": 0.3974609375, "f_6": 0.3017578125, "f_7": 0.2001953125, "f_8": 0.1318359375, "f_9": 0.267578125}, "sample24": {"f_0": 1.0, "f_1": 0.9912109375, "f_2": 0.962890625, "f_3": 0.9404296875, "f_4": 0.8828125, "f_5": 0.8662109375, "f_6": 0.79296875, "f_7": 0.71484375, "f_8": 0.65234375, "f_9": 0.5654296875}, "sample25": {"f_0": 1.0, "f_1": 0.85546875, "f_2": 0.6298828125, "f_3": 0.427734375, "f_4": 0.38671875, "f_5": 0.4013671875, "f_6": 0.330078125, "f_7": 0.1962890625, "f_8": 0.1142578125, "f_9": 0.130859375}, "sample26": {"f_0": 1.0, "f_1": 0.7880859375, "f_2": 0.37890625, "f_3": 0.2421875, "f_4": 0.1416015625, "f_5": 0.1279296875, "f_6": 0.2080078125, "f_7": 0.234375, "f_8": 0.197265625, "f_9": 0.2958984375}, "sample27": {"f_0": 1.0, "f_1": 0.37109375, "f_2": 0.2412109375, "f_3": 0.1376953125, "f_4": 0.2841796875, "f_5": 0.34375, "f_6": 0.3603515625, "f_7": 0.5439453125, "f_8": 0.2158203125, "f_9": 0.3115234375}, "sample28": {"f_0": 1.0, "f_1": 0.87890625, "f_2": 0.5986328125, "f_3": 0.3369140625, "f_4": 0.1474609375, "f_5": 0.06640625, "f_6": 0.1103515625, "f_7": 0.1962890625, "f_8": 0.267578125, "f_9": 0.2939453125}, "sample29": {"f_0": 1.0, "f_1": 0.6162109375, "f_2": 0.251953125, "f_3": 0.1982421875, "f_4": 0.2333984375, "f_5": 0.3427734375, "f_6": 0.3125, "f_7": 0.16015625, "f_8": 0.0595703125, "f_9": 0.2001953125}, "sample30": {"f_0": 1.0, "f_1": 0.7822265625, "f_2": 0.5234375, "f_3": 0.416015625, "f_4": 0.2490234375, "f_5": 0.203125, "f_6": 0.16015625, "f_7": 0.1708984375, "f_8": 0.212890625, "f_9": 0.1328125}, "sample31": {"f_0": 1.0, "f_1": 0.560546875, "f_2": 0.2060546875, "f_3": 0.2705078125, "f_4": 0.2841796875, "f_5": 0.296875, "f_6": 0.376953125, "f_7": 0.318359375, "f_8": 0.1728515625, "f_9": 0.326171875}, "sample32": {"f_0": 1.0, "f_1": 0.7373046875, "f_2": 0.4052734375, "f_3": 0.3720703125, "f_4": 0.265625, "f_5": 0.2978515625, "f_6": 0.462890625, "f_7": 0.568359375, "f_8": 0.447265625, "f_9": 0.369140625}, "sample33": {"f_0": 1.0, "f_1": 0.5283203125, "f_2": 0.21875, "f_3": 0.2998046875, "f_4": 0.3359375, "f_5": 0.265625, "f_6": 0.263671875, "f_7": 0.2880859375, "f_8": 0.13671875, "f_9": 0.091796875}, "sample34": {"f_0": 1.0, "f_1": 0.671875, "f_2": 0.2734375, "f_3": 0.1923828125, "f_4": 0.2451171875, "f_5": 0.2548828125, "f_6": 0.3388671875, "f_7": 0.3642578125, "f_8": 0.2177734375, "f_9": 0.12890625}, "sample35": {"f_0": 1.0, "f_1": 0.677734375, "f_2": 0.2666015625, "f_3": 0.205078125, "f_4": 0.2529296875, "f_5": 0.2373046875, "f_6": 0.166015625, "f_7": 0.2587890625, "f_8": 0.4482421875, "f_9": 0.431640625}, "sample36": {"f_0": 1.0, "f_1": 0.7861328125, "f_2": 0.4091796875, "f_3": 0.3232421875, "f_4": 0.51953125, "f_5": 0.7763671875, "f_6": 0.6796875, "f_7": 0.431640625, "f_8": 0.224609375, "f_9": 0.3056640625}, "sample37": {"f_0": 1.0, "f_1": 0.6416015625, "f_2": 0.255859375, "f_3": 0.2373046875, "f_4": 0.2431640625, "f_5": 0.1083984375, "f_6": 0.2119140625, "f_7": 0.333984375, "f_8": 0.533203125, "f_9": 0.2998046875}, "sample38": {"f_0": 1.0, "f_1": 0.8076171875, "f_2": 0.537109375, "f_3": 0.3916015625, "f_4": 0.3349609375, "f_5": 0.2294921875, "f_6": 0.056640625, "f_7": 0.1494140625,