{"sample0": {"f_0": 0, "f_1": 0.142578125, "f_2": 0.3359375, "f_3": 0.314453125, "f_4": 0.19140625, "f_5": 0.1318359375, "f_6": 0.22265625, "f_7": 0.2822265625, "f_8": 0.2998046875, "f_9": 0.23828125}, "sample1": {"f_0": 0, "f_1": 0.046875, "f_2": 0.228515625, "f_3": 0.3740234375, "f_4": 0.5380859375, "f_5": 0.2744140625, "f_6": 0.1845703125, "f_7": 0.1650390625, "f_8": 0.23828125, "f_9": 0.1787109375}, "sample2": {"f_0": 0, "f_1": 0.033203125, "f_2": 0.138671875, "f_3": 0.2138671875, "f_4": 0.2421875, "f_5": 0.2138671875, "f_6": 0.1552734375, "f_7": 0.15234375, "f_8": 0.1435546875, "f_9": 0.2412109375}, "sample3": {"f_0": 0, "f_1": 0.0087890625, "f_2": 0.140625, "f_3": 0.234375, "f_4": 0.2607421875, "f_5": 0.150390625, "f_6": 0.0888671875, "f_7": 0.0419921875, "f_8": 0.1259765625, "f_9": 0.1708984375}, "sample4": {"f_0": 0, "f_1": 0.2060546875, "f_2": 0.3076171875, "f_3": 0.22265625, "f_4": 0.224609375, "f_5": 0.4482421875, "f_6": 0.51953125, "f_7": 0.1708984375, "f_8": 0.123046875, "f_9": 0.2333984375}, "sample5": {"f_0": 0, "f_1": 0.0107421875, "f_2": 0.0478515625, "f_3": 0.1123046875, "f_4": 0.193359375, "f_5": 0.26171875, "f_6": 0.35546875, "f_7": 0.3935546875, "f_8": 0.341796875, "f_9": 0.2529296875}, "sample6": {"f_0": 0, "f_1": 0.154296875, "f_2": 0.3916015625, "f_3": 0.33984375, "f_4": 0.1923828125, "f_5": 0.2646484375, "f_6": 0.46484375, "f_7": 0.2509765625, "f_8": 0.033203125, "f_9": 0.15625}, "sample7": {"f_0": 0, "f_1": 0.03515625, "f_2": 0.142578125, "f_3": 0.34375, "f_4": 0.462890625, "f_5": 0.5859375, "f_6": 0.595703125, "f_7": 0.5478515625, "f_8": 0.486328125, "f_9": 0.3486328125}, "sample8": {"f_0": 0, "f_1": 0.013671875, "f_2": 0.0703125, "f_3": 0.12109375, "f_4": 0.2470703125, "f_5": 0.3193359375, "f_6": 0.4111328125, "f_7": 0.3837890625, "f_8": 0.42578125, "f_9": 0.328125}, "sample9": {"f_0": 0, "f_1": 0.0205078125, "f_2": 0.1748046875, "f_3": 0.255859375, "f_4": 0.265625, "f_5": 0.3427734375, "f_6": 0.283203125, "f_7": 0.15625, "f_8": 0.13671875, "f_9": 0.1962890625}, "sample10": {"f_0": 0, "f_1": 0.123046875, "f_2": 0.3056640625, "f_3": 0.2529296875, "f_4": 0.2373046875, "f_5": 0.29296875, "f_6": 0.2763671875, "f_7": 0.158203125, "f_8": 0.185546875, "f_9": 0.3203125}, "sample11": {"f_0": 0, "f_1": 0.107421875, "f_2": 0.2548828125, "f_3": 0.05078125, "f_4": 0.0673828125, "f_5": 0.3427734375, "f_6": 0.33984375, "f_7": 0.1201171875, "f_8": 0.2060546875, "f_9": 0.3857421875}, "sample12": {"f_0": 0, "f_1": 0.1806640625, "f_2": 0.3232421875, "f_3": 0.2490234375, "f_4": 0.2373046875, "f_5": 0.2744140625, "f_6": 0.2353515625, "f_7": 0.2822265625, "f_8": 0.2802734375, "f_9": 0.2353515625}, "sample13": {"f_0": 0, "f_1": 0.0185546875, "f_2": 0.0576171875, "f_3": 0.08984375, "f_4": 0.1181640625, "f_5": 0.0859375, "f_6": 0.1123046875, "f_7": 0.166015625, "f_8": 0.23046875, "f_9": 0.3505859375}, "sample14": {"f_0": 0, "f_1": 0.025390625, "f_2": 0.126953125, "f_3": 0.154296875, "f_4": 0.20703125, "f_5": 0.1826171875, "f_6": 0.2314453125, "f_7": 0.23828125, "f_8": 0.0966796875, "f_9": 0.0732421875}, "sample15": {"f_0": 0, "f_1": 0.2685546875, "f_2": 0.3330078125, "f_3": 0.3046875, "f_4": 0.380859375, "f_5": 0.01953125, "f_6": 0.2314453125, "f_7": 0.4404296875, "f_8": 0.2314453125, "f_9": 0.3994140625}, "sample16": {"f_0": 0, "f_1": 0.1416015625, "f_2": 0.390625, "f_3": 0.3359375, "f_4": 0.1708984375, "f_5": 0.052734375, "f_6": 0.162109375, "f_7": 0.3544921875, "f_8": 0.4384765625, "f_9": 0.33203125}, "sample17": {"f_0": 0, "f_1": 0.0517578125, "f_2": 0.1845703125, "f_3": 0.2607421875, "f_4": 0.2353515625, "f_5": 0.1796875, "f_6": 0.240234375, "f_7": 0.251953125, "f_8": 0.1513671875, "f_9": 0.099609375}, "sample18": {"f_0": 0, "f_1": 0.041015625, "f_2": 0.2060546875, "f_3": 0.2783203125, "f_4": 0.2529296875, "f_5": 0.318359375, "f_6": 0.3955078125, "f_7": 0.4091796875, "f_8": 0.4375, "f_9": 0.33203125}, "sample19": {"f_0": 0, "f_1": 0.0009765625, "f_2": 0.00390625, "f_3": 0.0126953125, "f_4": 0.0166015625, "f_5": 0.033203125, "f_6": 0.0478515625, "f_7": 0.0439453125, "f_8": 0.09375, "f_9": 0.0869140625}, "sample20": {"f_0": 0, "f_1": 0.0458984375, "f_2": 0.119140625, "f_3": 0.115234375, "f_4": 0.1083984375, "f_5": 0.1083984375, "f_6": 0.134765625, "f_7": 0.1240234375, "f_8": 0.1357421875, "f_9": 0.259765625}, "sample21": {"f_0": 0, "f_1": 0, "f_2": 0.0009765625, "f_3": 0.001953125, "f_4": 0.0107421875, "f_5": 0.013671875, "f_6": 0.0380859375, "f_7": 0.0595703125, "f_8": 0.0712890625, "f_9": 0.08984375}, "sample22": {"f_0": 0, "f_1": 0.095703125, "f_2": 0.2431640625, "f_3": 0.1416015625, "f_4": 0.138671875, "f_5": 0.3095703125, "f_6": 0.2080078125, "f_7": 0.0419921875, "f_8": 0.1796875, "f_9": 0.4658203125}, "sample23": {"f_0": 0, "f_1": 0.16015625, "f_2": 0.3916015625, "f_3": 0.41015625, "f_4": 0.3125, "f_5": 0.1279296875, "f_6": 0.2109375, "f_7": 0.349609375, "f_8": 0.46484375, "f_9": 0.3525390625}, "sample24": {"f_0": 0, "f_1": 0, "f_2": 0.01171875, "f_3": 0.01953125, "f_4": 0.0390625, "f_5": 0.0625, "f_6": 0.0859375, "f_7": 0.10546875, "f_8": 0.1494140625, "f_9": 0.2021484375}, "sample25": {"f_0": 0, "f_1": 0.056640625, "f_2": 0.1630859375, "f_3": 0.2060546875, "f_4": 0.2021484375, "f_5": 0.19921875, "f_6": 0.2529296875, "f_7": 0.3896484375, "f_8": 0.458984375, "f_9": 0.40234375}, "sample26": {"f_0": 0, "f_1": 0.109375, "f_2": 0.2666015625, "f_3": 0.3623046875, "f_4": 0.4248046875, "f_5": 0.3955078125, "f_6": 0.2939453125, "f_7": 0.26171875, "f_8": 0.2978515625, "f_9": 0.2490234375}, "sample27": {"f_0": 0, "f_1": 0.3408203125, "f_2": 0.263671875, "f_3": 0.435546875, "f_4": 0.349609375, "f_5": 0.1689453125, "f_6": 0.171875, "f_7": 0.0732421875, "f_8": 0.26953125, "f_9": 0.2314453125}, "sample28": {"f_0": 0, "f_1": 0.0615234375, "f_2": 0.21875, "f_3": 0.427734375, "f_4": 0.4853515625, "f_5": 0.5888671875, "f_6": 0.4765625, "f_7": 0.3681640625, "f_8": 0.2744140625, "f_9": 0.216796875}, "sample29": {"f_0": 0, "f_1": 0.0400390625, "f_2": 0.2490234375, "f_3": 0.3271484375, "f_4": 0.2724609375, "f_5": 0.1865234375, "f_6": 0.1943359375, "f_7": 0.4013671875, "f_8": 0.576171875, "f_9": 0.484375}, "sample30": {"f_0": 0, "f_1": 0.0244140625, "f_2": 0.1005859375, "f_3": 0.162109375, "f_4": 0.2822265625, "f_5": 0.2880859375, "f_6": 0.359375, "f_7": 0.3583984375, "f_8": 0.3876953125, "f_9": 0.447265625}, "sample31": {"f_0": 0, "f_1": 0.2255859375, "f_2": 0.3681640625, "f_3": 0.236328125, "f_4": 0.2314453125, "f_5": 0.2177734375, "f_6": 0.134765625, "f_7": 0.2548828125, "f_8": 0.341796875, "f_9": 0.197265625}, "sample32": {"f_0": 0, "f_1": 0.0224609375, "f_2": 0.1328125, "f_3": 0.1533203125, "f_4": 0.2470703125, "f_5": 0.2353515625, "f_6": 0.1650390625, "f_7": 0.255859375, "f_8": 0.1748046875, "f_9": 0.154296875}, "sample33": {"f_0": 0, "f_1": 0.2021484375, "f_2": 0.3115234375, "f_3": 0.2021484375, "f_4": 0.177734375, "f_5": 0.2421875, "f_6": 0.2509765625, "f_7": 0.234375, "f_8": 0.5, "f_9": 0.56640625}, "sample34": {"f_0": 0, "f_1": 0.1455078125, "f_2": 0.29296875, "f_3": 0.3232421875, "f_4": 0.25, "f_5": 0.224609375, "f_6": 0.201171875, "f_7": 0.16015625, "f_8": 0.3271484375, "f_9": 0.4287109375}, "sample35": {"f_0": 0, "f_1": 0.0556640625, "f_2": 0.25, "f_3": 0.3125, "f_4": 0.251953125, "f_5": 0.2685546875, "f_6": 0.3603515625, "f_7": 0.3046875, "f_8": 0.1123046875, "f_9": 0.169921875}, "sample36": {"f_0": 0, "f_1": 0.0458984375, "f_2": 0.1240234375, "f_3": 0.1982421875, "f_4": 0.1708984375, "f_5": 0.0888671875, "f_6": 0.0390625, "f_7": 0.1162109375, "f_8": 0.2724609375, "f_9": 0.23828125}, "sample37": {"f_0": 0, "f_1": 0.05078125, "f_2": 0.2529296875, "f_3": 0.2421875, "f_4": 0.2685546875, "f_5": 0.4521484375, "f_6": 0.34765625, "f_7": 0.177734375, "f_8": 0.0927734375, "f_9": 0.21484375}, "sample38": {"f_0": 0, "f_1": 0.0654296875, "f_2": 0.19921875, "f_3": 0.1728515625, "f_4": 0.259765625, "f_5": 0.4267578125, "f_6": 0.568359375, "f_7": 0.4970703125, "f_8": 0.2705078125, "f_9": 0.107421875}, "sample39": {"f_0": 0, "f_1": 0.04296875,