{"sample0": {"f_0": 0.9228515625, "f_1": 0.6611328125, "f_2": 0.25390625, "f_3": 0.1640625, "f_4": 0.2607421875, "f_5": 0.3173828125, "f_6": 0.248046875, "f_7": 0.185546875, "f_8": 0.2119140625, "f_9": 0.2197265625}, "sample1": {"f_0": 0.935546875, "f_1": 0.5400390625, "f_2": 0.28125, "f_3": 0.134765625, "f_4": 0.078125, "f_5": 0.220703125, "f_6": 0.2861328125, "f_7": 0.28515625, "f_8": 0.2099609375, "f_9": 0.2431640625}, "sample2": {"f_0": 0.91796875, "f_1": 0.7109375, "f_2": 0.390625, "f_3": 0.2333984375, "f_4": 0.2412109375, "f_5": 0.3408203125, "f_6": 0.3681640625, "f_7": 0.326171875, "f_8": 0.27734375, "f_9": 0.2294921875}, "sample3": {"f_0": 0.93359375, "f_1": 0.6611328125, "f_2": 0.3359375, "f_3": 0.240234375, "f_4": 0.2109375, "f_5": 0.2939453125, "f_6": 0.412109375, "f_7": 0.48828125, "f_8": 0.3642578125, "f_9": 0.2958984375}, "sample4": {"f_0": 0.9375, "f_1": 0.4697265625, "f_2": 0.1767578125, "f_3": 0.2060546875, "f_4": 0.212890625, "f_5": 0.1201171875, "f_6": 0.1435546875, "f_7": 0.3505859375, "f_8": 0.2978515625, "f_9": 0.1923828125}, "sample5": {"f_0": 0.9287109375, "f_1": 0.7861328125, "f_2": 0.654296875, "f_3": 0.4775390625, "f_4": 0.3212890625, "f_5": 0.25390625, "f_6": 0.1484375, "f_7": 0.1220703125, "f_8": 0.17578125, "f_9": 0.2265625}, "sample6": {"f_0": 0.9248046875, "f_1": 0.5751953125, "f_2": 0.220703125, "f_3": 0.169921875, "f_4": 0.2392578125, "f_5": 0.220703125, "f_6": 0.1142578125, "f_7": 0.3232421875, "f_8": 0.517578125, "f_9": 0.421875}, "sample7": {"f_0": 0.9130859375, "f_1": 0.7890625, "f_2": 0.6220703125, "f_3": 0.3515625, "f_4": 0.2431640625, "f_5": 0.0869140625, "f_6": 0.08203125, "f_7": 0.0986328125, "f_8": 0.171875, "f_9": 0.1865234375}, "sample8": {"f_0": 0.90625, "f_1": 0.7373046875, "f_2": 0.556640625, "f_3": 0.421875, "f_4": 0.2763671875, "f_5": 0.2021484375, "f_6": 0.1123046875, "f_7": 0.1201171875, "f_8": 0.1220703125, "f_9": 0.1767578125}, "sample9": {"f_0": 0.92578125, "f_1": 0.626953125, "f_2": 0.31640625, "f_3": 0.21484375, "f_4": 0.1943359375, "f_5": 0.169921875, "f_6": 0.330078125, "f_7": 0.537109375, "f_8": 0.3798828125, "f_9": 0.25}, "sample10": {"f_0": 0.9384765625, "f_1": 0.6376953125, "f_2": 0.310546875, "f_3": 0.21875, "f_4": 0.2421875, "f_5": 0.2060546875, "f_6": 0.203125, "f_7": 0.2900390625, "f_8": 0.265625, "f_9": 0.171875}, "sample11": {"f_0": 0.94140625, "f_1": 0.5791015625, "f_2": 0.2216796875, "f_3": 0.525390625, "f_4": 0.517578125, "f_5": 0.193359375, "f_6": 0.171875, "f_7": 0.380859375, "f_8": 0.2724609375, "f_9": 0.1279296875}, "sample12": {"f_0": 0.931640625, "f_1": 0.5546875, "f_2": 0.2333984375, "f_3": 0.2001953125, "f_4": 0.2236328125, "f_5": 0.1982421875, "f_6": 0.234375, "f_7": 0.2587890625, "f_8": 0.1689453125, "f_9": 0.2353515625}, "sample13": {"f_0": 0.923828125, "f_1": 0.7861328125, "f_2": 0.630859375, "f_3": 0.4697265625, "f_4": 0.421875, "f_5": 0.4150390625, "f_6": 0.39453125, "f_7": 0.37890625, "f_8": 0.291015625, "f_9": 0.21484375}, "sample14": {"f_0": 0.9365234375, "f_1": 0.6953125, "f_2": 0.390625, "f_3": 0.333984375, "f_4": 0.2255859375, "f_5": 0.2568359375, "f_6": 0.2314453125, "f_7": 0.2060546875, "f_8": 0.3408203125, "f_9": 0.4541015625}, "sample15": {"f_0": 0.9169921875, "f_1": 0.3916015625, "f_2": 0.1455078125, "f_3": 0.1796875, "f_4": 0.25, "f_5": 0.6396484375, "f_6": 0.4619140625, "f_7": 0.12890625, "f_8": 0.19140625, "f_9": 0.1552734375}, "sample16": {"f_0": 0.9296875, "f_1": 0.5810546875, "f_2": 0.23828125, "f_3": 0.146484375, "f_4": 0.35546875, "f_5": 0.4794921875, "f_6": 0.3828125, "f_7": 0.2451171875, "f_8": 0.1142578125, "f_9": 0.1650390625}, "sample17": {"f_0": 0.9267578125, "f_1": 0.666015625, "f_2": 0.2939453125, "f_3": 0.2353515625, "f_4": 0.220703125, "f_5": 0.2705078125, "f_6": 0.2255859375, "f_7": 0.212890625, "f_8": 0.26953125, "f_9": 0.353515625}, "sample18": {"f_0": 0.9384765625, "f_1": 0.6201171875, "f_2": 0.2705078125, "f_3": 0.171875, "f_4": 0.2099609375, "f_5": 0.173828125, "f_6": 0.12890625, "f_7": 0.1162109375, "f_8": 0.205078125, "f_9": 0.26953125}, "sample19": {"f_0": 0.9384765625, "f_1": 0.8642578125, "f_2": 0.814453125, "f_3": 0.751953125, "f_4": 0.703125, "f_5": 0.6611328125, "f_6": 0.6181640625, "f_7": 0.5869140625, "f_8": 0.537109375, "f_9": 0.5087890625}, "sample20": {"f_0": 0.9345703125, "f_1": 0.6845703125, "f_2": 0.4697265625, "f_3": 0.365234375, "f_4": 0.369140625, "f_5": 0.3740234375, "f_6": 0.2763671875, "f_7": 0.3076171875, "f_8": 0.3251953125, "f_9": 0.2021484375}, "sample21": {"f_0": 0.93359375, "f_1": 0.8486328125, "f_2": 0.791015625, "f_3": 0.73046875, "f_4": 0.6435546875, "f_5": 0.595703125, "f_6": 0.5146484375, "f_7": 0.49609375, "f_8": 0.4365234375, "f_9": 0.4169921875}, "sample22": {"f_0": 0.9228515625, "f_1": 0.6162109375, "f_2": 0.2568359375, "f_3": 0.341796875, "f_4": 0.33984375, "f_5": 0.1640625, "f_6": 0.337890625, "f_7": 0.513671875, "f_8": 0.3720703125, "f_9": 0.140625}, "sample23": {"f_0": 0.916015625, "f_1": 0.6123046875, "f_2": 0.3017578125, "f_3": 0.0966796875, "f_4": 0.19140625, "f_5": 0.3173828125, "f_6": 0.23828125, "f_7": 0.177734375, "f_8": 0.1357421875, "f_9": 0.2216796875}, "sample24": {"f_0": 0.9267578125, "f_1": 0.84765625, "f_2": 0.8193359375, "f_3": 0.7578125, "f_4": 0.7392578125, "f_5": 0.650390625, "f_6": 0.5888671875, "f_7": 0.55859375, "f_8": 0.48046875, "f_9": 0.4375}, "sample25": {"f_0": 0.9296875, "f_1": 0.7421875, "f_2": 0.5341796875, "f_3": 0.330078125, "f_4": 0.3046875, "f_5": 0.3251953125, "f_6": 0.28515625, "f_7": 0.1787109375, "f_8": 0.1123046875, "f_9": 0.1474609375}, "sample26": {"f_0": 0.9326171875, "f_1": 0.6962890625, "f_2": 0.3427734375, "f_3": 0.1982421875, "f_4": 0.1259765625, "f_5": 0.119140625, "f_6": 0.1689453125, "f_7": 0.185546875, "f_8": 0.171875, "f_9": 0.2431640625}, "sample27": {"f_0": 0.93359375, "f_1": 0.2998046875, "f_2": 0.220703125, "f_3": 0.130859375, "f_4": 0.2109375, "f_5": 0.2841796875, "f_6": 0.2783203125, "f_7": 0.4287109375, "f_8": 0.1748046875, "f_9": 0.240234375}, "sample28": {"f_0": 0.927734375, "f_1": 0.740234375, "f_2": 0.5166015625, "f_3": 0.271484375, "f_4": 0.150390625, "f_5": 0.0712890625, "f_6": 0.115234375, "f_7": 0.166015625, "f_8": 0.2333984375, "f_9": 0.2412109375}, "sample29": {"f_0": 0.93359375, "f_1": 0.5361328125, "f_2": 0.23046875, "f_3": 0.1748046875, "f_4": 0.2138671875, "f_5": 0.275390625, "f_6": 0.224609375, "f_7": 0.158203125, "f_8": 0.0869140625, "f_9": 0.1689453125}, "sample30": {"f_0": 0.939453125, "f_1": 0.6796875, "f_2": 0.4501953125, "f_3": 0.3251953125, "f_4": 0.212890625, "f_5": 0.1826171875, "f_6": 0.1298828125, "f_7": 0.142578125, "f_8": 0.205078125, "f_9": 0.12109375}, "sample31": {"f_0": 0.921875, "f_1": 0.5087890625, "f_2": 0.173828125, "f_3": 0.23046875, "f_4": 0.2333984375, "f_5": 0.255859375, "f_6": 0.33203125, "f_7": 0.2548828125, "f_8": 0.1328125, "f_9": 0.2578125}, "sample32": {"f_0": 0.935546875, "f_1": 0.6435546875, "f_2": 0.3505859375, "f_3": 0.3232421875, "f_4": 0.212890625, "f_5": 0.25, "f_6": 0.3515625, "f_7": 0.4365234375, "f_8": 0.35546875, "f_9": 0.29296875}, "sample33": {"f_0": 0.9228515625, "f_1": 0.4931640625, "f_2": 0.1923828125, "f_3": 0.25, "f_4": 0.3046875, "f_5": 0.2109375, "f_6": 0.2138671875, "f_7": 0.2470703125, "f_8": 0.126953125, "f_9": 0.1015625}, "sample34": {"f_0": 0.921875, "f_1": 0.6142578125, "f_2": 0.244140625, "f_3": 0.1787109375, "f_4": 0.193359375, "f_5": 0.203125, "f_6": 0.2744140625, "f_7": 0.2880859375, "f_8": 0.18359375, "f_9": 0.1279296875}, "sample35": {"f_0": 0.9384765625, "f_1": 0.5537109375, "f_2": 0.2353515625, "f_3": 0.1767578125, "f_4": 0.2412109375, "f_5": 0.216796875, "f_6": 0.13671875, "f_7": 0.2041015625, "f_8": 0.3447265625, "f_9": 0.3134765625}, "sample36": {"f_0": 0.923828125, "f_1": 0.6650390625, "f_2": 0.36328125, "f_3": 0.26953125, "f_4": 0.466796875, "f_5": 0.6201171875, "f_6": 0.517578125, "f_7": 0.3525390625, "f_8": 0.1923828125, "f_9": 0.2529296875}, "sample37": {"f_0": 0.93359375, "f_1": 0.5263671875, "f_2": 0.1826171875, "f_3": 0.20703125,