{"sample0": {"f_0": 0.4716796875, "f_1": 0.6396484375, "f_2": 0.478515625, "f_3": 0.2431640625, "f_4": 0.1884765625, "f_5": 0.2373046875, "f_6": 0.291015625, "f_7": 0.1875, "f_8": 0.1923828125, "f_9": 0.18359375}, "sample1": {"f_0": 0.458984375, "f_1": 0.322265625, "f_2": 0.197265625, "f_3": 0.212890625, "f_4": 0.2578125, "f_5": 0.1669921875, "f_6": 0.2001953125, "f_7": 0.2783203125, "f_8": 0.1669921875, "f_9": 0.185546875}, "sample2": {"f_0": 0.466796875, "f_1": 0.5068359375, "f_2": 0.3896484375, "f_3": 0.2021484375, "f_4": 0.1005859375, "f_5": 0.103515625, "f_6": 0.1416015625, "f_7": 0.162109375, "f_8": 0.1884765625, "f_9": 0.23828125}, "sample3": {"f_0": 0.4580078125, "f_1": 0.3798828125, "f_2": 0.2724609375, "f_3": 0.2236328125, "f_4": 0.208984375, "f_5": 0.259765625, "f_6": 0.3388671875, "f_7": 0.279296875, "f_8": 0.3681640625, "f_9": 0.275390625}, "sample4": {"f_0": 0.462890625, "f_1": 0.068359375, "f_2": 0.1611328125, "f_3": 0.240234375, "f_4": 0.1904296875, "f_5": 0.140625, "f_6": 0.3974609375, "f_7": 0.4287109375, "f_8": 0.185546875, "f_9": 0.19140625}, "sample5": {"f_0": 0.4697265625, "f_1": 0.44921875, "f_2": 0.447265625, "f_3": 0.4248046875, "f_4": 0.39453125, "f_5": 0.3681640625, "f_6": 0.2939453125, "f_7": 0.185546875, "f_8": 0.1552734375, "f_9": 0.1015625}, "sample6": {"f_0": 0.4765625, "f_1": 0.091796875, "f_2": 0.083984375, "f_3": 0.2099609375, "f_4": 0.216796875, "f_5": 0.1640625, "f_6": 0.29296875, "f_7": 0.4599609375, "f_8": 0.337890625, "f_9": 0.0927734375}, "sample7": {"f_0": 0.4716796875, "f_1": 0.2578125, "f_2": 0.1318359375, "f_3": 0.0390625, "f_4": 0.0576171875, "f_5": 0.173828125, "f_6": 0.2685546875, "f_7": 0.3056640625, "f_8": 0.41796875, "f_9": 0.3544921875}, "sample8": {"f_0": 0.4482421875, "f_1": 0.328125, "f_2": 0.19921875, "f_3": 0.1630859375, "f_4": 0.1044921875, "f_5": 0.1181640625, "f_6": 0.1845703125, "f_7": 0.2763671875, "f_8": 0.30859375, "f_9": 0.365234375}, "sample9": {"f_0": 0.451171875, "f_1": 0.2939453125, "f_2": 0.205078125, "f_3": 0.2314453125, "f_4": 0.1865234375, "f_5": 0.27734375, "f_6": 0.50390625, "f_7": 0.6015625, "f_8": 0.4091796875, "f_9": 0.2421875}, "sample10": {"f_0": 0.4580078125, "f_1": 0.6513671875, "f_2": 0.5048828125, "f_3": 0.3134765625, "f_4": 0.263671875, "f_5": 0.19921875, "f_6": 0.177734375, "f_7": 0.2177734375, "f_8": 0.2705078125, "f_9": 0.2119140625}, "sample11": {"f_0": 0.482421875, "f_1": 0.15234375, "f_2": 0.2197265625, "f_3": 0.380859375, "f_4": 0.1865234375, "f_5": 0.115234375, "f_6": 0.349609375, "f_7": 0.375, "f_8": 0.1328125, "f_9": 0.2216796875}, "sample12": {"f_0": 0.4345703125, "f_1": 0.0771484375, "f_2": 0.0966796875, "f_3": 0.201171875, "f_4": 0.1669921875, "f_5": 0.146484375, "f_6": 0.16796875, "f_7": 0.138671875, "f_8": 0.2197265625, "f_9": 0.240234375}, "sample13": {"f_0": 0.458984375, "f_1": 0.3193359375, "f_2": 0.2021484375, "f_3": 0.1689453125, "f_4": 0.181640625, "f_5": 0.1826171875, "f_6": 0.1611328125, "f_7": 0.12890625, "f_8": 0.07421875, "f_9": 0.0849609375}, "sample14": {"f_0": 0.462890625, "f_1": 0.27734375, "f_2": 0.17578125, "f_3": 0.1533203125, "f_4": 0.1904296875, "f_5": 0.171875, "f_6": 0.18359375, "f_7": 0.2294921875, "f_8": 0.2265625, "f_9": 0.1806640625}, "sample15": {"f_0": 0.4423828125, "f_1": 0.0458984375, "f_2": 0.2236328125, "f_3": 0.2197265625, "f_4": 0.45703125, "f_5": 0.4326171875, "f_6": 0.076171875, "f_7": 0.140625, "f_8": 0.1826171875, "f_9": 0.28515625}, "sample16": {"f_0": 0.4716796875, "f_1": 0.1298828125, "f_2": 0.0654296875, "f_3": 0.318359375, "f_4": 0.373046875, "f_5": 0.248046875, "f_6": 0.0927734375, "f_7": 0.0751953125, "f_8": 0.193359375, "f_9": 0.2705078125}, "sample17": {"f_0": 0.4775390625, "f_1": 0.1904296875, "f_2": 0.169921875, "f_3": 0.1708984375, "f_4": 0.201171875, "f_5": 0.212890625, "f_6": 0.2158203125, "f_7": 0.1845703125, "f_8": 0.255859375, "f_9": 0.18359375}, "sample18": {"f_0": 0.46484375, "f_1": 0.2490234375, "f_2": 0.216796875, "f_3": 0.193359375, "f_4": 0.19921875, "f_5": 0.216796875, "f_6": 0.1767578125, "f_7": 0.1728515625, "f_8": 0.4267578125, "f_9": 0.4345703125}, "sample19": {"f_0": 0.484375, "f_1": 0.4501953125, "f_2": 0.46484375, "f_3": 0.47265625, "f_4": 0.4765625, "f_5": 0.5029296875, "f_6": 0.4658203125, "f_7": 0.4775390625, "f_8": 0.455078125, "f_9": 0.4677734375}, "sample20": {"f_0": 0.4853515625, "f_1": 0.5205078125, "f_2": 0.4462890625, "f_3": 0.2666015625, "f_4": 0.2333984375, "f_5": 0.2822265625, "f_6": 0.220703125, "f_7": 0.232421875, "f_8": 0.2578125, "f_9": 0.3017578125}, "sample21": {"f_0": 0.4609375, "f_1": 0.4638671875, "f_2": 0.4052734375, "f_3": 0.384765625, "f_4": 0.3369140625, "f_5": 0.26171875, "f_6": 0.21875, "f_7": 0.244140625, "f_8": 0.173828125, "f_9": 0.1669921875}, "sample22": {"f_0": 0.478515625, "f_1": 0.134765625, "f_2": 0.1513671875, "f_3": 0.2099609375, "f_4": 0.154296875, "f_5": 0.2431640625, "f_6": 0.4248046875, "f_7": 0.3642578125, "f_8": 0.111328125, "f_9": 0.1396484375}, "sample23": {"f_0": 0.462890625, "f_1": 0.107421875, "f_2": 0.048828125, "f_3": 0.2353515625, "f_4": 0.3203125, "f_5": 0.1982421875, "f_6": 0.12890625, "f_7": 0.1943359375, "f_8": 0.3154296875, "f_9": 0.4169921875}, "sample24": {"f_0": 0.486328125, "f_1": 0.498046875, "f_2": 0.515625, "f_3": 0.51953125, "f_4": 0.56640625, "f_5": 0.5166015625, "f_6": 0.5302734375, "f_7": 0.56640625, "f_8": 0.51953125, "f_9": 0.517578125}, "sample25": {"f_0": 0.46484375, "f_1": 0.2177734375, "f_2": 0.1162109375, "f_3": 0.1142578125, "f_4": 0.1015625, "f_5": 0.1064453125, "f_6": 0.064453125, "f_7": 0.09375, "f_8": 0.15625, "f_9": 0.2568359375}, "sample26": {"f_0": 0.4619140625, "f_1": 0.619140625, "f_2": 0.599609375, "f_3": 0.431640625, "f_4": 0.3046875, "f_5": 0.173828125, "f_6": 0.1455078125, "f_7": 0.185546875, "f_8": 0.142578125, "f_9": 0.1181640625}, "sample27": {"f_0": 0.4873046875, "f_1": 0.0615234375, "f_2": 0.2353515625, "f_3": 0.2333984375, "f_4": 0.4345703125, "f_5": 0.189453125, "f_6": 0.357421875, "f_7": 0.283203125, "f_8": 0.16015625, "f_9": 0.234375}, "sample28": {"f_0": 0.466796875, "f_1": 0.2041015625, "f_2": 0.0771484375, "f_3": 0.0341796875, "f_4": 0.1279296875, "f_5": 0.234375, "f_6": 0.2900390625, "f_7": 0.291015625, "f_8": 0.30078125, "f_9": 0.2646484375}, "sample29": {"f_0": 0.47265625, "f_1": 0.267578125, "f_2": 0.224609375, "f_3": 0.3037109375, "f_4": 0.205078125, "f_5": 0.1611328125, "f_6": 0.23046875, "f_7": 0.23828125, "f_8": 0.2060546875, "f_9": 0.099609375}, "sample30": {"f_0": 0.4794921875, "f_1": 0.453125, "f_2": 0.3779296875, "f_3": 0.2578125, "f_4": 0.263671875, "f_5": 0.2578125, "f_6": 0.26953125, "f_7": 0.2958984375, "f_8": 0.3671875, "f_9": 0.3310546875}, "sample31": {"f_0": 0.482421875, "f_1": 0.0751953125, "f_2": 0.166015625, "f_3": 0.224609375, "f_4": 0.16015625, "f_5": 0.2158203125, "f_6": 0.173828125, "f_7": 0.115234375, "f_8": 0.2158203125, "f_9": 0.267578125}, "sample32": {"f_0": 0.4892578125, "f_1": 0.306640625, "f_2": 0.18359375, "f_3": 0.2216796875, "f_4": 0.224609375, "f_5": 0.140625, "f_6": 0.11328125, "f_7": 0.0546875, "f_8": 0.0830078125, "f_9": 0.15625}, "sample33": {"f_0": 0.4912109375, "f_1": 0.0771484375, "f_2": 0.154296875, "f_3": 0.2861328125, "f_4": 0.169921875, "f_5": 0.1689453125, "f_6": 0.185546875, "f_7": 0.154296875, "f_8": 0.1259765625, "f_9": 0.373046875}, "sample34": {"f_0": 0.494140625, "f_1": 0.603515625, "f_2": 0.42578125, "f_3": 0.2373046875, "f_4": 0.2255859375, "f_5": 0.2099609375, "f_6": 0.1796875, "f_7": 0.24609375, "f_8": 0.291015625, "f_9": 0.1669921875}, "sample35": {"f_0": 0.482421875, "f_1": 0.4580078125, "f_2": 0.2294921875, "f_3": 0.1494140625, "f_4": 0.1689453125, "f_5": 0.216796875, "f_6": 0.1630859375, "f_7": 0.125, "f_8": 0.19921875, "f_9": 0.3232421875}, "sample36": {"f_0": 0.4560546875, "f_1": 0.2099609375, "f_2": 0.1484375, "f_3": 0.3115234375, "f_4": 0.5234375, "f_5": 0.5048828125, "f_6": 0.306640625, "f_7": 0.197265625, "f_8": 0.22265625, "f_9": 0.32421875}, "sample37": {"f_0": 0.4833984375, "f_1": 0.220703125,