{"sample0": {"f_0": 0.4999999999999999, "f_1": 0.12445212046777851, "f_2": 0.06288488704325404, "f_3": 0.2295604987818448, "f_4": 0.3080491443123327, "f_5": 0.220137344961828, "f_6": 0.14817487218233602, "f_7": 0.20526865275391412, "f_8": 0.24195812948104792, "f_9": 0.23717043554142117}, "sample1": {"f_0": 0.4999999999999999, "f_1": 0.30762199170348475, "f_2": 0.3031876481008731, "f_3": 0.2493421965852537, "f_4": 0.21717109481000393, "f_5": 0.27092254013689954, "f_6": 0.3343070169538895, "f_7": 0.21914698073293315, "f_8": 0.16549186121835063, "f_9": 0.19969433589817842}, "sample2": {"f_0": 0.4999999999999999, "f_1": 0.2954909230595714, "f_2": 0.1888218765641911, "f_3": 0.29674013163765317, "f_4": 0.5018915512615375, "f_5": 0.5819969785999634, "f_6": 0.49793371312311074, "f_7": 0.36213084733527745, "f_8": 0.2625461859902329, "f_9": 0.23151142550698395}, "sample3": {"f_0": 0.4999999999999999, "f_1": 0.3537627152337804, "f_2": 0.2224139789238707, "f_3": 0.23637505390149394, "f_4": 0.24130535884687518, "f_5": 0.16340315913824413, "f_6": 0.09630684525857326, "f_7": 0.05455205760074013, "f_8": 0.062118538514198664, "f_9": 0.14129346193031286}, "sample4": {"f_0": 0.4999999999999999, "f_1": 0.7078683326316251, "f_2": 0.4052926298841146, "f_3": 0.258774502616348, "f_4": 0.3670366752514782, "f_5": 0.5217668010237038, "f_6": 0.26165697258005466, "f_7": 0.06401945795595579, "f_8": 0.1947580720606502, "f_9": 0.25726841567840686}, "sample5": {"f_0": 0.4999999999999999, "f_1": 0.3743558073414937, "f_2": 0.28394419379587077, "f_3": 0.2276596932915093, "f_4": 0.15088460126466757, "f_5": 0.11261479049080894, "f_6": 0.1432582874116086, "f_7": 0.19826035090086733, "f_8": 0.2813768212768071, "f_9": 0.41284295666275084}, "sample6": {"f_0": 0.4999999999999999, "f_1": 0.7257081929522324, "f_2": 0.4780919597244865, "f_3": 0.27460032115478356, "f_4": 0.1945383362671639, "f_5": 0.35200871276172235, "f_6": 0.28529055291930655, "f_7": 0.09220884085549949, "f_8": 0.169679707527234, "f_9": 0.3498187237363776}, "sample7": {"f_0": 0.4999999999999999, "f_1": 0.6774355111195247, "f_2": 0.772512631714183, "f_3": 0.7651160765923435, "f_4": 0.6424198317233741, "f_5": 0.44116464011600753, "f_6": 0.2386397003267602, "f_7": 0.09331375002434825, "f_8": 0.035871247558308256, "f_9": 0.07477735040573454}, "sample8": {"f_0": 0.4999999999999999, "f_1": 0.5199957413737778, "f_2": 0.44457848109912956, "f_3": 0.45271391340316547, "f_4": 0.4915676782080908, "f_5": 0.4252127902052374, "f_6": 0.3283034518703884, "f_7": 0.29813430406098734, "f_8": 0.286461180733544, "f_9": 0.2478036938323507}, "sample9": {"f_0": 0.4999999999999999, "f_1": 0.42142630349327154, "f_2": 0.2545040433896767, "f_3": 0.2236639763348486, "f_4": 0.2533134486756234, "f_5": 0.1709726810054477, "f_6": 0.06515738496509706, "f_7": 0.05808008441568053, "f_8": 0.09494524076011314, "f_9": 0.15098282479684463}, "sample10": {"f_0": 0.4999999999999999, "f_1": 0.15099076531954067, "f_2": 0.057884952450148144, "f_3": 0.13758040935521754, "f_4": 0.16718310573418207, "f_5": 0.21357546347522255, "f_6": 0.3063934657149034, "f_7": 0.2750125132713064, "f_8": 0.17037745700646825, "f_9": 0.22599248946600667}, "sample11": {"f_0": 0.4999999999999999, "f_1": 0.5867870701125473, "f_2": 0.287424288132068, "f_3": 0.3517559335705405, "f_4": 0.6234826119191388, "f_5": 0.44681484736527227, "f_6": 0.19352818315207698, "f_7": 0.3247295668676726, "f_8": 0.3840131358721133, "f_9": 0.1716432872183824}, "sample12": {"f_0": 0.4999999999999999, "f_1": 0.7318860324381861, "f_2": 0.49533415757868465, "f_3": 0.3057186741919187, "f_4": 0.32953154584620525, "f_5": 0.36455772280160537, "f_6": 0.3535243466135489, "f_7": 0.34738546583367846, "f_8": 0.22222914516881245, "f_9": 0.17474943979535537}, "sample13": {"f_0": 0.4999999999999999, "f_1": 0.5884309320499008, "f_2": 0.5634202748324407, "f_3": 0.4653982830478324, "f_4": 0.3835964919174992, "f_5": 0.3871322361437977, "f_6": 0.47177346740856013, "f_7": 0.5646050454487489, "f_8": 0.5829818908930166, "f_9": 0.5012145155865803}, "sample14": {"f_0": 0.4999999999999999, "f_1": 0.5291828943839861, "f_2": 0.4132002772937702, "f_3": 0.32463073463291187, "f_4": 0.2844306690167412, "f_5": 0.254595453127357, "f_6": 0.21533726813692675, "f_7": 0.1584805654453152, "f_8": 0.16470308434928418, "f_9": 0.2656625061096357}, "sample15": {"f_0": 0.4999999999999999, "f_1": 0.6688156667557114, "f_2": 0.25749454723041615, "f_3": 0.24151681531828964, "f_4": 0.05905074019466074, "f_5": 0.37931060802814587, "f_6": 0.724160426617704, "f_7": 0.29034741872356273, "f_8": 0.256624489684198, "f_9": 0.11486753435829587}, "sample16": {"f_0": 0.4999999999999999, "f_1": 0.7134764936086957, "f_2": 0.4880035851724958, "f_3": 0.16888060166800808, "f_4": 0.12427966790731138, "f_5": 0.344137476060491, "f_6": 0.5681575029671826, "f_7": 0.536100822293867, "f_8": 0.29055376898845503, "f_9": 0.16797493149123127}, "sample17": {"f_0": 0.4999999999999999, "f_1": 0.5732380626499005, "f_2": 0.44575054784701434, "f_3": 0.31070444710543393, "f_4": 0.24249123702681477, "f_5": 0.23382640508232072, "f_6": 0.24915985170364016, "f_7": 0.2193879744926967, "f_8": 0.20879433975377346, "f_9": 0.34348325071999}, "sample18": {"f_0": 0.4999999999999999, "f_1": 0.5068743218498261, "f_2": 0.3604349812554489, "f_3": 0.24062607884324358, "f_4": 0.22387951251376526, "f_5": 0.2731155104471642, "f_6": 0.255332634927652, "f_7": 0.17200468422143564, "f_8": 0.14123999382000763, "f_9": 0.17318181350245307}, "sample19": {"f_0": 0.4999999999999999, "f_1": 0.46388122359106615, "f_2": 0.41721503121892345, "f_3": 0.367662355611317, "f_4": 0.3192494334117784, "f_5": 0.271154726971146, "f_6": 0.22296030195017044, "f_7": 0.17856239333052384, "f_8": 0.14145887864280587, "f_9": 0.1112104281995725}, "sample20": {"f_0": 0.4999999999999999, "f_1": 0.23745839308223055, "f_2": 0.1712559147010906, "f_3": 0.2816579475690498, "f_4": 0.3006826867839162, "f_5": 0.23659987340246927, "f_6": 0.2766746301813101, "f_7": 0.34832739761528964, "f_8": 0.2548449933626743, "f_9": 0.10775808984414675}, "sample21": {"f_0": 0.4999999999999999, "f_1": 0.48975109642160547, "f_2": 0.4682125307243104, "f_3": 0.4471231900674401, "f_4": 0.4336801928826929, "f_5": 0.42871359490362276, "f_6": 0.4282552167617035, "f_7": 0.4352467325279207, "f_8": 0.44533679302658624, "f_9": 0.4550786837311354}, "sample22": {"f_0": 0.4999999999999999, "f_1": 0.6453629041475386, "f_2": 0.44930497827626603, "f_3": 0.39007124976529994, "f_4": 0.41787409980803, "f_5": 0.21951215013013853, "f_6": 0.12052672666016218, "f_7": 0.33365260936403707, "f_8": 0.4542804718804803, "f_9": 0.4005712363568379}, "sample23": {"f_0": 0.4999999999999999, "f_1": 0.7378334102298836, "f_2": 0.5535982718863872, "f_3": 0.2199673927464308, "f_4": 0.16991374295620737, "f_5": 0.378034272649606, "f_6": 0.436617647608816, "f_7": 0.2304712205781959, "f_8": 0.07958349262628767, "f_9": 0.21280268328659288}, "sample24": {"f_0": 0.4999999999999999, "f_1": 0.44821602431367646, "f_2": 0.3972123363294874, "f_3": 0.3488634759398379, "f_4": 0.2986160443323039, "f_5": 0.24606880216006785, "f_6": 0.19734188801245758, "f_7": 0.15606302629829816, "f_8": 0.11986581937422591, "f_9": 0.08757302950605873}, "sample25": {"f_0": 0.4999999999999999, "f_1": 0.6775883143439586, "f_2": 0.6583449440301931, "f_3": 0.515093099766574, "f_4": 0.42372110734229695, "f_5": 0.47459316137089785, "f_6": 0.5733326392805789, "f_7": 0.5604348448991541, "f_8": 0.3926910634243163, "f_9": 0.1976087969419454}, "sample26": {"f_0": 0.4999999999999999, "f_1": 0.1741989391987848, "f_2": 0.043096243399567434, "f_3": 0.07101548246218219, "f_4": 0.17022880058736364, "f_5": 0.29856277283949734, "f_6": 0.3381045833793133, "f_7": 0.3110901162471293, "f_8": 0.3323226023489545, "f_9": 0.38877967421195764}, "sample27": {"f_0": 0.4999999999999999, "f_1": 0.6198539455481258, "f_2": 0.29729877373244734, "f_3": 0.18207954278896207, "f_4": 0.25136468306787413, "f_5": 0.3923923472870867, "f_6": 0.17157957577939134, "f_7": 0.4400128103143582,