{"sample0": {"f_0": 0.0166015625, "f_1": 0.12890625, "f_2": 0.3232421875, "f_3": 0.29296875, "f_4": 0.173828125, "f_5": 0.130859375, "f_6": 0.1806640625, "f_7": 0.2265625, "f_8": 0.23046875, "f_9": 0.19921875}, "sample1": {"f_0": 0.0166015625, "f_1": 0.056640625, "f_2": 0.1875, "f_3": 0.314453125, "f_4": 0.388671875, "f_5": 0.2578125, "f_6": 0.1572265625, "f_7": 0.1845703125, "f_8": 0.177734375, "f_9": 0.142578125}, "sample2": {"f_0": 0.01171875, "f_1": 0.037109375, "f_2": 0.123046875, "f_3": 0.1904296875, "f_4": 0.2041015625, "f_5": 0.1943359375, "f_6": 0.1328125, "f_7": 0.1328125, "f_8": 0.16015625, "f_9": 0.1845703125}, "sample3": {"f_0": 0.01171875, "f_1": 0.041015625, "f_2": 0.123046875, "f_3": 0.1826171875, "f_4": 0.2041015625, "f_5": 0.1240234375, "f_6": 0.09375, "f_7": 0.0712890625, "f_8": 0.115234375, "f_9": 0.1396484375}, "sample4": {"f_0": 0.013671875, "f_1": 0.2021484375, "f_2": 0.271484375, "f_3": 0.22265625, "f_4": 0.2236328125, "f_5": 0.357421875, "f_6": 0.41015625, "f_7": 0.1748046875, "f_8": 0.1201171875, "f_9": 0.173828125}, "sample5": {"f_0": 0.01171875, "f_1": 0.033203125, "f_2": 0.0556640625, "f_3": 0.0888671875, "f_4": 0.1806640625, "f_5": 0.2197265625, "f_6": 0.2685546875, "f_7": 0.28125, "f_8": 0.2451171875, "f_9": 0.201171875}, "sample6": {"f_0": 0.01171875, "f_1": 0.1865234375, "f_2": 0.310546875, "f_3": 0.2529296875, "f_4": 0.1748046875, "f_5": 0.22265625, "f_6": 0.3720703125, "f_7": 0.22265625, "f_8": 0.056640625, "f_9": 0.1396484375}, "sample7": {"f_0": 0.0126953125, "f_1": 0.052734375, "f_2": 0.138671875, "f_3": 0.2998046875, "f_4": 0.369140625, "f_5": 0.4599609375, "f_6": 0.4609375, "f_7": 0.4140625, "f_8": 0.341796875, "f_9": 0.251953125}, "sample8": {"f_0": 0.015625, "f_1": 0.0302734375, "f_2": 0.0712890625, "f_3": 0.1220703125, "f_4": 0.1826171875, "f_5": 0.232421875, "f_6": 0.3115234375, "f_7": 0.3203125, "f_8": 0.3134765625, "f_9": 0.251953125}, "sample9": {"f_0": 0.0185546875, "f_1": 0.03515625, "f_2": 0.146484375, "f_3": 0.2197265625, "f_4": 0.25, "f_5": 0.2509765625, "f_6": 0.2177734375, "f_7": 0.1513671875, "f_8": 0.123046875, "f_9": 0.1689453125}, "sample10": {"f_0": 0.013671875, "f_1": 0.1318359375, "f_2": 0.259765625, "f_3": 0.2216796875, "f_4": 0.18359375, "f_5": 0.23828125, "f_6": 0.203125, "f_7": 0.09765625, "f_8": 0.14453125, "f_9": 0.244140625}, "sample11": {"f_0": 0.01171875, "f_1": 0.1064453125, "f_2": 0.228515625, "f_3": 0.0673828125, "f_4": 0.103515625, "f_5": 0.2685546875, "f_6": 0.271484375, "f_7": 0.107421875, "f_8": 0.1708984375, "f_9": 0.30859375}, "sample12": {"f_0": 0.0146484375, "f_1": 0.158203125, "f_2": 0.283203125, "f_3": 0.2431640625, "f_4": 0.1953125, "f_5": 0.23828125, "f_6": 0.2080078125, "f_7": 0.2041015625, "f_8": 0.208984375, "f_9": 0.1650390625}, "sample13": {"f_0": 0.009765625, "f_1": 0.041015625, "f_2": 0.07421875, "f_3": 0.1123046875, "f_4": 0.09765625, "f_5": 0.0986328125, "f_6": 0.1064453125, "f_7": 0.1416015625, "f_8": 0.1923828125, "f_9": 0.2724609375}, "sample14": {"f_0": 0.0107421875, "f_1": 0.037109375, "f_2": 0.1328125, "f_3": 0.1435546875, "f_4": 0.177734375, "f_5": 0.16015625, "f_6": 0.1806640625, "f_7": 0.1884765625, "f_8": 0.0859375, "f_9": 0.091796875}, "sample15": {"f_0": 0.0146484375, "f_1": 0.2412109375, "f_2": 0.2919921875, "f_3": 0.26171875, "f_4": 0.302734375, "f_5": 0.0625, "f_6": 0.2138671875, "f_7": 0.3369140625, "f_8": 0.2001953125, "f_9": 0.2734375}, "sample16": {"f_0": 0.0048828125, "f_1": 0.115234375, "f_2": 0.326171875, "f_3": 0.3037109375, "f_4": 0.1455078125, "f_5": 0.0712890625, "f_6": 0.162109375, "f_7": 0.3349609375, "f_8": 0.337890625, "f_9": 0.2529296875}, "sample17": {"f_0": 0.009765625, "f_1": 0.0634765625, "f_2": 0.1689453125, "f_3": 0.205078125, "f_4": 0.2041015625, "f_5": 0.146484375, "f_6": 0.1826171875, "f_7": 0.203125, "f_8": 0.1318359375, "f_9": 0.0986328125}, "sample18": {"f_0": 0.0185546875, "f_1": 0.0517578125, "f_2": 0.1708984375, "f_3": 0.23828125, "f_4": 0.2021484375, "f_5": 0.2451171875, "f_6": 0.31640625, "f_7": 0.328125, "f_8": 0.3193359375, "f_9": 0.236328125}, "sample19": {"f_0": 0.009765625, "f_1": 0.0244140625, "f_2": 0.0322265625, "f_3": 0.0380859375, "f_4": 0.0390625, "f_5": 0.068359375, "f_6": 0.0625, "f_7": 0.0673828125, "f_8": 0.0986328125, "f_9": 0.0966796875}, "sample20": {"f_0": 0.013671875, "f_1": 0.0537109375, "f_2": 0.091796875, "f_3": 0.119140625, "f_4": 0.1162109375, "f_5": 0.1005859375, "f_6": 0.1083984375, "f_7": 0.1201171875, "f_8": 0.1171875, "f_9": 0.2197265625}, "sample21": {"f_0": 0.0126953125, "f_1": 0.021484375, "f_2": 0.037109375, "f_3": 0.0400390625, "f_4": 0.033203125, "f_5": 0.04296875, "f_6": 0.052734375, "f_7": 0.0625, "f_8": 0.0771484375, "f_9": 0.0986328125}, "sample22": {"f_0": 0.01171875, "f_1": 0.0986328125, "f_2": 0.2119140625, "f_3": 0.1328125, "f_4": 0.1337890625, "f_5": 0.2529296875, "f_6": 0.201171875, "f_7": 0.05859375, "f_8": 0.1767578125, "f_9": 0.3310546875}, "sample23": {"f_0": 0.0126953125, "f_1": 0.1611328125, "f_2": 0.3447265625, "f_3": 0.3408203125, "f_4": 0.271484375, "f_5": 0.0888671875, "f_6": 0.19921875, "f_7": 0.2568359375, "f_8": 0.345703125, "f_9": 0.271484375}, "sample24": {"f_0": 0.0146484375, "f_1": 0.029296875, "f_2": 0.0439453125, "f_3": 0.0361328125, "f_4": 0.05859375, "f_5": 0.091796875, "f_6": 0.0869140625, "f_7": 0.1318359375, "f_8": 0.1328125, "f_9": 0.16015625}, "sample25": {"f_0": 0.0107421875, "f_1": 0.06640625, "f_2": 0.1416015625, "f_3": 0.1796875, "f_4": 0.19140625, "f_5": 0.1611328125, "f_6": 0.2177734375, "f_7": 0.302734375, "f_8": 0.36328125, "f_9": 0.30859375}, "sample26": {"f_0": 0.015625, "f_1": 0.11328125, "f_2": 0.265625, "f_3": 0.3076171875, "f_4": 0.3466796875, "f_5": 0.3193359375, "f_6": 0.2255859375, "f_7": 0.220703125, "f_8": 0.2392578125, "f_9": 0.1826171875}, "sample27": {"f_0": 0.015625, "f_1": 0.298828125, "f_2": 0.220703125, "f_3": 0.3603515625, "f_4": 0.298828125, "f_5": 0.16015625, "f_6": 0.1552734375, "f_7": 0.0791015625, "f_8": 0.2548828125, "f_9": 0.1982421875}, "sample28": {"f_0": 0.0205078125, "f_1": 0.0859375, "f_2": 0.208984375, "f_3": 0.322265625, "f_4": 0.4140625, "f_5": 0.4111328125, "f_6": 0.384765625, "f_7": 0.2646484375, "f_8": 0.2294921875, "f_9": 0.1767578125}, "sample29": {"f_0": 0.01171875, "f_1": 0.064453125, "f_2": 0.21484375, "f_3": 0.2841796875, "f_4": 0.23046875, "f_5": 0.138671875, "f_6": 0.16015625, "f_7": 0.275390625, "f_8": 0.4287109375, "f_9": 0.3681640625}, "sample30": {"f_0": 0.01171875, "f_1": 0.0390625, "f_2": 0.103515625, "f_3": 0.1298828125, "f_4": 0.212890625, "f_5": 0.2705078125, "f_6": 0.279296875, "f_7": 0.26171875, "f_8": 0.283203125, "f_9": 0.345703125}, "sample31": {"f_0": 0.0166015625, "f_1": 0.2216796875, "f_2": 0.3134765625, "f_3": 0.19921875, "f_4": 0.17578125, "f_5": 0.169921875, "f_6": 0.13671875, "f_7": 0.2275390625, "f_8": 0.2548828125, "f_9": 0.1767578125}, "sample32": {"f_0": 0.0126953125, "f_1": 0.0380859375, "f_2": 0.1357421875, "f_3": 0.1298828125, "f_4": 0.20703125, "f_5": 0.197265625, "f_6": 0.16796875, "f_7": 0.21484375, "f_8": 0.1455078125, "f_9": 0.1435546875}, "sample33": {"f_0": 0.0087890625, "f_1": 0.2021484375, "f_2": 0.283203125, "f_3": 0.18359375, "f_4": 0.171875, "f_5": 0.22265625, "f_6": 0.208984375, "f_7": 0.2021484375, "f_8": 0.3427734375, "f_9": 0.43359375}, "sample34": {"f_0": 0.015625, "f_1": 0.14453125, "f_2": 0.2734375, "f_3": 0.2744140625, "f_4": 0.2109375, "f_5": 0.1767578125, "f_6": 0.1630859375, "f_7": 0.1298828125, "f_8": 0.265625, "f_9": 0.33984375}, "sample35": {"f_0": 0.009765625, "f_1": 0.0615234375, "f_2": 0.2080078125, "f_3": 0.27734375, "f_4": 0.19921875, "f_5": 0.2275390625, "f_6": 0.2890625, "f_7": 0.2626953125, "f_8": 0.1142578125, "f_9": 0.1240234375}, "sample36": {"f_0": 0.013671875, "f_1": 0.0576171875, "f_2": 0.14453125, "f_3": 0.1669921875, "f_4": 0.158203125, "f_5": 0.1044921875, "f_6": 0.05078125, "f_7": 0.1064453125, "f_8": 0.1865234375, "f_9": 0.205078125}, "sample37": {"f_0": 0.0107421875, "f_1": 0.0625, "f_2": 0.2412109375,