{"sample0": {"f_0": 0.4716796875, "f_1": 0.1376953125, "f_2": 0.0751953125, "f_3": 0.1796875, "f_4": 0.2841796875, "f_5": 0.181640625, "f_6": 0.14453125, "f_7": 0.1923828125, "f_8": 0.2080078125, "f_9": 0.1982421875}, "sample1": {"f_0": 0.4775390625, "f_1": 0.2880859375, "f_2": 0.2197265625, "f_3": 0.2109375, "f_4": 0.25390625, "f_5": 0.2451171875, "f_6": 0.232421875, "f_7": 0.1552734375, "f_8": 0.2431640625, "f_9": 0.1884765625}, "sample2": {"f_0": 0.45703125, "f_1": 0.2568359375, "f_2": 0.1640625, "f_3": 0.259765625, "f_4": 0.3798828125, "f_5": 0.4072265625, "f_6": 0.3642578125, "f_7": 0.298828125, "f_8": 0.216796875, "f_9": 0.15625}, "sample3": {"f_0": 0.4892578125, "f_1": 0.328125, "f_2": 0.2294921875, "f_3": 0.1962890625, "f_4": 0.23046875, "f_5": 0.1875, "f_6": 0.197265625, "f_7": 0.2578125, "f_8": 0.119140625, "f_9": 0.1376953125}, "sample4": {"f_0": 0.4736328125, "f_1": 0.61328125, "f_2": 0.263671875, "f_3": 0.21875, "f_4": 0.2392578125, "f_5": 0.3154296875, "f_6": 0.12890625, "f_7": 0.1142578125, "f_8": 0.259765625, "f_9": 0.2265625}, "sample5": {"f_0": 0.4658203125, "f_1": 0.314453125, "f_2": 0.2333984375, "f_3": 0.166015625, "f_4": 0.0927734375, "f_5": 0.1171875, "f_6": 0.1474609375, "f_7": 0.234375, "f_8": 0.275390625, "f_9": 0.3037109375}, "sample6": {"f_0": 0.474609375, "f_1": 0.6484375, "f_2": 0.44140625, "f_3": 0.236328125, "f_4": 0.21484375, "f_5": 0.2890625, "f_6": 0.1884765625, "f_7": 0.0732421875, "f_8": 0.248046875, "f_9": 0.49609375}, "sample7": {"f_0": 0.4619140625, "f_1": 0.58984375, "f_2": 0.591796875, "f_3": 0.6416015625, "f_4": 0.5556640625, "f_5": 0.388671875, "f_6": 0.2763671875, "f_7": 0.2021484375, "f_8": 0.1025390625, "f_9": 0.0771484375}, "sample8": {"f_0": 0.4599609375, "f_1": 0.4619140625, "f_2": 0.42578125, "f_3": 0.3896484375, "f_4": 0.3623046875, "f_5": 0.3408203125, "f_6": 0.275390625, "f_7": 0.1884765625, "f_8": 0.1064453125, "f_9": 0.1083984375}, "sample9": {"f_0": 0.4765625, "f_1": 0.3681640625, "f_2": 0.2421875, "f_3": 0.1953125, "f_4": 0.2451171875, "f_5": 0.1474609375, "f_6": 0.068359375, "f_7": 0.1025390625, "f_8": 0.119140625, "f_9": 0.185546875}, "sample10": {"f_0": 0.4775390625, "f_1": 0.1396484375, "f_2": 0.0732421875, "f_3": 0.1396484375, "f_4": 0.138671875, "f_5": 0.1962890625, "f_6": 0.22265625, "f_7": 0.2138671875, "f_8": 0.12890625, "f_9": 0.1640625}, "sample11": {"f_0": 0.4560546875, "f_1": 0.5126953125, "f_2": 0.1748046875, "f_3": 0.234375, "f_4": 0.4892578125, "f_5": 0.328125, "f_6": 0.10546875, "f_7": 0.130859375, "f_8": 0.3125, "f_9": 0.2060546875}, "sample12": {"f_0": 0.478515625, "f_1": 0.611328125, "f_2": 0.400390625, "f_3": 0.23828125, "f_4": 0.287109375, "f_5": 0.2548828125, "f_6": 0.25390625, "f_7": 0.3232421875, "f_8": 0.17578125, "f_9": 0.146484375}, "sample13": {"f_0": 0.4912109375, "f_1": 0.4921875, "f_2": 0.48828125, "f_3": 0.3759765625, "f_4": 0.3515625, "f_5": 0.341796875, "f_6": 0.3486328125, "f_7": 0.376953125, "f_8": 0.3916015625, "f_9": 0.388671875}, "sample14": {"f_0": 0.45703125, "f_1": 0.431640625, "f_2": 0.326171875, "f_3": 0.2734375, "f_4": 0.2685546875, "f_5": 0.212890625, "f_6": 0.2001953125, "f_7": 0.16796875, "f_8": 0.212890625, "f_9": 0.380859375}, "sample15": {"f_0": 0.45703125, "f_1": 0.5751953125, "f_2": 0.2607421875, "f_3": 0.208984375, "f_4": 0.1005859375, "f_5": 0.27734375, "f_6": 0.59375, "f_7": 0.3056640625, "f_8": 0.2001953125, "f_9": 0.140625}, "sample16": {"f_0": 0.458984375, "f_1": 0.6259765625, "f_2": 0.447265625, "f_3": 0.1669921875, "f_4": 0.123046875, "f_5": 0.2998046875, "f_6": 0.44921875, "f_7": 0.4501953125, "f_8": 0.234375, "f_9": 0.1376953125}, "sample17": {"f_0": 0.453125, "f_1": 0.48046875, "f_2": 0.3203125, "f_3": 0.267578125, "f_4": 0.232421875, "f_5": 0.1591796875, "f_6": 0.2080078125, "f_7": 0.203125, "f_8": 0.181640625, "f_9": 0.283203125}, "sample18": {"f_0": 0.4814453125, "f_1": 0.41796875, "f_2": 0.28515625, "f_3": 0.2353515625, "f_4": 0.224609375, "f_5": 0.22265625, "f_6": 0.25390625, "f_7": 0.2470703125, "f_8": 0.091796875, "f_9": 0.068359375}, "sample19": {"f_0": 0.439453125, "f_1": 0.412109375, "f_2": 0.392578125, "f_3": 0.3447265625, "f_4": 0.3115234375, "f_5": 0.236328125, "f_6": 0.228515625, "f_7": 0.19921875, "f_8": 0.1494140625, "f_9": 0.14453125}, "sample20": {"f_0": 0.46484375, "f_1": 0.24609375, "f_2": 0.1533203125, "f_3": 0.201171875, "f_4": 0.236328125, "f_5": 0.20703125, "f_6": 0.1982421875, "f_7": 0.1943359375, "f_8": 0.16796875, "f_9": 0.1279296875}, "sample21": {"f_0": 0.4619140625, "f_1": 0.4443359375, "f_2": 0.4140625, "f_3": 0.404296875, "f_4": 0.333984375, "f_5": 0.3837890625, "f_6": 0.3486328125, "f_7": 0.3408203125, "f_8": 0.3369140625, "f_9": 0.3173828125}, "sample22": {"f_0": 0.46875, "f_1": 0.5517578125, "f_2": 0.294921875, "f_3": 0.26171875, "f_4": 0.3115234375, "f_5": 0.185546875, "f_6": 0.095703125, "f_7": 0.23046875, "f_8": 0.4052734375, "f_9": 0.2890625}, "sample23": {"f_0": 0.4794921875, "f_1": 0.654296875, "f_2": 0.568359375, "f_3": 0.240234375, "f_4": 0.130859375, "f_5": 0.2236328125, "f_6": 0.3154296875, "f_7": 0.2685546875, "f_8": 0.130859375, "f_9": 0.1142578125}, "sample24": {"f_0": 0.4892578125, "f_1": 0.39453125, "f_2": 0.3330078125, "f_3": 0.27734375, "f_4": 0.2666015625, "f_5": 0.2119140625, "f_6": 0.169921875, "f_7": 0.138671875, "f_8": 0.1162109375, "f_9": 0.1171875}, "sample25": {"f_0": 0.484375, "f_1": 0.611328125, "f_2": 0.583984375, "f_3": 0.443359375, "f_4": 0.3828125, "f_5": 0.39453125, "f_6": 0.4072265625, "f_7": 0.41015625, "f_8": 0.271484375, "f_9": 0.14453125}, "sample26": {"f_0": 0.4541015625, "f_1": 0.16015625, "f_2": 0.041015625, "f_3": 0.095703125, "f_4": 0.181640625, "f_5": 0.2685546875, "f_6": 0.2568359375, "f_7": 0.2216796875, "f_8": 0.2529296875, "f_9": 0.3466796875}, "sample27": {"f_0": 0.458984375, "f_1": 0.5517578125, "f_2": 0.234375, "f_3": 0.232421875, "f_4": 0.0732421875, "f_5": 0.2421875, "f_6": 0.1484375, "f_7": 0.2333984375, "f_8": 0.2431640625, "f_9": 0.1796875}, "sample28": {"f_0": 0.4521484375, "f_1": 0.6064453125, "f_2": 0.6494140625, "f_3": 0.625, "f_4": 0.4306640625, "f_5": 0.275390625, "f_6": 0.19140625, "f_7": 0.1328125, "f_8": 0.1015625, "f_9": 0.134765625}, "sample29": {"f_0": 0.4619140625, "f_1": 0.337890625, "f_2": 0.2294921875, "f_3": 0.15234375, "f_4": 0.2119140625, "f_5": 0.2568359375, "f_6": 0.1962890625, "f_7": 0.1708984375, "f_8": 0.2919921875, "f_9": 0.453125}, "sample30": {"f_0": 0.4697265625, "f_1": 0.259765625, "f_2": 0.1640625, "f_3": 0.1875, "f_4": 0.1630859375, "f_5": 0.1748046875, "f_6": 0.171875, "f_7": 0.169921875, "f_8": 0.115234375, "f_9": 0.125}, "sample31": {"f_0": 0.490234375, "f_1": 0.6064453125, "f_2": 0.298828125, "f_3": 0.1943359375, "f_4": 0.23828125, "f_5": 0.205078125, "f_6": 0.2490234375, "f_7": 0.333984375, "f_8": 0.19140625, "f_9": 0.146484375}, "sample32": {"f_0": 0.4677734375, "f_1": 0.3896484375, "f_2": 0.265625, "f_3": 0.220703125, "f_4": 0.236328125, "f_5": 0.275390625, "f_6": 0.41796875, "f_7": 0.564453125, "f_8": 0.396484375, "f_9": 0.302734375}, "sample33": {"f_0": 0.4970703125, "f_1": 0.6044921875, "f_2": 0.3173828125, "f_3": 0.15234375, "f_4": 0.271484375, "f_5": 0.275390625, "f_6": 0.193359375, "f_7": 0.28515625, "f_8": 0.3720703125, "f_9": 0.15234375}, "sample34": {"f_0": 0.47265625, "f_1": 0.115234375, "f_2": 0.0986328125, "f_3": 0.1923828125, "f_4": 0.2236328125, "f_5": 0.21875, "f_6": 0.2177734375, "f_7": 0.1728515625, "f_8": 0.1591796875, "f_9": 0.2822265625}, "sample35": {"f_0": 0.462890625, "f_1": 0.2021484375, "f_2": 0.2275390625, "f_3": 0.310546875, "f_4": 0.267578125, "f_5": 0.189453125, "f_6": 0.2529296875, "f_7": 0.328125, "f_8": 0.2236328125, "f_9": 0.1435546875}, "sample36": {"f_0": 0.4755859375, "f_1": 0.4990234375, "f_2": 0.33203125, "f_3": 0.1298828125, "f_4": 0.080078125, "f_5": 0.193359375, "f_6": 0.263671875, "f_7": 0.28125, "f_8": 0.1728515625, "f_9": 0.115234375}, "sample37": {"f_0": 0.4580078125, "f_1": 0.380859375, "f_2": 0.1953125, "f_3": 0.2197265625, "f_4": 0.259765625,