{"sample0": {"f_0": 0.5, "f_1": 0.7080078125, "f_2": 0.5380859375, "f_3": 0.2978515625, "f_4": 0.212890625, "f_5": 0.3349609375, "f_6": 0.3603515625, "f_7": 0.2412109375, "f_8": 0.220703125, "f_9": 0.2451171875}, "sample1": {"f_0": 0.5205078125, "f_1": 0.3837890625, "f_2": 0.2236328125, "f_3": 0.296875, "f_4": 0.2958984375, "f_5": 0.1923828125, "f_6": 0.244140625, "f_7": 0.3427734375, "f_8": 0.2001953125, "f_9": 0.2353515625}, "sample2": {"f_0": 0.501953125, "f_1": 0.5498046875, "f_2": 0.4443359375, "f_3": 0.2197265625, "f_4": 0.08203125, "f_5": 0.072265625, "f_6": 0.1123046875, "f_7": 0.189453125, "f_8": 0.2412109375, "f_9": 0.2734375}, "sample3": {"f_0": 0.4599609375, "f_1": 0.3876953125, "f_2": 0.3017578125, "f_3": 0.271484375, "f_4": 0.2333984375, "f_5": 0.330078125, "f_6": 0.4501953125, "f_7": 0.3662109375, "f_8": 0.515625, "f_9": 0.373046875}, "sample4": {"f_0": 0.50390625, "f_1": 0.046875, "f_2": 0.1845703125, "f_3": 0.248046875, "f_4": 0.2265625, "f_5": 0.166015625, "f_6": 0.5361328125, "f_7": 0.515625, "f_8": 0.2216796875, "f_9": 0.1982421875}, "sample5": {"f_0": 0.4814453125, "f_1": 0.55078125, "f_2": 0.5537109375, "f_3": 0.4892578125, "f_4": 0.474609375, "f_5": 0.4453125, "f_6": 0.3720703125, "f_7": 0.2294921875, "f_8": 0.1533203125, "f_9": 0.1025390625}, "sample6": {"f_0": 0.5029296875, "f_1": 0.0830078125, "f_2": 0.09765625, "f_3": 0.2763671875, "f_4": 0.2529296875, "f_5": 0.17578125, "f_6": 0.3310546875, "f_7": 0.650390625, "f_8": 0.4599609375, "f_9": 0.0927734375}, "sample7": {"f_0": 0.48046875, "f_1": 0.30859375, "f_2": 0.1103515625, "f_3": 0.0146484375, "f_4": 0.0498046875, "f_5": 0.162109375, "f_6": 0.32421875, "f_7": 0.4150390625, "f_8": 0.5576171875, "f_9": 0.521484375}, "sample8": {"f_0": 0.4990234375, "f_1": 0.3515625, "f_2": 0.205078125, "f_3": 0.154296875, "f_4": 0.0947265625, "f_5": 0.1171875, "f_6": 0.201171875, "f_7": 0.3359375, "f_8": 0.4423828125, "f_9": 0.4501953125}, "sample9": {"f_0": 0.48828125, "f_1": 0.3369140625, "f_2": 0.23828125, "f_3": 0.2978515625, "f_4": 0.2412109375, "f_5": 0.337890625, "f_6": 0.642578125, "f_7": 0.7802734375, "f_8": 0.541015625, "f_9": 0.298828125}, "sample10": {"f_0": 0.5, "f_1": 0.7265625, "f_2": 0.572265625, "f_3": 0.3896484375, "f_4": 0.326171875, "f_5": 0.296875, "f_6": 0.1923828125, "f_7": 0.2412109375, "f_8": 0.3564453125, "f_9": 0.2880859375}, "sample11": {"f_0": 0.49609375, "f_1": 0.1201171875, "f_2": 0.267578125, "f_3": 0.392578125, "f_4": 0.1689453125, "f_5": 0.1171875, "f_6": 0.4150390625, "f_7": 0.4853515625, "f_8": 0.1484375, "f_9": 0.28125}, "sample12": {"f_0": 0.4951171875, "f_1": 0.087890625, "f_2": 0.09765625, "f_3": 0.2080078125, "f_4": 0.1767578125, "f_5": 0.189453125, "f_6": 0.1953125, "f_7": 0.1494140625, "f_8": 0.27734375, "f_9": 0.3134765625}, "sample13": {"f_0": 0.51171875, "f_1": 0.34765625, "f_2": 0.2197265625, "f_3": 0.1669921875, "f_4": 0.2060546875, "f_5": 0.201171875, "f_6": 0.1826171875, "f_7": 0.1064453125, "f_8": 0.072265625, "f_9": 0.0888671875}, "sample14": {"f_0": 0.4775390625, "f_1": 0.296875, "f_2": 0.1767578125, "f_3": 0.19921875, "f_4": 0.203125, "f_5": 0.232421875, "f_6": 0.240234375, "f_7": 0.2783203125, "f_8": 0.2666015625, "f_9": 0.193359375}, "sample15": {"f_0": 0.5087890625, "f_1": 0.0361328125, "f_2": 0.2314453125, "f_3": 0.2373046875, "f_4": 0.576171875, "f_5": 0.5283203125, "f_6": 0.0556640625, "f_7": 0.1650390625, "f_8": 0.2451171875, "f_9": 0.345703125}, "sample16": {"f_0": 0.50390625, "f_1": 0.11328125, "f_2": 0.0859375, "f_3": 0.32421875, "f_4": 0.4765625, "f_5": 0.33203125, "f_6": 0.095703125, "f_7": 0.0673828125, "f_8": 0.2275390625, "f_9": 0.34375}, "sample17": {"f_0": 0.521484375, "f_1": 0.2490234375, "f_2": 0.171875, "f_3": 0.208984375, "f_4": 0.2080078125, "f_5": 0.271484375, "f_6": 0.2587890625, "f_7": 0.2392578125, "f_8": 0.2880859375, "f_9": 0.2138671875}, "sample18": {"f_0": 0.509765625, "f_1": 0.2392578125, "f_2": 0.2265625, "f_3": 0.2333984375, "f_4": 0.2529296875, "f_5": 0.21484375, "f_6": 0.2021484375, "f_7": 0.2119140625, "f_8": 0.583984375, "f_9": 0.630859375}, "sample19": {"f_0": 0.47265625, "f_1": 0.521484375, "f_2": 0.53515625, "f_3": 0.5498046875, "f_4": 0.6220703125, "f_5": 0.60546875, "f_6": 0.60546875, "f_7": 0.6181640625, "f_8": 0.6474609375, "f_9": 0.64453125}, "sample20": {"f_0": 0.5009765625, "f_1": 0.61328125, "f_2": 0.5126953125, "f_3": 0.3076171875, "f_4": 0.3056640625, "f_5": 0.3232421875, "f_6": 0.28125, "f_7": 0.2939453125, "f_8": 0.35546875, "f_9": 0.41015625}, "sample21": {"f_0": 0.5126953125, "f_1": 0.48828125, "f_2": 0.46875, "f_3": 0.44140625, "f_4": 0.4111328125, "f_5": 0.345703125, "f_6": 0.2919921875, "f_7": 0.25, "f_8": 0.2177734375, "f_9": 0.19140625}, "sample22": {"f_0": 0.5029296875, "f_1": 0.15234375, "f_2": 0.1513671875, "f_3": 0.2255859375, "f_4": 0.181640625, "f_5": 0.28125, "f_6": 0.5537109375, "f_7": 0.46484375, "f_8": 0.0859375, "f_9": 0.177734375}, "sample23": {"f_0": 0.5048828125, "f_1": 0.0859375, "f_2": 0.0302734375, "f_3": 0.3173828125, "f_4": 0.3583984375, "f_5": 0.265625, "f_6": 0.1435546875, "f_7": 0.1904296875, "f_8": 0.44140625, "f_9": 0.556640625}, "sample24": {"f_0": 0.4892578125, "f_1": 0.5615234375, "f_2": 0.5771484375, "f_3": 0.595703125, "f_4": 0.6611328125, "f_5": 0.662109375, "f_6": 0.6796875, "f_7": 0.6875, "f_8": 0.6923828125, "f_9": 0.6826171875}, "sample25": {"f_0": 0.517578125, "f_1": 0.251953125, "f_2": 0.091796875, "f_3": 0.0810546875, "f_4": 0.11328125, "f_5": 0.111328125, "f_6": 0.0712890625, "f_7": 0.1005859375, "f_8": 0.20703125, "f_9": 0.3720703125}, "sample26": {"f_0": 0.5126953125, "f_1": 0.7109375, "f_2": 0.669921875, "f_3": 0.4970703125, "f_4": 0.390625, "f_5": 0.2138671875, "f_6": 0.2041015625, "f_7": 0.2080078125, "f_8": 0.1806640625, "f_9": 0.09765625}, "sample27": {"f_0": 0.474609375, "f_1": 0.041015625, "f_2": 0.2568359375, "f_3": 0.28515625, "f_4": 0.5302734375, "f_5": 0.2177734375, "f_6": 0.396484375, "f_7": 0.3349609375, "f_8": 0.2041015625, "f_9": 0.2998046875}, "sample28": {"f_0": 0.515625, "f_1": 0.216796875, "f_2": 0.0615234375, "f_3": 0.013671875, "f_4": 0.103515625, "f_5": 0.3046875, "f_6": 0.3671875, "f_7": 0.3779296875, "f_8": 0.4189453125, "f_9": 0.3662109375}, "sample29": {"f_0": 0.4931640625, "f_1": 0.328125, "f_2": 0.265625, "f_3": 0.369140625, "f_4": 0.21875, "f_5": 0.189453125, "f_6": 0.28125, "f_7": 0.279296875, "f_8": 0.28125, "f_9": 0.0732421875}, "sample30": {"f_0": 0.513671875, "f_1": 0.5087890625, "f_2": 0.412109375, "f_3": 0.3125, "f_4": 0.30859375, "f_5": 0.3212890625, "f_6": 0.31640625, "f_7": 0.3623046875, "f_8": 0.490234375, "f_9": 0.466796875}, "sample31": {"f_0": 0.5009765625, "f_1": 0.0703125, "f_2": 0.1767578125, "f_3": 0.2783203125, "f_4": 0.2255859375, "f_5": 0.2783203125, "f_6": 0.2138671875, "f_7": 0.1103515625, "f_8": 0.283203125, "f_9": 0.3330078125}, "sample32": {"f_0": 0.50390625, "f_1": 0.33984375, "f_2": 0.2216796875, "f_3": 0.2626953125, "f_4": 0.2353515625, "f_5": 0.15234375, "f_6": 0.107421875, "f_7": 0.0439453125, "f_8": 0.1015625, "f_9": 0.1591796875}, "sample33": {"f_0": 0.498046875, "f_1": 0.0732421875, "f_2": 0.1826171875, "f_3": 0.3486328125, "f_4": 0.2333984375, "f_5": 0.1669921875, "f_6": 0.2744140625, "f_7": 0.1630859375, "f_8": 0.1240234375, "f_9": 0.490234375}, "sample34": {"f_0": 0.5068359375, "f_1": 0.7392578125, "f_2": 0.4921875, "f_3": 0.2626953125, "f_4": 0.263671875, "f_5": 0.224609375, "f_6": 0.25390625, "f_7": 0.34375, "f_8": 0.353515625, "f_9": 0.2138671875}, "sample35": {"f_0": 0.4931640625, "f_1": 0.4853515625, "f_2": 0.244140625, "f_3": 0.140625, "f_4": 0.1630859375, "f_5": 0.2919921875, "f_6": 0.2294921875, "f_7": 0.111328125, "f_8": 0.259765625, "f_9": 0.4375}, "sample36": {"f_0": 0.482421875, "f_1": 0.2431640625, "f_2": 0.1806640625, "f_3": 0.3759765625, "f_4": 0.6298828125, "f_5": 0.6533203125, "f_6": 0.3837890625, "f_7": 0.2177734375, "f_8": 0.2705078125, "f_9": 0.4345703125}, "sample37": {"f_0": 0.4921875, "f_1": 0.263671875, "f_2": 0.271484375, "f_3": 0.2265625,