{"sample_id":{"0":0,"1":1,"2":2,"3":3,"4":4,"5":5,"6":6,"7":7,"8":8,"9":9,"10":10,"11":11,"12":12,"13":13,"14":14,"15":15,"16":16,"17":17,"18":18,"19":19,"20":20,"21":21,"22":22,"23":23,"24":24,"25":25,"26":26,"27":27,"28":28,"29":29,"30":30,"31":31,"32":32,"33":33,"34":34,"35":35,"36":36,"37":37,"38":38,"39":39,"40":40,"41":41,"42":42,"43":43,"44":44,"45":45,"46":46,"47":47,"48":48,"49":49,"50":50,"51":51,"52":52,"53":53,"54":54,"55":55},"f_0 Re":{"0":1.0,"1":1.0,"2":1.0,"3":1.0,"4":1.0,"5":1.0,"6":1.0,"7":1.0,"8":1.0,"9":1.0,"10":1.0,"11":1.0,"12":1.0,"13":1.0,"14":1.0,"15":1.0,"16":1.0,"17":1.0,"18":1.0,"19":1.0,"20":1.0,"21":1.0,"22":1.0,"23":1.0,"24":1.0,"25":1.0,"26":1.0,"27":1.0,"28":1.0,"29":1.0,"30":1.0,"31":1.0,"32":1.0,"33":1.0,"34":1.0,"35":1.0,"36":1.0,"37":1.0,"38":1.0,"39":1.0,"40":1.0,"41":1.0,"42":1.0,"43":1.0,"44":1.0,"45":1.0,"46":1.0,"47":1.0,"48":1.0,"49":1.0,"50":1.0,"51":1.0,"52":1.0,"53":1.0,"54":1.0,"55":1.0},"f_1 Re":{"0":0.9926254667,"1":0.9932850542,"2":0.9970049319,"3":0.9922986175,"4":0.9909776211,"5":1.0005118421,"6":0.9901273082,"7":0.9937503135,"8":0.9988069074,"9":0.9951389553,"10":0.9978946188,"11":0.9946562224,"12":0.9957719873,"13":0.997576004,"14":0.995086243,"15":0.9923321156,"16":0.9934259513,"17":0.9960147678,"18":0.991285592,"19":0.9938782598,"20":0.9957211506,"21":0.9978537375,"22":0.9973888185,"23":0.9856520911,"24":0.9984614075,"25":0.9938502737,"26":0.9991092798,"27":0.981055385,"28":0.986574218,"29":0.9835011311,"30":0.9915447666,"31":0.9913747317,"32":0.9954856464,"33":0.9898409103,"34":0.9986798302,"35":0.9934732069,"36":0.9883921761,"37":0.9905914817,"38":1.0008954774,"39":0.9945387656,"40":0.996390291,"41":0.9950448768,"42":0.9896800536,"43":0.9931846355,"44":0.9920478202,"45":0.995884619,"46":0.9983393677,"47":0.99053385,"48":0.9979515653,"49":0.9946159507,"50":0.9990038617,"51":0.9961869117,"52":0.9935572414,"53":1.0023505609,"54":0.9965549568,"55":0.987537483},"f_1 Im":{"0":0.0697507112,"1":-0.0293616002,"2":-0.0642211949,"3":0.0525058097,"4":-0.0357472896,"5":0.042458738,"6":0.008531971,"7":-0.1139677586,"8":-0.0463492231,"9":0.043646685,"10":0.0277532181,"11":-0.0062355519,"12":-0.0470074709,"13":-0.0618429116,"14":0.0228727827,"15":-0.0891033232,"16":-0.0668461265,"17":-0.0348426775,"18":-0.0081593199,"19":0.115647117,"20":-0.0297362813,"21":0.0532939108,"22":-0.004131115,"23":-0.1436705106,"24":-0.0559986862,"25":0.0509430124,"26":0.0155068704,"27":-0.1177331245,"28":-0.1570866824,"29":-0.1365798686,"30":-0.0741541271,"31":-0.0692429615,"32":-0.03335953,"33":-0.0644304434,"34":0.1183687583,"35":0.0530230175,"36":-0.1445447244,"37":-0.02382638,"38":0.0477438885,"39":0.0111672292,"40":-0.0649354989,"41":0.0129519096,"42":-0.1393333339,"43":0.0490050479,"44":0.0307519642,"45":-0.027583706,"46":-0.0383940201,"47":0.1412272622,"48":0.0093912118,"49":0.0240950558,"50":0.0483276387,"51":-0.0681594448,"52":0.0509772975,"53":0.033098452,"54":-0.0969325452,"55":-0.1095576631},"f_2 Re":{"0":0.9895589405,"1":0.9715890629,"2":0.9813006066,"3":0.9827345311,"4":0.979380243,"5":0.9981324097,"6":0.9804421724,"7":0.9680996515,"8":0.9909127051,"9":0.9791976912,"10":0.9911175419,"11":0.9818044922,"12":0.9888581984,"13":0.9916951245,"14":0.9896770481,"15":0.9607514493,"16":0.9762245292,"17":0.9829856302,"18":0.9894495288,"19":0.9814483165,"20":0.995710133,"21":0.9811294299,"22":0.9803517173,"23":0.9772893684,"24":0.9997416605,"25":0.9882437066,"26":1.001812606,"27":0.9526645578,"28":0.958818538,"29":0.9540684219,"30":0.977524136,"31":0.9671801377,"32":0.984813724,"33":0.9719158105,"34":0.9866836476,"35":0.9755659427,"36":0.9656738093,"37":0.9640142723,"38":0.9903906952,"39":0.9859361889,"40":0.9916812475,"41":0.9870984253,"42":0.9355966141,"43":0.9811064854,"44":0.9750010237,"45":0.9977533412,"46":0.9825637535,"47":0.9810867763,"48":0.9941006773,"49":0.9998433006,"50":1.0005354689,"51":0.977125925,"52":0.9810152506,"53":1.0019417098,"54":0.9748704912,"55":0.9550683488},"f_2 Im":{"0":0.1077727645,"1":-0.061984127,"2":-0.0606005431,"3":0.0841530373,"4":-0.0430788829,"5":0.0109167014,"6":-0.0731877923,"7":-0.211987888,"8":-0.0441061341,"9":0.0801248365,"10":0.0756639607,"11":-0.0381183094,"12":-0.0815466619,"13":-0.0982077447,"14":0.0394277289,"15":-0.1988255807,"16":-0.068561673,"17":-0.0414224694,"18":-0.0827559496,"19":0.1944164431,"20":-0.0325973917,"21":0.1865159151,"22":0.0147013177,"23":-0.2256595258,"24":-0.040779024,"25":0.0804334845,"26":0.0655770594,"27":-0.196017117,"28":-0.2597775417,"29":-0.1378694246,"30":-0.1020851183,"31":-0.1356254174,"32":-0.0132144237,"33":-0.0964909952,"34":0.1222439234,"35":0.0755742528,"36":-0.2090590085,"37":0.029743721,"38":0.0725642364,"39":0.0725261283,"40":-0.0488586352,"41":-0.031051418,"42":-0.228739645,"43":0.0428160816,"44":0.0550381722,"45":0.0455992199,"46":-0.0526589848,"47":0.1901611154,"48":0.0240060422,"49":0.0262511318,"50":0.041047464,"51":-0.1631612755,"52":0.0719613045,"53":0.0135663468,"54":-0.1286404994,"55":-0.2471216078},"f_3 Re":{"0":0.9579553779,"1":0.9332915029,"2":0.9709380194,"3":0.9529379482,"4":0.9852481348,"5":0.9758863416,"6":0.9699164308,"7":0.9310656832,"8":0.9857344304,"9":0.9585485546,"10":0.9905562611,"11":0.9330685991,"12":0.9603107364,"13":0.9800009248,"14":0.9596852812,"15":0.9087649408,"16":0.951134016,"17":0.9627275477,"18":0.9585551887,"19":0.9587630821,"20":0.9686164534,"21":0.9771035933,"22":0.9566969531,"23":0.9244968539,"24":0.998003182,"25":0.9863022024,"26":0.983047462,"27":0.8750091155,"28":0.88712038,"29":0.9084098884,"30":0.9575526461,"31":0.9310807366,"32":0.9732810192,"33":0.9617512284,"34":0.9688054324,"35":0.9444353981,"36":0.9220031244,"37":0.9289592535,"38":0.9705039182,"39":0.9554061995,"40":0.9793872872,"41":0.9447386935,"42":0.8656648046,"43":0.9655035307,"44":0.9772188699,"45":0.9660597656,"46":0.9367930042,"47":0.9578668191,"48":0.9851387,"49":1.0022209472,"50":0.9989286942,"51":0.9458521918,"52":0.9560115394,"53":0.9840183296,"54":0.9462181864,"55":0.887325192},"f_3 Im":{"0":0.1851695971,"1":-0.1108287447,"2":-0.0762955023,"3":0.1279365884,"4":-0.1370869589,"5":-0.0554949895,"6":-0.1296764463,"7":-0.3323312207,"8":-0.0566463148,"9":0.0477347802,"10":0.0781032655,"11":-0.05406398,"12":-0.1394832874,"13":-0.1509561867,"14":0.0443435429,"15":-0.2719732914,"16":-0.1066981919,"17":-0.0567607042,"18":-0.1179174808,"19":0.2799942785,"20":-0.1127424244,"21":0.2001560889,"22":0.0310637473,"23":-0.3508754279,"24":-0.0861561154,"25":0.0957111947,"26":0.0683572845,"27":-0.3025126345,"28":-0.4540605725,"29":-0.1989268725,"30":-0.1330178935,"31":-0.2930233946,"32":0.0262435886,"33":-0.1711506348,"34":0.1457448109,"35":0.1007281319,"36":-0.3219788592,"37":-0.0054637898,"38":0.055229648,"39":0.0798561397,"40":-0.0592932597,"41":-0.0547764118,"42":-0.3716596978,"43":0.0884612955,"44":0.0670444305,"45":0.0473198133,"46":-0.0757102783,"47":0.2859631926,"48":0.0837388441,"49":-0.003675285,"50":0.0716459359,"51":-0.2552319938,"52":0.0772504127,"53":0.0702390242,"54":-0.1284231643,"55":-0.3980458263},"f_4 Re":{"0":0.9371629383,"1":0.8720757074,"2":0.9531010671,"3":0.9321068413,"4":0.9483240093,"5":0.9818246434,"6":0.9505094102,"7":0.8871710892,"8":0.972623931,"9":0.9261944507,"10":0.9582151361,"11":0.9062900595,"12":0.9499364971,"13":0.9726272389,"14":0.9644976885,"15":0.8274506493,"16":0.9477281359,"17":0.9471829247,"18":0.9295293272,"19":0.9258608895,"20":0.941738686,"21":0.9383618395,"22":0.9581427367,"23":0.8432137406,"24":0.9849267085,"25":0.9684239092,"26":0.971077942,"27":0.7853235566,"28":0.8094164556,"29":0.8406893609,"30":0.9147937943,"31":0.8608748428,"32":0.938242666,"33":0.9013356188,"34":0.9350830443,"35":0.9095628379,"36":0.8537659955,"37":0.8928795693,"38":0.9574351524,"39":0.932351521,"40":0.9703758724,"41":0.9248598955,"42":0.7790343373,"43":0.9084080074,"44":0.9145601244,"45":0.9486754271,"46":0.9114224932,"47":0.9213783983,"48":0.9605872384,"49":0.9839473406,"50":0.9857677986,"51":0.9113153115,"52":0.9090919936,