{"sample_id":{"0":0,"1":1,"2":2,"3":3,"4":4,"5":5,"6":6,"7":7,"8":8,"9":9,"10":10,"11":11,"12":12,"13":13,"14":14,"15":15,"16":16,"17":17,"18":18,"19":19,"20":20,"21":21,"22":22,"23":23,"24":24,"25":25,"26":26,"27":27,"28":28,"29":29,"30":30,"31":31,"32":32,"33":33,"34":34,"35":35,"36":36,"37":37,"38":38,"39":39,"40":40,"41":41,"42":42,"43":43,"44":44,"45":45,"46":46,"47":47,"48":48,"49":49,"50":50,"51":51,"52":52,"53":53,"54":54,"55":55},"f_0 Re":{"0":1.0,"1":1.0,"2":1.0,"3":1.0,"4":1.0,"5":1.0,"6":1.0,"7":1.0,"8":1.0,"9":1.0,"10":1.0,"11":1.0,"12":1.0,"13":1.0,"14":1.0,"15":1.0,"16":1.0,"17":1.0,"18":1.0,"19":1.0,"20":1.0,"21":1.0,"22":1.0,"23":1.0,"24":1.0,"25":1.0,"26":1.0,"27":1.0,"28":1.0,"29":1.0,"30":1.0,"31":1.0,"32":1.0,"33":1.0,"34":1.0,"35":1.0,"36":1.0,"37":1.0,"38":1.0,"39":1.0,"40":1.0,"41":1.0,"42":1.0,"43":1.0,"44":1.0,"45":1.0,"46":1.0,"47":1.0,"48":1.0,"49":1.0,"50":1.0,"51":1.0,"52":1.0,"53":1.0,"54":1.0,"55":1.0},"f_1 Re":{"0":0.9956646586,"1":0.9911805234,"2":0.9967890806,"3":0.9955130615,"4":0.9946976422,"5":0.9982010633,"6":0.9955537201,"7":0.9923275845,"8":0.9973364696,"9":0.9950104975,"10":0.9974635862,"11":0.9948637625,"12":0.995912293,"13":0.9980011076,"14":0.9969382541,"15":0.9890571133,"16":0.9961179477,"17":0.9962894201,"18":0.9948757701,"19":0.9958618674,"20":0.9965629808,"21":0.99681768,"22":0.9965469759,"23":0.9907367093,"24":0.999235957,"25":0.9981236846,"26":0.9980246735,"27":0.9858985517,"28":0.9881373512,"29":0.9891390111,"30":0.9946653873,"31":0.9912230248,"32":0.9955220237,"33":0.9940936283,"34":0.995768955,"35":0.9940324327,"36":0.9905712119,"37":0.9928811765,"38":0.9973265159,"39":0.9961971974,"40":0.9979647662,"41":0.994340421,"42":0.9857476445,"43":0.9937563356,"44":0.9951786364,"45":0.9966241699,"46":0.9938572391,"47":0.9952424953,"48":0.9979048764,"49":0.9987514566,"50":0.9990091471,"51":0.9941118907,"52":0.9957010322,"53":0.998962038,"54":0.9942309215,"55":0.9875325074},"f_1 Im":{"0":0.0605239491,"1":-0.0410436321,"2":-0.0334906639,"3":0.0318301872,"4":-0.0358608486,"5":-0.0154748266,"6":-0.0374131818,"7":-0.1164991008,"8":-0.0140210239,"9":0.0290780697,"10":0.0273903337,"11":-0.0223655918,"12":-0.0387649357,"13":-0.0419196491,"14":0.0092363674,"15":-0.0970943624,"16":-0.0428940845,"17":-0.0170225112,"18":-0.0324443379,"19":0.0888739925,"20":-0.0331035128,"21":0.0757288456,"22":0.0037549379,"23":-0.1125684908,"24":-0.0359767963,"25":0.0347358489,"26":0.0198290391,"27":-0.1094907759,"28":-0.1462676212,"29":-0.076904542,"30":-0.0498953784,"31":-0.0946370568,"32":-0.006758887,"33":-0.0483738172,"34":0.0524116336,"35":0.0332017488,"36":-0.1127164747,"37":-0.0040222383,"38":0.0234254602,"39":0.0313271439,"40":-0.016525616,"41":-0.0211576936,"42":-0.1315563796,"43":0.0336964755,"44":0.0248892266,"45":0.0098403882,"46":-0.0203459909,"47":0.0957109349,"48":0.0277458879,"49":0.0068004653,"50":0.0344994028,"51":-0.0929234228,"52":0.0306645222,"53":0.0167579542,"54":-0.05831646,"55":-0.1365665051},"f_2 Re":{"0":0.98274842,"1":0.9650299549,"2":0.9871944992,"3":0.9821537554,"4":0.9789728726,"5":0.992835484,"6":0.982348643,"7":0.9694478908,"8":0.9894306799,"9":0.9801544939,"10":0.9898922445,"11":0.9795667779,"12":0.983757769,"13":0.9920322251,"14":0.9878186271,"15":0.9567333579,"16":0.9845247911,"17":0.9852516469,"18":0.9796270789,"19":0.983484026,"20":0.9862866522,"21":0.9872992333,"22":0.9862401345,"23":0.9632101962,"24":0.9969459931,"25":0.9925063051,"26":0.9921373657,"27":0.9445439535,"28":0.9528757892,"29":0.9570857535,"30":0.9787654523,"31":0.9652090632,"32":0.9822589986,"33":0.9765566999,"34":0.9831649859,"35":0.9762646138,"36":0.962638931,"37":0.9717652536,"38":0.989358289,"39":0.9848489031,"40":0.9918946093,"41":0.97755079,"42":0.9437297186,"43":0.9752563067,"44":0.9807906094,"45":0.9865699477,"46":0.9756404445,"47":0.9810182602,"48":0.991639164,"49":0.9950183373,"50":0.9960402088,"51":0.9765629531,"52":0.9828549912,"53":0.9958595533,"54":0.9770537626,"55":0.9505689182},"f_2 Im":{"0":0.1199795298,"1":-0.0808892768,"2":-0.066559482,"3":0.0631293235,"4":-0.0703549188,"5":-0.0310144575,"6":-0.0737122041,"7":-0.2309949326,"8":-0.0275428101,"9":0.0577402393,"10":0.0542846031,"11":-0.0435429673,"12":-0.0765745124,"13":-0.0834075725,"14":0.0184935869,"15":-0.1899763893,"16":-0.085132787,"17":-0.0337201568,"18":-0.0641983848,"19":0.1769834451,"20":-0.0659130139,"21":0.150928812,"22":0.007817889,"23":-0.2222118113,"24":-0.0719012021,"25":0.0692641236,"26":0.0392976217,"27":-0.2125752547,"28":-0.2887076096,"29":-0.1506299716,"30":-0.0990830259,"31":-0.186253381,"32":-0.0131085498,"33":-0.0952632025,"34":0.1038275139,"35":0.0653891285,"36":-0.2219270326,"37":-0.0076207688,"38":0.0462079843,"39":0.0618969357,"40":-0.0327563484,"41":-0.0412776646,"42":-0.2571191012,"43":0.0675260973,"44":0.0496976327,"45":0.0190455127,"46":-0.039249624,"47":0.1904794049,"48":0.0554452416,"49":0.0136623169,"50":0.0689407921,"51":-0.1843829203,"52":0.0606237264,"53":0.0333853813,"54":-0.1160063919,"55":-0.2686516683},"f_3 Re":{"0":0.9615177447,"1":0.9224588007,"2":0.9713300205,"3":0.9602234099,"4":0.9533624194,"5":0.9839961745,"6":0.9607797572,"7":0.9317709838,"8":0.976533485,"9":0.9557662758,"10":0.9773989219,"11":0.9544414349,"12":0.9638572662,"13":0.9821762795,"14":0.9728356473,"15":0.9045151482,"16":0.9653784428,"17":0.9671647605,"18":0.9546218335,"19":0.9629758078,"20":0.9692747654,"21":0.9715297407,"22":0.969235207,"23":0.9182023369,"24":0.9931365871,"25":0.983182431,"26":0.9824528974,"27":0.8787055609,"28":0.8951848819,"29":0.9053991712,"30":0.9526091872,"31":0.922894984,"32":0.9607145412,"33":0.9479263352,"34":0.9624530468,"35":0.9470975213,"36":0.9172509626,"37":0.9373629821,"38":0.9762508698,"39":0.9661343855,"40":0.9818953395,"41":0.9501904922,"42":0.8761174047,"43":0.945174525,"44":0.9570622036,"45":0.9700551531,"46":0.9459724926,"47":0.9574716161,"48":0.9812614753,"49":0.9888380041,"50":0.9911040197,"51":0.9476964629,"52":0.9616137428,"53":0.9907265185,"54":0.9488529462,"55":0.8904097094},"f_3 Im":{"0":0.1773260019,"1":-0.1183687045,"2":-0.0987877689,"3":0.0933738095,"4":-0.1021908424,"5":-0.0466789307,"6":-0.1078354215,"7":-0.3415210608,"8":-0.0400894155,"9":0.085576709,"10":0.0801969272,"11":-0.0623771423,"12":-0.1125103924,"13":-0.1240388124,"14":0.027791006,"15":-0.2746655392,"16":-0.1260732305,"17":-0.0497732602,"18":-0.094587726,"19":0.2635706242,"20":-0.0981370249,"21":0.2250752017,"22":0.0124875388,"23":-0.326093773,"24":-0.1077207862,"25":0.1033783712,"26":0.0580569398,"27":-0.3033678966,"28":-0.4236005717,"29":-0.2181487415,"30":-0.1468669306,"31":-0.2719543872,"32":-0.0186634694,"33":-0.1392575551,"34":0.1532785573,"35":0.095578044,"36":-0.3242640905,"37":-0.0103950789,"38":0.0677190914,"39":0.090966519,"40":-0.048403435,"41":-0.0593678832,"42":-0.3710478306,"43":0.1015444943,"44":0.07433839,"45":0.0270007102,"46":-0.0553546891,"47":0.2833727556,"48":0.0830486027,"49":0.0206455148,"50":0.1032660429,"51":-0.2729460636,"52":0.0891833176,"53":0.049754368,"54":-0.1724431257,"55":-0.3919370023},"f_4 Re":{"0":0.9324072072,"1":0.8649416087,"2":0.9493827253,"3":0.9302136961,"4":0.9187275603,"5":0.9718354109,"6":0.9314847127,"7":0.8799717107,"8":0.9590513,"9":0.9223923383,"10":0.9601693713,"11":0.9200324695,"12":0.9367293061,"13":0.9685699686,"14":0.9523059486,"15":0.8347871537,"16":0.9389384951,"17":0.9424796833,"18":0.9204597405,"19":0.9345183117,"20":0.9456987942,"21":0.9496494934,"22":0.9457885561,"23":0.8569891867,"24":0.9878184819,"25":0.9702092487,"26":0.9691586984,"27":0.7927397693,"28":0.8166489231,"29":0.8365787728,"30":0.9167026128,"31":0.8657961633,"32":0.9316982342,"33":0.9090668551,"34":0.9340663323,"35":0.9071873202,"36":0.8561061089,"37":0.8908232014,"38":0.9582597839,"39":0.9403488737,"40":0.9681405839,"41":0.9131657516,"42":0.7863783127,"43":0.9045765254,"44":0.9243642786,"45":0.9474362608,"46":0.9058536276,"47":0.9248413876,"48":0.9668682955,"49":0.9802721622,"50":0.9842185455,"51":0.9080749773,