{"sample0": {"f_0": 0.53125, "f_1": 0.447265625, "f_2": 0.41015625, "f_3": 0.3154296875, "f_4": 0.31640625}, "sample1": {"f_0": 0.50390625, "f_1": 0.4931640625, "f_2": 0.4775390625, "f_3": 0.4169921875, "f_4": 0.4130859375}, "sample2": {"f_0": 0.5166015625, "f_1": 0.4912109375, "f_2": 0.4462890625, "f_3": 0.4140625, "f_4": 0.3984375}, "sample3": {"f_0": 0.5224609375, "f_1": 0.4853515625, "f_2": 0.46484375, "f_3": 0.451171875, "f_4": 0.4658203125}, "sample4": {"f_0": 0.4853515625, "f_1": 0.560546875, "f_2": 0.619140625, "f_3": 0.6767578125, "f_4": 0.7099609375}, "sample5": {"f_0": 0.52734375, "f_1": 0.4658203125, "f_2": 0.439453125, "f_3": 0.46875, "f_4": 0.4384765625}, "sample6": {"f_0": 0.50390625, "f_1": 0.5390625, "f_2": 0.60546875, "f_3": 0.6884765625, "f_4": 0.69921875}, "sample7": {"f_0": 0.51953125, "f_1": 0.533203125, "f_2": 0.546875, "f_3": 0.5712890625, "f_4": 0.583984375}, "sample8": {"f_0": 0.51171875, "f_1": 0.53515625, "f_2": 0.53515625, "f_3": 0.5390625, "f_4": 0.533203125}, "sample9": {"f_0": 0.5029296875, "f_1": 0.4951171875, "f_2": 0.5029296875, "f_3": 0.51953125, "f_4": 0.5166015625}, "sample10": {"f_0": 0.4951171875, "f_1": 0.453125, "f_2": 0.3701171875, "f_3": 0.373046875, "f_4": 0.3271484375}, "sample11": {"f_0": 0.48828125, "f_1": 0.5419921875, "f_2": 0.587890625, "f_3": 0.595703125, "f_4": 0.6474609375}, "sample12": {"f_0": 0.4638671875, "f_1": 0.5673828125, "f_2": 0.6015625, "f_3": 0.6484375, "f_4": 0.7001953125}, "sample13": {"f_0": 0.49609375, "f_1": 0.53125, "f_2": 0.541015625, "f_3": 0.546875, "f_4": 0.5751953125}, "sample14": {"f_0": 0.5009765625, "f_1": 0.5166015625, "f_2": 0.537109375, "f_3": 0.5322265625, "f_4": 0.5595703125}, "sample15": {"f_0": 0.501953125, "f_1": 0.5732421875, "f_2": 0.6298828125, "f_3": 0.66796875, "f_4": 0.708984375}, "sample16": {"f_0": 0.484375, "f_1": 0.544921875, "f_2": 0.603515625, "f_3": 0.6220703125, "f_4": 0.6318359375}, "sample17": {"f_0": 0.4931640625, "f_1": 0.537109375, "f_2": 0.544921875, "f_3": 0.5634765625, "f_4": 0.60546875}, "sample18": {"f_0": 0.4775390625, "f_1": 0.4990234375, "f_2": 0.5380859375, "f_3": 0.5439453125, "f_4": 0.5732421875}, "sample19": {"f_0": 0.47265625, "f_1": 0.4716796875, "f_2": 0.4765625, "f_3": 0.48046875, "f_4": 0.4833984375}, "sample20": {"f_0": 0.498046875, "f_1": 0.4794921875, "f_2": 0.412109375, "f_3": 0.4189453125, "f_4": 0.361328125}, "sample21": {"f_0": 0.48046875, "f_1": 0.5068359375, "f_2": 0.4775390625, "f_3": 0.501953125, "f_4": 0.484375}, "sample22": {"f_0": 0.5048828125, "f_1": 0.5546875, "f_2": 0.5625, "f_3": 0.5830078125, "f_4": 0.61328125}, "sample23": {"f_0": 0.5048828125, "f_1": 0.5546875, "f_2": 0.5859375, "f_3": 0.6630859375, "f_4": 0.697265625}, "sample24": {"f_0": 0.490234375, "f_1": 0.515625, "f_2": 0.4599609375, "f_3": 0.4765625, "f_4": 0.4951171875}, "sample25": {"f_0": 0.4990234375, "f_1": 0.53125, "f_2": 0.529296875, "f_3": 0.59375, "f_4": 0.5966796875}, "sample26": {"f_0": 0.4921875, "f_1": 0.47265625, "f_2": 0.41015625, "f_3": 0.37109375, "f_4": 0.3095703125}, "sample27": {"f_0": 0.5185546875, "f_1": 0.576171875, "f_2": 0.6513671875, "f_3": 0.703125, "f_4": 0.7421875}, "sample28": {"f_0": 0.5107421875, "f_1": 0.5478515625, "f_2": 0.552734375, "f_3": 0.615234375, "f_4": 0.6083984375}, "sample29": {"f_0": 0.5009765625, "f_1": 0.521484375, "f_2": 0.494140625, "f_3": 0.4697265625, "f_4": 0.45703125}, "sample30": {"f_0": 0.498046875, "f_1": 0.486328125, "f_2": 0.4619140625, "f_3": 0.4072265625, "f_4": 0.3759765625}, "sample31": {"f_0": 0.4873046875, "f_1": 0.5380859375, "f_2": 0.5966796875, "f_3": 0.67578125, "f_4": 0.7099609375}, "sample32": {"f_0": 0.5048828125, "f_1": 0.515625, "f_2": 0.513671875, "f_3": 0.462890625, "f_4": 0.513671875}, "sample33": {"f_0": 0.517578125, "f_1": 0.5673828125, "f_2": 0.626953125, "f_3": 0.6884765625, "f_4": 0.689453125}, "sample34": {"f_0": 0.5068359375, "f_1": 0.42578125, "f_2": 0.3857421875, "f_3": 0.36328125, "f_4": 0.26171875}, "sample35": {"f_0": 0.5078125, "f_1": 0.466796875, "f_2": 0.4169921875, "f_3": 0.3994140625, "f_4": 0.3583984375}, "sample36": {"f_0": 0.4921875, "f_1": 0.544921875, "f_2": 0.529296875, "f_3": 0.564453125, "f_4": 0.5478515625}, "sample37": {"f_0": 0.484375, "f_1": 0.5263671875, "f_2": 0.4755859375, "f_3": 0.5419921875, "f_4": 0.5029296875}, "sample38": {"f_0": 0.4912109375, "f_1": 0.4326171875, "f_2": 0.404296875, "f_3": 0.396484375, "f_4": 0.3642578125}, "sample39": {"f_0": 0.5048828125, "f_1": 0.4619140625, "f_2": 0.4306640625, "f_3": 0.4111328125, "f_4": 0.376953125}, "sample40": {"f_0": 0.5, "f_1": 0.533203125, "f_2": 0.5263671875, "f_3": 0.525390625, "f_4": 0.5244140625}, "sample41": {"f_0": 0.51953125, "f_1": 0.4931640625, "f_2": 0.517578125, "f_3": 0.51953125, "f_4": 0.552734375}, "sample42": {"f_0": 0.4970703125, "f_1": 0.5859375, "f_2": 0.6328125, "f_3": 0.67578125, "f_4": 0.7158203125}, "sample43": {"f_0": 0.5048828125, "f_1": 0.57421875, "f_2": 0.6435546875, "f_3": 0.681640625, "f_4": 0.7138671875}, "sample44": {"f_0": 0.5029296875, "f_1": 0.5263671875, "f_2": 0.576171875, "f_3": 0.58984375, "f_4": 0.6103515625}, "sample45": {"f_0": 0.478515625, "f_1": 0.4990234375, "f_2": 0.4326171875, "f_3": 0.392578125, "f_4": 0.3671875}, "sample46": {"f_0": 0.5087890625, "f_1": 0.55078125, "f_2": 0.626953125, "f_3": 0.693359375, "f_4": 0.7177734375}, "sample47": {"f_0": 0.50390625, "f_1": 0.4833984375, "f_2": 0.529296875, "f_3": 0.517578125, "f_4": 0.515625}, "sample48": {"f_0": 0.509765625, "f_1": 0.474609375, "f_2": 0.4462890625, "f_3": 0.41015625, "f_4": 0.353515625}, "sample49": {"f_0": 0.4912109375, "f_1": 0.5087890625, "f_2": 0.552734375, "f_3": 0.6005859375, "f_4": 0.583984375}, "sample50": {"f_0": 0.4853515625, "f_1": 0.505859375, "f_2": 0.5361328125, "f_3": 0.5810546875, "f_4": 0.5927734375}, "sample51": {"f_0": 0.5078125, "f_1": 0.513671875, "f_2": 0.576171875, "f_3": 0.6259765625, "f_4": 0.630859375}, "sample52": {"f_0": 0.5029296875, "f_1": 0.4365234375, "f_2": 0.3974609375, "f_3": 0.3583984375, "f_4": 0.2900390625}, "sample53": {"f_0": 0.5009765625, "f_1": 0.4677734375, "f_2": 0.45703125, "f_3": 0.4169921875, "f_4": 0.3779296875}, "sample54": {"f_0": 0.5185546875, "f_1": 0.5625, "f_2": 0.560546875, "f_3": 0.5537109375, "f_4": 0.5703125}, "sample55": {"f_0": 0.5029296875, "f_1": 0.5185546875, "f_2": 0.53515625, "f_3": 0.5947265625, "f_4": 0.6005859375}}