{"sample0": {"f_0": 1.0, "f_1": 0.9921875, "f_2": 0.984375, "f_3": 0.9541015625, "f_4": 0.9384765625}, "sample1": {"f_0": 1.0, "f_1": 0.9931640625, "f_2": 0.9716796875, "f_3": 0.9384765625, "f_4": 0.888671875}, "sample2": {"f_0": 1.0, "f_1": 0.9990234375, "f_2": 0.982421875, "f_3": 0.9697265625, "f_4": 0.9560546875}, "sample3": {"f_0": 1.0, "f_1": 0.9931640625, "f_2": 0.9853515625, "f_3": 0.9609375, "f_4": 0.9365234375}, "sample4": {"f_0": 1.0, "f_1": 0.9892578125, "f_2": 0.966796875, "f_3": 0.9345703125, "f_4": 0.8955078125}, "sample5": {"f_0": 1.0, "f_1": 0.998046875, "f_2": 0.9951171875, "f_3": 0.978515625, "f_4": 0.9814453125}, "sample6": {"f_0": 1.0, "f_1": 0.98828125, "f_2": 0.966796875, "f_3": 0.9365234375, "f_4": 0.900390625}, "sample7": {"f_0": 1.0, "f_1": 0.9990234375, "f_2": 0.990234375, "f_3": 0.9814453125, "f_4": 0.9814453125}, "sample8": {"f_0": 1.0, "f_1": 0.998046875, "f_2": 0.990234375, "f_3": 0.9833984375, "f_4": 0.97265625}, "sample9": {"f_0": 1.0, "f_1": 0.99609375, "f_2": 0.9833984375, "f_3": 0.95703125, "f_4": 0.93359375}, "sample10": {"f_0": 1.0, "f_1": 0.994140625, "f_2": 0.9794921875, "f_3": 0.970703125, "f_4": 0.9365234375}, "sample11": {"f_0": 1.0, "f_1": 0.994140625, "f_2": 0.978515625, "f_3": 0.9326171875, "f_4": 0.884765625}, "sample12": {"f_0": 1.0, "f_1": 0.994140625, "f_2": 0.978515625, "f_3": 0.931640625, "f_4": 0.9052734375}, "sample13": {"f_0": 1.0, "f_1": 1.0, "f_2": 0.9951171875, "f_3": 0.9853515625, "f_4": 0.9814453125}, "sample14": {"f_0": 1.0, "f_1": 0.9970703125, "f_2": 0.9892578125, "f_3": 0.9609375, "f_4": 0.958984375}, "sample15": {"f_0": 1.0, "f_1": 0.9892578125, "f_2": 0.9541015625, "f_3": 0.8955078125, "f_4": 0.8173828125}, "sample16": {"f_0": 1.0, "f_1": 0.9912109375, "f_2": 0.9736328125, "f_3": 0.94921875, "f_4": 0.92578125}, "sample17": {"f_0": 1.0, "f_1": 0.994140625, "f_2": 0.9814453125, "f_3": 0.958984375, "f_4": 0.9384765625}, "sample18": {"f_0": 1.0, "f_1": 0.9921875, "f_2": 0.98828125, "f_3": 0.9619140625, "f_4": 0.931640625}, "sample19": {"f_0": 1.0, "f_1": 1.0, "f_2": 1.0, "f_3": 0.998046875, "f_4": 0.9970703125}, "sample20": {"f_0": 1.0, "f_1": 0.9951171875, "f_2": 0.9873046875, "f_3": 0.96875, "f_4": 0.9375}, "sample21": {"f_0": 1.0, "f_1": 0.9990234375, "f_2": 0.998046875, "f_3": 0.9970703125, "f_4": 0.99609375}, "sample22": {"f_0": 1.0, "f_1": 0.9931640625, "f_2": 0.9716796875, "f_3": 0.9453125, "f_4": 0.9345703125}, "sample23": {"f_0": 1.0, "f_1": 0.990234375, "f_2": 0.98828125, "f_3": 0.953125, "f_4": 0.9072265625}, "sample24": {"f_0": 1.0, "f_1": 1.0, "f_2": 0.9990234375, "f_3": 1.0, "f_4": 0.9970703125}, "sample25": {"f_0": 1.0, "f_1": 0.994140625, "f_2": 0.98828125, "f_3": 0.9833984375, "f_4": 0.958984375}, "sample26": {"f_0": 1.0, "f_1": 0.998046875, "f_2": 0.9931640625, "f_3": 0.9638671875, "f_4": 0.94140625}, "sample27": {"f_0": 1.0, "f_1": 0.9794921875, "f_2": 0.943359375, "f_3": 0.861328125, "f_4": 0.783203125}, "sample28": {"f_0": 1.0, "f_1": 0.998046875, "f_2": 0.9912109375, "f_3": 0.982421875, "f_4": 0.9619140625}, "sample29": {"f_0": 1.0, "f_1": 0.990234375, "f_2": 0.9638671875, "f_3": 0.931640625, "f_4": 0.8759765625}, "sample30": {"f_0": 1.0, "f_1": 0.994140625, "f_2": 0.9794921875, "f_3": 0.9619140625, "f_4": 0.9189453125}, "sample31": {"f_0": 1.0, "f_1": 0.9931640625, "f_2": 0.9677734375, "f_3": 0.9248046875, "f_4": 0.8642578125}, "sample32": {"f_0": 1.0, "f_1": 0.9951171875, "f_2": 0.984375, "f_3": 0.9736328125, "f_4": 0.9365234375}, "sample33": {"f_0": 1.0, "f_1": 0.9833984375, "f_2": 0.9580078125, "f_3": 0.9189453125, "f_4": 0.869140625}, "sample34": {"f_0": 1.0, "f_1": 0.994140625, "f_2": 0.9794921875, "f_3": 0.958984375, "f_4": 0.9140625}, "sample35": {"f_0": 1.0, "f_1": 0.9921875, "f_2": 0.9755859375, "f_3": 0.9443359375, "f_4": 0.9072265625}, "sample36": {"f_0": 1.0, "f_1": 0.9951171875, "f_2": 0.9873046875, "f_3": 0.970703125, "f_4": 0.9326171875}, "sample37": {"f_0": 1.0, "f_1": 0.9892578125, "f_2": 0.9677734375, "f_3": 0.9267578125, "f_4": 0.892578125}, "sample38": {"f_0": 1.0, "f_1": 0.998046875, "f_2": 0.98046875, "f_3": 0.9677734375, "f_4": 0.953125}, "sample39": {"f_0": 1.0, "f_1": 0.9951171875, "f_2": 0.9853515625, "f_3": 0.9580078125, "f_4": 0.9306640625}, "sample40": {"f_0": 1.0, "f_1": 0.99609375, "f_2": 0.9921875, "f_3": 0.978515625, "f_4": 0.96875}, "sample41": {"f_0": 1.0, "f_1": 0.9951171875, "f_2": 0.986328125, "f_3": 0.9443359375, "f_4": 0.919921875}, "sample42": {"f_0": 1.0, "f_1": 0.9921875, "f_2": 0.9541015625, "f_3": 0.884765625, "f_4": 0.8408203125}, "sample43": {"f_0": 1.0, "f_1": 0.9912109375, "f_2": 0.953125, "f_3": 0.91015625, "f_4": 0.8388671875}, "sample44": {"f_0": 1.0, "f_1": 0.9921875, "f_2": 0.978515625, "f_3": 0.966796875, "f_4": 0.912109375}, "sample45": {"f_0": 1.0, "f_1": 0.99609375, "f_2": 0.9931640625, "f_3": 0.9560546875, "f_4": 0.9384765625}, "sample46": {"f_0": 1.0, "f_1": 0.9912109375, "f_2": 0.9541015625, "f_3": 0.8984375, "f_4": 0.833984375}, "sample47": {"f_0": 1.0, "f_1": 1.0, "f_2": 0.9990234375, "f_3": 1.0, "f_4": 0.9970703125}, "sample48": {"f_0": 1.0, "f_1": 0.9970703125, "f_2": 0.9931640625, "f_3": 0.9833984375, "f_4": 0.9560546875}, "sample49": {"f_0": 1.0, "f_1": 0.994140625, "f_2": 0.99609375, "f_3": 0.9873046875, "f_4": 0.970703125}, "sample50": {"f_0": 1.0, "f_1": 1.0, "f_2": 1.0, "f_3": 0.9970703125, "f_4": 0.98828125}, "sample51": {"f_0": 1.0, "f_1": 0.998046875, "f_2": 0.9892578125, "f_3": 0.9716796875, "f_4": 0.9580078125}, "sample52": {"f_0": 1.0, "f_1": 0.9892578125, "f_2": 0.9775390625, "f_3": 0.947265625, "f_4": 0.88671875}, "sample53": {"f_0": 1.0, "f_1": 1.0, "f_2": 0.998046875, "f_3": 0.9755859375, "f_4": 0.966796875}, "sample54": {"f_0": 1.0, "f_1": 0.99609375, "f_2": 0.978515625, "f_3": 0.9580078125, "f_4": 0.919921875}, "sample55": {"f_0": 1.0, "f_1": 0.9931640625, "f_2": 0.98828125, "f_3": 0.96875, "f_4": 0.9375}}