{"sample0": {"f_0": 5.004680467665246e-34, "f_1": 0.0024300938911624857, "f_2": 0.009648542469709776, "f_3": 0.02144232957456157, "f_4": 0.03746462128976617}, "sample1": {"f_0": 5.004680467665246e-34, "f_1": 0.00013143115442810525, "f_2": 0.000682881929906129, "f_3": 0.00209737038841622, "f_4": 0.005023447971651573}, "sample2": {"f_0": 5.004680467665246e-34, "f_1": 0.00041096091007197154, "f_2": 0.0016451055913598131, "f_3": 0.003706007453898117, "f_4": 0.006598932292389082}, "sample3": {"f_0": 5.004680467665246e-34, "f_1": 3.709215345935798e-05, "f_2": 0.00019652430741246205, "f_3": 0.000617194808346573, "f_4": 0.001512708966623682}, "sample4": {"f_0": 5.004680467665246e-34, "f_1": 0.004621427899041382, "f_2": 0.01816473626236044, "f_3": 0.039697690384141074, "f_4": 0.0677653762117159}, "sample5": {"f_0": 5.004680467665246e-34, "f_1": 0.00014558912587582935, "f_2": 0.000582332583474803, "f_3": 0.0013099269148434288, "f_4": 0.002327129207464869}, "sample6": {"f_0": 5.004680467665246e-34, "f_1": 0.003717801974521692, "f_2": 0.014664363094666948, "f_3": 0.03223544499149965, "f_4": 0.055476809686648816}, "sample7": {"f_0": 5.004680467665246e-34, "f_1": 0.0006882717690167616, "f_2": 0.0027559112803625246, "f_3": 0.006210956797818307, "f_4": 0.011065394681981323}, "sample8": {"f_0": 5.004680467665246e-34, "f_1": 0.0002010205255994603, "f_2": 0.0008092307630129062, "f_3": 0.0018385057964374041, "f_4": 0.003307002756215221}, "sample9": {"f_0": 5.004680467665246e-34, "f_1": 7.359331418416485e-05, "f_2": 0.00034547398534746194, "f_3": 0.0009626747823525088, "f_4": 0.0021500872879552245}, "sample10": {"f_0": 5.004680467665246e-34, "f_1": 0.002054253980818021, "f_2": 0.00815004694642704, "f_3": 0.018089151020059684, "f_4": 0.03155000150309567}, "sample11": {"f_0": 5.004680467665246e-34, "f_1": 0.0018858903186371977, "f_2": 0.007445139562030561, "f_3": 0.016387542232526402, "f_4": 0.028246038922803376}, "sample12": {"f_0": 5.004680467665246e-34, "f_1": 0.0033218709288256975, "f_2": 0.013129983469084582, "f_3": 0.028962007050688857, "f_4": 0.050080471277748353}, "sample13": {"f_0": 5.004680467665246e-34, "f_1": 0.00028606876446784173, "f_2": 0.0011412431113760008, "f_3": 0.002556419340516462, "f_4": 0.0045164019481056614}, "sample14": {"f_0": 5.004680467665246e-34, "f_1": 0.0003128925937054253, "f_2": 0.001260288900600791, "f_3": 0.0028665395895894905, "f_4": 0.005166470268945974}, "sample15": {"f_0": 5.004680467665246e-34, "f_1": 0.0061097878345586845, "f_2": 0.023999598032333515, "f_3": 0.052386075791752286, "f_4": 0.08924516815864111}, "sample16": {"f_0": 5.004680467665246e-34, "f_1": 0.002382932870611233, "f_2": 0.009468766902562825, "f_3": 0.021070461403005475, "f_4": 0.036882397972211434}, "sample17": {"f_0": 5.004680467665246e-34, "f_1": 0.0006955406554816105, "f_2": 0.0027905123192530647, "f_3": 0.006306536251985547, "f_4": 0.011268802316915242}, "sample18": {"f_0": 5.004680467665246e-34, "f_1": 0.000386577887291409, "f_2": 0.0015963590697310008, "f_3": 0.0037723016612964885, "f_4": 0.007129636925445334}, "sample19": {"f_0": 5.004680467665246e-34, "f_1": 1.345755104379764e-05, "f_2": 5.415330660604955e-05, "f_3": 0.00012304086854896055, "f_4": 0.00022165826374449143}, "sample20": {"f_0": 5.004680467665246e-34, "f_1": 0.0009116311419156983, "f_2": 0.003617566591450749, "f_3": 0.00803198436296707, "f_4": 0.014015311244013586}, "sample21": {"f_0": 5.004680467665246e-34, "f_1": 2.404163492114669e-08, "f_2": 3.7903378315953155e-07, "f_3": 1.8811203588281376e-06, "f_4": 5.788044879656155e-06}, "sample22": {"f_0": 5.004680467665246e-34, "f_1": 0.0017706174242622169, "f_2": 0.007000049566727218, "f_3": 0.015445436130436495, "f_4": 0.026716441063455377}, "sample23": {"f_0": 5.004680467665246e-34, "f_1": 0.0025498086476813562, "f_2": 0.010155972274910288, "f_3": 0.022687520543690356, "f_4": 0.03992250714279349}, "sample24": {"f_0": 5.004680467665246e-34, "f_1": 3.736234881108455e-05, "f_2": 0.00014919664047678265, "f_3": 0.0003347557650138762, "f_4": 0.0005928312775569032}, "sample25": {"f_0": 5.004680467665246e-34, "f_1": 0.0009469920889411981, "f_2": 0.0037686871890019683, "f_3": 0.00840777231859199, "f_4": 0.014770470370544192}, "sample26": {"f_0": 5.004680467665246e-34, "f_1": 0.0017435613960437365, "f_2": 0.0069226611453847816, "f_3": 0.015385110198474607, "f_4": 0.026885657644961633}, "sample27": {"f_0": 5.004680467665246e-34, "f_1": 0.00794664781161009, "f_2": 0.03099415710646262, "f_3": 0.06685578526515384, "f_4": 0.11201237111105838}, "sample28": {"f_0": 5.004680467665246e-34, "f_1": 0.0010673713009378882, "f_2": 0.0042728094880978085, "f_3": 0.009624844098944518, "f_4": 0.017133104949447774}, "sample29": {"f_0": 5.004680467665246e-34, "f_1": 6.027192089674866e-05, "f_2": 0.00042932295527325323, "f_3": 0.0016294748327308109, "f_4": 0.004399865075836191}, "sample30": {"f_0": 5.004680467665246e-34, "f_1": 0.000468502930097894, "f_2": 0.0018723388637821576, "f_3": 0.0042052811643587635, "f_4": 0.007453141518774122}, "sample31": {"f_0": 5.004680467665246e-34, "f_1": 0.004257011891652699, "f_2": 0.01682491317529522, "f_3": 0.03710431684206797, "f_4": 0.06412927937881066}, "sample32": {"f_0": 5.004680467665246e-34, "f_1": 7.225791625955274e-05, "f_2": 0.0003397460835172376, "f_3": 0.0009446285610308277, "f_4": 0.0020924528389495278}, "sample33": {"f_0": 5.004680467665246e-34, "f_1": 0.004588703488559079, "f_2": 0.018077905525560347, "f_3": 0.039659498045246475, "f_4": 0.06805979010457484}, "sample34": {"f_0": 5.004680467665246e-34, "f_1": 0.002716075400573991, "f_2": 0.01077095484490664, "f_3": 0.023888360496523483, "f_4": 0.04162022232798002}, "sample35": {"f_0": 5.004680467665246e-34, "f_1": 0.0007255924770486479, "f_2": 0.0029458365920041365, "f_3": 0.006784701821696939, "f_4": 0.012428044738236792}, "sample36": {"f_0": 5.004680467665246e-34, "f_1": 0.0007617952147196378, "f_2": 0.0030434523166617184, "f_3": 0.006832496539964348, "f_4": 0.012104135011997886}, "sample37": {"f_0": 5.004680467665246e-34, "f_1": 0.0003560314891597803, "f_2": 0.0015334200820068874, "f_3": 0.0038389523469136303, "f_4": 0.007717249922452562}, "sample38": {"f_0": 5.004680467665246e-34, "f_1": 0.0014182934579398275, "f_2": 0.005619534803523091, "f_3": 0.012445047870714786, "f_4": 0.021637755130093774}, "sample39": {"f_0": 5.004680467665246e-34, "f_1": 0.0006418543881730906, "f_2": 0.00256776909115962, "f_3": 0.005778122111121113, "f_4": 0.010271337965580607}, "sample40": {"f_0": 5.004680467665246e-34, "f_1": 0.00011067410174016012, "f_2": 0.0004487047347234761, "f_3": 0.0010314600756962508, "f_4": 0.0018857561205950445}, "sample41": {"f_0": 5.004680467665246e-34, "f_1": 0.00038935445610446405, "f_2": 0.001605557740146801, "f_3": 0.0037832012394164102, "f_4": 0.007115408426389083}, "sample42": {"f_0": 5.004680467665246e-34, "f_1": 0.005502279833694675, "f_2": 0.021709926911095936, "f_3": 0.04773972619940683, "f_4": 0.08216775511122133}, "sample43": {"f_0": 5.004680467665246e-34, "f_1": 0.005617350848235409, "f_2": 0.021867272090796572, "f_3": 0.04705068841840956, "f_4": 0.07866832989223833}, "sample44": {"f_0": 5.004680467665246e-34, "f_1": 0.0013645875931939894, "f_2": 0.005393173411299514, "f_3": 0.011893904673910665, "f_4": 0.02055904519606999}, "sample45": {"f_0": 5.004680467665246e-34, "f_1": 0.0007892440773930258, "f_2": 0.0031314647163228236, "f_3": 0.006950804103775122, "f_4": 0.012123105602223088}, "sample46": {"f_0": 5.004680467665246e-34, "f_1": 0.005441065756161431, "f_2": 0.02126199918125519, "f_3": 0.046014728485564906, "f_4": 0.07747371991323777}, "sample47": {"f_0": 5.004680467665246e-34, "f_1": 3.94248276754462e-05, "f_2": 0.00015730181171662842, "f_3": 0.000352459481446282, "f_4": 0.0006230143350390608}, "sample48": {"f_0": 5.004680467665246e-34, "f_1": 0.000943002997476823, "f_2": 0.003773769342676804, "f_3": 0.008496893258311367, "f_4": 0.015117815192781159}, "sample49": {"f_0": 5.004680467665246e-34, "f_1": 0.0008024570220799873, "f_2": 0.003193658944451246,