{"sample0": {"f_0": 0.5078125, "f_1": 0.5546875, "f_2": 0.5927734375, "f_3": 0.6083984375, "f_4": 0.666015625}, "sample1": {"f_0": 0.4951171875, "f_1": 0.5263671875, "f_2": 0.5380859375, "f_3": 0.4833984375, "f_4": 0.4931640625}, "sample2": {"f_0": 0.4736328125, "f_1": 0.5009765625, "f_2": 0.53125, "f_3": 0.5537109375, "f_4": 0.556640625}, "sample3": {"f_0": 0.494140625, "f_1": 0.517578125, "f_2": 0.5087890625, "f_3": 0.5205078125, "f_4": 0.4697265625}, "sample4": {"f_0": 0.513671875, "f_1": 0.42578125, "f_2": 0.3818359375, "f_3": 0.25390625, "f_4": 0.2314453125}, "sample5": {"f_0": 0.505859375, "f_1": 0.5478515625, "f_2": 0.529296875, "f_3": 0.529296875, "f_4": 0.537109375}, "sample6": {"f_0": 0.5341796875, "f_1": 0.4638671875, "f_2": 0.3681640625, "f_3": 0.3193359375, "f_4": 0.236328125}, "sample7": {"f_0": 0.4892578125, "f_1": 0.4833984375, "f_2": 0.4609375, "f_3": 0.423828125, "f_4": 0.3779296875}, "sample8": {"f_0": 0.49609375, "f_1": 0.474609375, "f_2": 0.462890625, "f_3": 0.4404296875, "f_4": 0.4375}, "sample9": {"f_0": 0.4912109375, "f_1": 0.4931640625, "f_2": 0.4931640625, "f_3": 0.435546875, "f_4": 0.4609375}, "sample10": {"f_0": 0.4970703125, "f_1": 0.5439453125, "f_2": 0.5703125, "f_3": 0.63671875, "f_4": 0.6650390625}, "sample11": {"f_0": 0.5078125, "f_1": 0.4716796875, "f_2": 0.423828125, "f_3": 0.36328125, "f_4": 0.326171875}, "sample12": {"f_0": 0.5263671875, "f_1": 0.4443359375, "f_2": 0.3701171875, "f_3": 0.2939453125, "f_4": 0.236328125}, "sample13": {"f_0": 0.4765625, "f_1": 0.4775390625, "f_2": 0.458984375, "f_3": 0.419921875, "f_4": 0.4404296875}, "sample14": {"f_0": 0.525390625, "f_1": 0.4951171875, "f_2": 0.48828125, "f_3": 0.4482421875, "f_4": 0.3994140625}, "sample15": {"f_0": 0.5146484375, "f_1": 0.42578125, "f_2": 0.3193359375, "f_3": 0.240234375, "f_4": 0.1669921875}, "sample16": {"f_0": 0.517578125, "f_1": 0.423828125, "f_2": 0.4287109375, "f_3": 0.361328125, "f_4": 0.3017578125}, "sample17": {"f_0": 0.494140625, "f_1": 0.466796875, "f_2": 0.43359375, "f_3": 0.404296875, "f_4": 0.40234375}, "sample18": {"f_0": 0.515625, "f_1": 0.484375, "f_2": 0.4423828125, "f_3": 0.4072265625, "f_4": 0.41796875}, "sample19": {"f_0": 0.5, "f_1": 0.505859375, "f_2": 0.5087890625, "f_3": 0.51953125, "f_4": 0.5380859375}, "sample20": {"f_0": 0.4853515625, "f_1": 0.54296875, "f_2": 0.5654296875, "f_3": 0.5791015625, "f_4": 0.5927734375}, "sample21": {"f_0": 0.5078125, "f_1": 0.484375, "f_2": 0.513671875, "f_3": 0.4765625, "f_4": 0.525390625}, "sample22": {"f_0": 0.50390625, "f_1": 0.462890625, "f_2": 0.4052734375, "f_3": 0.36328125, "f_4": 0.3095703125}, "sample23": {"f_0": 0.4912109375, "f_1": 0.4228515625, "f_2": 0.3837890625, "f_3": 0.345703125, "f_4": 0.279296875}, "sample24": {"f_0": 0.51171875, "f_1": 0.5078125, "f_2": 0.515625, "f_3": 0.53515625, "f_4": 0.533203125}, "sample25": {"f_0": 0.5009765625, "f_1": 0.486328125, "f_2": 0.4189453125, "f_3": 0.404296875, "f_4": 0.3603515625}, "sample26": {"f_0": 0.478515625, "f_1": 0.5517578125, "f_2": 0.6025390625, "f_3": 0.625, "f_4": 0.6640625}, "sample27": {"f_0": 0.517578125, "f_1": 0.3916015625, "f_2": 0.3271484375, "f_3": 0.228515625, "f_4": 0.1640625}, "sample28": {"f_0": 0.486328125, "f_1": 0.4716796875, "f_2": 0.4521484375, "f_3": 0.3896484375, "f_4": 0.3544921875}, "sample29": {"f_0": 0.501953125, "f_1": 0.4482421875, "f_2": 0.4794921875, "f_3": 0.4482421875, "f_4": 0.4384765625}, "sample30": {"f_0": 0.5068359375, "f_1": 0.5048828125, "f_2": 0.54296875, "f_3": 0.5439453125, "f_4": 0.560546875}, "sample31": {"f_0": 0.4873046875, "f_1": 0.43359375, "f_2": 0.392578125, "f_3": 0.28515625, "f_4": 0.2294921875}, "sample32": {"f_0": 0.4990234375, "f_1": 0.47265625, "f_2": 0.4814453125, "f_3": 0.4609375, "f_4": 0.42578125}, "sample33": {"f_0": 0.490234375, "f_1": 0.4169921875, "f_2": 0.36328125, "f_3": 0.2744140625, "f_4": 0.224609375}, "sample34": {"f_0": 0.50390625, "f_1": 0.595703125, "f_2": 0.609375, "f_3": 0.6572265625, "f_4": 0.66796875}, "sample35": {"f_0": 0.4931640625, "f_1": 0.5400390625, "f_2": 0.5322265625, "f_3": 0.5576171875, "f_4": 0.5556640625}, "sample36": {"f_0": 0.5029296875, "f_1": 0.4580078125, "f_2": 0.43359375, "f_3": 0.4072265625, "f_4": 0.3720703125}, "sample37": {"f_0": 0.4853515625, "f_1": 0.4697265625, "f_2": 0.44140625, "f_3": 0.4443359375, "f_4": 0.3828125}, "sample38": {"f_0": 0.498046875, "f_1": 0.5322265625, "f_2": 0.5791015625, "f_3": 0.6015625, "f_4": 0.6328125}, "sample39": {"f_0": 0.4765625, "f_1": 0.4921875, "f_2": 0.541015625, "f_3": 0.5458984375, "f_4": 0.5615234375}, "sample40": {"f_0": 0.5302734375, "f_1": 0.4638671875, "f_2": 0.46875, "f_3": 0.453125, "f_4": 0.423828125}, "sample41": {"f_0": 0.5, "f_1": 0.48828125, "f_2": 0.451171875, "f_3": 0.4140625, "f_4": 0.3828125}, "sample42": {"f_0": 0.490234375, "f_1": 0.4306640625, "f_2": 0.3740234375, "f_3": 0.2626953125, "f_4": 0.2109375}, "sample43": {"f_0": 0.470703125, "f_1": 0.4404296875, "f_2": 0.330078125, "f_3": 0.25, "f_4": 0.1982421875}, "sample44": {"f_0": 0.4921875, "f_1": 0.458984375, "f_2": 0.4384765625, "f_3": 0.3681640625, "f_4": 0.3603515625}, "sample45": {"f_0": 0.490234375, "f_1": 0.517578125, "f_2": 0.5703125, "f_3": 0.5732421875, "f_4": 0.572265625}, "sample46": {"f_0": 0.4931640625, "f_1": 0.3857421875, "f_2": 0.328125, "f_3": 0.2734375, "f_4": 0.193359375}, "sample47": {"f_0": 0.486328125, "f_1": 0.5166015625, "f_2": 0.50390625, "f_3": 0.482421875, "f_4": 0.4697265625}, "sample48": {"f_0": 0.4814453125, "f_1": 0.517578125, "f_2": 0.537109375, "f_3": 0.5927734375, "f_4": 0.6103515625}, "sample49": {"f_0": 0.4990234375, "f_1": 0.4697265625, "f_2": 0.4521484375, "f_3": 0.4072265625, "f_4": 0.384765625}, "sample50": {"f_0": 0.482421875, "f_1": 0.4873046875, "f_2": 0.443359375, "f_3": 0.4521484375, "f_4": 0.4443359375}, "sample51": {"f_0": 0.521484375, "f_1": 0.4599609375, "f_2": 0.44140625, "f_3": 0.412109375, "f_4": 0.3408203125}, "sample52": {"f_0": 0.5078125, "f_1": 0.55078125, "f_2": 0.59375, "f_3": 0.6162109375, "f_4": 0.630859375}, "sample53": {"f_0": 0.4775390625, "f_1": 0.5439453125, "f_2": 0.556640625, "f_3": 0.61328125, "f_4": 0.630859375}, "sample54": {"f_0": 0.5107421875, "f_1": 0.4609375, "f_2": 0.4228515625, "f_3": 0.412109375, "f_4": 0.3408203125}, "sample55": {"f_0": 0.4716796875, "f_1": 0.4892578125, "f_2": 0.4453125, "f_3": 0.421875, "f_4": 0.3515625}}