{"sample0": {"f_0": 0.4999999999999999, "f_1": 0.5479114513750087, "f_2": 0.5921831092427065, "f_3": 0.6317809428549268, "f_4": 0.6658159487243565}, "sample1": {"f_0": 0.4999999999999999, "f_1": 0.5067367577029265, "f_2": 0.5049402599557778, "f_3": 0.4947184245335035, "f_4": 0.4768367226538076}, "sample2": {"f_0": 0.4999999999999999, "f_1": 0.518875447249309, "f_2": 0.5347145860747474, "f_3": 0.5472082915515789, "f_4": 0.5561367397182396}, "sample3": {"f_0": 0.4999999999999999, "f_1": 0.5037596523336488, "f_2": 0.5036342584437233, "f_3": 0.49988284375893943, "f_4": 0.4929119845920591}, "sample4": {"f_0": 0.4999999999999999, "f_1": 0.4300518541966119, "f_2": 0.3588579484673598, "f_3": 0.28979826192912966, "f_4": 0.22597042214462526}, "sample5": {"f_0": 0.4999999999999999, "f_1": 0.5111870188481143, "f_2": 0.520483533728799, "f_3": 0.5277377941278913, "f_4": 0.5328649491836285}, "sample6": {"f_0": 0.4999999999999999, "f_1": 0.43741437836794866, "f_2": 0.37353920429006, "f_3": 0.31082911862804236, "f_4": 0.2515886586234906}, "sample7": {"f_0": 0.4999999999999999, "f_1": 0.4733603641256807, "f_2": 0.44598990241277653, "f_3": 0.4180361619978531, "f_4": 0.3896665744396565}, "sample8": {"f_0": 0.4999999999999999, "f_1": 0.4846186378903513, "f_2": 0.4670994909842215, "f_3": 0.4479569076902883, "f_4": 0.4277669112475427}, "sample9": {"f_0": 0.4999999999999999, "f_1": 0.4894725622248408, "f_2": 0.47493723421236933, "f_3": 0.457144160991754, "f_4": 0.4369991896550282}, "sample10": {"f_0": 0.4999999999999999, "f_1": 0.5441364037678007, "f_2": 0.5851245391402862, "f_3": 0.6220572429997142, "f_4": 0.6541414207557402}, "sample11": {"f_0": 0.4999999999999999, "f_1": 0.4543523345729135, "f_2": 0.40578459436499636, "f_3": 0.3563680661275903, "f_4": 0.3081899401280621}, "sample12": {"f_0": 0.4999999999999999, "f_1": 0.44091639001560196, "f_2": 0.38053411330915443, "f_3": 0.3209021107819908, "f_4": 0.26397467371278405}, "sample13": {"f_0": 0.4999999999999999, "f_1": 0.48254843081892934, "f_2": 0.4641574149572541, "f_3": 0.44501866033664617, "f_4": 0.42533391569601986}, "sample14": {"f_0": 0.4999999999999999, "f_1": 0.4808979168961307, "f_2": 0.45927505079745584, "f_3": 0.4357242812502887, "f_4": 0.4109086974903412}, "sample15": {"f_0": 0.4999999999999999, "f_1": 0.41929284062876715, "f_2": 0.3372143412053428, "f_3": 0.25857906180362317, "f_4": 0.18784000653538194}, "sample16": {"f_0": 0.4999999999999999, "f_1": 0.44986029209192935, "f_2": 0.3980424532855538, "f_3": 0.34586994698792317, "f_4": 0.29467174339536994}, "sample17": {"f_0": 0.4999999999999999, "f_1": 0.4719638746010738, "f_2": 0.44106108183524023, "f_3": 0.40811841688490913, "f_4": 0.37405648020311055}, "sample18": {"f_0": 0.4999999999999999, "f_1": 0.47822938940227666, "f_2": 0.4524383859219784, "f_3": 0.42340429502856874, "f_4": 0.3920782746214448}, "sample19": {"f_0": 0.4999999999999999, "f_1": 0.5035768518079923, "f_2": 0.5069882778360797, "f_3": 0.5102517075692914, "f_4": 0.5133865314374874}, "sample20": {"f_0": 0.4999999999999999, "f_1": 0.5286597907452104, "f_2": 0.5536928877621227, "f_3": 0.5744670373152501, "f_4": 0.5904824407664496}, "sample21": {"f_0": 0.4999999999999999, "f_1": 0.49983909136045024, "f_2": 0.4993958461410945, "f_3": 0.4987039927417476, "f_4": 0.4978002610454557}, "sample22": {"f_0": 0.4999999999999999, "f_1": 0.4563463201971127, "f_2": 0.4106652286150722, "f_3": 0.36442745438634294, "f_4": 0.3190921556372307}, "sample23": {"f_0": 0.4999999999999999, "f_1": 0.4482201436652635, "f_2": 0.39476824849980396, "f_3": 0.34093632218718173, "f_4": 0.2880544918474928}, "sample24": {"f_0": 0.4999999999999999, "f_1": 0.5060534332423766, "f_2": 0.5119764249233801, "f_3": 0.5177574145720719, "f_4": 0.5233874684469374}, "sample25": {"f_0": 0.4999999999999999, "f_1": 0.4686318537267475, "f_2": 0.4364012739045754, "f_3": 0.4037263406803681, "f_4": 0.3710252871404423}, "sample26": {"f_0": 0.4999999999999999, "f_1": 0.5407845535212139, "f_2": 0.57901358120783, "f_3": 0.6139863709436776, "f_4": 0.6451069584737366}, "sample27": {"f_0": 0.4999999999999999, "f_1": 0.4076567516907307, "f_2": 0.314581145312111, "f_3": 0.22793861694625345, "f_4": 0.15397753767920713}, "sample28": {"f_0": 0.4999999999999999, "f_1": 0.46682170098051895, "f_2": 0.432782539432576, "f_3": 0.3981585660922826, "f_4": 0.3632623746506039}, "sample29": {"f_0": 0.4999999999999999, "f_1": 0.4894134878930921, "f_2": 0.47121665074424285, "f_3": 0.44637053057495446, "f_4": 0.41645054984493685}, "sample30": {"f_0": 0.4999999999999999, "f_1": 0.5194615291196604, "f_2": 0.5340672970512899, "f_3": 0.543280025301951, "f_4": 0.5468286737951676}, "sample31": {"f_0": 0.4999999999999999, "f_1": 0.43293742182249706, "f_2": 0.3643492419935829, "f_3": 0.2970219230571792, "f_4": 0.23363881083869045}, "sample32": {"f_0": 0.4999999999999999, "f_1": 0.48959259660348786, "f_2": 0.47521545252717234, "f_3": 0.45759147380402293, "f_4": 0.43762945033194717}, "sample33": {"f_0": 0.4999999999999999, "f_1": 0.4302578547637045, "f_2": 0.3590505248157569, "f_3": 0.28964974129130633, "f_4": 0.22511989208628053}, "sample34": {"f_0": 0.4999999999999999, "f_1": 0.5505269506343257, "f_2": 0.5968240122048057, "f_3": 0.6376550488718495, "f_4": 0.6719759280857804}, "sample35": {"f_0": 0.4999999999999999, "f_1": 0.5240189164532342, "f_2": 0.5418851563190751, "f_3": 0.5531448104848223, "f_4": 0.5576461698437887}, "sample36": {"f_0": 0.4999999999999999, "f_1": 0.4709775879014462, "f_2": 0.4395632238793767, "f_3": 0.40647353299512495, "f_4": 0.37248378080298744}, "sample37": {"f_0": 0.4999999999999999, "f_1": 0.477995682617486, "f_2": 0.4501086715273681, "f_3": 0.41799063774168377, "f_4": 0.3836048480893}, "sample38": {"f_0": 0.4999999999999999, "f_1": 0.5363714980511399, "f_2": 0.5694829234885354, "f_3": 0.5985667841530218, "f_4": 0.6229815643955553}, "sample39": {"f_0": 0.4999999999999999, "f_1": 0.5235783088139698, "f_2": 0.5432838704789504, "f_3": 0.5586604471024051, "f_4": 0.5693723319094962}, "sample40": {"f_0": 0.4999999999999999, "f_1": 0.4885849519797154, "f_2": 0.47547326664704986, "f_3": 0.4609103426464905, "f_4": 0.4451799518998549}, "sample41": {"f_0": 0.4999999999999999, "f_1": 0.47780297379608766, "f_2": 0.4511854642268256, "f_3": 0.4214233427534514, "f_4": 0.3899851409890401}, "sample42": {"f_0": 0.4999999999999999, "f_1": 0.4235343320882093, "f_2": 0.34547599669386425, "f_3": 0.2698244280986044, "f_4": 0.20039452158650586}, "sample43": {"f_0": 0.4999999999999999, "f_1": 0.42270015041935916, "f_2": 0.3447621300067425, "f_3": 0.27100040866372843, "f_4": 0.20541892319481245}, "sample44": {"f_0": 0.4999999999999999, "f_1": 0.4609869413182232, "f_2": 0.41907015171010414, "f_3": 0.3759687138487915, "f_4": 0.3334300187988612}, "sample45": {"f_0": 0.4999999999999999, "f_1": 0.5263255868598435, "f_2": 0.5485312436913147, "f_3": 0.5659810868617047, "f_4": 0.5782273288352732}, "sample46": {"f_0": 0.4999999999999999, "f_1": 0.4237577534914277, "f_2": 0.34630074337660405, "f_3": 0.27224997776717375, "f_4": 0.20570946343034133}, "sample47": {"f_0": 0.4999999999999999, "f_1": 0.4936393251963104, "f_2": 0.48713728350720886, "f_3": 0.48052073668499107, "f_4": 0.47381792244512566}, "sample48": {"f_0": 0.4999999999999999, "f_1": 0.529801723725392, "f_2": 0.5576169670459113, "f_3": 0.5832126014612894, "f_4": 0.6064011245680585}, "sample49": {"f_0": 0.4999999999999999, "f_1": 0.4710953586131017, "f_2": 0.44133087377723723, "f_3": 0.4110843790385013, "f_4": 0.38073681369670703}, "sample50": {"f_0": 0.4999999999999999, "f_1": 0.48362619524555156, "f_2": 0.4669473539524612, "f_3": 0.45005726717430206, "f_4": 0.43305129987988716}, "sample51": {"f_0": 0.4999999999999999, "f_1": 0.4599721063930227, "f_2": 0.4189207302136182, "f_3": 0.3774148737366025, "f_4": 0.3360487443583718}, "sample52": {"f_0": 0.4999999999999999, "f_1": 0.5451518037670373, "f_2": 0.5850588048114187, "f_3": 0.6184604628848498, "f_4": 0.6443024314109833}, "sample53": {"f_0": 0.4999999999999999,