{"sample0": {"f_0": 0.474609375, "f_1": 0.462890625, "f_2": 0.5087890625, "f_3": 0.546875, "f_4": 0.5830078125}, "sample1": {"f_0": 0.4541015625, "f_1": 0.4423828125, "f_2": 0.4580078125, "f_3": 0.44921875, "f_4": 0.4453125}, "sample2": {"f_0": 0.478515625, "f_1": 0.4453125, "f_2": 0.47265625, "f_3": 0.4765625, "f_4": 0.4736328125}, "sample3": {"f_0": 0.494140625, "f_1": 0.4921875, "f_2": 0.4296875, "f_3": 0.43359375, "f_4": 0.431640625}, "sample4": {"f_0": 0.494140625, "f_1": 0.4052734375, "f_2": 0.3232421875, "f_3": 0.2578125, "f_4": 0.2138671875}, "sample5": {"f_0": 0.4677734375, "f_1": 0.48046875, "f_2": 0.44921875, "f_3": 0.44921875, "f_4": 0.4609375}, "sample6": {"f_0": 0.474609375, "f_1": 0.4052734375, "f_2": 0.341796875, "f_3": 0.2919921875, "f_4": 0.2412109375}, "sample7": {"f_0": 0.478515625, "f_1": 0.423828125, "f_2": 0.4013671875, "f_3": 0.373046875, "f_4": 0.3671875}, "sample8": {"f_0": 0.478515625, "f_1": 0.44140625, "f_2": 0.3994140625, "f_3": 0.3974609375, "f_4": 0.3916015625}, "sample9": {"f_0": 0.4619140625, "f_1": 0.44140625, "f_2": 0.4287109375, "f_3": 0.4013671875, "f_4": 0.37890625}, "sample10": {"f_0": 0.46875, "f_1": 0.4609375, "f_2": 0.5341796875, "f_3": 0.546875, "f_4": 0.5751953125}, "sample11": {"f_0": 0.4755859375, "f_1": 0.41015625, "f_2": 0.380859375, "f_3": 0.3232421875, "f_4": 0.2744140625}, "sample12": {"f_0": 0.470703125, "f_1": 0.3740234375, "f_2": 0.3525390625, "f_3": 0.306640625, "f_4": 0.2255859375}, "sample13": {"f_0": 0.4814453125, "f_1": 0.4296875, "f_2": 0.4306640625, "f_3": 0.388671875, "f_4": 0.37890625}, "sample14": {"f_0": 0.4873046875, "f_1": 0.4404296875, "f_2": 0.4189453125, "f_3": 0.3955078125, "f_4": 0.376953125}, "sample15": {"f_0": 0.470703125, "f_1": 0.3935546875, "f_2": 0.2939453125, "f_3": 0.2744140625, "f_4": 0.18359375}, "sample16": {"f_0": 0.466796875, "f_1": 0.40234375, "f_2": 0.3349609375, "f_3": 0.31640625, "f_4": 0.2509765625}, "sample17": {"f_0": 0.4453125, "f_1": 0.431640625, "f_2": 0.3798828125, "f_3": 0.359375, "f_4": 0.34375}, "sample18": {"f_0": 0.48046875, "f_1": 0.3916015625, "f_2": 0.4140625, "f_3": 0.37109375, "f_4": 0.3447265625}, "sample19": {"f_0": 0.4765625, "f_1": 0.4404296875, "f_2": 0.447265625, "f_3": 0.4697265625, "f_4": 0.4404296875}, "sample20": {"f_0": 0.482421875, "f_1": 0.4619140625, "f_2": 0.4736328125, "f_3": 0.4931640625, "f_4": 0.5048828125}, "sample21": {"f_0": 0.486328125, "f_1": 0.4580078125, "f_2": 0.42578125, "f_3": 0.44140625, "f_4": 0.4755859375}, "sample22": {"f_0": 0.4912109375, "f_1": 0.3935546875, "f_2": 0.3701171875, "f_3": 0.3330078125, "f_4": 0.2880859375}, "sample23": {"f_0": 0.4697265625, "f_1": 0.400390625, "f_2": 0.3544921875, "f_3": 0.3232421875, "f_4": 0.2724609375}, "sample24": {"f_0": 0.46484375, "f_1": 0.43359375, "f_2": 0.4404296875, "f_3": 0.470703125, "f_4": 0.4619140625}, "sample25": {"f_0": 0.4384765625, "f_1": 0.431640625, "f_2": 0.4228515625, "f_3": 0.35546875, "f_4": 0.3447265625}, "sample26": {"f_0": 0.4501953125, "f_1": 0.48046875, "f_2": 0.501953125, "f_3": 0.5634765625, "f_4": 0.5634765625}, "sample27": {"f_0": 0.505859375, "f_1": 0.3525390625, "f_2": 0.2919921875, "f_3": 0.197265625, "f_4": 0.15234375}, "sample28": {"f_0": 0.478515625, "f_1": 0.431640625, "f_2": 0.3896484375, "f_3": 0.3583984375, "f_4": 0.33203125}, "sample29": {"f_0": 0.455078125, "f_1": 0.4375, "f_2": 0.41796875, "f_3": 0.3984375, "f_4": 0.376953125}, "sample30": {"f_0": 0.46484375, "f_1": 0.462890625, "f_2": 0.4931640625, "f_3": 0.458984375, "f_4": 0.48046875}, "sample31": {"f_0": 0.4951171875, "f_1": 0.3916015625, "f_2": 0.3125, "f_3": 0.2724609375, "f_4": 0.2138671875}, "sample32": {"f_0": 0.4921875, "f_1": 0.4365234375, "f_2": 0.4091796875, "f_3": 0.3984375, "f_4": 0.3837890625}, "sample33": {"f_0": 0.455078125, "f_1": 0.3876953125, "f_2": 0.341796875, "f_3": 0.28125, "f_4": 0.2109375}, "sample34": {"f_0": 0.4384765625, "f_1": 0.474609375, "f_2": 0.5380859375, "f_3": 0.54296875, "f_4": 0.5810546875}, "sample35": {"f_0": 0.46484375, "f_1": 0.4638671875, "f_2": 0.5107421875, "f_3": 0.47265625, "f_4": 0.478515625}, "sample36": {"f_0": 0.4921875, "f_1": 0.3994140625, "f_2": 0.384765625, "f_3": 0.4013671875, "f_4": 0.3369140625}, "sample37": {"f_0": 0.4814453125, "f_1": 0.4375, "f_2": 0.388671875, "f_3": 0.3896484375, "f_4": 0.349609375}, "sample38": {"f_0": 0.4658203125, "f_1": 0.4697265625, "f_2": 0.453125, "f_3": 0.525390625, "f_4": 0.529296875}, "sample39": {"f_0": 0.4794921875, "f_1": 0.4638671875, "f_2": 0.4853515625, "f_3": 0.5400390625, "f_4": 0.4990234375}, "sample40": {"f_0": 0.4951171875, "f_1": 0.4072265625, "f_2": 0.4052734375, "f_3": 0.408203125, "f_4": 0.390625}, "sample41": {"f_0": 0.44921875, "f_1": 0.416015625, "f_2": 0.392578125, "f_3": 0.3544921875, "f_4": 0.3720703125}, "sample42": {"f_0": 0.4638671875, "f_1": 0.375, "f_2": 0.3173828125, "f_3": 0.2509765625, "f_4": 0.1796875}, "sample43": {"f_0": 0.4580078125, "f_1": 0.376953125, "f_2": 0.3076171875, "f_3": 0.2490234375, "f_4": 0.1884765625}, "sample44": {"f_0": 0.484375, "f_1": 0.421875, "f_2": 0.359375, "f_3": 0.3330078125, "f_4": 0.28515625}, "sample45": {"f_0": 0.4521484375, "f_1": 0.47265625, "f_2": 0.4814453125, "f_3": 0.509765625, "f_4": 0.4814453125}, "sample46": {"f_0": 0.4765625, "f_1": 0.3408203125, "f_2": 0.3291015625, "f_3": 0.2490234375, "f_4": 0.2001953125}, "sample47": {"f_0": 0.455078125, "f_1": 0.41796875, "f_2": 0.4150390625, "f_3": 0.4541015625, "f_4": 0.43359375}, "sample48": {"f_0": 0.509765625, "f_1": 0.462890625, "f_2": 0.515625, "f_3": 0.486328125, "f_4": 0.529296875}, "sample49": {"f_0": 0.4697265625, "f_1": 0.416015625, "f_2": 0.3759765625, "f_3": 0.3681640625, "f_4": 0.3662109375}, "sample50": {"f_0": 0.48046875, "f_1": 0.40234375, "f_2": 0.4072265625, "f_3": 0.4296875, "f_4": 0.369140625}, "sample51": {"f_0": 0.478515625, "f_1": 0.400390625, "f_2": 0.38671875, "f_3": 0.3271484375, "f_4": 0.3193359375}, "sample52": {"f_0": 0.4677734375, "f_1": 0.48046875, "f_2": 0.5341796875, "f_3": 0.5419921875, "f_4": 0.5771484375}, "sample53": {"f_0": 0.4755859375, "f_1": 0.470703125, "f_2": 0.51171875, "f_3": 0.525390625, "f_4": 0.5546875}, "sample54": {"f_0": 0.4658203125, "f_1": 0.4208984375, "f_2": 0.4130859375, "f_3": 0.3193359375, "f_4": 0.318359375}, "sample55": {"f_0": 0.4912109375, "f_1": 0.423828125, "f_2": 0.3984375, "f_3": 0.36328125, "f_4": 0.328125}}