{"sample0": {"f_0": 0, "f_1": 0.0029296875, "f_2": 0.005859375, "f_3": 0.0234375, "f_4": 0.0439453125}, "sample1": {"f_0": 0, "f_1": 0, "f_2": 0, "f_3": 0.0009765625, "f_4": 0.0087890625}, "sample2": {"f_0": 0, "f_1": 0, "f_2": 0.0029296875, "f_3": 0.005859375, "f_4": 0.0078125}, "sample3": {"f_0": 0, "f_1": 0, "f_2": 0, "f_3": 0.001953125, "f_4": 0.0009765625}, "sample4": {"f_0": 0, "f_1": 0.0068359375, "f_2": 0.015625, "f_3": 0.0341796875, "f_4": 0.068359375}, "sample5": {"f_0": 0, "f_1": 0, "f_2": 0.0009765625, "f_3": 0.0029296875, "f_4": 0.0029296875}, "sample6": {"f_0": 0, "f_1": 0.0009765625, "f_2": 0.0126953125, "f_3": 0.0302734375, "f_4": 0.0556640625}, "sample7": {"f_0": 0, "f_1": 0, "f_2": 0.0029296875, "f_3": 0.00390625, "f_4": 0.009765625}, "sample8": {"f_0": 0, "f_1": 0, "f_2": 0.0009765625, "f_3": 0.0009765625, "f_4": 0.00390625}, "sample9": {"f_0": 0, "f_1": 0, "f_2": 0.0009765625, "f_3": 0.0009765625, "f_4": 0.001953125}, "sample10": {"f_0": 0, "f_1": 0, "f_2": 0.005859375, "f_3": 0.0126953125, "f_4": 0.0341796875}, "sample11": {"f_0": 0, "f_1": 0.001953125, "f_2": 0.009765625, "f_3": 0.02734375, "f_4": 0.0322265625}, "sample12": {"f_0": 0, "f_1": 0.0048828125, "f_2": 0.013671875, "f_3": 0.0283203125, "f_4": 0.0556640625}, "sample13": {"f_0": 0, "f_1": 0.001953125, "f_2": 0.001953125, "f_3": 0.001953125, "f_4": 0.00390625}, "sample14": {"f_0": 0, "f_1": 0.001953125, "f_2": 0, "f_3": 0.00390625, "f_4": 0.0078125}, "sample15": {"f_0": 0, "f_1": 0.00390625, "f_2": 0.0234375, "f_3": 0.048828125, "f_4": 0.0966796875}, "sample16": {"f_0": 0, "f_1": 0.0029296875, "f_2": 0.0107421875, "f_3": 0.0283203125, "f_4": 0.0283203125}, "sample17": {"f_0": 0, "f_1": 0, "f_2": 0.00390625, "f_3": 0.0078125, "f_4": 0.0107421875}, "sample18": {"f_0": 0, "f_1": 0.0009765625, "f_2": 0, "f_3": 0.005859375, "f_4": 0.005859375}, "sample19": {"f_0": 0, "f_1": 0, "f_2": 0, "f_3": 0, "f_4": 0.0009765625}, "sample20": {"f_0": 0, "f_1": 0.0009765625, "f_2": 0.0029296875, "f_3": 0.0068359375, "f_4": 0.0166015625}, "sample21": {"f_0": 0, "f_1": 0, "f_2": 0, "f_3": 0, "f_4": 0}, "sample22": {"f_0": 0, "f_1": 0, "f_2": 0.00390625, "f_3": 0.013671875, "f_4": 0.025390625}, "sample23": {"f_0": 0, "f_1": 0.0029296875, "f_2": 0.005859375, "f_3": 0.0166015625, "f_4": 0.04296875}, "sample24": {"f_0": 0, "f_1": 0, "f_2": 0, "f_3": 0, "f_4": 0.0009765625}, "sample25": {"f_0": 0, "f_1": 0, "f_2": 0.0029296875, "f_3": 0.0107421875, "f_4": 0.009765625}, "sample26": {"f_0": 0, "f_1": 0.001953125, "f_2": 0.0078125, "f_3": 0.01171875, "f_4": 0.0302734375}, "sample27": {"f_0": 0, "f_1": 0.0087890625, "f_2": 0.0263671875, "f_3": 0.06640625, "f_4": 0.1298828125}, "sample28": {"f_0": 0, "f_1": 0.001953125, "f_2": 0.0029296875, "f_3": 0.01171875, "f_4": 0.021484375}, "sample29": {"f_0": 0, "f_1": 0, "f_2": 0, "f_3": 0.001953125, "f_4": 0.001953125}, "sample30": {"f_0": 0, "f_1": 0, "f_2": 0, "f_3": 0.0048828125, "f_4": 0.0087890625}, "sample31": {"f_0": 0, "f_1": 0.0048828125, "f_2": 0.0126953125, "f_3": 0.0302734375, "f_4": 0.0634765625}, "sample32": {"f_0": 0, "f_1": 0, "f_2": 0, "f_3": 0, "f_4": 0.0009765625}, "sample33": {"f_0": 0, "f_1": 0.0029296875, "f_2": 0.017578125, "f_3": 0.0341796875, "f_4": 0.0791015625}, "sample34": {"f_0": 0, "f_1": 0.0029296875, "f_2": 0.0107421875, "f_3": 0.0244140625, "f_4": 0.0439453125}, "sample35": {"f_0": 0, "f_1": 0, "f_2": 0.00390625, "f_3": 0.0078125, "f_4": 0.0107421875}, "sample36": {"f_0": 0, "f_1": 0, "f_2": 0.00390625, "f_3": 0.0068359375, "f_4": 0.013671875}, "sample37": {"f_0": 0, "f_1": 0, "f_2": 0.00390625, "f_3": 0.0029296875, "f_4": 0.0078125}, "sample38": {"f_0": 0, "f_1": 0.0009765625, "f_2": 0.0029296875, "f_3": 0.017578125, "f_4": 0.03125}, "sample39": {"f_0": 0, "f_1": 0.0009765625, "f_2": 0.0029296875, "f_3": 0.0087890625, "f_4": 0.009765625}, "sample40": {"f_0": 0, "f_1": 0, "f_2": 0.0009765625, "f_3": 0, "f_4": 0}, "sample41": {"f_0": 0, "f_1": 0, "f_2": 0.0009765625, "f_3": 0.00390625, "f_4": 0.0048828125}, "sample42": {"f_0": 0, "f_1": 0.0048828125, "f_2": 0.0263671875, "f_3": 0.0380859375, "f_4": 0.0927734375}, "sample43": {"f_0": 0, "f_1": 0.005859375, "f_2": 0.0224609375, "f_3": 0.0419921875, "f_4": 0.080078125}, "sample44": {"f_0": 0, "f_1": 0.001953125, "f_2": 0.01171875, "f_3": 0.0126953125, "f_4": 0.025390625}, "sample45": {"f_0": 0, "f_1": 0, "f_2": 0.00390625, "f_3": 0.005859375, "f_4": 0.01171875}, "sample46": {"f_0": 0, "f_1": 0.005859375, "f_2": 0.0166015625, "f_3": 0.0576171875, "f_4": 0.0830078125}, "sample47": {"f_0": 0, "f_1": 0, "f_2": 0, "f_3": 0.0009765625, "f_4": 0.0029296875}, "sample48": {"f_0": 0, "f_1": 0, "f_2": 0.0029296875, "f_3": 0.01171875, "f_4": 0.021484375}, "sample49": {"f_0": 0, "f_1": 0, "f_2": 0.0009765625, "f_3": 0.00390625, "f_4": 0.005859375}, "sample50": {"f_0": 0, "f_1": 0, "f_2": 0.0029296875, "f_3": 0.00390625, "f_4": 0.0068359375}, "sample51": {"f_0": 0, "f_1": 0.0009765625, "f_2": 0.0078125, "f_3": 0.015625, "f_4": 0.0283203125}, "sample52": {"f_0": 0, "f_1": 0.0009765625, "f_2": 0.013671875, "f_3": 0.0234375, "f_4": 0.0361328125}, "sample53": {"f_0": 0, "f_1": 0, "f_2": 0.0009765625, "f_3": 0.0087890625, "f_4": 0.015625}, "sample54": {"f_0": 0, "f_1": 0, "f_2": 0.0048828125, "f_3": 0.013671875, "f_4": 0.01171875}, "sample55": {"f_0": 0, "f_1": 0, "f_2": 0.005859375, "f_3": 0.01171875, "f_4": 0.0087890625}}