{"sample_id":{"0":0,"1":1,"2":2,"3":3,"4":4,"5":5,"6":6,"7":7,"8":8,"9":9,"10":10,"11":11,"12":12,"13":13,"14":14,"15":15,"16":16,"17":17,"18":18,"19":19,"20":20,"21":21,"22":22,"23":23,"24":24,"25":25,"26":26,"27":27,"28":28,"29":29,"30":30,"31":31,"32":32,"33":33,"34":34,"35":35,"36":36,"37":37,"38":38,"39":39},"f_0 Re":{"0":1.0,"1":1.0,"2":1.0,"3":1.0,"4":1.0,"5":1.0,"6":1.0,"7":1.0,"8":1.0,"9":1.0,"10":1.0,"11":1.0,"12":1.0,"13":1.0,"14":1.0,"15":1.0,"16":1.0,"17":1.0,"18":1.0,"19":1.0,"20":1.0,"21":1.0,"22":1.0,"23":1.0,"24":1.0,"25":1.0,"26":1.0,"27":1.0,"28":1.0,"29":1.0,"30":1.0,"31":1.0,"32":1.0,"33":1.0,"34":1.0,"35":1.0,"36":1.0,"37":1.0,"38":1.0,"39":1.0},"f_1 Re":{"0":0.9964966514,"1":0.9982025529,"2":0.9985804112,"3":0.9933223803,"4":0.994610149,"5":0.9954317282,"6":0.9964439914,"7":0.9968251268,"8":0.9988695178,"9":0.9987373764,"10":0.9980856336,"11":0.9986751759,"12":0.9988838088,"13":0.9990934118,"14":0.9986672116,"15":0.9989923665,"16":0.9950046248,"17":0.9849725293,"18":0.9980197261,"19":0.998333218,"20":0.9978094872,"21":0.9961527784,"22":0.9971416014,"23":0.9998436452,"24":0.9998925255,"25":0.9941280449,"26":0.9989829552,"27":0.9983348987,"28":0.9977731263,"29":0.9985710749,"30":0.9960023059,"31":0.9952883644,"32":0.995291507,"33":0.9999518728,"34":0.9914636502,"35":0.9951153963,"36":0.9993249956,"37":0.9992002196,"38":0.9926232338,"39":0.9991285102},"f_1 Im":{"0":0.0369538043,"1":-0.0030382066,"2":-0.0439586751,"3":-0.0706830144,"4":-0.0327400153,"5":0.004822485,"6":-0.0759666852,"7":0.0794596406,"8":-0.0224173802,"9":-0.0236630134,"10":0.0601500325,"11":-0.0496116233,"12":0.0234205297,"13":0.0257502844,"14":0.0509911009,"15":0.0434409194,"16":-0.0503754919,"17":-0.1656281961,"18":-0.0410608709,"19":0.0409989845,"20":-0.0476008064,"21":-0.0111715547,"22":0.013645715,"23":0.0049772886,"24":0.0141859945,"25":-0.077785776,"26":-0.0303153827,"27":0.0119444402,"28":-0.0170019473,"29":-0.0157970357,"30":-0.0892402376,"31":-0.0469776247,"32":-0.0562978002,"33":0.009809584,"34":-0.1142578493,"35":-0.059631388,"36":0.0137192953,"37":0.0382812516,"38":-0.1075598889,"39":-0.0375099867},"f_2 Re":{"0":0.9860460821,"1":0.992834372,"2":0.994333477,"3":0.9734146996,"4":0.9785369073,"5":0.9818149263,"6":0.9858124965,"7":0.9873207942,"8":0.9954864238,"9":0.9949557205,"10":0.9923505961,"11":0.9947047359,"12":0.9955472473,"13":0.9963766808,"14":0.9946728195,"15":0.9959723183,"16":0.9802586889,"17":0.9403998435,"18":0.9921305438,"19":0.993342946,"20":0.9912540844,"21":0.98464589,"22":0.9886283438,"23":0.9993765592,"24":0.9995704408,"25":0.9766117157,"26":0.9959382465,"27":0.9933723636,"28":0.9911153941,"29":0.9943043769,"30":0.9840413922,"31":0.9812271173,"32":0.9812641785,"33":0.9998074962,"34":0.9660524115,"35":0.9805880497,"36":0.9973145724,"37":0.9968028707,"38":0.9706417102,"39":0.9965168207},"f_2 Im":{"0":0.0730716942,"1":-0.0059613805,"2":-0.0878544226,"3":-0.1399080402,"4":-0.0649944076,"5":0.01023549,"6":-0.1512852339,"7":0.1584140989,"8":-0.0447587526,"9":-0.0472020939,"10":0.1200622228,"11":-0.0990825088,"12":0.0468539874,"13":0.0514305899,"14":0.1018413525,"15":0.0867812192,"16":-0.0987006677,"17":-0.3258200632,"18":-0.0815594875,"19":0.0818015085,"20":-0.0948763378,"21":-0.0221916845,"22":0.0277163406,"23":0.0099338279,"24":0.0283664553,"25":-0.1543082959,"26":-0.0605035928,"27":0.0238046481,"28":-0.0339149248,"29":-0.0317118921,"30":-0.1777648745,"31":-0.093016672,"32":-0.1114584915,"33":0.0196182228,"34":-0.2259812115,"35":-0.1180193068,"36":0.0272810286,"37":0.0765005952,"38":-0.213074213,"39":-0.0749278817},"f_3 Re":{"0":0.9688256344,"1":0.983967256,"2":0.9872942871,"3":0.9406500197,"4":0.9520671902,"5":0.9594116582,"6":0.9682146487,"7":0.9715477302,"8":0.9898756596,"9":0.9886736231,"10":0.9828190285,"11":0.9881007637,"12":0.9900261247,"13":0.9918588906,"14":0.9880287247,"15":0.9909483972,"16":0.9564697913,"17":0.8677933311,"18":0.9824854661,"19":0.9850593251,"20":0.980382054,"21":0.9655832952,"22":0.9746440705,"23":0.9986046366,"24":0.9990347412,"25":0.9477476406,"26":0.9908850774,"27":0.9852094061,"28":0.9800950694,"29":0.9872595755,"30":0.9642135035,"31":0.9580359732,"32":0.9582098205,"33":0.9995668846,"34":0.92435503,"35":0.9567931159,"36":0.9940120479,"37":0.9928139086,"38":0.9344986635,"39":0.992173258},"f_3 Im":{"0":0.1075328339,"1":-0.0086591751,"2":-0.1316216101,"3":-0.2062430528,"4":-0.0962878454,"5":0.0168111379,"6":-0.2253140892,"7":0.2363613965,"8":-0.0669489658,"9":-0.0704940675,"10":0.1794996097,"11":-0.1482723657,"12":0.0703111269,"13":0.0769710187,"14":0.1524103795,"15":0.1299206519,"16":-0.1430343676,"17":-0.4753269475,"18":-0.1209529089,"19":0.1222126092,"20":-0.1415039178,"21":-0.0329100206,"22":0.0426177925,"23":0.0148492677,"24":0.0425360031,"25":-0.2283215966,"26":-0.0904386047,"27":0.0354998616,"28":-0.0506518592,"29":-0.0478567829,"30":-0.2648640919,"31":-0.1371954257,"32":-0.1643719081,"33":0.0294249711,"34":-0.3326956029,"35":-0.1739572207,"36":0.0405326456,"37":0.1145962816,"38":-0.3145395523,"39":-0.1121619533},"f_4 Re":{"0":0.9451272775,"1":0.9717186193,"2":0.9775199884,"3":0.895641917,"4":0.9156725132,"5":0.9286521568,"6":0.9438308139,"7":0.9496067079,"8":0.9820784059,"9":0.9799218894,"10":0.9695310188,"11":0.9788833535,"12":0.9823793736,"13":0.9855551196,"14":0.978754701,"15":0.9839347909,"16":0.9247747397,"17":0.7696133011,"18":0.9693332345,"19":0.973532321,"20":0.9652733532,"21":0.9391370378,"22":0.9554886887,"23":0.9975375669,"24":0.9982870188,"25":0.9080236533,"26":0.9838552076,"27":0.9740034607,"28":0.9648246017,"29":0.9775342647,"30":0.9366781762,"31":0.9260769329,"32":0.9266060496,"33":0.9992300621,"34":0.867337241,"35":0.9243418898,"36":0.9894881207,"37":0.9872431879,"38":0.8849225832,"39":0.9861116556},"f_4 Im":{"0":0.1395462813,"1":-0.0110304501,"2":-0.1751893708,"3":-0.268307518,"4":-0.1261653376,"5":0.0250852444,"6":-0.2974247849,"7":0.3128059434,"8":-0.0889145729,"9":-0.0934172708,"10":0.2382269944,"11":-0.1970417959,"12":0.093798416,"13":0.1023018364,"14":0.2025587514,"15":0.1727597106,"16":-0.1816477576,"17":-0.6092689819,"18":-0.1587360873,"19":0.1620403077,"20":-0.1871660429,"21":-0.0431783078,"22":0.058718716,"23":0.0197040478,"24":0.0566895558,"25":-0.2986141919,"26":-0.1199966726,"27":0.0469561504,"28":-0.0671294385,"29":-0.0643328987,"30":-0.3498395877,"31":-0.17862559,"32":-0.2139810596,"33":0.0392288843,"34":-0.4320451179,"35":-0.2263111958,"36":0.0533314471,"37":0.152506877,"38":-0.410035899,"39":-0.149121188},"expected_value":{"0":5.1663385088,"1":1.7137641206,"2":0.922153317,"3":1.5206862639,"4":2.9034412755,"5":2.8655118957,"6":0.4126924923,"7":4.5809173197,"8":0.9872201297,"9":0.9240189983,"10":3.2389137375,"11":0.4087169459,"12":1.948853809,"13":1.9417080518,"14":2.681593618,"15":2.3566917467,"16":0.8493210135,"17":0.2113521419,"18":0.6088147504,"19":2.7781751236,"20":0.6510595378,"21":2.4329194092,"22":2.2663619471,"23":1.215318593,"24":1.3315920323,"25":1.2361174807,"26":0.6989138021,"27":2.6419115357,"28":1.6594486683,"29":1.8386821231,"30":0.1825947967,"31":1.3173010245,"32":1.1386690835,"33":1.206063688,"34":0.3347066751,"35":1.267912462,"36":2.074456531,"37":2.125002296,"38":0.3033947193,"39":0.5189737935}}