{"sample0": {"f_0": 5.004680467665246e-34, "f_1": 0.0014065188802441803, "f_2": 0.005582380463682888, "f_3": 0.012397762252857493, "f_4": 0.02164047639997382}, "sample1": {"f_0": 5.004680467665246e-34, "f_1": 0.0008967381722180177, "f_2": 0.0035790150420627496, "f_3": 0.00802277824074624, "f_4": 0.014187174151465455}, "sample2": {"f_0": 5.004680467665246e-34, "f_1": 0.00022654463013053612, "f_2": 0.0009011360531792911, "f_3": 0.002009094881500892, "f_4": 0.003527402937669357}, "sample3": {"f_0": 5.004680467665246e-34, "f_1": 0.0020856568163234615, "f_2": 0.008333482315882348, "f_3": 0.01871294129735562, "f_4": 0.03316317812690667}, "sample4": {"f_0": 5.004680467665246e-34, "f_1": 0.0024176551283974315, "f_2": 0.009528076045668028, "f_3": 0.02091310893905983, "f_4": 0.0359067868146813}, "sample5": {"f_0": 5.004680467665246e-34, "f_1": 0.0022695520810733496, "f_2": 0.008927427133569785, "f_3": 0.01953189584546683, "f_4": 0.033381412726681985}, "sample6": {"f_0": 5.004680467665246e-34, "f_1": 0.00033281837446088247, "f_2": 0.0013328968325383057, "f_3": 0.0030048572923953095, "f_4": 0.0053555964492646236}, "sample7": {"f_0": 5.004680467665246e-34, "f_1": 6.471291108629554e-06, "f_2": 2.5866963092270508e-05, "f_3": 5.813368327520311e-05, "f_4": 0.00010318667776812576}, "sample8": {"f_0": 5.004680467665246e-34, "f_1": 0.0004393682980786449, "f_2": 0.001752153831662768, "f_3": 0.00392250113120586, "f_4": 0.006924323994524193}, "sample9": {"f_0": 5.004680467665246e-34, "f_1": 0.0004911262294475247, "f_2": 0.0019619189134426436, "f_3": 0.004404618704431947, "f_4": 0.007806289730743904}, "sample10": {"f_0": 5.004680467665246e-34, "f_1": 5.18365727260632e-05, "f_2": 0.00020755227958330034, "f_3": 0.0004677541003071631, "f_4": 0.0008334178664755927}, "sample11": {"f_0": 5.004680467665246e-34, "f_1": 4.665611029769132e-05, "f_2": 0.00018646394359640153, "f_3": 0.00041894482638418627, "f_4": 0.0007433103102576681}, "sample12": {"f_0": 5.004680467665246e-34, "f_1": 0.0004207621532765155, "f_2": 0.0016743368347764786, "f_3": 0.0037350340620798702, "f_4": 0.006561498732091792}, "sample13": {"f_0": 5.004680467665246e-34, "f_1": 0.00028749251121532304, "f_2": 0.0011498637371207797, "f_3": 0.0025867717179878257, "f_4": 0.004597570538236264}, "sample14": {"f_0": 5.004680467665246e-34, "f_1": 1.5936346585999e-05, "f_2": 6.37290033126362e-05, "f_3": 0.00014332933736698467, "f_4": 0.0002546579849360594}, "sample15": {"f_0": 5.004680467665246e-34, "f_1": 3.17932888787279e-05, "f_2": 0.000127180214688909, "f_3": 0.0002861819624585786, "f_4": 0.0005088338608586266}, "sample16": {"f_0": 5.004680467665246e-34, "f_1": 0.0018541594882610828, "f_2": 0.00729245932330673, "f_3": 0.015951995902190392, "f_4": 0.027259342305487204}, "sample17": {"f_0": 5.004680467665246e-34, "f_1": 0.0006020247202084651, "f_2": 0.0024185815580155326, "f_3": 0.0054796359280805266, "f_4": 0.009830400146425602}, "sample18": {"f_0": 5.004680467665246e-34, "f_1": 0.0005675709013363612, "f_2": 0.002254891601218361, "f_3": 0.005016453975676531, "f_4": 0.008778611403066851}, "sample19": {"f_0": 5.004680467665246e-34, "f_1": 0.00041242665506589435, "f_2": 0.0016439295272500138, "f_3": 0.0036773050561532982, "f_4": 0.006484303369469985}, "sample20": {"f_0": 5.004680467665246e-34, "f_1": 0.0005274827628891447, "f_2": 0.0021016234461158183, "f_3": 0.0046976943581926705, "f_4": 0.008275126979956294}, "sample21": {"f_0": 5.004680467665246e-34, "f_1": 0.0018896964489733728, "f_2": 0.007510649133332317, "f_3": 0.016719506663065004, "f_4": 0.02928086610223289}, "sample22": {"f_0": 5.004680467665246e-34, "f_1": 0.0013791012223605796, "f_2": 0.005437744668590553, "f_3": 0.011946140791486464, "f_4": 0.020541447715245315}, "sample23": {"f_0": 5.004680467665246e-34, "f_1": 7.202794566936455e-05, "f_2": 0.00028775144855157576, "f_3": 0.0006460984756460744, "f_4": 0.0011453120118191465}, "sample24": {"f_0": 5.004680467665246e-34, "f_1": 3.4349164251035207e-06, "f_2": 1.3747276179010334e-05, "f_3": 3.0959286455087664e-05, "f_4": 5.510593218097752e-05}, "sample25": {"f_0": 5.004680467665246e-34, "f_1": 0.0014199243723944084, "f_2": 0.005687333217492579, "f_3": 0.012822392662937374, "f_4": 0.02284991533392358}, "sample26": {"f_0": 5.004680467665246e-34, "f_1": 0.00027860409251796584, "f_2": 0.0011131110870464236, "f_3": 0.002499615682814885, "f_4": 0.0044316440624588525}, "sample27": {"f_0": 5.004680467665246e-34, "f_1": 0.0007971757075506656, "f_2": 0.0031767820197820856, "f_3": 0.007103251434380019, "f_4": 0.012517964441520122}, "sample28": {"f_0": 5.004680467665246e-34, "f_1": 0.0010398638027389392, "f_2": 0.0041339177159533756, "f_3": 0.009206237427870552, "f_4": 0.016132558711927317}, "sample29": {"f_0": 5.004680467665246e-34, "f_1": 0.0006535528452640433, "f_2": 0.0026198936485786256, "f_3": 0.005915428097092348, "f_4": 0.010565400889076799}, "sample30": {"f_0": 5.004680467665246e-34, "f_1": 3.899759427904579e-06, "f_2": 1.5596119969012448e-05, "f_3": 3.508049156796989e-05, "f_4": 6.233908980770728e-05}, "sample31": {"f_0": 5.004680467665246e-34, "f_1": 0.0018004280413411145, "f_2": 0.007165175463844754, "f_3": 0.01598492196916953, "f_4": 0.028078470136237637}, "sample32": {"f_0": 5.004680467665246e-34, "f_1": 0.0015579941192556642, "f_2": 0.006200449967167616, "f_3": 0.013832784322959054, "f_4": 0.02429745849033789}, "sample33": {"f_0": 5.004680467665246e-34, "f_1": 6.024365893919293e-09, "f_2": 2.4097373380334122e-08, "f_3": 5.42187581168975e-08, "f_4": 9.638810001513493e-08}, "sample34": {"f_0": 5.004680467665246e-34, "f_1": 0.0009888035499095204, "f_2": 0.003959492498839583, "f_3": 0.008924023791918239, "f_4": 0.015899468169235938}, "sample35": {"f_0": 5.004680467665246e-34, "f_1": 0.0015496779987697832, "f_2": 0.006166062822768178, "f_3": 0.013750664834872724, "f_4": 0.024137781130011877}, "sample36": {"f_0": 5.004680467665246e-34, "f_1": 0.000290456577184929, "f_2": 0.0011568178990343648, "f_3": 0.0025842829177271584, "f_4": 0.004548921166060557}, "sample37": {"f_0": 5.004680467665246e-34, "f_1": 3.3419861835790606e-05, "f_2": 0.00013377124984907812, "f_3": 0.0003013251948271546, "f_4": 0.0005365190428181545}, "sample38": {"f_0": 5.004680467665246e-34, "f_1": 0.0007840597869899255, "f_2": 0.0031383729945321697, "f_3": 0.0070688628044742845, "f_4": 0.012583844627718506}, "sample39": {"f_0": 5.004680467665246e-34, "f_1": 8.38110828121692e-05, "f_2": 0.0003351027044154247, "f_3": 0.0007534499503719504, "f_4": 0.0013381445339639253}}