{"sample0": {"f_0": 1.0, "f_1": 0.994140625, "f_2": 0.986328125, "f_3": 0.9482421875, "f_4": 0.943359375}, "sample1": {"f_0": 1.0, "f_1": 0.998046875, "f_2": 0.9892578125, "f_3": 0.9755859375, "f_4": 0.9580078125}, "sample2": {"f_0": 1.0, "f_1": 0.9990234375, "f_2": 0.998046875, "f_3": 0.9931640625, "f_4": 0.9912109375}, "sample3": {"f_0": 1.0, "f_1": 0.994140625, "f_2": 0.978515625, "f_3": 0.9453125, "f_4": 0.908203125}, "sample4": {"f_0": 1.0, "f_1": 0.99609375, "f_2": 0.96875, "f_3": 0.9287109375, "f_4": 0.9052734375}, "sample5": {"f_0": 1.0, "f_1": 0.994140625, "f_2": 0.96875, "f_3": 0.9453125, "f_4": 0.9013671875}, "sample6": {"f_0": 1.0, "f_1": 1.0, "f_2": 0.99609375, "f_3": 0.998046875, "f_4": 0.9794921875}, "sample7": {"f_0": 1.0, "f_1": 1.0, "f_2": 1.0, "f_3": 1.0, "f_4": 1.0}, "sample8": {"f_0": 1.0, "f_1": 0.9990234375, "f_2": 0.99609375, "f_3": 0.990234375, "f_4": 0.986328125}, "sample9": {"f_0": 1.0, "f_1": 0.9990234375, "f_2": 0.990234375, "f_3": 0.984375, "f_4": 0.9814453125}, "sample10": {"f_0": 1.0, "f_1": 1.0, "f_2": 1.0, "f_3": 0.9990234375, "f_4": 0.9970703125}, "sample11": {"f_0": 1.0, "f_1": 1.0, "f_2": 1.0, "f_3": 0.9990234375, "f_4": 0.99609375}, "sample12": {"f_0": 1.0, "f_1": 0.9990234375, "f_2": 0.990234375, "f_3": 0.9921875, "f_4": 0.982421875}, "sample13": {"f_0": 1.0, "f_1": 1.0, "f_2": 0.9990234375, "f_3": 0.9931640625, "f_4": 0.9853515625}, "sample14": {"f_0": 1.0, "f_1": 1.0, "f_2": 0.9990234375, "f_3": 0.9990234375, "f_4": 0.9990234375}, "sample15": {"f_0": 1.0, "f_1": 1.0, "f_2": 0.9970703125, "f_3": 1.0, "f_4": 1.0}, "sample16": {"f_0": 1.0, "f_1": 0.9931640625, "f_2": 0.9716796875, "f_3": 0.9560546875, "f_4": 0.9248046875}, "sample17": {"f_0": 1.0, "f_1": 0.9990234375, "f_2": 0.994140625, "f_3": 0.98828125, "f_4": 0.9736328125}, "sample18": {"f_0": 1.0, "f_1": 0.9970703125, "f_2": 0.9921875, "f_3": 0.984375, "f_4": 0.970703125}, "sample19": {"f_0": 1.0, "f_1": 0.9990234375, "f_2": 0.994140625, "f_3": 0.9853515625, "f_4": 0.982421875}, "sample20": {"f_0": 1.0, "f_1": 0.9970703125, "f_2": 0.998046875, "f_3": 0.98828125, "f_4": 0.9794921875}, "sample21": {"f_0": 1.0, "f_1": 0.9931640625, "f_2": 0.9755859375, "f_3": 0.9521484375, "f_4": 0.9189453125}, "sample22": {"f_0": 1.0, "f_1": 0.99609375, "f_2": 0.9814453125, "f_3": 0.9638671875, "f_4": 0.9423828125}, "sample23": {"f_0": 1.0, "f_1": 1.0, "f_2": 0.9990234375, "f_3": 0.9990234375, "f_4": 0.9970703125}, "sample24": {"f_0": 1.0, "f_1": 1.0, "f_2": 1.0, "f_3": 1.0, "f_4": 0.9990234375}, "sample25": {"f_0": 1.0, "f_1": 0.994140625, "f_2": 0.9775390625, "f_3": 0.9609375, "f_4": 0.9345703125}, "sample26": {"f_0": 1.0, "f_1": 0.9990234375, "f_2": 0.9970703125, "f_3": 0.9951171875, "f_4": 0.986328125}, "sample27": {"f_0": 1.0, "f_1": 0.9970703125, "f_2": 0.990234375, "f_3": 0.9794921875, "f_4": 0.958984375}, "sample28": {"f_0": 1.0, "f_1": 0.9970703125, "f_2": 0.9931640625, "f_3": 0.9716796875, "f_4": 0.9462890625}, "sample29": {"f_0": 1.0, "f_1": 0.9970703125, "f_2": 0.990234375, "f_3": 0.982421875, "f_4": 0.9697265625}, "sample30": {"f_0": 1.0, "f_1": 1.0, "f_2": 1.0, "f_3": 1.0, "f_4": 1.0}, "sample31": {"f_0": 1.0, "f_1": 0.9931640625, "f_2": 0.9765625, "f_3": 0.9560546875, "f_4": 0.9228515625}, "sample32": {"f_0": 1.0, "f_1": 0.99609375, "f_2": 0.9794921875, "f_3": 0.9580078125, "f_4": 0.94140625}, "sample33": {"f_0": 1.0, "f_1": 1.0, "f_2": 1.0, "f_3": 1.0, "f_4": 1.0}, "sample34": {"f_0": 1.0, "f_1": 0.9990234375, "f_2": 0.990234375, "f_3": 0.98046875, "f_4": 0.95703125}, "sample35": {"f_0": 1.0, "f_1": 0.998046875, "f_2": 0.982421875, "f_3": 0.94921875, "f_4": 0.9326171875}, "sample36": {"f_0": 1.0, "f_1": 0.9990234375, "f_2": 0.9951171875, "f_3": 0.9931640625, "f_4": 0.9853515625}, "sample37": {"f_0": 1.0, "f_1": 1.0, "f_2": 0.9990234375, "f_3": 0.9990234375, "f_4": 0.998046875}, "sample38": {"f_0": 1.0, "f_1": 0.9990234375, "f_2": 0.984375, "f_3": 0.978515625, "f_4": 0.95703125}, "sample39": {"f_0": 1.0, "f_1": 1.0, "f_2": 0.998046875, "f_3": 0.9970703125, "f_4": 0.994140625}}