{"sample0": {"f_0": 0.49609375, "f_1": 0.5478515625, "f_2": 0.572265625, "f_3": 0.5625, "f_4": 0.619140625}, "sample1": {"f_0": 0.4716796875, "f_1": 0.521484375, "f_2": 0.5517578125, "f_3": 0.5859375, "f_4": 0.607421875}, "sample2": {"f_0": 0.4931640625, "f_1": 0.5361328125, "f_2": 0.5283203125, "f_3": 0.560546875, "f_4": 0.53515625}, "sample3": {"f_0": 0.5009765625, "f_1": 0.4599609375, "f_2": 0.40625, "f_3": 0.3330078125, "f_4": 0.275390625}, "sample4": {"f_0": 0.4873046875, "f_1": 0.580078125, "f_2": 0.5556640625, "f_3": 0.595703125, "f_4": 0.6572265625}, "sample5": {"f_0": 0.509765625, "f_1": 0.47265625, "f_2": 0.3876953125, "f_3": 0.3427734375, "f_4": 0.279296875}, "sample6": {"f_0": 0.5, "f_1": 0.4716796875, "f_2": 0.458984375, "f_3": 0.4384765625, "f_4": 0.4130859375}, "sample7": {"f_0": 0.4931640625, "f_1": 0.5166015625, "f_2": 0.5234375, "f_3": 0.5009765625, "f_4": 0.4931640625}, "sample8": {"f_0": 0.4931640625, "f_1": 0.5478515625, "f_2": 0.5556640625, "f_3": 0.55859375, "f_4": 0.576171875}, "sample9": {"f_0": 0.48828125, "f_1": 0.5, "f_2": 0.4423828125, "f_3": 0.4423828125, "f_4": 0.3896484375}, "sample10": {"f_0": 0.4794921875, "f_1": 0.4921875, "f_2": 0.5146484375, "f_3": 0.5107421875, "f_4": 0.5380859375}, "sample11": {"f_0": 0.4814453125, "f_1": 0.5087890625, "f_2": 0.4912109375, "f_3": 0.5224609375, "f_4": 0.5068359375}, "sample12": {"f_0": 0.4951171875, "f_1": 0.4853515625, "f_2": 0.4541015625, "f_3": 0.4189453125, "f_4": 0.3974609375}, "sample13": {"f_0": 0.494140625, "f_1": 0.5107421875, "f_2": 0.5556640625, "f_3": 0.5244140625, "f_4": 0.5810546875}, "sample14": {"f_0": 0.4833984375, "f_1": 0.5, "f_2": 0.4970703125, "f_3": 0.443359375, "f_4": 0.4912109375}, "sample15": {"f_0": 0.4697265625, "f_1": 0.50390625, "f_2": 0.4912109375, "f_3": 0.4794921875, "f_4": 0.5029296875}, "sample16": {"f_0": 0.4814453125, "f_1": 0.44921875, "f_2": 0.4306640625, "f_3": 0.3525390625, "f_4": 0.3310546875}, "sample17": {"f_0": 0.4951171875, "f_1": 0.4697265625, "f_2": 0.431640625, "f_3": 0.4423828125, "f_4": 0.3916015625}, "sample18": {"f_0": 0.4931640625, "f_1": 0.45703125, "f_2": 0.462890625, "f_3": 0.400390625, "f_4": 0.4267578125}, "sample19": {"f_0": 0.5078125, "f_1": 0.498046875, "f_2": 0.431640625, "f_3": 0.4267578125, "f_4": 0.39453125}, "sample20": {"f_0": 0.5087890625, "f_1": 0.5234375, "f_2": 0.5576171875, "f_3": 0.57421875, "f_4": 0.5595703125}, "sample21": {"f_0": 0.509765625, "f_1": 0.4345703125, "f_2": 0.4033203125, "f_3": 0.3564453125, "f_4": 0.3095703125}, "sample22": {"f_0": 0.458984375, "f_1": 0.47265625, "f_2": 0.4013671875, "f_3": 0.4296875, "f_4": 0.3486328125}, "sample23": {"f_0": 0.49609375, "f_1": 0.5048828125, "f_2": 0.5234375, "f_3": 0.5048828125, "f_4": 0.5283203125}, "sample24": {"f_0": 0.4716796875, "f_1": 0.4833984375, "f_2": 0.4892578125, "f_3": 0.470703125, "f_4": 0.5263671875}, "sample25": {"f_0": 0.5029296875, "f_1": 0.517578125, "f_2": 0.419921875, "f_3": 0.38671875, "f_4": 0.3251953125}, "sample26": {"f_0": 0.49609375, "f_1": 0.5029296875, "f_2": 0.5263671875, "f_3": 0.5634765625, "f_4": 0.5546875}, "sample27": {"f_0": 0.4892578125, "f_1": 0.4609375, "f_2": 0.4296875, "f_3": 0.3876953125, "f_4": 0.380859375}, "sample28": {"f_0": 0.4755859375, "f_1": 0.5234375, "f_2": 0.568359375, "f_3": 0.5732421875, "f_4": 0.6044921875}, "sample29": {"f_0": 0.498046875, "f_1": 0.478515625, "f_2": 0.4169921875, "f_3": 0.4208984375, "f_4": 0.3896484375}, "sample30": {"f_0": 0.5009765625, "f_1": 0.5126953125, "f_2": 0.494140625, "f_3": 0.5380859375, "f_4": 0.525390625}, "sample31": {"f_0": 0.513671875, "f_1": 0.4384765625, "f_2": 0.404296875, "f_3": 0.3603515625, "f_4": 0.314453125}, "sample32": {"f_0": 0.5107421875, "f_1": 0.4482421875, "f_2": 0.388671875, "f_3": 0.373046875, "f_4": 0.32421875}, "sample33": {"f_0": 0.5009765625, "f_1": 0.4892578125, "f_2": 0.521484375, "f_3": 0.51171875, "f_4": 0.4990234375}, "sample34": {"f_0": 0.5263671875, "f_1": 0.439453125, "f_2": 0.4501953125, "f_3": 0.4140625, "f_4": 0.3505859375}, "sample35": {"f_0": 0.517578125, "f_1": 0.4560546875, "f_2": 0.4150390625, "f_3": 0.3828125, "f_4": 0.357421875}, "sample36": {"f_0": 0.501953125, "f_1": 0.5341796875, "f_2": 0.515625, "f_3": 0.537109375, "f_4": 0.5498046875}, "sample37": {"f_0": 0.4892578125, "f_1": 0.49609375, "f_2": 0.5087890625, "f_3": 0.529296875, "f_4": 0.509765625}, "sample38": {"f_0": 0.5263671875, "f_1": 0.4560546875, "f_2": 0.46484375, "f_3": 0.41015625, "f_4": 0.3759765625}, "sample39": {"f_0": 0.5068359375, "f_1": 0.498046875, "f_2": 0.4931640625, "f_3": 0.4482421875, "f_4": 0.453125}}