{"sample0": {"f_0": 0.4999999999999999, "f_1": 0.5359906750956532, "f_2": 0.5682813602802887, "f_3": 0.596083153018376, "f_4": 0.618726743312132}, "sample1": {"f_0": 0.4999999999999999, "f_1": 0.5289962915063672, "f_2": 0.5558361620431912, "f_3": 0.5802039134176403, "f_4": 0.6018381436494925}, "sample2": {"f_0": 0.4999999999999999, "f_1": 0.514818389500174, "f_2": 0.5290694732920899, "f_3": 0.5426635030571574, "f_4": 0.555540908374392}, "sample3": {"f_0": 0.4999999999999999, "f_1": 0.4524426237263111, "f_2": 0.40200352959881, "f_3": 0.3501077289983097, "f_4": 0.2982847648101067}, "sample4": {"f_0": 0.4999999999999999, "f_1": 0.5465114420239242, "f_2": 0.5861669541321312, "f_3": 0.6173099839940518, "f_4": 0.6387435957659329}, "sample5": {"f_0": 0.4999999999999999, "f_1": 0.4503041545994929, "f_2": 0.3982444596390029, "f_3": 0.3460839731693574, "f_4": 0.2960261815130147}, "sample6": {"f_0": 0.4999999999999999, "f_1": 0.4814367024888561, "f_2": 0.462266147097941, "f_3": 0.4425591726357763, "f_4": 0.4224000013759489}, "sample7": {"f_0": 0.4999999999999999, "f_1": 0.4974497016036884, "f_2": 0.49488864789248227, "f_3": 0.49231925113544406, "f_4": 0.4897440601299955}, "sample8": {"f_0": 0.4999999999999999, "f_1": 0.5205034030778429, "f_2": 0.5399610431041888, "f_3": 0.5582214164355707, "f_4": 0.5751514184849075}, "sample9": {"f_0": 0.4999999999999999, "f_1": 0.47736947335147173, "f_2": 0.4539215400468231, "f_3": 0.4298290571836876, "f_4": 0.4052716645305363}, "sample10": {"f_0": 0.4999999999999999, "f_1": 0.507147256231951, "f_2": 0.5141943889654087, "f_3": 0.5211459823095932, "f_4": 0.528007536854168}, "sample11": {"f_0": 0.4999999999999999, "f_1": 0.5067832455780997, "f_2": 0.5134638053836664, "f_3": 0.5200329747276027, "f_4": 0.5264828336830919}, "sample12": {"f_0": 0.4999999999999999, "f_1": 0.47908412302932674, "f_2": 0.4575458537192337, "f_3": 0.4356160782838213, "f_4": 0.4135291886978102}, "sample13": {"f_0": 0.4999999999999999, "f_1": 0.5166585386155729, "f_2": 0.5326846545715985, "f_3": 0.5480250741345043, "f_4": 0.5626311222500301}, "sample14": {"f_0": 0.4999999999999999, "f_1": 0.4959921647380664, "f_2": 0.49195439018087533, "f_3": 0.4878888124580718, "f_4": 0.4837977507181877}, "sample15": {"f_0": 0.4999999999999999, "f_1": 0.49433002011981947, "f_2": 0.4885984048839109, "f_3": 0.4828072734144229, "f_4": 0.4769589184342867}, "sample16": {"f_0": 0.4999999999999999, "f_1": 0.45524324626269, "f_2": 0.4085289087406852, "f_3": 0.3616769178802333, "f_4": 0.316450968355796}, "sample17": {"f_0": 0.4999999999999999, "f_1": 0.4748941209490026, "f_2": 0.4486824868975807, "f_3": 0.42150738643792807, "f_4": 0.39355814214035717}, "sample18": {"f_0": 0.4999999999999999, "f_1": 0.47563565845191424, "f_2": 0.4504728083008844, "f_3": 0.42486505774062266, "f_4": 0.39917037161592955}, "sample19": {"f_0": 0.4999999999999999, "f_1": 0.47929600234379705, "f_2": 0.457943603037649, "f_3": 0.4361267001559446, "f_4": 0.4140332028763016}, "sample20": {"f_0": 0.4999999999999999, "f_1": 0.5224151478219711, "f_2": 0.5435467448485364, "f_3": 0.5631845227505239, "f_4": 0.5811401029305361}, "sample21": {"f_0": 0.4999999999999999, "f_1": 0.4548051696185162, "f_2": 0.4071499788018887, "f_3": 0.3584323532579268, "f_4": 0.31008923795438825}, "sample22": {"f_0": 0.4999999999999999, "f_1": 0.46158582558373473, "f_2": 0.4216074023750607, "f_3": 0.3813080677280275, "f_4": 0.3419003576525596}, "sample23": {"f_0": 0.4999999999999999, "f_1": 0.5084137281550567, "f_2": 0.5166665470339988, "f_3": 0.5247437352917217, "f_4": 0.5326330684767708}, "sample24": {"f_0": 0.4999999999999999, "f_1": 0.4981432361995759, "f_2": 0.4962787991576917, "f_3": 0.4944061591562257, "f_4": 0.4925251099197674}, "sample25": {"f_0": 0.4999999999999999, "f_1": 0.46101018408715905, "f_2": 0.41983114022678086, "f_3": 0.37720035019904635, "f_4": 0.3339346079853004}, "sample26": {"f_0": 0.4999999999999999, "f_1": 0.5164036295019321, "f_2": 0.5321774836643017, "f_3": 0.5472544551071392, "f_4": 0.5615737377160782}, "sample27": {"f_0": 0.4999999999999999, "f_1": 0.4710145053257982, "f_2": 0.4408333612222243, "f_3": 0.40988637674153017, "f_4": 0.3786204851519688}, "sample28": {"f_0": 0.4999999999999999, "f_1": 0.5311398497033119, "f_2": 0.5596265934081759, "f_3": 0.5849527677081441, "f_4": 0.6066907195244307}, "sample29": {"f_0": 0.4999999999999999, "f_1": 0.47381709079879764, "f_2": 0.44649247475270254, "f_3": 0.4182220104526352, "f_4": 0.38923291493085743}, "sample30": {"f_0": 0.4999999999999999, "f_1": 0.5019708687916944, "f_2": 0.5039335225799072, "f_3": 0.5058876328869338, "f_4": 0.5078329741851526}, "sample31": {"f_0": 0.4999999999999999, "f_1": 0.4559229104797863, "f_2": 0.40943405002533784, "f_3": 0.3618023514364692, "f_4": 0.3143424580420812}, "sample32": {"f_0": 0.4999999999999999, "f_1": 0.45909527640647596, "f_2": 0.4160611248301571, "f_3": 0.3719522120770285, "f_4": 0.3278598890376018}, "sample33": {"f_0": 0.4999999999999999, "f_1": 0.5000776107714083, "f_2": 0.5001552093091288, "f_3": 0.5002327956121103, "f_4": 0.5003103698801158}, "sample34": {"f_0": 0.4999999999999999, "f_1": 0.4676305963309467, "f_2": 0.4336518332508277, "f_3": 0.3984750143166767, "f_4": 0.3625532240492901}, "sample35": {"f_0": 0.4999999999999999, "f_1": 0.45920870473644676, "f_2": 0.4163147205619671, "f_3": 0.37239273243741017, "f_4": 0.3285566718631374}, "sample36": {"f_0": 0.4999999999999999, "f_1": 0.5167425540489216, "f_2": 0.5327785301382595, "f_3": 0.5479991440396981, "f_4": 0.5623163127271398}, "sample37": {"f_0": 0.4999999999999999, "f_1": 0.5057472388868204, "f_2": 0.5114299529690852, "f_3": 0.5170513455306465, "f_4": 0.522615494435317}, "sample38": {"f_0": 0.4999999999999999, "f_1": 0.4712602917697929, "f_2": 0.4412152478098217, "f_3": 0.41015520998182303, "f_4": 0.37839767484593595}, "sample39": {"f_0": 0.4999999999999999, "f_1": 0.49076289001019374, "f_2": 0.48137144903114504, "f_3": 0.4718393450039705, "f_4": 0.4621805971228894}}