{"sample0": {"f_0": 0.4999999999999999, "f_1": 0.4611949048942755, "f_2": 0.42053181399100953, "f_3": 0.3790100571292689, "f_4": 0.3376426243010733}, "sample1": {"f_0": 0.4999999999999999, "f_1": 0.4692124921364143, "f_2": 0.43704165206885826, "f_3": 0.4039293576702441, "f_4": 0.3703412293042544}, "sample2": {"f_0": 0.4999999999999999, "f_1": 0.4847292118418841, "f_2": 0.46913925821899594, "f_3": 0.45337362573717277, "f_4": 0.4375774133431082}, "sample3": {"f_0": 0.4999999999999999, "f_1": 0.5434000961598614, "f_2": 0.5815516889789102, "f_3": 0.6135715992063993, "f_4": 0.6387969190035595}, "sample4": {"f_0": 0.4999999999999999, "f_1": 0.4486491865431129, "f_2": 0.39471242181252636, "f_3": 0.3405416578783337, "f_4": 0.2884433261703138}, "sample5": {"f_0": 0.4999999999999999, "f_1": 0.5451496363478754, "f_2": 0.5837881977262922, "f_3": 0.6142926989777537, "f_4": 0.6354858674231861}, "sample6": {"f_0": 0.4999999999999999, "f_1": 0.517899080166873, "f_2": 0.5350906030675739, "f_3": 0.5515438497745554, "f_4": 0.5672390525951633}, "sample7": {"f_0": 0.4999999999999999, "f_1": 0.5025373823884703, "f_2": 0.5050600408183641, "f_3": 0.5075665998023491, "f_4": 0.5100561687788013}, "sample8": {"f_0": 0.4999999999999999, "f_1": 0.47861802313986934, "f_2": 0.45653723987746647, "f_3": 0.4339465762771454, "f_4": 0.4110404798577319}, "sample9": {"f_0": 0.4999999999999999, "f_1": 0.5216486692598998, "f_2": 0.5421609217025287, "f_3": 0.5613934161362918, "f_4": 0.5792151834103183}, "sample10": {"f_0": 0.4999999999999999, "f_1": 0.4927492229781553, "f_2": 0.4853929325176505, "f_3": 0.4779306939828248, "f_4": 0.47036371176034597}, "sample11": {"f_0": 0.4999999999999999, "f_1": 0.49312346443754446, "f_2": 0.4861636221675297, "f_3": 0.47913093214782543, "f_4": 0.4720362108912174}, "sample12": {"f_0": 0.4999999999999999, "f_1": 0.5200745693530882, "f_2": 0.5391089551375482, "f_3": 0.5569316127851464, "f_4": 0.5734044995165336}, "sample13": {"f_0": 0.4999999999999999, "f_1": 0.48276682266444176, "f_2": 0.4650211432883241, "f_3": 0.4468292241617974, "f_4": 0.428261157521989}, "sample14": {"f_0": 0.4999999999999999, "f_1": 0.5039759811966439, "f_2": 0.5079184492712904, "f_3": 0.5118260298295068, "f_4": 0.5156976555270508}, "sample15": {"f_0": 0.4999999999999999, "f_1": 0.5056064108081396, "f_2": 0.5111475145449288, "f_3": 0.5166217774791996, "f_4": 0.522027876709428}, "sample16": {"f_0": 0.4999999999999999, "f_1": 0.5410427004766731, "f_2": 0.5767955507864022, "f_3": 0.6059697280759118, "f_4": 0.627651145176347}, "sample17": {"f_0": 0.4999999999999999, "f_1": 0.5239076704762766, "f_2": 0.5465728027228811, "f_3": 0.5679930998516599, "f_4": 0.5881985206484606}, "sample18": {"f_0": 0.4999999999999999, "f_1": 0.5232290259359776, "f_2": 0.5450146747100462, "f_3": 0.5650885908855989, "f_4": 0.5832316608832535}, "sample19": {"f_0": 0.4999999999999999, "f_1": 0.5198790630989472, "f_2": 0.5387672445624446, "f_3": 0.5565121977874018, "f_4": 0.5729779177737271}, "sample20": {"f_0": 0.4999999999999999, "f_1": 0.47652965694387517, "f_2": 0.4522463448472525, "f_3": 0.42740164257680247, "f_4": 0.40225178408022483}, "sample21": {"f_0": 0.4999999999999999, "f_1": 0.5414174111704028, "f_2": 0.5778600209662629, "f_3": 0.6082847314649966, "f_4": 0.6318321330586328}, "sample22": {"f_0": 0.4999999999999999, "f_1": 0.5356529638390762, "f_2": 0.5674696965009386, "f_3": 0.5945656024772132, "f_4": 0.6163029032790893}, "sample23": {"f_0": 0.4999999999999999, "f_1": 0.4914423159600098, "f_2": 0.4827595469691052, "f_3": 0.47397212518382714, "f_4": 0.46510165492153227}, "sample24": {"f_0": 0.4999999999999999, "f_1": 0.501849916322787, "f_2": 0.5036940617885853, "f_3": 0.5055337037294714, "f_4": 0.5073702289260199}, "sample25": {"f_0": 0.4999999999999999, "f_1": 0.5361604142202454, "f_2": 0.5689596064509305, "f_3": 0.5979778206977799, "f_4": 0.6229040872470546}, "sample26": {"f_0": 0.4999999999999999, "f_1": 0.4830393540919616, "f_2": 0.46559935416843373, "f_3": 0.44776173379346235, "f_4": 0.4296113977530628}, "sample27": {"f_0": 0.4999999999999999, "f_1": 0.5273931144958923, "f_2": 0.5528442957769938, "f_3": 0.5760625303148524, "f_4": 0.5968233256170966}, "sample28": {"f_0": 0.4999999999999999, "f_1": 0.4667802891663952, "f_2": 0.432103379911321, "f_3": 0.39662321026018094, "f_4": 0.36100571727527764}, "sample29": {"f_0": 0.4999999999999999, "f_1": 0.5248797782086313, "f_2": 0.5483309442298561, "f_3": 0.5702638600594914, "f_4": 0.5906230652901328}, "sample30": {"f_0": 0.4999999999999999, "f_1": 0.49802133786079433, "f_2": 0.49603538353864346, "f_3": 0.4940427008644553, "f_4": 0.49204389723179015}, "sample31": {"f_0": 0.4999999999999999, "f_1": 0.5404800023031071, "f_2": 0.5762953284234063, "f_3": 0.6065254039773185, "f_4": 0.6304203355020884}, "sample32": {"f_0": 0.4999999999999999, "f_1": 0.5377920367167375, "f_2": 0.5715900668660265, "f_3": 0.6006398800299657, "f_4": 0.6243334434566354}, "sample33": {"f_0": 0.4999999999999999, "f_1": 0.49992237719580124, "f_2": 0.49984474275009355, "f_3": 0.499767097226903, "f_4": 0.49968944133795173}, "sample34": {"f_0": 0.4999999999999999, "f_1": 0.5303969165624063, "f_2": 0.5585105515971248, "f_3": 0.5840842785132436, "f_4": 0.6069152127015851}, "sample35": {"f_0": 0.4999999999999999, "f_1": 0.5376965724814059, "f_2": 0.5714260194536821, "f_3": 0.6004643582059883, "f_4": 0.6242556714292119}, "sample36": {"f_0": 0.4999999999999999, "f_1": 0.48267677884792193, "f_2": 0.46491177529830935, "f_3": 0.4468522793226078, "f_4": 0.4286491793723623}, "sample37": {"f_0": 0.4999999999999999, "f_1": 0.49418602763783503, "f_2": 0.4883041990570709, "f_3": 0.48235453694723396, "f_4": 0.4763382354000938}, "sample38": {"f_0": 0.4999999999999999, "f_1": 0.5271747152552911, "f_2": 0.5525577270617701, "f_3": 0.5759562310625168, "f_4": 0.5972110334899963}, "sample39": {"f_0": 0.4999999999999999, "f_1": 0.5090694994806124, "f_2": 0.5179585316610943, "f_3": 0.5266546938566478, "f_4": 0.5351460659234445}}