{
    "n_samples": 56,
    "n_qubits": 4,
    "graph_type": "line",
    "backend_qpu_name": "ibm_marrakesh",
    "beta": 1,
    "C": 5.274068563211588,
    "n_features": 10,
    "times": [
        0.0,
        0.5956677688082146,
        1.1913355376164292,
        1.787003306424644,
        2.3826710752328584,
        2.9783388440410734,
        3.574006612849288,
        4.169674381657503,
        4.765342150465717,
        5.361009919273932
    ]
}