{"sample0": {"f_0": 0.4875829219818115, "f_1": 0.3192094564437866, "f_2": 0.34524476528167725, "f_3": 0.4889836311340332, "f_4": 0.24944020807743073, "f_5": 0.19125913083553314, "f_6": 0.45766717195510864, "f_7": 0.313140332698822, "f_8": 0.16442996263504028, "f_9": 0.10793083161115646}, "sample1": {"f_0": 0.47587287425994873, "f_1": 0.36517032980918884, "f_2": 0.2708737254142761, "f_3": 0.2084980607032776, "f_4": 0.10659080743789673, "f_5": 0.09757153689861298, "f_6": 0.15411528944969177, "f_7": 0.1973390281200409, "f_8": 0.2523863911628723, "f_9": 0.3534659445285797}, "sample2": {"f_0": 0.49756374955177307, "f_1": 0.40273964405059814, "f_2": 0.20147773623466492, "f_3": 0.11460545659065247, "f_4": 0.29724374413490295, "f_5": 0.09616914391517639, "f_6": 0.35541561245918274, "f_7": 0.24834764003753662, "f_8": 0.1557537168264389, "f_9": 0.09356395900249481}, "sample3": {"f_0": 0.49008601903915405, "f_1": 0.16172102093696594, "f_2": 0.19258975982666016, "f_3": 0.1703297644853592, "f_4": 0.5588170886039734, "f_5": 0.4448184370994568, "f_6": 0.2635175585746765, "f_7": 0.2523139417171478, "f_8": 0.08788993209600449, "f_9": 0.19730894267559052}, "sample4": {"f_0": 0.4728989005088806, "f_1": 0.17868256568908691, "f_2": 0.10504100471735, "f_3": 0.19350872933864594, "f_4": 0.3935338854789734, "f_5": 0.5680227875709534, "f_6": 0.5261836051940918, "f_7": 0.24068152904510498, "f_8": 0.1262011080980301, "f_9": 0.17286746203899384}, "sample5": {"f_0": 0.47413715720176697, "f_1": 0.36150112748146057, "f_2": 0.2017267644405365, "f_3": 0.3622661828994751, "f_4": 0.14363519847393036, "f_5": 0.10445196181535721, "f_6": 0.1938292384147644, "f_7": 0.25154632329940796, "f_8": 0.4306609034538269, "f_9": 0.22296136617660522}, "sample6": {"f_0": 0.46566230058670044, "f_1": 0.30515459179878235, "f_2": 0.29395395517349243, "f_3": 0.16532979905605316, "f_4": 0.1622743308544159, "f_5": 0.25748491287231445, "f_6": 0.10391636937856674, "f_7": 0.12325669080018997, "f_8": 0.1066279485821724, "f_9": 0.05767359212040901}, "sample7": {"f_0": 0.4709051549434662, "f_1": 0.5893236994743347, "f_2": 0.2492268830537796, "f_3": 0.3169569969177246, "f_4": 0.33900609612464905, "f_5": 0.19762572646141052, "f_6": 0.19731751084327698, "f_7": 0.1352902501821518, "f_8": 0.19439664483070374, "f_9": 0.48152127861976624}, "sample8": {"f_0": 0.4913277328014374, "f_1": 0.5025669932365417, "f_2": 0.23161809146404266, "f_3": 0.10627347975969315, "f_4": 0.35264691710472107, "f_5": 0.34805017709732056, "f_6": 0.2867034375667572, "f_7": 0.2692578136920929, "f_8": 0.2139163762331009, "f_9": 0.173821821808815}, "sample9": {"f_0": 0.4796079993247986, "f_1": 0.2529147267341614, "f_2": 0.18875283002853394, "f_3": 0.1617056131362915, "f_4": 0.13820935785770416, "f_5": 0.12327317148447037, "f_6": 0.1276819109916687, "f_7": 0.27769842743873596, "f_8": 0.3239709734916687, "f_9": 0.18387433886528015}, "sample10": {"f_0": 0.4713818430900574, "f_1": 0.3953683376312256, "f_2": 0.2667364180088043, "f_3": 0.334795743227005, "f_4": 0.3884054124355316, "f_5": 0.2533918023109436, "f_6": 0.26145297288894653, "f_7": 0.34384194016456604, "f_8": 0.24081604182720184, "f_9": 0.2295212298631668}, "sample11": {"f_0": 0.45796361565589905, "f_1": 0.363574743270874, "f_2": 0.18910284340381622, "f_3": 0.2054358571767807, "f_4": 0.3081939220428467, "f_5": 0.4436766803264618, "f_6": 0.15019498765468597, "f_7": 0.21810631453990936, "f_8": 0.20310081541538239, "f_9": 0.20423941314220428}, "sample12": {"f_0": 0.46989166736602783, "f_1": 0.24229146540164948, "f_2": 0.17398342490196228, "f_3": 0.13044466078281403, "f_4": 0.12462591379880905, "f_5": 0.16468842327594757, "f_6": 0.35002321004867554, "f_7": 0.4439147114753723, "f_8": 0.4653657078742981, "f_9": 0.4451052248477936}, "sample13": {"f_0": 0.4816100299358368, "f_1": 0.45671287178993225, "f_2": 0.2602197229862213, "f_3": 0.2883656919002533, "f_4": 0.11169140785932541, "f_5": 0.12870489060878754, "f_6": 0.24887892603874207, "f_7": 0.15868055820465088, "f_8": 0.2721746563911438, "f_9": 0.28615543246269226}, "sample14": {"f_0": 0.467661589384079, "f_1": 0.21174831688404083, "f_2": 0.06354881823062897, "f_3": 0.10014278441667557, "f_4": 0.22766011953353882, "f_5": 0.3014765679836273, "f_6": 0.21557451784610748, "f_7": 0.15744927525520325, "f_8": 0.11492721736431122, "f_9": 0.1430298388004303}, "sample15": {"f_0": 0.4838668406009674, "f_1": 0.11658800393342972, "f_2": 0.11231869459152222, "f_3": 0.21459446847438812, "f_4": 0.11486012488603592, "f_5": 0.07871124893426895, "f_6": 0.2804570496082306, "f_7": 0.3222123682498932, "f_8": 0.23722028732299805, "f_9": 0.22908759117126465}, "sample16": {"f_0": 0.46940362453460693, "f_1": 0.39271023869514465, "f_2": 0.20141209661960602, "f_3": 0.41249769926071167, "f_4": 0.19893573224544525, "f_5": 0.09671549499034882, "f_6": 0.24252918362617493, "f_7": 0.07288725674152374, "f_8": 0.12971730530261993, "f_9": 0.1539292186498642}, "sample17": {"f_0": 0.4706624448299408, "f_1": 0.5958532094955444, "f_2": 0.6310404539108276, "f_3": 0.6597301363945007, "f_4": 0.6303724646568298, "f_5": 0.5623448491096497, "f_6": 0.3980541229248047, "f_7": 0.28652864694595337, "f_8": 0.20397518575191498, "f_9": 0.09215942025184631}, "sample18": {"f_0": 0.4938291311264038, "f_1": 0.4243434965610504, "f_2": 0.26852133870124817, "f_3": 0.20432451367378235, "f_4": 0.29308372735977173, "f_5": 0.43558937311172485, "f_6": 0.4988761842250824, "f_7": 0.4165191054344177, "f_8": 0.3557422161102295, "f_9": 0.44527336955070496}, "sample19": {"f_0": 0.4918413758277893, "f_1": 0.25023630261421204, "f_2": 0.10287269949913025, "f_3": 0.060761794447898865, "f_4": 0.08437701314687729, "f_5": 0.2200392782688141, "f_6": 0.3779265582561493, "f_7": 0.43288636207580566, "f_8": 0.38292255997657776, "f_9": 0.316453754901886}, "sample20": {"f_0": 0.46366649866104126, "f_1": 0.5596261024475098, "f_2": 0.27980974316596985, "f_3": 0.12202548235654831, "f_4": 0.3518863022327423, "f_5": 0.5608962178230286, "f_6": 0.3947317898273468, "f_7": 0.15263338387012482, "f_8": 0.09869035333395004, "f_9": 0.19897966086864471}, "sample21": {"f_0": 0.47417348623275757, "f_1": 0.3204047679901123, "f_2": 0.24139435589313507, "f_3": 0.46182557940483093, "f_4": 0.10206284373998642, "f_5": 0.1508132666349411, "f_6": 0.1559838354587555, "f_7": 0.2773312032222748, "f_8": 0.49591758847236633, "f_9": 0.16047446429729462}, "sample22": {"f_0": 0.4786475896835327, "f_1": 0.47997885942459106, "f_2": 0.4960567355155945, "f_3": 0.5185410976409912, "f_4": 0.6001182198524475, "f_5": 0.5691607594490051, "f_6": 0.5968189835548401, "f_7": 0.5247230529785156, "f_8": 0.5527246594429016, "f_9": 0.6007416844367981}, "sample23": {"f_0": 0.49008968472480774, "f_1": 0.5695657730102539, "f_2": 0.20623865723609924, "f_3": 0.11036695539951324, "f_4": 0.4054173529148102, "f_5": 0.5063735246658325, "f_6": 0.28395432233810425, "f_7": 0.19263099133968353, "f_8": 0.375855952501297, "f_9": 0.4025421142578125}, "sample24": {"f_0": 0.47287023067474365, "f_1": 0.4133710265159607, "f_2": 0.29643893241882324, "f_3": 0.2093132585287094, "f_4": 0.2080082893371582, "f_5": 0.2166566103696823, "f_6": 0.2396615445613861, "f_7": 0.28329047560691833, "f_8": 0.32539236545562744, "f_9": 0.2457956075668335}, "sample25": {"f_0": 0.48785072565078735, "f_1": 0.5062053203582764, "f_2": 0.38317546248435974, "f_3": 0.2037205547094345, "f_4": 0.20700639486312866, "f_5": 0.5687294006347656, "f_6": 0.3008618652820587, "f_7": 0.318719744682312, "f_8": 0.06472014635801315, "f_9": 0.2957431375980377}, "sample26": {"f_0": 0.4863603115081787, "f_1": 0.3072704076766968, "f_2": 0.3131375312805176, "f_3": 0.21121224761009216, "f_4": 0.15943479537963867, "f_5": 0.3063684403896332, "f_6": 0.1306670755147934, "f_7": 0.13156788051128387, "f_8": 0.1427716463804245, "f_9": 0.09554289281368256}, "sample27": {"f_0": 0.4778640866279602, "f_1": 0.35020723938941956, "f_2": 0.20989006757736206, "f_3": 0.20158210396766663, "f_4": 0.22216762602329254, "f_5": 0.4143619239330292,