{"sample0": {"f_0": 0.5048828125, "f_1": 0.36328125, "f_2": 0.41015625, "f_3": 0.5390625, "f_4": 0.3203125, "f_5": 0.2236328125, "f_6": 0.5126953125, "f_7": 0.3427734375, "f_8": 0.1923828125, "f_9": 0.1123046875}, "sample1": {"f_0": 0.5283203125, "f_1": 0.349609375, "f_2": 0.2421875, "f_3": 0.2109375, "f_4": 0.13671875, "f_5": 0.10546875, "f_6": 0.14453125, "f_7": 0.2294921875, "f_8": 0.26953125, "f_9": 0.3662109375}, "sample2": {"f_0": 0.5146484375, "f_1": 0.4736328125, "f_2": 0.208984375, "f_3": 0.1181640625, "f_4": 0.333984375, "f_5": 0.0830078125, "f_6": 0.3955078125, "f_7": 0.2998046875, "f_8": 0.1845703125, "f_9": 0.0634765625}, "sample3": {"f_0": 0.453125, "f_1": 0.158203125, "f_2": 0.234375, "f_3": 0.173828125, "f_4": 0.6015625, "f_5": 0.4638671875, "f_6": 0.2861328125, "f_7": 0.291015625, "f_8": 0.0966796875, "f_9": 0.2216796875}, "sample4": {"f_0": 0.5009765625, "f_1": 0.1669921875, "f_2": 0.0751953125, "f_3": 0.203125, "f_4": 0.4462890625, "f_5": 0.609375, "f_6": 0.5771484375, "f_7": 0.2470703125, "f_8": 0.103515625, "f_9": 0.13671875}, "sample5": {"f_0": 0.5185546875, "f_1": 0.3955078125, "f_2": 0.2373046875, "f_3": 0.4248046875, "f_4": 0.1494140625, "f_5": 0.10546875, "f_6": 0.2314453125, "f_7": 0.2138671875, "f_8": 0.5302734375, "f_9": 0.2978515625}, "sample6": {"f_0": 0.498046875, "f_1": 0.2890625, "f_2": 0.2919921875, "f_3": 0.166015625, "f_4": 0.1689453125, "f_5": 0.291015625, "f_6": 0.1142578125, "f_7": 0.1484375, "f_8": 0.12109375, "f_9": 0.0390625}, "sample7": {"f_0": 0.5126953125, "f_1": 0.6533203125, "f_2": 0.298828125, "f_3": 0.3056640625, "f_4": 0.3935546875, "f_5": 0.2177734375, "f_6": 0.2236328125, "f_7": 0.1513671875, "f_8": 0.1328125, "f_9": 0.451171875}, "sample8": {"f_0": 0.478515625, "f_1": 0.5517578125, "f_2": 0.26171875, "f_3": 0.126953125, "f_4": 0.3427734375, "f_5": 0.37890625, "f_6": 0.267578125, "f_7": 0.29296875, "f_8": 0.189453125, "f_9": 0.2109375}, "sample9": {"f_0": 0.486328125, "f_1": 0.3056640625, "f_2": 0.16015625, "f_3": 0.1669921875, "f_4": 0.1416015625, "f_5": 0.146484375, "f_6": 0.1376953125, "f_7": 0.27734375, "f_8": 0.3544921875, "f_9": 0.2109375}, "sample10": {"f_0": 0.5029296875, "f_1": 0.4560546875, "f_2": 0.26953125, "f_3": 0.3837890625, "f_4": 0.443359375, "f_5": 0.267578125, "f_6": 0.29296875, "f_7": 0.421875, "f_8": 0.25, "f_9": 0.2255859375}, "sample11": {"f_0": 0.5166015625, "f_1": 0.4208984375, "f_2": 0.216796875, "f_3": 0.203125, "f_4": 0.3076171875, "f_5": 0.5439453125, "f_6": 0.201171875, "f_7": 0.240234375, "f_8": 0.2041015625, "f_9": 0.244140625}, "sample12": {"f_0": 0.5087890625, "f_1": 0.2509765625, "f_2": 0.1572265625, "f_3": 0.1259765625, "f_4": 0.1142578125, "f_5": 0.1845703125, "f_6": 0.3798828125, "f_7": 0.541015625, "f_8": 0.5390625, "f_9": 0.5341796875}, "sample13": {"f_0": 0.4765625, "f_1": 0.5263671875, "f_2": 0.30859375, "f_3": 0.33203125, "f_4": 0.1123046875, "f_5": 0.1025390625, "f_6": 0.27734375, "f_7": 0.1630859375, "f_8": 0.2900390625, "f_9": 0.3369140625}, "sample14": {"f_0": 0.4912109375, "f_1": 0.220703125, "f_2": 0.0712890625, "f_3": 0.1259765625, "f_4": 0.26953125, "f_5": 0.35546875, "f_6": 0.2919921875, "f_7": 0.18359375, "f_8": 0.154296875, "f_9": 0.1640625}, "sample15": {"f_0": 0.498046875, "f_1": 0.142578125, "f_2": 0.107421875, "f_3": 0.1982421875, "f_4": 0.1201171875, "f_5": 0.052734375, "f_6": 0.2734375, "f_7": 0.40625, "f_8": 0.314453125, "f_9": 0.25390625}, "sample16": {"f_0": 0.48828125, "f_1": 0.4541015625, "f_2": 0.169921875, "f_3": 0.51171875, "f_4": 0.212890625, "f_5": 0.1015625, "f_6": 0.2734375, "f_7": 0.056640625, "f_8": 0.162109375, "f_9": 0.181640625}, "sample17": {"f_0": 0.48828125, "f_1": 0.630859375, "f_2": 0.67578125, "f_3": 0.697265625, "f_4": 0.693359375, "f_5": 0.6591796875, "f_6": 0.498046875, "f_7": 0.345703125, "f_8": 0.224609375, "f_9": 0.1494140625}, "sample18": {"f_0": 0.486328125, "f_1": 0.4619140625, "f_2": 0.2822265625, "f_3": 0.2109375, "f_4": 0.287109375, "f_5": 0.48046875, "f_6": 0.5625, "f_7": 0.435546875, "f_8": 0.3896484375, "f_9": 0.4873046875}, "sample19": {"f_0": 0.4912109375, "f_1": 0.2294921875, "f_2": 0.1015625, "f_3": 0.05078125, "f_4": 0.0576171875, "f_5": 0.203125, "f_6": 0.4052734375, "f_7": 0.4677734375, "f_8": 0.482421875, "f_9": 0.4501953125}, "sample20": {"f_0": 0.4921875, "f_1": 0.6318359375, "f_2": 0.2841796875, "f_3": 0.1328125, "f_4": 0.36328125, "f_5": 0.607421875, "f_6": 0.42578125, "f_7": 0.1708984375, "f_8": 0.115234375, "f_9": 0.2490234375}, "sample21": {"f_0": 0.501953125, "f_1": 0.3525390625, "f_2": 0.2880859375, "f_3": 0.5419921875, "f_4": 0.10546875, "f_5": 0.1650390625, "f_6": 0.17578125, "f_7": 0.3212890625, "f_8": 0.6259765625, "f_9": 0.2255859375}, "sample22": {"f_0": 0.486328125, "f_1": 0.5380859375, "f_2": 0.5361328125, "f_3": 0.5869140625, "f_4": 0.578125, "f_5": 0.62890625, "f_6": 0.623046875, "f_7": 0.6494140625, "f_8": 0.66015625, "f_9": 0.603515625}, "sample23": {"f_0": 0.517578125, "f_1": 0.5849609375, "f_2": 0.23828125, "f_3": 0.087890625, "f_4": 0.3955078125, "f_5": 0.5654296875, "f_6": 0.3935546875, "f_7": 0.2294921875, "f_8": 0.4013671875, "f_9": 0.4619140625}, "sample24": {"f_0": 0.484375, "f_1": 0.4453125, "f_2": 0.3349609375, "f_3": 0.2255859375, "f_4": 0.2080078125, "f_5": 0.220703125, "f_6": 0.2666015625, "f_7": 0.3427734375, "f_8": 0.3662109375, "f_9": 0.27734375}, "sample25": {"f_0": 0.4951171875, "f_1": 0.5849609375, "f_2": 0.4375, "f_3": 0.216796875, "f_4": 0.158203125, "f_5": 0.6669921875, "f_6": 0.3330078125, "f_7": 0.3798828125, "f_8": 0.0703125, "f_9": 0.2880859375}, "sample26": {"f_0": 0.4892578125, "f_1": 0.328125, "f_2": 0.3330078125, "f_3": 0.2099609375, "f_4": 0.185546875, "f_5": 0.302734375, "f_6": 0.1552734375, "f_7": 0.1357421875, "f_8": 0.150390625, "f_9": 0.06640625}, "sample27": {"f_0": 0.5107421875, "f_1": 0.3955078125, "f_2": 0.248046875, "f_3": 0.1953125, "f_4": 0.2509765625, "f_5": 0.4287109375, "f_6": 0.58203125, "f_7": 0.42578125, "f_8": 0.2119140625, "f_9": 0.158203125}, "sample28": {"f_0": 0.4931640625, "f_1": 0.5380859375, "f_2": 0.2412109375, "f_3": 0.1826171875, "f_4": 0.4951171875, "f_5": 0.6044921875, "f_6": 0.314453125, "f_7": 0.1650390625, "f_8": 0.21875, "f_9": 0.6044921875}, "sample29": {"f_0": 0.4814453125, "f_1": 0.5517578125, "f_2": 0.302734375, "f_3": 0.20703125, "f_4": 0.3466796875, "f_5": 0.3173828125, "f_6": 0.146484375, "f_7": 0.0771484375, "f_8": 0.1044921875, "f_9": 0.1162109375}, "sample30": {"f_0": 0.4814453125, "f_1": 0.349609375, "f_2": 0.427734375, "f_3": 0.46875, "f_4": 0.1796875, "f_5": 0.23046875, "f_6": 0.6591796875, "f_7": 0.4912109375, "f_8": 0.2880859375, "f_9": 0.4228515625}, "sample31": {"f_0": 0.5009765625, "f_1": 0.134765625, "f_2": 0.109375, "f_3": 0.265625, "f_4": 0.2783203125, "f_5": 0.2861328125, "f_6": 0.3369140625, "f_7": 0.349609375, "f_8": 0.2041015625, "f_9": 0.1669921875}, "sample32": {"f_0": 0.4990234375, "f_1": 0.52734375, "f_2": 0.12890625, "f_3": 0.0341796875, "f_4": 0.2470703125, "f_5": 0.3720703125, "f_6": 0.283203125, "f_7": 0.2529296875, "f_8": 0.28515625, "f_9": 0.2060546875}, "sample33": {"f_0": 0.4912109375, "f_1": 0.580078125, "f_2": 0.6201171875, "f_3": 0.6953125, "f_4": 0.6787109375, "f_5": 0.6591796875, "f_6": 0.6220703125, "f_7": 0.5390625, "f_8": 0.439453125, "f_9": 0.369140625}, "sample34": {"f_0": 0.4892578125, "f_1": 0.544921875, "f_2": 0.384765625, "f_3": 0.2373046875, "f_4": 0.16015625, "f_5": 0.5263671875, "f_6": 0.3740234375, "f_7": 0.322265625, "f_8": 0.0703125, "f_9": 0.212890625}, "sample35": {"f_0": 0.466796875, "f_1": 0.2890625, "f_2": 0.134765625, "f_3": 0.04296875, "f_4": 0.072265625, "f_5": 0.138671875, "f_6": 0.220703125, "f_7": 0.3212890625, "f_8": 0.34765625, "f_9": 0.3046875}, "sample36": {"f_0": 0.4912109375, "f_1": 0.4794921875, "f_2": 0.1689453125, "f_3": 0.2919921875, "f_4": 0.5322265625, "f_5": 0.615234375, "f_6": 0.1630859375, "f_7": 0.1875, "f_8": 0.1884765625, "f_9": 0.6123046875}, "sample37": {"f_0": 0.5029296875, "f_1": 0.38671875, "f_2": 0.33984375,