{"sample0": {"f_0": 0.478515625, "f_1": 0.3857421875, "f_2": 0.439453125, "f_3": 0.560546875, "f_4": 0.3603515625, "f_5": 0.216796875, "f_6": 0.607421875, "f_7": 0.4326171875, "f_8": 0.173828125, "f_9": 0.0908203125}, "sample1": {"f_0": 0.50390625, "f_1": 0.3642578125, "f_2": 0.255859375, "f_3": 0.2470703125, "f_4": 0.13671875, "f_5": 0.091796875, "f_6": 0.18359375, "f_7": 0.240234375, "f_8": 0.294921875, "f_9": 0.4140625}, "sample2": {"f_0": 0.5126953125, "f_1": 0.51953125, "f_2": 0.2490234375, "f_3": 0.1005859375, "f_4": 0.3662109375, "f_5": 0.10546875, "f_6": 0.431640625, "f_7": 0.34375, "f_8": 0.1708984375, "f_9": 0.0615234375}, "sample3": {"f_0": 0.5107421875, "f_1": 0.173828125, "f_2": 0.234375, "f_3": 0.15234375, "f_4": 0.6396484375, "f_5": 0.5234375, "f_6": 0.310546875, "f_7": 0.30859375, "f_8": 0.0693359375, "f_9": 0.263671875}, "sample4": {"f_0": 0.51171875, "f_1": 0.169921875, "f_2": 0.06640625, "f_3": 0.2275390625, "f_4": 0.517578125, "f_5": 0.650390625, "f_6": 0.662109375, "f_7": 0.2705078125, "f_8": 0.0888671875, "f_9": 0.1630859375}, "sample5": {"f_0": 0.533203125, "f_1": 0.400390625, "f_2": 0.2265625, "f_3": 0.4912109375, "f_4": 0.15234375, "f_5": 0.0947265625, "f_6": 0.2509765625, "f_7": 0.2724609375, "f_8": 0.6396484375, "f_9": 0.31640625}, "sample6": {"f_0": 0.4873046875, "f_1": 0.3447265625, "f_2": 0.2978515625, "f_3": 0.1767578125, "f_4": 0.166015625, "f_5": 0.328125, "f_6": 0.125, "f_7": 0.1513671875, "f_8": 0.119140625, "f_9": 0.0205078125}, "sample7": {"f_0": 0.5029296875, "f_1": 0.693359375, "f_2": 0.298828125, "f_3": 0.318359375, "f_4": 0.443359375, "f_5": 0.2412109375, "f_6": 0.2333984375, "f_7": 0.1220703125, "f_8": 0.11328125, "f_9": 0.5703125}, "sample8": {"f_0": 0.51171875, "f_1": 0.552734375, "f_2": 0.2607421875, "f_3": 0.1181640625, "f_4": 0.349609375, "f_5": 0.4404296875, "f_6": 0.318359375, "f_7": 0.341796875, "f_8": 0.236328125, "f_9": 0.1923828125}, "sample9": {"f_0": 0.48828125, "f_1": 0.2861328125, "f_2": 0.2060546875, "f_3": 0.1650390625, "f_4": 0.1591796875, "f_5": 0.1484375, "f_6": 0.134765625, "f_7": 0.3212890625, "f_8": 0.439453125, "f_9": 0.234375}, "sample10": {"f_0": 0.498046875, "f_1": 0.4404296875, "f_2": 0.259765625, "f_3": 0.3916015625, "f_4": 0.478515625, "f_5": 0.3056640625, "f_6": 0.345703125, "f_7": 0.482421875, "f_8": 0.26953125, "f_9": 0.26953125}, "sample11": {"f_0": 0.50390625, "f_1": 0.419921875, "f_2": 0.2158203125, "f_3": 0.224609375, "f_4": 0.3671875, "f_5": 0.552734375, "f_6": 0.1953125, "f_7": 0.283203125, "f_8": 0.2353515625, "f_9": 0.3095703125}, "sample12": {"f_0": 0.5234375, "f_1": 0.263671875, "f_2": 0.1650390625, "f_3": 0.1494140625, "f_4": 0.1025390625, "f_5": 0.1669921875, "f_6": 0.4169921875, "f_7": 0.59765625, "f_8": 0.6162109375, "f_9": 0.6396484375}, "sample13": {"f_0": 0.4951171875, "f_1": 0.5439453125, "f_2": 0.333984375, "f_3": 0.3408203125, "f_4": 0.095703125, "f_5": 0.08984375, "f_6": 0.3056640625, "f_7": 0.1689453125, "f_8": 0.3447265625, "f_9": 0.3603515625}, "sample14": {"f_0": 0.501953125, "f_1": 0.2060546875, "f_2": 0.05859375, "f_3": 0.12109375, "f_4": 0.267578125, "f_5": 0.3720703125, "f_6": 0.32421875, "f_7": 0.2060546875, "f_8": 0.1337890625, "f_9": 0.1611328125}, "sample15": {"f_0": 0.4951171875, "f_1": 0.138671875, "f_2": 0.125, "f_3": 0.26953125, "f_4": 0.1162109375, "f_5": 0.0419921875, "f_6": 0.2763671875, "f_7": 0.4560546875, "f_8": 0.3427734375, "f_9": 0.3173828125}, "sample16": {"f_0": 0.51171875, "f_1": 0.482421875, "f_2": 0.1787109375, "f_3": 0.5283203125, "f_4": 0.251953125, "f_5": 0.0869140625, "f_6": 0.283203125, "f_7": 0.0400390625, "f_8": 0.1689453125, "f_9": 0.1875}, "sample17": {"f_0": 0.5126953125, "f_1": 0.6484375, "f_2": 0.720703125, "f_3": 0.75, "f_4": 0.7900390625, "f_5": 0.71484375, "f_6": 0.5830078125, "f_7": 0.40625, "f_8": 0.244140625, "f_9": 0.1376953125}, "sample18": {"f_0": 0.5146484375, "f_1": 0.4873046875, "f_2": 0.283203125, "f_3": 0.193359375, "f_4": 0.322265625, "f_5": 0.54296875, "f_6": 0.623046875, "f_7": 0.525390625, "f_8": 0.466796875, "f_9": 0.5908203125}, "sample19": {"f_0": 0.5068359375, "f_1": 0.236328125, "f_2": 0.08984375, "f_3": 0.0380859375, "f_4": 0.0693359375, "f_5": 0.220703125, "f_6": 0.4384765625, "f_7": 0.5556640625, "f_8": 0.529296875, "f_9": 0.521484375}, "sample20": {"f_0": 0.498046875, "f_1": 0.6640625, "f_2": 0.31640625, "f_3": 0.1201171875, "f_4": 0.4091796875, "f_5": 0.669921875, "f_6": 0.5380859375, "f_7": 0.2001953125, "f_8": 0.125, "f_9": 0.2646484375}, "sample21": {"f_0": 0.4921875, "f_1": 0.3818359375, "f_2": 0.2958984375, "f_3": 0.541015625, "f_4": 0.1142578125, "f_5": 0.1650390625, "f_6": 0.2138671875, "f_7": 0.400390625, "f_8": 0.685546875, "f_9": 0.228515625}, "sample22": {"f_0": 0.509765625, "f_1": 0.5498046875, "f_2": 0.5654296875, "f_3": 0.626953125, "f_4": 0.6611328125, "f_5": 0.6806640625, "f_6": 0.681640625, "f_7": 0.734375, "f_8": 0.7392578125, "f_9": 0.736328125}, "sample23": {"f_0": 0.515625, "f_1": 0.64453125, "f_2": 0.2236328125, "f_3": 0.0751953125, "f_4": 0.4248046875, "f_5": 0.650390625, "f_6": 0.4306640625, "f_7": 0.220703125, "f_8": 0.46484375, "f_9": 0.556640625}, "sample24": {"f_0": 0.4951171875, "f_1": 0.4599609375, "f_2": 0.310546875, "f_3": 0.2294921875, "f_4": 0.1875, "f_5": 0.1865234375, "f_6": 0.29296875, "f_7": 0.3388671875, "f_8": 0.3818359375, "f_9": 0.361328125}, "sample25": {"f_0": 0.5078125, "f_1": 0.58203125, "f_2": 0.451171875, "f_3": 0.228515625, "f_4": 0.1806640625, "f_5": 0.7197265625, "f_6": 0.373046875, "f_7": 0.412109375, "f_8": 0.048828125, "f_9": 0.322265625}, "sample26": {"f_0": 0.5078125, "f_1": 0.322265625, "f_2": 0.3447265625, "f_3": 0.1962890625, "f_4": 0.19140625, "f_5": 0.3662109375, "f_6": 0.142578125, "f_7": 0.138671875, "f_8": 0.1875, "f_9": 0.0439453125}, "sample27": {"f_0": 0.5126953125, "f_1": 0.427734375, "f_2": 0.23046875, "f_3": 0.1982421875, "f_4": 0.2705078125, "f_5": 0.455078125, "f_6": 0.6806640625, "f_7": 0.462890625, "f_8": 0.21484375, "f_9": 0.1435546875}, "sample28": {"f_0": 0.498046875, "f_1": 0.5771484375, "f_2": 0.248046875, "f_3": 0.1904296875, "f_4": 0.544921875, "f_5": 0.650390625, "f_6": 0.3193359375, "f_7": 0.1611328125, "f_8": 0.220703125, "f_9": 0.69921875}, "sample29": {"f_0": 0.4775390625, "f_1": 0.5771484375, "f_2": 0.3134765625, "f_3": 0.205078125, "f_4": 0.33984375, "f_5": 0.353515625, "f_6": 0.177734375, "f_7": 0.056640625, "f_8": 0.111328125, "f_9": 0.1181640625}, "sample30": {"f_0": 0.4755859375, "f_1": 0.4052734375, "f_2": 0.4580078125, "f_3": 0.4892578125, "f_4": 0.1943359375, "f_5": 0.2236328125, "f_6": 0.751953125, "f_7": 0.5654296875, "f_8": 0.2978515625, "f_9": 0.501953125}, "sample31": {"f_0": 0.498046875, "f_1": 0.1220703125, "f_2": 0.0869140625, "f_3": 0.28125, "f_4": 0.3388671875, "f_5": 0.2724609375, "f_6": 0.35546875, "f_7": 0.4189453125, "f_8": 0.23828125, "f_9": 0.1845703125}, "sample32": {"f_0": 0.53125, "f_1": 0.515625, "f_2": 0.1494140625, "f_3": 0.0302734375, "f_4": 0.2314453125, "f_5": 0.421875, "f_6": 0.3193359375, "f_7": 0.2548828125, "f_8": 0.3173828125, "f_9": 0.240234375}, "sample33": {"f_0": 0.5009765625, "f_1": 0.57421875, "f_2": 0.6767578125, "f_3": 0.7373046875, "f_4": 0.7705078125, "f_5": 0.7119140625, "f_6": 0.740234375, "f_7": 0.5869140625, "f_8": 0.4912109375, "f_9": 0.427734375}, "sample34": {"f_0": 0.5087890625, "f_1": 0.6064453125, "f_2": 0.4228515625, "f_3": 0.2138671875, "f_4": 0.189453125, "f_5": 0.6201171875, "f_6": 0.443359375, "f_7": 0.3564453125, "f_8": 0.0478515625, "f_9": 0.248046875}, "sample35": {"f_0": 0.5419921875, "f_1": 0.3037109375, "f_2": 0.1044921875, "f_3": 0.03125, "f_4": 0.0556640625, "f_5": 0.138671875, "f_6": 0.248046875, "f_7": 0.318359375, "f_8": 0.376953125, "f_9": 0.38671875}, "sample36": {"f_0": 0.4765625, "f_1": 0.4912109375, "f_2": 0.1708984375, "f_3": 0.2724609375, "f_4": 0.6123046875, "f_5": 0.66796875, "f_6": 0.1796875, "f_7": 0.20703125, "f_8": 0.2041015625, "f_9": 0.7041015625}, "sample37": {"f_0": 0.5009765625, "f_1": 0.416015625,