{"sample0": {"f_0": 0.48609524965286255, "f_1": 0.2272007167339325, "f_2": 0.10859734565019608, "f_3": 0.09481916576623917, "f_4": 0.2519516944885254, "f_5": 0.2711069881916046, "f_6": 0.12692472338676453, "f_7": 0.13816434144973755, "f_8": 0.2597670257091522, "f_9": 0.4035142958164215}, "sample1": {"f_0": 0.48534756898880005, "f_1": 0.5025271773338318, "f_2": 0.4566091001033783, "f_3": 0.449836403131485, "f_4": 0.46597760915756226, "f_5": 0.40673694014549255, "f_6": 0.3031720221042633, "f_7": 0.2115662544965744, "f_8": 0.18376843631267548, "f_9": 0.1478840559720993}, "sample2": {"f_0": 0.47764572501182556, "f_1": 0.09438522905111313, "f_2": 0.2363940328359604, "f_3": 0.37199151515960693, "f_4": 0.19528716802597046, "f_5": 0.40027427673339844, "f_6": 0.22931300103664398, "f_7": 0.1542040854692459, "f_8": 0.2592421770095825, "f_9": 0.5515090227127075}, "sample3": {"f_0": 0.4793764352798462, "f_1": 0.41724270582199097, "f_2": 0.2961537539958954, "f_3": 0.3454981744289398, "f_4": 0.08628011494874954, "f_5": 0.16851846873760223, "f_6": 0.17667897045612335, "f_7": 0.2387983202934265, "f_8": 0.4279640316963196, "f_9": 0.2165711373090744}, "sample4": {"f_0": 0.47962379455566406, "f_1": 0.5378594994544983, "f_2": 0.4406331777572632, "f_3": 0.28129416704177856, "f_4": 0.10523657500743866, "f_5": 0.11922422051429749, "f_6": 0.26171401143074036, "f_7": 0.3565739095211029, "f_8": 0.37530452013015747, "f_9": 0.26331719756126404}, "sample5": {"f_0": 0.4811217784881592, "f_1": 0.15974482893943787, "f_2": 0.2548172175884247, "f_3": 0.10888203978538513, "f_4": 0.4186929762363434, "f_5": 0.4664860665798187, "f_6": 0.19078660011291504, "f_7": 0.26652079820632935, "f_8": 0.15718141198158264, "f_9": 0.1712205708026886}, "sample6": {"f_0": 0.45941027998924255, "f_1": 0.43354231119155884, "f_2": 0.30532941222190857, "f_3": 0.3676854074001312, "f_4": 0.2853974401950836, "f_5": 0.18864072859287262, "f_6": 0.34424129128456116, "f_7": 0.3052876591682434, "f_8": 0.38895073533058167, "f_9": 0.5406690239906311}, "sample7": {"f_0": 0.4838615655899048, "f_1": 0.08171432465314865, "f_2": 0.18871231377124786, "f_3": 0.18856218457221985, "f_4": 0.11786878854036331, "f_5": 0.2393886297941208, "f_6": 0.22137969732284546, "f_7": 0.33597034215927124, "f_8": 0.441670686006546, "f_9": 0.18253445625305176}, "sample8": {"f_0": 0.47711941599845886, "f_1": 0.07037003338336945, "f_2": 0.21972855925559998, "f_3": 0.4074459373950958, "f_4": 0.3501933813095093, "f_5": 0.13986587524414062, "f_6": 0.2281261831521988, "f_7": 0.19232238829135895, "f_8": 0.25815942883491516, "f_9": 0.2656249403953552}, "sample9": {"f_0": 0.4696456491947174, "f_1": 0.3881129026412964, "f_2": 0.3044920563697815, "f_3": 0.28925684094429016, "f_4": 0.39990121126174927, "f_5": 0.4947778284549713, "f_6": 0.3290743827819824, "f_7": 0.2415795773267746, "f_8": 0.18973694741725922, "f_9": 0.24235187470912933}, "sample10": {"f_0": 0.4751165211200714, "f_1": 0.25434863567352295, "f_2": 0.26472413539886475, "f_3": 0.1930118054151535, "f_4": 0.12880590558052063, "f_5": 0.2550237774848938, "f_6": 0.15961246192455292, "f_7": 0.11825589835643768, "f_8": 0.21594874560832977, "f_9": 0.20068220794200897}, "sample11": {"f_0": 0.4761408865451813, "f_1": 0.1571567952632904, "f_2": 0.35413944721221924, "f_3": 0.26899638772010803, "f_4": 0.22694247961044312, "f_5": 0.22366511821746826, "f_6": 0.30763086676597595, "f_7": 0.17393332719802856, "f_8": 0.30068108439445496, "f_9": 0.1749502271413803}, "sample12": {"f_0": 0.4733908772468567, "f_1": 0.5551913380622864, "f_2": 0.4321911334991455, "f_3": 0.3666149973869324, "f_4": 0.37426117062568665, "f_5": 0.28015047311782837, "f_6": 0.1377905309200287, "f_7": 0.08057534694671631, "f_8": 0.09380835294723511, "f_9": 0.08700355887413025}, "sample13": {"f_0": 0.4845922589302063, "f_1": 0.13817602396011353, "f_2": 0.1990164965391159, "f_3": 0.16507978737354279, "f_4": 0.4312114417552948, "f_5": 0.6374132037162781, "f_6": 0.26279768347740173, "f_7": 0.30911970138549805, "f_8": 0.1986042857170105, "f_9": 0.17375364899635315}, "sample14": {"f_0": 0.4601677656173706, "f_1": 0.6033284664154053, "f_2": 0.543862521648407, "f_3": 0.3540889322757721, "f_4": 0.19193331897258759, "f_5": 0.16442294418811798, "f_6": 0.2538001537322998, "f_7": 0.3211578130722046, "f_8": 0.3225899040699005, "f_9": 0.24223771691322327}, "sample15": {"f_0": 0.47387009859085083, "f_1": 0.5897757411003113, "f_2": 0.3581096827983856, "f_3": 0.26157239079475403, "f_4": 0.4622398018836975, "f_5": 0.4873703718185425, "f_6": 0.22003769874572754, "f_7": 0.10728904604911804, "f_8": 0.17892411351203918, "f_9": 0.18220442533493042}, "sample16": {"f_0": 0.46340399980545044, "f_1": 0.13255633413791656, "f_2": 0.3894627094268799, "f_3": 0.19367626309394836, "f_4": 0.27288877964019775, "f_5": 0.5198751091957092, "f_6": 0.19636128842830658, "f_7": 0.4976899325847626, "f_8": 0.37849855422973633, "f_9": 0.21949298679828644}, "sample17": {"f_0": 0.4771471321582794, "f_1": 0.26950863003730774, "f_2": 0.15094073116779327, "f_3": 0.08153477311134338, "f_4": 0.067295603454113, "f_5": 0.10158636420965195, "f_6": 0.19776611030101776, "f_7": 0.26149696111679077, "f_8": 0.3524079918861389, "f_9": 0.45531773567199707}, "sample18": {"f_0": 0.4871041178703308, "f_1": 0.3061208426952362, "f_2": 0.255808562040329, "f_3": 0.2787759304046631, "f_4": 0.19236625730991364, "f_5": 0.11396320164203644, "f_6": 0.06721869856119156, "f_7": 0.08688264340162277, "f_8": 0.11231229454278946, "f_9": 0.09860863536596298}, "sample19": {"f_0": 0.4766089916229248, "f_1": 0.5703312754631042, "f_2": 0.5745300054550171, "f_3": 0.5321741700172424, "f_4": 0.4796448349952698, "f_5": 0.3081856071949005, "f_6": 0.10714440792798996, "f_7": 0.06539037823677063, "f_8": 0.11854006350040436, "f_9": 0.19763684272766113}, "sample20": {"f_0": 0.4888383150100708, "f_1": 0.09123262763023376, "f_2": 0.19055841863155365, "f_3": 0.40252062678337097, "f_4": 0.26570501923561096, "f_5": 0.1468111127614975, "f_6": 0.11171509325504303, "f_7": 0.2516089975833893, "f_8": 0.34631380438804626, "f_9": 0.22739464044570923}, "sample21": {"f_0": 0.4835990369319916, "f_1": 0.1632576733827591, "f_2": 0.21679197251796722, "f_3": 0.07275602221488953, "f_4": 0.4368620216846466, "f_5": 0.4844355881214142, "f_6": 0.21884214878082275, "f_7": 0.34520962834358215, "f_8": 0.12270188331604004, "f_9": 0.22437922656536102}, "sample22": {"f_0": 0.4766291081905365, "f_1": 0.37600862979888916, "f_2": 0.3608715832233429, "f_3": 0.29985567927360535, "f_4": 0.24483315646648407, "f_5": 0.23946376144886017, "f_6": 0.1767369508743286, "f_7": 0.19638189673423767, "f_8": 0.17183522880077362, "f_9": 0.08976627141237259}, "sample23": {"f_0": 0.48360076546669006, "f_1": 0.09852812439203262, "f_2": 0.28145092725753784, "f_3": 0.4803270101547241, "f_4": 0.26592519879341125, "f_5": 0.06733640283346176, "f_6": 0.1654544621706009, "f_7": 0.26652637124061584, "f_8": 0.22645510733127594, "f_9": 0.10744190961122513}, "sample24": {"f_0": 0.48560062050819397, "f_1": 0.4117431044578552, "f_2": 0.36907145380973816, "f_3": 0.3245193660259247, "f_4": 0.3259066641330719, "f_5": 0.2935536503791809, "f_6": 0.19929255545139313, "f_7": 0.1460656374692917, "f_8": 0.13943292200565338, "f_9": 0.15337157249450684}, "sample25": {"f_0": 0.4721265137195587, "f_1": 0.07215403765439987, "f_2": 0.10884788632392883, "f_3": 0.2940407991409302, "f_4": 0.4804894030094147, "f_5": 0.09078936278820038, "f_6": 0.1521054208278656, "f_7": 0.19922496378421783, "f_8": 0.47917795181274414, "f_9": 0.2125702053308487}, "sample26": {"f_0": 0.4851361811161041, "f_1": 0.35069242119789124, "f_2": 0.26670876145362854, "f_3": 0.3638829290866852, "f_4": 0.2635509669780731, "f_5": 0.16785115003585815, "f_6": 0.4731685519218445, "f_7": 0.3601633608341217, "f_8": 0.33728015422821045, "f_9": 0.5138731002807617}, "sample27": {"f_0": 0.4746239483356476, "f_1": 0.32695332169532776, "f_2": 0.23720042407512665, "f_3": 0.2477470487356186, "f_4": 0.24402250349521637, "f_5": 0.2796878218650818,