{"sample0": {"f_0": 0.8962376713752747, "f_1": 0.4834318161010742, "f_2": 0.22368617355823517, "f_3": 0.39009109139442444, "f_4": 0.43804243206977844, "f_5": 0.263207346200943, "f_6": 0.15744666755199432, "f_7": 0.1836985945701599, "f_8": 0.2684348225593567, "f_9": 0.1657445728778839}, "sample1": {"f_0": 0.9064512252807617, "f_1": 0.7797195911407471, "f_2": 0.6688573360443115, "f_3": 0.5502639412879944, "f_4": 0.4374425411224365, "f_5": 0.266039103269577, "f_6": 0.18823610246181488, "f_7": 0.13722248375415802, "f_8": 0.1356223225593567, "f_9": 0.1262393742799759}, "sample2": {"f_0": 0.8952183723449707, "f_1": 0.2543007731437683, "f_2": 0.2825085520744324, "f_3": 0.31522074341773987, "f_4": 0.37924009561538696, "f_5": 0.31125131249427795, "f_6": 0.5495877265930176, "f_7": 0.20761193335056305, "f_8": 0.1562989354133606, "f_9": 0.5155633687973022}, "sample3": {"f_0": 0.9171348810195923, "f_1": 0.477538526058197, "f_2": 0.3618695139884949, "f_3": 0.1809898316860199, "f_4": 0.19972491264343262, "f_5": 0.5120574235916138, "f_6": 0.19521744549274445, "f_7": 0.40194809436798096, "f_8": 0.36690208315849304, "f_9": 0.2210204154253006}, "sample4": {"f_0": 0.9054090976715088, "f_1": 0.6289101839065552, "f_2": 0.26280808448791504, "f_3": 0.12931571900844574, "f_4": 0.2657546103000641, "f_5": 0.5106139183044434, "f_6": 0.6763104200363159, "f_7": 0.4671936631202698, "f_8": 0.2939709722995758, "f_9": 0.18069519102573395}, "sample5": {"f_0": 0.8909746408462524, "f_1": 0.3503621518611908, "f_2": 0.35066813230514526, "f_3": 0.28045743703842163, "f_4": 0.09472308307886124, "f_5": 0.3881145417690277, "f_6": 0.1691437065601349, "f_7": 0.44103455543518066, "f_8": 0.4842522442340851, "f_9": 0.25130870938301086}, "sample6": {"f_0": 0.8944820165634155, "f_1": 0.6499778032302856, "f_2": 0.5220699310302734, "f_3": 0.4279767870903015, "f_4": 0.1815812587738037, "f_5": 0.2717476189136505, "f_6": 0.25074735283851624, "f_7": 0.2077382504940033, "f_8": 0.3145129978656769, "f_9": 0.3337951898574829}, "sample7": {"f_0": 0.8902395963668823, "f_1": 0.4531930387020111, "f_2": 0.22206203639507294, "f_3": 0.36881834268569946, "f_4": 0.2404765486717224, "f_5": 0.19687141478061676, "f_6": 0.23025624454021454, "f_7": 0.222993403673172, "f_8": 0.5467804074287415, "f_9": 0.5697638988494873}, "sample8": {"f_0": 0.930862307548523, "f_1": 0.3001326620578766, "f_2": 0.27247050404548645, "f_3": 0.22012574970722198, "f_4": 0.6609594225883484, "f_5": 0.25471630692481995, "f_6": 0.3941914439201355, "f_7": 0.17007006704807281, "f_8": 0.3537307381629944, "f_9": 0.22784267365932465}, "sample9": {"f_0": 0.8957191705703735, "f_1": 0.5839203596115112, "f_2": 0.24322909116744995, "f_3": 0.19749639928340912, "f_4": 0.41327226161956787, "f_5": 0.494717538356781, "f_6": 0.2635602653026581, "f_7": 0.08899696171283722, "f_8": 0.08421282470226288, "f_9": 0.2088313102722168}, "sample10": {"f_0": 0.8977165818214417, "f_1": 0.5795730352401733, "f_2": 0.41257888078689575, "f_3": 0.41048574447631836, "f_4": 0.16291116178035736, "f_5": 0.11411944031715393, "f_6": 0.24110238254070282, "f_7": 0.1629599630832672, "f_8": 0.14401331543922424, "f_9": 0.2878725826740265}, "sample11": {"f_0": 0.8932210803031921, "f_1": 0.3629086911678314, "f_2": 0.1323024481534958, "f_3": 0.08932115137577057, "f_4": 0.41553425788879395, "f_5": 0.6140823364257812, "f_6": 0.3524416983127594, "f_7": 0.11807426065206528, "f_8": 0.0517350398004055, "f_9": 0.23349374532699585}, "sample12": {"f_0": 0.9046674966812134, "f_1": 0.736369252204895, "f_2": 0.5026693940162659, "f_3": 0.38288724422454834, "f_4": 0.32783350348472595, "f_5": 0.14540772140026093, "f_6": 0.11987826228141785, "f_7": 0.28167685866355896, "f_8": 0.37288859486579895, "f_9": 0.3482522964477539}, "sample13": {"f_0": 0.9006778597831726, "f_1": 0.4609721899032593, "f_2": 0.3642544746398926, "f_3": 0.3128797113895416, "f_4": 0.15967340767383575, "f_5": 0.5935422778129578, "f_6": 0.43853500485420227, "f_7": 0.3507917821407318, "f_8": 0.3583252727985382, "f_9": 0.09889021515846252}, "sample14": {"f_0": 0.8857399225234985, "f_1": 0.7100462317466736, "f_2": 0.39819133281707764, "f_3": 0.21494467556476593, "f_4": 0.19969405233860016, "f_5": 0.3226752281188965, "f_6": 0.41060706973075867, "f_7": 0.3454568088054657, "f_8": 0.2593787610530853, "f_9": 0.17586055397987366}, "sample15": {"f_0": 0.8899656534194946, "f_1": 0.5747746229171753, "f_2": 0.2719528377056122, "f_3": 0.36205756664276123, "f_4": 0.4184831380844116, "f_5": 0.21561339497566223, "f_6": 0.08809273689985275, "f_7": 0.23576566576957703, "f_8": 0.30114462971687317, "f_9": 0.19493363797664642}, "sample16": {"f_0": 0.8994470238685608, "f_1": 0.3584270775318146, "f_2": 0.47075995802879333, "f_3": 0.5069673657417297, "f_4": 0.1345251500606537, "f_5": 0.42365849018096924, "f_6": 0.2753669321537018, "f_7": 0.2721792459487915, "f_8": 0.43036937713623047, "f_9": 0.2253483533859253}, "sample17": {"f_0": 0.8894811272621155, "f_1": 0.784713625907898, "f_2": 0.6461501121520996, "f_3": 0.46908116340637207, "f_4": 0.35032734274864197, "f_5": 0.20974448323249817, "f_6": 0.10832760483026505, "f_7": 0.09061577171087265, "f_8": 0.1407794952392578, "f_9": 0.1806817501783371}, "sample18": {"f_0": 0.9041883945465088, "f_1": 0.6758055090904236, "f_2": 0.42862123250961304, "f_3": 0.35664647817611694, "f_4": 0.3705844283103943, "f_5": 0.36743515729904175, "f_6": 0.24540366232395172, "f_7": 0.2055269032716751, "f_8": 0.314896821975708, "f_9": 0.38011425733566284}, "sample19": {"f_0": 0.910651683807373, "f_1": 0.7318858504295349, "f_2": 0.48800039291381836, "f_3": 0.32438912987709045, "f_4": 0.18883353471755981, "f_5": 0.08028636127710342, "f_6": 0.12364473938941956, "f_7": 0.27190181612968445, "f_8": 0.38260138034820557, "f_9": 0.44506344199180603}, "sample20": {"f_0": 0.9024423956871033, "f_1": 0.46817633509635925, "f_2": 0.11130405962467194, "f_3": 0.22724109888076782, "f_4": 0.5265092253684998, "f_5": 0.5522512197494507, "f_6": 0.2540681064128876, "f_7": 0.1773024946451187, "f_8": 0.2230949103832245, "f_9": 0.1985713243484497}, "sample21": {"f_0": 0.9124231338500977, "f_1": 0.3609989881515503, "f_2": 0.3505437970161438, "f_3": 0.25282126665115356, "f_4": 0.1559995710849762, "f_5": 0.48369449377059937, "f_6": 0.15644921362400055, "f_7": 0.5334452986717224, "f_8": 0.5058631300926208, "f_9": 0.27887287735939026}, "sample22": {"f_0": 0.9051982760429382, "f_1": 0.845670759677887, "f_2": 0.804823100566864, "f_3": 0.8044617772102356, "f_4": 0.730680525302887, "f_5": 0.7305513024330139, "f_6": 0.6507092118263245, "f_7": 0.6082555055618286, "f_8": 0.5411645174026489, "f_9": 0.5021658539772034}, "sample23": {"f_0": 0.9009445905685425, "f_1": 0.4942087233066559, "f_2": 0.15936924517154694, "f_3": 0.4043053090572357, "f_4": 0.5768374800682068, "f_5": 0.40922850370407104, "f_6": 0.17007340490818024, "f_7": 0.32621002197265625, "f_8": 0.5091244578361511, "f_9": 0.33654677867889404}, "sample24": {"f_0": 0.8977022171020508, "f_1": 0.7688609957695007, "f_2": 0.6086844205856323, "f_3": 0.47285619378089905, "f_4": 0.41045111417770386, "f_5": 0.3667465150356293, "f_6": 0.32611536979675293, "f_7": 0.27938228845596313, "f_8": 0.2686743140220642, "f_9": 0.28911295533180237}, "sample25": {"f_0": 0.9017152786254883, "f_1": 0.3577115535736084, "f_2": 0.21471256017684937, "f_3": 0.14014014601707458, "f_4": 0.602748692035675, "f_5": 0.4662729799747467, "f_6": 0.22426973283290863, "f_7": 0.0924270823597908, "f_8": 0.27860119938850403, "f_9": 0.3969865143299103}, "sample26": {"f_0": 0.8999373316764832, "f_1": 0.5870578289031982, "f_2": 0.46817153692245483, "f_3": 0.4561519920825958, "f_4": 0.18904364109039307, "f_5": 0.32040196657180786, "f_6": 0.4728226661682129, "f_7": 0.36950770020484924, "f_8": 0.39508143067359924, "f_9": 0.42737364768981934}, "sample27": {"f_0": 0.9042006134986877, "f_1": 0.6248127222061157, "f_2": 0.31487560272216797, "f_3": 0.2519570291042328, "f_4": 0.34678056836128235, "f_5": 0.6381897926330566, "f_6": 0.733278751373291, "f_7": 0.5062122941017151,