{"sample0": {"f_0": 0, "f_1": 0.0751953125, "f_2": 0.2646484375, "f_3": 0.203125, "f_4": 0.06640625, "f_5": 0.193359375, "f_6": 0.6201171875, "f_7": 0.333984375, "f_8": 0.16015625, "f_9": 0.3994140625}, "sample1": {"f_0": 0, "f_1": 0.0146484375, "f_2": 0.03125, "f_3": 0.064453125, "f_4": 0.1171875, "f_5": 0.208984375, "f_6": 0.310546875, "f_7": 0.33203125, "f_8": 0.3916015625, "f_9": 0.4580078125}, "sample2": {"f_0": 0, "f_1": 0.3505859375, "f_2": 0.1982421875, "f_3": 0.19140625, "f_4": 0.0986328125, "f_5": 0.2138671875, "f_6": 0.025390625, "f_7": 0.291015625, "f_8": 0.3740234375, "f_9": 0.234375}, "sample3": {"f_0": 0, "f_1": 0.095703125, "f_2": 0.10546875, "f_3": 0.306640625, "f_4": 0.45703125, "f_5": 0.080078125, "f_6": 0.2841796875, "f_7": 0.0693359375, "f_8": 0.2314453125, "f_9": 0.2216796875}, "sample4": {"f_0": 0, "f_1": 0.072265625, "f_2": 0.3134765625, "f_3": 0.4326171875, "f_4": 0.2900390625, "f_5": 0.140625, "f_6": 0.0390625, "f_7": 0.0537109375, "f_8": 0.1943359375, "f_9": 0.326171875}, "sample5": {"f_0": 0, "f_1": 0.123046875, "f_2": 0.1298828125, "f_3": 0.2548828125, "f_4": 0.5712890625, "f_5": 0.1611328125, "f_6": 0.2490234375, "f_7": 0.060546875, "f_8": 0.1142578125, "f_9": 0.173828125}, "sample6": {"f_0": 0, "f_1": 0.0205078125, "f_2": 0.056640625, "f_3": 0.115234375, "f_4": 0.3134765625, "f_5": 0.2041015625, "f_6": 0.2236328125, "f_7": 0.2705078125, "f_8": 0.1669921875, "f_9": 0.3544921875}, "sample7": {"f_0": 0, "f_1": 0.1904296875, "f_2": 0.26953125, "f_3": 0.1025390625, "f_4": 0.2001953125, "f_5": 0.2841796875, "f_6": 0.20703125, "f_7": 0.2900390625, "f_8": 0.1005859375, "f_9": 0.0341796875}, "sample8": {"f_0": 0, "f_1": 0.3046875, "f_2": 0.2138671875, "f_3": 0.3115234375, "f_4": 0.0166015625, "f_5": 0.2626953125, "f_6": 0.083984375, "f_7": 0.294921875, "f_8": 0.11328125, "f_9": 0.2412109375}, "sample9": {"f_0": 0, "f_1": 0.0302734375, "f_2": 0.25390625, "f_3": 0.2900390625, "f_4": 0.1357421875, "f_5": 0.1103515625, "f_6": 0.201171875, "f_7": 0.533203125, "f_8": 0.580078125, "f_9": 0.2998046875}, "sample10": {"f_0": 0, "f_1": 0.0478515625, "f_2": 0.1025390625, "f_3": 0.083984375, "f_4": 0.404296875, "f_5": 0.4853515625, "f_6": 0.2646484375, "f_7": 0.390625, "f_8": 0.37109375, "f_9": 0.1376953125}, "sample11": {"f_0": 0, "f_1": 0.1669921875, "f_2": 0.4853515625, "f_3": 0.4404296875, "f_4": 0.07421875, "f_5": 0.046875, "f_6": 0.09375, "f_7": 0.419921875, "f_8": 0.564453125, "f_9": 0.232421875}, "sample12": {"f_0": 0, "f_1": 0.0390625, "f_2": 0.083984375, "f_3": 0.138671875, "f_4": 0.2041015625, "f_5": 0.380859375, "f_6": 0.4326171875, "f_7": 0.34375, "f_8": 0.2333984375, "f_9": 0.22265625}, "sample13": {"f_0": 0, "f_1": 0.1298828125, "f_2": 0.11328125, "f_3": 0.1865234375, "f_4": 0.4775390625, "f_5": 0.1806640625, "f_6": 0.0634765625, "f_7": 0.1240234375, "f_8": 0.09765625, "f_9": 0.4716796875}, "sample14": {"f_0": 0, "f_1": 0.0751953125, "f_2": 0.2216796875, "f_3": 0.3115234375, "f_4": 0.2890625, "f_5": 0.1552734375, "f_6": 0.072265625, "f_7": 0.1201171875, "f_8": 0.1943359375, "f_9": 0.244140625}, "sample15": {"f_0": 0, "f_1": 0.10546875, "f_2": 0.228515625, "f_3": 0.1298828125, "f_4": 0.14453125, "f_5": 0.4072265625, "f_6": 0.4951171875, "f_7": 0.2900390625, "f_8": 0.12890625, "f_9": 0.2333984375}, "sample16": {"f_0": 0, "f_1": 0.1708984375, "f_2": 0.0908203125, "f_3": 0.0751953125, "f_4": 0.39453125, "f_5": 0.16796875, "f_6": 0.1904296875, "f_7": 0.3388671875, "f_8": 0.0966796875, "f_9": 0.2080078125}, "sample17": {"f_0": 0, "f_1": 0.0302734375, "f_2": 0.11328125, "f_3": 0.21875, "f_4": 0.31640625, "f_5": 0.458984375, "f_6": 0.6025390625, "f_7": 0.6005859375, "f_8": 0.5283203125, "f_9": 0.5126953125}, "sample18": {"f_0": 0, "f_1": 0.0107421875, "f_2": 0.0849609375, "f_3": 0.111328125, "f_4": 0.1181640625, "f_5": 0.2080078125, "f_6": 0.3759765625, "f_7": 0.328125, "f_8": 0.1611328125, "f_9": 0.150390625}, "sample19": {"f_0": 0, "f_1": 0.0546875, "f_2": 0.1845703125, "f_3": 0.275390625, "f_4": 0.4345703125, "f_5": 0.5283203125, "f_6": 0.5029296875, "f_7": 0.353515625, "f_8": 0.1640625, "f_9": 0.099609375}, "sample20": {"f_0": 0, "f_1": 0.181640625, "f_2": 0.4736328125, "f_3": 0.3203125, "f_4": 0.037109375, "f_5": 0.119140625, "f_6": 0.2548828125, "f_7": 0.3154296875, "f_8": 0.2880859375, "f_9": 0.2451171875}, "sample21": {"f_0": 0, "f_1": 0.1123046875, "f_2": 0.1142578125, "f_3": 0.37890625, "f_4": 0.4482421875, "f_5": 0.1005859375, "f_6": 0.314453125, "f_7": 0.0224609375, "f_8": 0.15234375, "f_9": 0.142578125}, "sample22": {"f_0": 0, "f_1": 0.0029296875, "f_2": 0.009765625, "f_3": 0.01171875, "f_4": 0.0263671875, "f_5": 0.056640625, "f_6": 0.0634765625, "f_7": 0.0947265625, "f_8": 0.1064453125, "f_9": 0.12109375}, "sample23": {"f_0": 0, "f_1": 0.181640625, "f_2": 0.3818359375, "f_3": 0.2197265625, "f_4": 0.0244140625, "f_5": 0.248046875, "f_6": 0.4111328125, "f_7": 0.140625, "f_8": 0.0595703125, "f_9": 0.162109375}, "sample24": {"f_0": 0, "f_1": 0, "f_2": 0.0234375, "f_3": 0.064453125, "f_4": 0.0986328125, "f_5": 0.1044921875, "f_6": 0.12109375, "f_7": 0.173828125, "f_8": 0.216796875, "f_9": 0.16015625}, "sample25": {"f_0": 0, "f_1": 0.24609375, "f_2": 0.283203125, "f_3": 0.3642578125, "f_4": 0.0732421875, "f_5": 0.2099609375, "f_6": 0.28125, "f_7": 0.5224609375, "f_8": 0.3310546875, "f_9": 0.0546875}, "sample26": {"f_0": 0, "f_1": 0.025390625, "f_2": 0.076171875, "f_3": 0.0771484375, "f_4": 0.2880859375, "f_5": 0.1494140625, "f_6": 0.1015625, "f_7": 0.1416015625, "f_8": 0.103515625, "f_9": 0.232421875}, "sample27": {"f_0": 0, "f_1": 0.029296875, "f_2": 0.125, "f_3": 0.2255859375, "f_4": 0.1337890625, "f_5": 0.033203125, "f_6": 0.041015625, "f_7": 0.0380859375, "f_8": 0.1103515625, "f_9": 0.2021484375}, "sample28": {"f_0": 0, "f_1": 0.1875, "f_2": 0.4462890625, "f_3": 0.2734375, "f_4": 0.0048828125, "f_5": 0.0322265625, "f_6": 0.2275390625, "f_7": 0.3095703125, "f_8": 0.2568359375, "f_9": 0.0673828125}, "sample29": {"f_0": 0, "f_1": 0.0576171875, "f_2": 0.13671875, "f_3": 0.10546875, "f_4": 0.10546875, "f_5": 0.3349609375, "f_6": 0.4951171875, "f_7": 0.3662109375, "f_8": 0.2724609375, "f_9": 0.3193359375}, "sample30": {"f_0": 0, "f_1": 0.044921875, "f_2": 0.1826171875, "f_3": 0.109375, "f_4": 0.1279296875, "f_5": 0.2412109375, "f_6": 0.2822265625, "f_7": 0.146484375, "f_8": 0.212890625, "f_9": 0.44921875}, "sample31": {"f_0": 0, "f_1": 0.1396484375, "f_2": 0.34375, "f_3": 0.31640625, "f_4": 0.181640625, "f_5": 0.208984375, "f_6": 0.240234375, "f_7": 0.146484375, "f_8": 0.115234375, "f_9": 0.3212890625}, "sample32": {"f_0": 0, "f_1": 0.1318359375, "f_2": 0.400390625, "f_3": 0.291015625, "f_4": 0.083984375, "f_5": 0.30078125, "f_6": 0.3203125, "f_7": 0.1337890625, "f_8": 0.1015625, "f_9": 0.0830078125}, "sample33": {"f_0": 0, "f_1": 0.0107421875, "f_2": 0.0419921875, "f_3": 0.1064453125, "f_4": 0.13671875, "f_5": 0.234375, "f_6": 0.3037109375, "f_7": 0.3662109375, "f_8": 0.4130859375, "f_9": 0.4248046875}, "sample34": {"f_0": 0, "f_1": 0.244140625, "f_2": 0.2548828125, "f_3": 0.40625, "f_4": 0.109375, "f_5": 0.1865234375, "f_6": 0.208984375, "f_7": 0.5283203125, "f_8": 0.2666015625, "f_9": 0.1142578125}, "sample35": {"f_0": 0, "f_1": 0.0400390625, "f_2": 0.1337890625, "f_3": 0.287109375, "f_4": 0.4150390625, "f_5": 0.5107421875, "f_6": 0.46484375, "f_7": 0.4140625, "f_8": 0.302734375, "f_9": 0.2373046875}, "sample36": {"f_0": 0, "f_1": 0.2109375, "f_2": 0.4111328125, "f_3": 0.2587890625, "f_4": 0.0107421875, "f_5": 0.052734375, "f_6": 0.197265625, "f_7": 0.2255859375, "f_8": 0.3447265625, "f_9": 0.05859375}, "sample37": {"f_0": 0, "f_1": 0.0048828125, "f_2": 0.0244140625, "f_3": 0.044921875, "f_4": 0.08984375, "f_5": 0.1181640625, "f_6": 0.1669921875, "f_7": 0.2197265625, "f_8": 0.2705078125, "f_9": 0.2958984375}, "sample38": {"f_0": 0, "f_1": 0.05859375, "f_2": 0.115234375, "f_3": 0.1962890625, "f_4": 0.2958984375, "f_5": 0.3681640625, "f_6": 0.4765625, "f_7": 0.427734375, "f_8": 0.265625, "f_9": 0.1474609375},