{"sample0": {"f_0": 0.4999999999999998, "f_1": 0.7318829496404289, "f_2": 0.47756428992391337, "f_3": 0.23074539814300646, "f_4": 0.22161332169215858, "f_5": 0.1381121251739115, "f_6": 0.06730584174197735, "f_7": 0.3213351454974639}, "sample1": {"f_0": 0.4999999999999998, "f_1": 0.7212988715019312, "f_2": 0.4070423437482226, "f_3": 0.12577174224798263, "f_4": 0.2656741867305469, "f_5": 0.42834080630527704, "f_6": 0.34473161774035266, "f_7": 0.3341868139289647}, "sample2": {"f_0": 0.4999999999999998, "f_1": 0.34193989525003904, "f_2": 0.1720385372955758, "f_3": 0.12992462246519132, "f_4": 0.16548142910715075, "f_5": 0.25045070590248275, "f_6": 0.30634884474402524, "f_7": 0.21627773078706491}, "sample3": {"f_0": 0.4999999999999998, "f_1": 0.6330209507820315, "f_2": 0.46959153740055865, "f_3": 0.184016963217343, "f_4": 0.030322374043324496, "f_5": 0.10106819900621564, "f_6": 0.2965848765463645, "f_7": 0.4393445904292581}, "sample4": {"f_0": 0.4999999999999998, "f_1": 0.5466886898566383, "f_2": 0.5614879122837949, "f_3": 0.5543031787400672, "f_4": 0.5448138463300201, "f_5": 0.5447500313258395, "f_6": 0.5484515245421704, "f_7": 0.5393942103735648}, "sample5": {"f_0": 0.4999999999999998, "f_1": 0.07505488230723067, "f_2": 0.15724653707545763, "f_3": 0.29354999885574695, "f_4": 0.2570306039751233, "f_5": 0.43328231608668216, "f_6": 0.44586841590613635, "f_7": 0.16999520338948057}, "sample6": {"f_0": 0.4999999999999998, "f_1": 0.7299060394045985, "f_2": 0.5428699412609141, "f_3": 0.3605904310254964, "f_4": 0.3540194572544009, "f_5": 0.21611187471851645, "f_6": 0.065570147812781, "f_7": 0.2638653729602274}, "sample7": {"f_0": 0.4999999999999998, "f_1": 0.5575223011816421, "f_2": 0.44517691328918396, "f_3": 0.402914049303148, "f_4": 0.4270683834080462, "f_5": 0.3535278514533744, "f_6": 0.21441331800241784, "f_7": 0.15162332397095435}, "sample8": {"f_0": 0.4999999999999998, "f_1": 0.6249915343671214, "f_2": 0.648621991557559, "f_3": 0.5844409606584804, "f_4": 0.45009387419653724, "f_5": 0.2720811383936318, "f_6": 0.11261887844946167, "f_7": 0.04720951642250777}, "sample9": {"f_0": 0.4999999999999998, "f_1": 0.27429196157662916, "f_2": 0.23714175087951508, "f_3": 0.3035840243768235, "f_4": 0.20099984696864417, "f_5": 0.1549122868029895, "f_6": 0.3006589930477948, "f_7": 0.3562736059022929}, "sample10": {"f_0": 0.4999999999999998, "f_1": 0.49856500109095025, "f_2": 0.42350957175810094, "f_3": 0.36811640192273665, "f_4": 0.36747457889253493, "f_5": 0.380267991946882, "f_6": 0.37130529240290844, "f_7": 0.3607219230747789}, "sample11": {"f_0": 0.4999999999999998, "f_1": 0.19252112001688557, "f_2": 0.058285308062513, "f_3": 0.14833593507756032, "f_4": 0.26879019844761376, "f_5": 0.2518205127407592, "f_6": 0.15088299512921033, "f_7": 0.1247565982504803}, "sample12": {"f_0": 0.4999999999999998, "f_1": 0.09790692866742266, "f_2": 0.10227392742338594, "f_3": 0.2350673891782335, "f_4": 0.23218288355211508, "f_5": 0.4053474341539664, "f_6": 0.6033981310082196, "f_7": 0.381809626135695}, "sample13": {"f_0": 0.4999999999999998, "f_1": 0.7208345256440051, "f_2": 0.5875189355188924, "f_3": 0.3003502013462357, "f_4": 0.184033707282807, "f_5": 0.2558005578571436, "f_6": 0.29078465603694786, "f_7": 0.2128939764003897}, "sample14": {"f_0": 0.4999999999999998, "f_1": 0.7312371893545254, "f_2": 0.5872570997627535, "f_3": 0.28691647850997476, "f_4": 0.1560195550593885, "f_5": 0.20554607910434436, "f_6": 0.22189970961539232, "f_7": 0.15831795663058404}, "sample15": {"f_0": 0.4999999999999998, "f_1": 0.4998392593099753, "f_2": 0.42020930898070247, "f_3": 0.3552435200242842, "f_4": 0.3272503471700923, "f_5": 0.3177372574460808, "f_6": 0.35375465388056554, "f_7": 0.4602070360008144}, "sample16": {"f_0": 0.4999999999999998, "f_1": 0.38400267876438526, "f_2": 0.30582783198917346, "f_3": 0.30437662684568717, "f_4": 0.26544213113364623, "f_5": 0.16089978061526639, "f_6": 0.10713888711280091, "f_7": 0.14159114797007635}, "sample17": {"f_0": 0.4999999999999998, "f_1": 0.2124602600640183, "f_2": 0.1211276843384565, "f_3": 0.3209520797156597, "f_4": 0.4565682860693276, "f_5": 0.40354742605854105, "f_6": 0.31108211315495454, "f_7": 0.3125686810721589}, "sample18": {"f_0": 0.4999999999999998, "f_1": 0.5860487977739591, "f_2": 0.6021594384737484, "f_3": 0.5657492883983414, "f_4": 0.5233796861588973, "f_5": 0.5091255849778066, "f_6": 0.5165659917944472, "f_7": 0.5080060140554621}, "sample19": {"f_0": 0.4999999999999998, "f_1": 0.26167505860396223, "f_2": 0.16560677021268386, "f_3": 0.20187417092979448, "f_4": 0.16819194555663958, "f_5": 0.11315445592219095, "f_6": 0.24798877246231596, "f_7": 0.4976538260185291}, "sample20": {"f_0": 0.4999999999999998, "f_1": 0.6398586251075359, "f_2": 0.7096875987680332, "f_3": 0.6919656886259753, "f_4": 0.5960531949630443, "f_5": 0.4543502913358925, "f_6": 0.31077546872891704, "f_7": 0.20585945795994592}, "sample21": {"f_0": 0.4999999999999998, "f_1": 0.6644274924097553, "f_2": 0.6615483028968818, "f_3": 0.5192854925975683, "f_4": 0.372412118734274, "f_5": 0.35016700472242446, "f_6": 0.46890671564209346, "f_7": 0.6216096579263232}, "sample22": {"f_0": 0.4999999999999998, "f_1": 0.20043367660957712, "f_2": 0.16929944957613316, "f_3": 0.3770382915862924, "f_4": 0.3929005802417829, "f_5": 0.1688707150503697, "f_6": 0.11156040817459047, "f_7": 0.333171823457271}, "sample23": {"f_0": 0.4999999999999998, "f_1": 0.388996315061772, "f_2": 0.2837510980146835, "f_3": 0.19643360586505693, "f_4": 0.12914338091503386, "f_5": 0.07740388152990398, "f_6": 0.03812700385228041, "f_7": 0.014683538803755222}, "sample24": {"f_0": 0.4999999999999998, "f_1": 0.35354983472350343, "f_2": 0.32031998138647183, "f_3": 0.32264595071611585, "f_4": 0.15780856666521223, "f_5": 0.04880005834832813, "f_6": 0.05586495407931715, "f_7": 0.20168178748878454}, "sample25": {"f_0": 0.4999999999999998, "f_1": 0.43296900263874083, "f_2": 0.35529139186859793, "f_3": 0.3227671248700859, "f_4": 0.33519922527755136, "f_5": 0.3398312923511242, "f_6": 0.29033724026214247, "f_7": 0.19479457998870245}, "sample26": {"f_0": 0.4999999999999998, "f_1": 0.6318871314156458, "f_2": 0.6998314261545825, "f_3": 0.7099688478245592, "f_4": 0.6994814400872853, "f_5": 0.6974531164247076, "f_6": 0.695533392255598, "f_7": 0.6571216515409123}, "sample27": {"f_0": 0.4999999999999998, "f_1": 0.19184158717077626, "f_2": 0.04202541077777238, "f_3": 0.15781917528489486, "f_4": 0.37998410561808016, "f_5": 0.4861468952581516, "f_6": 0.40820587314615814, "f_7": 0.2321423555313018}, "sample28": {"f_0": 0.4999999999999998, "f_1": 0.28377811683855736, "f_2": 0.2649216781206854, "f_3": 0.269774207656663, "f_4": 0.13757685113788387, "f_5": 0.19286813625254948, "f_6": 0.29614067851740533, "f_7": 0.24151822453383556}, "sample29": {"f_0": 0.4999999999999998, "f_1": 0.4735858550104896, "f_2": 0.4468723661673764, "f_3": 0.42070366365996636, "f_4": 0.39513969778226643, "f_5": 0.3695738364526969, "f_6": 0.3433995513593477, "f_7": 0.3166411710459663}, "sample30": {"f_0": 0.4999999999999998, "f_1": 0.2058159245508143, "f_2": 0.05879712596018087, "f_3": 0.18426714958025692, "f_4": 0.4491615939231706, "f_5": 0.5963879335410175, "f_6": 0.49701030275485375, "f_7": 0.25148817825670206}, "sample31": {"f_0": 0.4999999999999998, "f_1": 0.4944123680165, "f_2": 0.47180112867601937, "f_3": 0.4493799213071137, "f_4": 0.4386171748722368, "f_5": 0.4382424680702412, "f_6": 0.43581377659142284, "f_7": 0.416641054521822}, "sample32": {"f_0": 0.4999999999999998, "f_1": 0.15943073371886418, "f_2": 0.06805569408587751, "f_3": 0.06186476623121339, "f_4": 0.10224314768523475, "f_5": 0.3756253539549378, "f_6": 0.5977591123351287, "f_7": 0.5598476043127303}, "sample33": {"f_0": 0.4999999999999998, "f_1": 0.7015478373973395, "f_2": 0.5186900885352179, "f_3": 0.5429522831801135, "f_4": 0.3567214906887321, "f_5": 0.06578078458385235, "f_6": 0.10305320313324848, "f_7": 0.1739293563874153}, "sample34": {"f_0": 0.4999999999999998, "f_1": 0.4610347582005846,