{"sample0": {"f_0": 0.0029296875, "f_1": 0.0634765625, "f_2": 0.2568359375, "f_3": 0.21484375, "f_4": 0.072265625, "f_5": 0.1845703125, "f_6": 0.5615234375, "f_7": 0.2587890625, "f_8": 0.16796875, "f_9": 0.353515625}, "sample1": {"f_0": 0.001953125, "f_1": 0.0205078125, "f_2": 0.0458984375, "f_3": 0.0595703125, "f_4": 0.1328125, "f_5": 0.2060546875, "f_6": 0.2822265625, "f_7": 0.302734375, "f_8": 0.3447265625, "f_9": 0.427734375}, "sample2": {"f_0": 0.0048828125, "f_1": 0.3134765625, "f_2": 0.177734375, "f_3": 0.1865234375, "f_4": 0.1328125, "f_5": 0.1943359375, "f_6": 0.03125, "f_7": 0.2392578125, "f_8": 0.2998046875, "f_9": 0.23046875}, "sample3": {"f_0": 0.0029296875, "f_1": 0.107421875, "f_2": 0.140625, "f_3": 0.3212890625, "f_4": 0.4296875, "f_5": 0.0859375, "f_6": 0.2724609375, "f_7": 0.0830078125, "f_8": 0.2177734375, "f_9": 0.20703125}, "sample4": {"f_0": 0.005859375, "f_1": 0.0869140625, "f_2": 0.3115234375, "f_3": 0.40234375, "f_4": 0.2724609375, "f_5": 0.1357421875, "f_6": 0.0595703125, "f_7": 0.0673828125, "f_8": 0.1904296875, "f_9": 0.2861328125}, "sample5": {"f_0": 0.0029296875, "f_1": 0.125, "f_2": 0.0947265625, "f_3": 0.25390625, "f_4": 0.5166015625, "f_5": 0.1591796875, "f_6": 0.2626953125, "f_7": 0.0771484375, "f_8": 0.123046875, "f_9": 0.169921875}, "sample6": {"f_0": 0.005859375, "f_1": 0.0234375, "f_2": 0.0458984375, "f_3": 0.1064453125, "f_4": 0.28515625, "f_5": 0.19921875, "f_6": 0.2431640625, "f_7": 0.23046875, "f_8": 0.181640625, "f_9": 0.29296875}, "sample7": {"f_0": 0.001953125, "f_1": 0.1953125, "f_2": 0.2470703125, "f_3": 0.1044921875, "f_4": 0.234375, "f_5": 0.236328125, "f_6": 0.16015625, "f_7": 0.25, "f_8": 0.1279296875, "f_9": 0.05078125}, "sample8": {"f_0": 0.001953125, "f_1": 0.3017578125, "f_2": 0.2255859375, "f_3": 0.28125, "f_4": 0.03125, "f_5": 0.2333984375, "f_6": 0.10546875, "f_7": 0.2373046875, "f_8": 0.111328125, "f_9": 0.2373046875}, "sample9": {"f_0": 0.005859375, "f_1": 0.0341796875, "f_2": 0.234375, "f_3": 0.2705078125, "f_4": 0.1650390625, "f_5": 0.125, "f_6": 0.21484375, "f_7": 0.455078125, "f_8": 0.5234375, "f_9": 0.2421875}, "sample10": {"f_0": 0.001953125, "f_1": 0.0361328125, "f_2": 0.09765625, "f_3": 0.1181640625, "f_4": 0.373046875, "f_5": 0.427734375, "f_6": 0.2529296875, "f_7": 0.3935546875, "f_8": 0.3388671875, "f_9": 0.13671875}, "sample11": {"f_0": 0.0048828125, "f_1": 0.169921875, "f_2": 0.431640625, "f_3": 0.40625, "f_4": 0.0751953125, "f_5": 0.072265625, "f_6": 0.1005859375, "f_7": 0.3642578125, "f_8": 0.5078125, "f_9": 0.1962890625}, "sample12": {"f_0": 0.001953125, "f_1": 0.04296875, "f_2": 0.1103515625, "f_3": 0.1484375, "f_4": 0.2080078125, "f_5": 0.33203125, "f_6": 0.3828125, "f_7": 0.3232421875, "f_8": 0.232421875, "f_9": 0.2138671875}, "sample13": {"f_0": 0.0048828125, "f_1": 0.1376953125, "f_2": 0.107421875, "f_3": 0.2041015625, "f_4": 0.400390625, "f_5": 0.1767578125, "f_6": 0.0634765625, "f_7": 0.1376953125, "f_8": 0.1171875, "f_9": 0.4248046875}, "sample14": {"f_0": 0.0048828125, "f_1": 0.0830078125, "f_2": 0.201171875, "f_3": 0.2744140625, "f_4": 0.2626953125, "f_5": 0.1494140625, "f_6": 0.0810546875, "f_7": 0.099609375, "f_8": 0.1875, "f_9": 0.2294921875}, "sample15": {"f_0": 0.009765625, "f_1": 0.1171875, "f_2": 0.2109375, "f_3": 0.134765625, "f_4": 0.1357421875, "f_5": 0.3642578125, "f_6": 0.4560546875, "f_7": 0.267578125, "f_8": 0.1552734375, "f_9": 0.2119140625}, "sample16": {"f_0": 0.0029296875, "f_1": 0.189453125, "f_2": 0.107421875, "f_3": 0.091796875, "f_4": 0.345703125, "f_5": 0.162109375, "f_6": 0.1787109375, "f_7": 0.3076171875, "f_8": 0.0986328125, "f_9": 0.1796875}, "sample17": {"f_0": 0.0029296875, "f_1": 0.0498046875, "f_2": 0.1103515625, "f_3": 0.1904296875, "f_4": 0.3017578125, "f_5": 0.4345703125, "f_6": 0.5322265625, "f_7": 0.494140625, "f_8": 0.4599609375, "f_9": 0.4375}, "sample18": {"f_0": 0.001953125, "f_1": 0.0244140625, "f_2": 0.0927734375, "f_3": 0.13671875, "f_4": 0.109375, "f_5": 0.1923828125, "f_6": 0.34765625, "f_7": 0.291015625, "f_8": 0.15625, "f_9": 0.1240234375}, "sample19": {"f_0": 0.0009765625, "f_1": 0.072265625, "f_2": 0.17578125, "f_3": 0.2734375, "f_4": 0.3955078125, "f_5": 0.5107421875, "f_6": 0.4736328125, "f_7": 0.3076171875, "f_8": 0.1455078125, "f_9": 0.107421875}, "sample20": {"f_0": 0.0048828125, "f_1": 0.177734375, "f_2": 0.3857421875, "f_3": 0.310546875, "f_4": 0.0478515625, "f_5": 0.1318359375, "f_6": 0.205078125, "f_7": 0.2568359375, "f_8": 0.2607421875, "f_9": 0.216796875}, "sample21": {"f_0": 0.0009765625, "f_1": 0.1240234375, "f_2": 0.1201171875, "f_3": 0.33984375, "f_4": 0.4365234375, "f_5": 0.1044921875, "f_6": 0.2890625, "f_7": 0.0419921875, "f_8": 0.140625, "f_9": 0.138671875}, "sample22": {"f_0": 0.0029296875, "f_1": 0.0087890625, "f_2": 0.0263671875, "f_3": 0.0283203125, "f_4": 0.05859375, "f_5": 0.06640625, "f_6": 0.0771484375, "f_7": 0.0966796875, "f_8": 0.1181640625, "f_9": 0.1357421875}, "sample23": {"f_0": 0.001953125, "f_1": 0.1689453125, "f_2": 0.35546875, "f_3": 0.21484375, "f_4": 0.04296875, "f_5": 0.26953125, "f_6": 0.35546875, "f_7": 0.140625, "f_8": 0.0712890625, "f_9": 0.185546875}, "sample24": {"f_0": 0.001953125, "f_1": 0.0146484375, "f_2": 0.044921875, "f_3": 0.0849609375, "f_4": 0.1201171875, "f_5": 0.1279296875, "f_6": 0.126953125, "f_7": 0.1748046875, "f_8": 0.1904296875, "f_9": 0.16796875}, "sample25": {"f_0": 0.0048828125, "f_1": 0.2314453125, "f_2": 0.26171875, "f_3": 0.3583984375, "f_4": 0.08984375, "f_5": 0.2138671875, "f_6": 0.2490234375, "f_7": 0.4609375, "f_8": 0.2861328125, "f_9": 0.072265625}, "sample26": {"f_0": 0.00390625, "f_1": 0.0302734375, "f_2": 0.0751953125, "f_3": 0.08984375, "f_4": 0.267578125, "f_5": 0.1416015625, "f_6": 0.1123046875, "f_7": 0.1474609375, "f_8": 0.1044921875, "f_9": 0.2080078125}, "sample27": {"f_0": 0.0029296875, "f_1": 0.03125, "f_2": 0.1279296875, "f_3": 0.2431640625, "f_4": 0.123046875, "f_5": 0.0302734375, "f_6": 0.0439453125, "f_7": 0.044921875, "f_8": 0.138671875, "f_9": 0.1767578125}, "sample28": {"f_0": 0.005859375, "f_1": 0.193359375, "f_2": 0.4345703125, "f_3": 0.25, "f_4": 0.0234375, "f_5": 0.056640625, "f_6": 0.23046875, "f_7": 0.2783203125, "f_8": 0.2783203125, "f_9": 0.0927734375}, "sample29": {"f_0": 0.0048828125, "f_1": 0.0634765625, "f_2": 0.1376953125, "f_3": 0.109375, "f_4": 0.1123046875, "f_5": 0.2919921875, "f_6": 0.455078125, "f_7": 0.310546875, "f_8": 0.2412109375, "f_9": 0.2880859375}, "sample30": {"f_0": 0.005859375, "f_1": 0.0556640625, "f_2": 0.1884765625, "f_3": 0.1162109375, "f_4": 0.1171875, "f_5": 0.212890625, "f_6": 0.2509765625, "f_7": 0.1689453125, "f_8": 0.1728515625, "f_9": 0.384765625}, "sample31": {"f_0": 0.00390625, "f_1": 0.12890625, "f_2": 0.296875, "f_3": 0.283203125, "f_4": 0.181640625, "f_5": 0.1943359375, "f_6": 0.201171875, "f_7": 0.1533203125, "f_8": 0.107421875, "f_9": 0.294921875}, "sample32": {"f_0": 0.0029296875, "f_1": 0.1171875, "f_2": 0.384765625, "f_3": 0.265625, "f_4": 0.0810546875, "f_5": 0.2802734375, "f_6": 0.2998046875, "f_7": 0.138671875, "f_8": 0.1015625, "f_9": 0.095703125}, "sample33": {"f_0": 0.0029296875, "f_1": 0.0185546875, "f_2": 0.0478515625, "f_3": 0.1005859375, "f_4": 0.1513671875, "f_5": 0.2197265625, "f_6": 0.2685546875, "f_7": 0.3310546875, "f_8": 0.345703125, "f_9": 0.36328125}, "sample34": {"f_0": 0.0029296875, "f_1": 0.2646484375, "f_2": 0.2451171875, "f_3": 0.4091796875, "f_4": 0.0859375, "f_5": 0.1806640625, "f_6": 0.216796875, "f_7": 0.49609375, "f_8": 0.2529296875, "f_9": 0.1123046875}, "sample35": {"f_0": 0.0009765625, "f_1": 0.0595703125, "f_2": 0.1669921875, "f_3": 0.298828125, "f_4": 0.3759765625, "f_5": 0.4462890625, "f_6": 0.43359375, "f_7": 0.3330078125, "f_8": 0.29296875, "f_9": 0.19921875}, "sample36": {"f_0": 0.0029296875, "f_1": 0.2099609375, "f_2": 0.3837890625, "f_3": 0.2431640625, "f_4": 0.025390625, "f_5": 0.0537109375, "f_6": 0.193359375, "f_7": 0.20703125, "f_8": 0.3359375, "f_9": 0.1044921875}, "sample37": {"f_0": 0.00390625, "f_1": 0.015625, "f_2": 0.03125,