{"sample0": {"f_0": 0.03983880952000618, "f_1": 0.07561898231506348, "f_2": 0.20477353036403656, "f_3": 0.18600896000862122, "f_4": 0.07935325801372528, "f_5": 0.17907290160655975, "f_6": 0.4509013593196869, "f_7": 0.24230550229549408, "f_8": 0.15834836661815643, "f_9": 0.3237289488315582}, "sample1": {"f_0": 0.04327885061502457, "f_1": 0.046122875064611435, "f_2": 0.07728828489780426, "f_3": 0.10130062699317932, "f_4": 0.11970187723636627, "f_5": 0.19487085938453674, "f_6": 0.27004727721214294, "f_7": 0.24682824313640594, "f_8": 0.2998327314853668, "f_9": 0.35289308428764343}, "sample2": {"f_0": 0.04236838221549988, "f_1": 0.26859250664711, "f_2": 0.16371466219425201, "f_3": 0.19408543407917023, "f_4": 0.1117120012640953, "f_5": 0.1863033026456833, "f_6": 0.06505699455738068, "f_7": 0.21539640426635742, "f_8": 0.25427186489105225, "f_9": 0.18763957917690277}, "sample3": {"f_0": 0.03260759636759758, "f_1": 0.10863016545772552, "f_2": 0.1121985986828804, "f_3": 0.3029206395149231, "f_4": 0.4071933627128601, "f_5": 0.0921919122338295, "f_6": 0.2575085461139679, "f_7": 0.06691254675388336, "f_8": 0.1565229296684265, "f_9": 0.17774969339370728}, "sample4": {"f_0": 0.0396437868475914, "f_1": 0.11314772069454193, "f_2": 0.27810391783714294, "f_3": 0.3235197961330414, "f_4": 0.23192830383777618, "f_5": 0.1544864922761917, "f_6": 0.076078861951828, "f_7": 0.08219075947999954, "f_8": 0.18502281606197357, "f_9": 0.27363765239715576}, "sample5": {"f_0": 0.04303682968020439, "f_1": 0.1476583480834961, "f_2": 0.13193310797214508, "f_3": 0.19241884350776672, "f_4": 0.4247123599052429, "f_5": 0.1815788745880127, "f_6": 0.21306519210338593, "f_7": 0.06578195840120316, "f_8": 0.10338840633630753, "f_9": 0.13974924385547638}, "sample6": {"f_0": 0.0454106368124485, "f_1": 0.05386834219098091, "f_2": 0.09733495861291885, "f_3": 0.10918451100587845, "f_4": 0.2466176301240921, "f_5": 0.19973276555538177, "f_6": 0.21059055626392365, "f_7": 0.2138286978006363, "f_8": 0.18402647972106934, "f_9": 0.296261191368103}, "sample7": {"f_0": 0.04258565232157707, "f_1": 0.20683202147483826, "f_2": 0.21532343327999115, "f_3": 0.11934223771095276, "f_4": 0.23581966757774353, "f_5": 0.23657609522342682, "f_6": 0.19244590401649475, "f_7": 0.24189148843288422, "f_8": 0.09592179954051971, "f_9": 0.08532502502202988}, "sample8": {"f_0": 0.018076695501804352, "f_1": 0.2725667357444763, "f_2": 0.20877903699874878, "f_3": 0.2543100118637085, "f_4": 0.041062455624341965, "f_5": 0.23154316842556, "f_6": 0.10402102768421173, "f_7": 0.2733229696750641, "f_8": 0.11778442561626434, "f_9": 0.2197486162185669}, "sample9": {"f_0": 0.03431088477373123, "f_1": 0.06729084998369217, "f_2": 0.22796151041984558, "f_3": 0.2568023204803467, "f_4": 0.13797050714492798, "f_5": 0.1305515617132187, "f_6": 0.21914063394069672, "f_7": 0.4396268427371979, "f_8": 0.4426482617855072, "f_9": 0.25356581807136536}, "sample10": {"f_0": 0.03471169248223305, "f_1": 0.06672508269548416, "f_2": 0.10568053275346756, "f_3": 0.1295035481452942, "f_4": 0.334527850151062, "f_5": 0.3856182396411896, "f_6": 0.20514675974845886, "f_7": 0.3228643238544464, "f_8": 0.31121084094047546, "f_9": 0.11829157173633575}, "sample11": {"f_0": 0.04137814790010452, "f_1": 0.15200062096118927, "f_2": 0.3808067739009857, "f_3": 0.3671014606952667, "f_4": 0.09514042735099792, "f_5": 0.06458291411399841, "f_6": 0.10216603428125381, "f_7": 0.2892328202724457, "f_8": 0.4287356436252594, "f_9": 0.15102557837963104}, "sample12": {"f_0": 0.028762374073266983, "f_1": 0.06930018216371536, "f_2": 0.12712964415550232, "f_3": 0.14249074459075928, "f_4": 0.1859051138162613, "f_5": 0.2896644175052643, "f_6": 0.34906521439552307, "f_7": 0.27544575929641724, "f_8": 0.18601280450820923, "f_9": 0.17194755375385284}, "sample13": {"f_0": 0.03564673289656639, "f_1": 0.12291683256626129, "f_2": 0.12559232115745544, "f_3": 0.15743036568164825, "f_4": 0.38216307759284973, "f_5": 0.17103900015354156, "f_6": 0.09906401485204697, "f_7": 0.13614918291568756, "f_8": 0.11185554414987564, "f_9": 0.3808611035346985}, "sample14": {"f_0": 0.038368113338947296, "f_1": 0.09791216254234314, "f_2": 0.19882513582706451, "f_3": 0.23612742125988007, "f_4": 0.20650431513786316, "f_5": 0.1467818170785904, "f_6": 0.08074503391981125, "f_7": 0.13307350873947144, "f_8": 0.1806935966014862, "f_9": 0.2069813460111618}, "sample15": {"f_0": 0.04558270424604416, "f_1": 0.14704585075378418, "f_2": 0.1950240135192871, "f_3": 0.1441686600446701, "f_4": 0.1714048981666565, "f_5": 0.3548549711704254, "f_6": 0.39033031463623047, "f_7": 0.20792457461357117, "f_8": 0.1270516961812973, "f_9": 0.18904967606067657}, "sample16": {"f_0": 0.03374311700463295, "f_1": 0.1700022965669632, "f_2": 0.10624255985021591, "f_3": 0.08756160736083984, "f_4": 0.3143199384212494, "f_5": 0.15337343513965607, "f_6": 0.15532615780830383, "f_7": 0.2921367287635803, "f_8": 0.09477496147155762, "f_9": 0.16443754732608795}, "sample17": {"f_0": 0.03319546952843666, "f_1": 0.07837726175785065, "f_2": 0.1395334154367447, "f_3": 0.2222219705581665, "f_4": 0.3383772671222687, "f_5": 0.46595099568367004, "f_6": 0.4989323318004608, "f_7": 0.4746842682361603, "f_8": 0.4104541540145874, "f_9": 0.38039159774780273}, "sample18": {"f_0": 0.03984835743904114, "f_1": 0.052415139973163605, "f_2": 0.07754043489694595, "f_3": 0.1432957798242569, "f_4": 0.11740991473197937, "f_5": 0.17370231449604034, "f_6": 0.3052084147930145, "f_7": 0.27646368741989136, "f_8": 0.15888836979866028, "f_9": 0.1525496542453766}, "sample19": {"f_0": 0.03535774350166321, "f_1": 0.08090508729219437, "f_2": 0.2150508016347885, "f_3": 0.24889011681079865, "f_4": 0.38061919808387756, "f_5": 0.4305066466331482, "f_6": 0.3713776171207428, "f_7": 0.2262154519557953, "f_8": 0.10333915799856186, "f_9": 0.06514040380716324}, "sample20": {"f_0": 0.03918900713324547, "f_1": 0.1713644117116928, "f_2": 0.34797877073287964, "f_3": 0.30399054288864136, "f_4": 0.06986663490533829, "f_5": 0.13128921389579773, "f_6": 0.22396795451641083, "f_7": 0.2362634241580963, "f_8": 0.22532126307487488, "f_9": 0.2071075588464737}, "sample21": {"f_0": 0.04268168285489082, "f_1": 0.1363542377948761, "f_2": 0.11630483716726303, "f_3": 0.3065170347690582, "f_4": 0.3862016797065735, "f_5": 0.11346463859081268, "f_6": 0.2688119113445282, "f_7": 0.05781196430325508, "f_8": 0.12147300690412521, "f_9": 0.11354230344295502}, "sample22": {"f_0": 0.04217294231057167, "f_1": 0.047699522227048874, "f_2": 0.06341826915740967, "f_3": 0.07391965389251709, "f_4": 0.08492092043161392, "f_5": 0.08299180865287781, "f_6": 0.11168671399354935, "f_7": 0.1448090374469757, "f_8": 0.18522873520851135, "f_9": 0.16997265815734863}, "sample23": {"f_0": 0.03620882332324982, "f_1": 0.1804014891386032, "f_2": 0.34075579047203064, "f_3": 0.17940731346607208, "f_4": 0.08365409076213837, "f_5": 0.22287078201770782, "f_6": 0.30181533098220825, "f_7": 0.14094874262809753, "f_8": 0.08091506361961365, "f_9": 0.1672617495059967}, "sample24": {"f_0": 0.044753991067409515, "f_1": 0.052675310522317886, "f_2": 0.05435336381196976, "f_3": 0.10253972560167313, "f_4": 0.11353370547294617, "f_5": 0.11155085265636444, "f_6": 0.1273520290851593, "f_7": 0.17981228232383728, "f_8": 0.16548866033554077, "f_9": 0.13943926990032196}, "sample25": {"f_0": 0.04648418352007866, "f_1": 0.22305244207382202, "f_2": 0.2550378739833832, "f_3": 0.34114861488342285, "f_4": 0.10047829896211624, "f_5": 0.2019381821155548, "f_6": 0.26659563183784485, "f_7": 0.4074995219707489, "f_8": 0.2707153260707855, "f_9": 0.11051565408706665}, "sample26": {"f_0": 0.035127993673086166, "f_1": 0.07035093754529953, "f_2": 0.06902550905942917, "f_3": 0.10187219828367233, "f_4": 0.23365621268749237, "f_5": 0.16745175421237946, "f_6": 0.13714659214019775, "f_7": 0.10720822215080261, "f_8": 0.10963045060634613, "f_9": 0.19323500990867615}, "sample27": {"f_0": 0.04367616027593613, "f_1": 0.05350117012858391, "f_2": 0.12787386775016785, "f_3": 0.2234574556350708,