{"sample0": {"f_0": 0.4999999999999999, "f_1": 0.21008671198909878, "f_2": 0.1384162568794648, "f_3": 0.26176231123041016, "f_4": 0.24064066043778795, "f_5": 0.07154796658017291, "f_6": 0.1595687420307525, "f_7": 0.4038053564122379, "f_8": 0.32637759809724765, "f_9": 0.13264300616766087}, "sample1": {"f_0": 0.4999999999999999, "f_1": 0.5601997293594622, "f_2": 0.5496393989130486, "f_3": 0.5452731894443507, "f_4": 0.5425745656920468, "f_5": 0.4785151887315566, "f_6": 0.37910787822566844, "f_7": 0.3138503386073427, "f_8": 0.27157674238900564, "f_9": 0.20601284858669458}, "sample2": {"f_0": 0.4999999999999999, "f_1": 0.09147463507058794, "f_2": 0.27229720114763806, "f_3": 0.4568778666537697, "f_4": 0.20427341069913102, "f_5": 0.5370517452976485, "f_6": 0.2628471414703052, "f_7": 0.19541684805642148, "f_8": 0.2869831206580887, "f_9": 0.7780441498750557}, "sample3": {"f_0": 0.4999999999999999, "f_1": 0.48046285556059526, "f_2": 0.4157705146110596, "f_3": 0.3373423941881283, "f_4": 0.1549874577069947, "f_5": 0.1294794921654116, "f_6": 0.06725963166924306, "f_7": 0.2245594279327967, "f_8": 0.415248481679371, "f_9": 0.6452292179780276}, "sample4": {"f_0": 0.4999999999999999, "f_1": 0.6517255352696221, "f_2": 0.5365355215098417, "f_3": 0.250479031588203, "f_4": 0.049705671352467555, "f_5": 0.16532549252100892, "f_6": 0.3977093635265551, "f_7": 0.529899416831715, "f_8": 0.44352512375590286, "f_9": 0.17892186516608627}, "sample5": {"f_0": 0.4999999999999999, "f_1": 0.22092156943154415, "f_2": 0.27922535784532887, "f_3": 0.1659100144981452, "f_4": 0.36045974002798536, "f_5": 0.3068366899185647, "f_6": 0.39368048867873334, "f_7": 0.2610456281540253, "f_8": 0.42105442945833077, "f_9": 0.33471927301815435}, "sample6": {"f_0": 0.4999999999999999, "f_1": 0.44767582794906147, "f_2": 0.3627005470212223, "f_3": 0.3805220748437722, "f_4": 0.36023675007804357, "f_5": 0.4390596962754187, "f_6": 0.48882667203332275, "f_7": 0.4589268175008904, "f_8": 0.5223504060135298, "f_9": 0.4359546870965487}, "sample7": {"f_0": 0.4999999999999999, "f_1": 0.07061038020708943, "f_2": 0.20801289745809007, "f_3": 0.24102494079949544, "f_4": 0.11994830856321095, "f_5": 0.24984014613963842, "f_6": 0.25667128869541683, "f_7": 0.39355215840080504, "f_8": 0.6251725190746082, "f_9": 0.29395358510952907}, "sample8": {"f_0": 0.4999999999999999, "f_1": 0.06135782462431261, "f_2": 0.2366342305856526, "f_3": 0.4392338280892404, "f_4": 0.4451020479569412, "f_5": 0.12789060748951186, "f_6": 0.26806618214998357, "f_7": 0.17621499943752064, "f_8": 0.3196032079413713, "f_9": 0.29856640833140313}, "sample9": {"f_0": 0.4999999999999999, "f_1": 0.4455506019848792, "f_2": 0.34062212130143055, "f_3": 0.3186431896903966, "f_4": 0.438410701459064, "f_5": 0.5825959472393872, "f_6": 0.43230837250536736, "f_7": 0.2872967461677764, "f_8": 0.20198704933386447, "f_9": 0.2467260258816294}, "sample10": {"f_0": 0.4999999999999999, "f_1": 0.31839089734612724, "f_2": 0.2990176209055917, "f_3": 0.14942808683961176, "f_4": 0.1330827643894514, "f_5": 0.15140926959094833, "f_6": 0.09335525453814887, "f_7": 0.1567146403607851, "f_8": 0.23492850735330362, "f_9": 0.2802941335894998}, "sample11": {"f_0": 0.4999999999999999, "f_1": 0.10865215314920836, "f_2": 0.402175598573874, "f_3": 0.3913407298577286, "f_4": 0.3023093870056679, "f_5": 0.44093780093643364, "f_6": 0.17131633135163646, "f_7": 0.20206645581177934, "f_8": 0.5858078498498116, "f_9": 0.40393424735536243}, "sample12": {"f_0": 0.4999999999999999, "f_1": 0.6045225410757765, "f_2": 0.5462922651511269, "f_3": 0.5094385069163468, "f_4": 0.5124325189684001, "f_5": 0.39899754162916057, "f_6": 0.20408924935199205, "f_7": 0.09371923973201306, "f_8": 0.06186918916838934, "f_9": 0.026396029207816182}, "sample13": {"f_0": 0.4999999999999999, "f_1": 0.17208576338500012, "f_2": 0.20218815751431288, "f_3": 0.11690379676207693, "f_4": 0.45913630480347695, "f_5": 0.5756343714598114, "f_6": 0.6503183628202488, "f_7": 0.7035771193133963, "f_8": 0.32060664111226084, "f_9": 0.2156533412087314}, "sample14": {"f_0": 0.4999999999999999, "f_1": 0.6979861236856697, "f_2": 0.6604132030635151, "f_3": 0.43642275844838085, "f_4": 0.22001245550708162, "f_5": 0.1684881332071984, "f_6": 0.2721335416398793, "f_7": 0.39212444331981666, "f_8": 0.4110209130292415, "f_9": 0.3365676590928491}, "sample15": {"f_0": 0.4999999999999999, "f_1": 0.6807992766083284, "f_2": 0.45022812789780803, "f_3": 0.3581039026825452, "f_4": 0.5991329110240072, "f_5": 0.6309131802633096, "f_6": 0.31630463249801755, "f_7": 0.141314888885398, "f_8": 0.20062574980135586, "f_9": 0.17192514038182238}, "sample16": {"f_0": 0.4999999999999999, "f_1": 0.1388926454453521, "f_2": 0.4251126045850367, "f_3": 0.14535914371754782, "f_4": 0.2888954881228746, "f_5": 0.4053482750612082, "f_6": 0.2845044937456567, "f_7": 0.6608460002307338, "f_8": 0.4821914023232611, "f_9": 0.5024640179662246}, "sample17": {"f_0": 0.4999999999999999, "f_1": 0.31314684057606657, "f_2": 0.16640947974810782, "f_3": 0.07205901329817994, "f_4": 0.017300679251593273, "f_5": 0.02619205701294994, "f_6": 0.11048010394208585, "f_7": 0.22828640510664774, "f_8": 0.35184791829944706, "f_9": 0.4967177575633178}, "sample18": {"f_0": 0.4999999999999999, "f_1": 0.3751718402748365, "f_2": 0.3247742906067883, "f_3": 0.33718648820383346, "f_4": 0.21275641395969222, "f_5": 0.06906904659180646, "f_6": 0.04180910292107239, "f_7": 0.06323678348553104, "f_8": 0.09339331242119078, "f_9": 0.1000720433080235}, "sample19": {"f_0": 0.4999999999999999, "f_1": 0.6870088477404706, "f_2": 0.7058307044746247, "f_3": 0.6977969439211111, "f_4": 0.6680180688846779, "f_5": 0.47968271974639043, "f_6": 0.22422408969937668, "f_7": 0.09090162850758332, "f_8": 0.05499392473021338, "f_9": 0.07706995990090403}, "sample20": {"f_0": 0.4999999999999999, "f_1": 0.0577204810149434, "f_2": 0.25119451084431343, "f_3": 0.4858710781867881, "f_4": 0.26382221624361313, "f_5": 0.07289220388523156, "f_6": 0.20187454248926381, "f_7": 0.24803127988527712, "f_8": 0.2201957915994627, "f_9": 0.29686691814555827}, "sample21": {"f_0": 0.4999999999999999, "f_1": 0.24721102135605727, "f_2": 0.21381596504968375, "f_3": 0.21099822879860916, "f_4": 0.2536566730813961, "f_5": 0.29673512041507644, "f_6": 0.3427406237029249, "f_7": 0.4334034838980967, "f_8": 0.5356546340321937, "f_9": 0.29292491503671125}, "sample22": {"f_0": 0.4999999999999999, "f_1": 0.454682721455337, "f_2": 0.4100996889784918, "f_3": 0.36648787741886524, "f_4": 0.32131774368878696, "f_5": 0.2762335423776067, "f_6": 0.2348063030520177, "f_7": 0.1965896847155314, "f_8": 0.15998779864137008, "f_9": 0.1269992785025062}, "sample23": {"f_0": 0.4999999999999999, "f_1": 0.07449564652352644, "f_2": 0.2914866104976196, "f_3": 0.5974941164941154, "f_4": 0.29564714994535707, "f_5": 0.033486500354921914, "f_6": 0.21768258586924832, "f_7": 0.36366243918515595, "f_8": 0.18979385470408666, "f_9": 0.09399122610278834}, "sample24": {"f_0": 0.4999999999999999, "f_1": 0.47917150418291304, "f_2": 0.44327925912252564, "f_3": 0.43837144430226643, "f_4": 0.4216408184573498, "f_5": 0.342675041533279, "f_6": 0.2319932573700743, "f_7": 0.15641885212361148, "f_8": 0.1420047487452508, "f_9": 0.18147091641102436}, "sample25": {"f_0": 0.4999999999999999, "f_1": 0.0717720110301091, "f_2": 0.05716911877875356, "f_3": 0.41411789521891584, "f_4": 0.5742235852345943, "f_5": 0.5241713405305043, "f_6": 0.18642549082817367, "f_7": 0.050906149916308464, "f_8": 0.2072293424677956, "f_9": 0.5848937244527819}, "sample26": {"f_0": 0.4999999999999999, "f_1": 0.3764899369648209, "f_2": 0.28551670491917147, "f_3": 0.3889128910947508, "f_4": 0.42201631051763205, "f_5": 0.5522997010214966, "f_6": 0.4758147207193211, "f_7": 0.42777508477609044, "f_8": 0.3555461290093188, "f_9": 0.2864280394541542}, "sample27": {"f_0": 0.4999999999999999, "f_1": 0.38420362741298775, "f_2": 0.2870349034868074, "f_3": 0.2941588617865421, "f_4": 0.26820345240085974, "f_5": 0.296887491410714, "f_6": 0.32722449373756685,