{"sample0": {"f_0": 0.9999999999999996, "f_1": 0.672009519589872, "f_2": 0.23481674234372898, "f_3": 0.2195935471952702, "f_4": 0.26666896181054456, "f_5": 0.2326929754328724, "f_6": 0.49706681202389014, "f_7": 0.8068797318859948}, "sample1": {"f_0": 0.9999999999999996, "f_1": 0.6088744089312582, "f_2": 0.14253416381488299, "f_3": 0.25100608558975324, "f_4": 0.483604056217535, "f_5": 0.4128971943963891, "f_6": 0.3106874135889779, "f_7": 0.33281103606384616}, "sample2": {"f_0": 0.9999999999999996, "f_1": 0.817901799251832, "f_2": 0.49035793409121975, "f_3": 0.30339067246614104, "f_4": 0.30061331609499303, "f_5": 0.4362972971751107, "f_6": 0.5523776016712546, "f_7": 0.4715754759706032}, "sample3": {"f_0": 0.9999999999999996, "f_1": 0.7755639078048617, "f_2": 0.35032557181849727, "f_3": 0.17386028773195564, "f_4": 0.38400311049982405, "f_5": 0.6927590559785647, "f_6": 0.7506183279350449, "f_7": 0.5100716857855195}, "sample4": {"f_0": 0.9999999999999996, "f_1": 0.9743080410428012, "f_2": 0.9110819748625518, "f_3": 0.8395100652459979, "f_4": 0.7788340375830324, "f_5": 0.7239988785650895, "f_6": 0.6550266018673889, "f_7": 0.5599569202378285}, "sample5": {"f_0": 0.9999999999999996, "f_1": 0.6015608746397173, "f_2": 0.20013148037069547, "f_3": 0.2962714889300765, "f_4": 0.2789638396823695, "f_5": 0.3075057101402628, "f_6": 0.5792833539277156, "f_7": 0.4361245390809731}, "sample6": {"f_0": 0.9999999999999996, "f_1": 0.7175191627945194, "f_2": 0.3227046196671676, "f_3": 0.25494557739100543, "f_4": 0.22486830622966186, "f_5": 0.14551788858176506, "f_6": 0.3728438286003352, "f_7": 0.7084114049472992}, "sample7": {"f_0": 0.9999999999999996, "f_1": 0.8335623905633136, "f_2": 0.6073620877928508, "f_3": 0.5252238348018426, "f_4": 0.37061048958905946, "f_5": 0.15429406233280146, "f_6": 0.09896276241539301, "f_7": 0.1326877899439994}, "sample8": {"f_0": 0.9999999999999996, "f_1": 0.899398071619531, "f_2": 0.6531499631798394, "f_3": 0.38083553184793023, "f_4": 0.1839919990501414, "f_5": 0.11659371354501337, "f_6": 0.19975092888986934, "f_7": 0.4149620604547355}, "sample9": {"f_0": 0.9999999999999996, "f_1": 0.7760303795534625, "f_2": 0.4892395683566425, "f_3": 0.4615872025589901, "f_4": 0.39528583581078763, "f_5": 0.18266577069459664, "f_6": 0.07096688098085469, "f_7": 0.09157521947962426}, "sample10": {"f_0": 0.9999999999999996, "f_1": 0.9204766376726508, "f_2": 0.7763752042445222, "f_3": 0.676893833599774, "f_4": 0.5778546792461839, "f_5": 0.42648766241356695, "f_6": 0.28543551456818894, "f_7": 0.2227647905314845}, "sample11": {"f_0": 0.9999999999999996, "f_1": 0.8143700424484345, "f_2": 0.4484022858010424, "f_3": 0.2475742867435572, "f_4": 0.31798275769708884, "f_5": 0.45235520232352217, "f_6": 0.4333194799854905, "f_7": 0.2944242772417071}, "sample12": {"f_0": 0.9999999999999996, "f_1": 0.6651210250635243, "f_2": 0.24955814176614077, "f_3": 0.2519633916451738, "f_4": 0.2524383499830093, "f_5": 0.23476342132087005, "f_6": 0.5719873478050177, "f_7": 0.7976266933609403}, "sample13": {"f_0": 0.9999999999999996, "f_1": 0.769604334337406, "f_2": 0.3534783885773232, "f_3": 0.19111014185214448, "f_4": 0.3103489831382496, "f_5": 0.39646189979079904, "f_6": 0.31894822045453314, "f_7": 0.2673767762704219}, "sample14": {"f_0": 0.9999999999999996, "f_1": 0.7483273030453133, "f_2": 0.30572160696797607, "f_3": 0.14276249643311847, "f_4": 0.25327865228855406, "f_5": 0.317351980204498, "f_6": 0.260954891233243, "f_7": 0.289400065048567}, "sample15": {"f_0": 0.9999999999999996, "f_1": 0.871863642812514, "f_2": 0.5896720160521794, "f_3": 0.3414004631214944, "f_4": 0.2224617013486655, "f_5": 0.2294595749995889, "f_6": 0.3445608793218537, "f_7": 0.5195947969467931}, "sample16": {"f_0": 0.9999999999999996, "f_1": 0.8874572628353024, "f_2": 0.6812836707946054, "f_3": 0.5611764067124345, "f_4": 0.5017579440114637, "f_5": 0.39323494146168875, "f_6": 0.24559066153158762, "f_7": 0.14464815166562334}, "sample17": {"f_0": 0.9999999999999996, "f_1": 0.7274666786111238, "f_2": 0.2795867206200815, "f_3": 0.11539911933908183, "f_4": 0.21825764377629722, "f_5": 0.4007295960643097, "f_6": 0.4807956883112768, "f_7": 0.4301144749691262}, "sample18": {"f_0": 0.9999999999999996, "f_1": 0.9472563947449516, "f_2": 0.8212940856704639, "f_3": 0.6910256966563292, "f_4": 0.6041466556220301, "f_5": 0.5523281635244661, "f_6": 0.4898100801709063, "f_7": 0.38531304351697376}, "sample19": {"f_0": 0.9999999999999996, "f_1": 0.8292348402485186, "f_2": 0.5616428290602961, "f_3": 0.49267985634716266, "f_4": 0.48287695444872475, "f_5": 0.31102639078991196, "f_6": 0.1350240408440337, "f_7": 0.1866366317699374}, "sample20": {"f_0": 0.9999999999999996, "f_1": 0.9431025818654573, "f_2": 0.789576786040839, "f_3": 0.5850137328727174, "f_4": 0.387871552257368, "f_5": 0.24994447780317064, "f_6": 0.19988975882887325, "f_7": 0.23555276056194832}, "sample21": {"f_0": 0.9999999999999996, "f_1": 0.8870419411374871, "f_2": 0.6306172211005305, "f_3": 0.4094914792662626, "f_4": 0.3524882309133478, "f_5": 0.44017524668275715, "f_6": 0.5354346417534025, "f_7": 0.5099604491477272}, "sample22": {"f_0": 0.9999999999999996, "f_1": 0.7456037750932386, "f_2": 0.39348601003154243, "f_3": 0.46561573343341833, "f_4": 0.7198582948772729, "f_5": 0.6243123868900603, "f_6": 0.2811122571479798, "f_7": 0.1892141501523522}, "sample23": {"f_0": 0.9999999999999996, "f_1": 0.9770088442800666, "f_2": 0.9160473339144092, "f_3": 0.8354328918558525, "f_4": 0.751222062607084, "f_5": 0.6677802300920088, "f_6": 0.5786764935513813, "f_7": 0.4765203644595381}, "sample24": {"f_0": 0.9999999999999996, "f_1": 0.7433310778187543, "f_2": 0.4147160904286058, "f_3": 0.36589721510632034, "f_4": 0.47152939090568285, "f_5": 0.563721102056543, "f_6": 0.4985464960908935, "f_7": 0.5355360713046065}, "sample25": {"f_0": 0.9999999999999996, "f_1": 0.9304938673888161, "f_2": 0.7660280533282287, "f_3": 0.5993782390863432, "f_4": 0.49566826127644376, "f_5": 0.4551407786255104, "f_6": 0.4397605764809712, "f_7": 0.4192008574598653}, "sample26": {"f_0": 0.9999999999999996, "f_1": 0.9492339102277314, "f_2": 0.8243691023343193, "f_3": 0.6838379447848101, "f_4": 0.5685202649012044, "f_5": 0.4747840058640302, "f_6": 0.3729487257035457, "f_7": 0.24981587903291994}, "sample27": {"f_0": 0.9999999999999996, "f_1": 0.8117450642307752, "f_2": 0.4184563696125078, "f_3": 0.14433412425450678, "f_4": 0.15850820527705484, "f_5": 0.3906734732827827, "f_6": 0.6330697110486594, "f_7": 0.6896472270063064}, "sample28": {"f_0": 0.9999999999999996, "f_1": 0.7603530861737857, "f_2": 0.49700234088312273, "f_3": 0.45738593143773304, "f_4": 0.29935252663137296, "f_5": 0.10254482080536678, "f_6": 0.07044550162747691, "f_7": 0.10167214554732584}, "sample29": {"f_0": 0.9999999999999996, "f_1": 0.9979709861509938, "f_2": 0.9925087733670647, "f_3": 0.9849670304238239, "f_4": 0.9763070304558498, "f_5": 0.966324396339412, "f_6": 0.9538739235386768, "f_7": 0.9378951500084556}, "sample30": {"f_0": 0.9999999999999996, "f_1": 0.8164181035769321, "f_2": 0.42786092467439135, "f_3": 0.16305278851436966, "f_4": 0.21379326375308533, "f_5": 0.49098326483715954, "f_6": 0.7409618502608084, "f_7": 0.766346318221153}, "sample31": {"f_0": 0.9999999999999996, "f_1": 0.9704804930018658, "f_2": 0.8917895532530712, "f_3": 0.788325308771176, "f_4": 0.6867715886118032, "f_5": 0.604478699678464, "f_6": 0.5449978121021299, "f_7": 0.5018814173956282}, "sample32": {"f_0": 0.9999999999999996, "f_1": 0.7606927394111032, "f_2": 0.4521136494444821, "f_3": 0.3485413818987782, "f_4": 0.16628723785364338, "f_5": 0.05650388887240563, "f_6": 0.2566031308271259, "f_7": 0.44992328866054604}, "sample33": {"f_0": 0.9999999999999996, "f_1": 0.6547087536438199, "f_2": 0.3605099840092757, "f_3": 0.26719652957895884, "f_4": 0.06072708796078273, "f_5": 0.23764872181387617, "f_6": 0.4542689792307133, "f_7": 0.5722958610880161}, "sample34": {"f_0": 0.9999999999999996, "f_1": 0.8879791473584993, "f_2": 0.7019221083814198, "f_3": 0.5922966721389069,