{"sample0": {"f_0": 0.045166015625, "f_1": 0.077880859375, "f_2": 0.20361328125, "f_3": 0.186279296875, "f_4": 0.08154296875, "f_5": 0.1787109375, "f_6": 0.44580078125, "f_7": 0.240478515625, "f_8": 0.158203125, "f_9": 0.320556640625}, "sample1": {"f_0": 0.048828125, "f_1": 0.05078125, "f_2": 0.080810546875, "f_3": 0.103759765625, "f_4": 0.121337890625, "f_5": 0.1943359375, "f_6": 0.267822265625, "f_7": 0.244873046875, "f_8": 0.296875, "f_9": 0.349365234375}, "sample2": {"f_0": 0.0478515625, "f_1": 0.2666015625, "f_2": 0.163330078125, "f_3": 0.193603515625, "f_4": 0.113037109375, "f_5": 0.18603515625, "f_6": 0.068115234375, "f_7": 0.2138671875, "f_8": 0.252197265625, "f_9": 0.188720703125}, "sample3": {"f_0": 0.038330078125, "f_1": 0.1103515625, "f_2": 0.11328125, "f_3": 0.300048828125, "f_4": 0.403076171875, "f_5": 0.094482421875, "f_6": 0.255615234375, "f_7": 0.069091796875, "f_8": 0.1572265625, "f_9": 0.17724609375}, "sample4": {"f_0": 0.045166015625, "f_1": 0.11572265625, "f_2": 0.276123046875, "f_3": 0.320068359375, "f_4": 0.230712890625, "f_5": 0.156005859375, "f_6": 0.079833984375, "f_7": 0.08447265625, "f_8": 0.184814453125, "f_9": 0.271484375}, "sample5": {"f_0": 0.048828125, "f_1": 0.148193359375, "f_2": 0.132568359375, "f_3": 0.19189453125, "f_4": 0.419677734375, "f_5": 0.181884765625, "f_6": 0.211669921875, "f_7": 0.068359375, "f_8": 0.10546875, "f_9": 0.139892578125}, "sample6": {"f_0": 0.05078125, "f_1": 0.0576171875, "f_2": 0.099609375, "f_3": 0.110595703125, "f_4": 0.24462890625, "f_5": 0.198974609375, "f_6": 0.209716796875, "f_7": 0.212646484375, "f_8": 0.183837890625, "f_9": 0.294677734375}, "sample7": {"f_0": 0.0478515625, "f_1": 0.20703125, "f_2": 0.2138671875, "f_3": 0.120361328125, "f_4": 0.234375, "f_5": 0.23486328125, "f_6": 0.191650390625, "f_7": 0.240234375, "f_8": 0.0986328125, "f_9": 0.08837890625}, "sample8": {"f_0": 0.02392578125, "f_1": 0.270751953125, "f_2": 0.207763671875, "f_3": 0.25244140625, "f_4": 0.045166015625, "f_5": 0.230224609375, "f_6": 0.10546875, "f_7": 0.27099609375, "f_8": 0.11865234375, "f_9": 0.218505859375}, "sample9": {"f_0": 0.0400390625, "f_1": 0.0703125, "f_2": 0.2265625, "f_3": 0.254638671875, "f_4": 0.138916015625, "f_5": 0.13232421875, "f_6": 0.218017578125, "f_7": 0.434326171875, "f_8": 0.4375, "f_9": 0.251708984375}, "sample10": {"f_0": 0.040283203125, "f_1": 0.06982421875, "f_2": 0.107177734375, "f_3": 0.130615234375, "f_4": 0.331298828125, "f_5": 0.381103515625, "f_6": 0.204345703125, "f_7": 0.31982421875, "f_8": 0.30810546875, "f_9": 0.119140625}, "sample11": {"f_0": 0.046875, "f_1": 0.15234375, "f_2": 0.37646484375, "f_3": 0.36279296875, "f_4": 0.096923828125, "f_5": 0.068115234375, "f_6": 0.103515625, "f_7": 0.286376953125, "f_8": 0.423583984375, "f_9": 0.15087890625}, "sample12": {"f_0": 0.034423828125, "f_1": 0.0732421875, "f_2": 0.12890625, "f_3": 0.143310546875, "f_4": 0.185791015625, "f_5": 0.286865234375, "f_6": 0.345458984375, "f_7": 0.27392578125, "f_8": 0.186279296875, "f_9": 0.17236328125}, "sample13": {"f_0": 0.04150390625, "f_1": 0.12451171875, "f_2": 0.12646484375, "f_3": 0.157470703125, "f_4": 0.378173828125, "f_5": 0.1728515625, "f_6": 0.100830078125, "f_7": 0.136962890625, "f_8": 0.113037109375, "f_9": 0.376708984375}, "sample14": {"f_0": 0.044189453125, "f_1": 0.101318359375, "f_2": 0.198974609375, "f_3": 0.234619140625, "f_4": 0.205322265625, "f_5": 0.147216796875, "f_6": 0.082763671875, "f_7": 0.134033203125, "f_8": 0.180419921875, "f_9": 0.205810546875}, "sample15": {"f_0": 0.051025390625, "f_1": 0.14892578125, "f_2": 0.1943359375, "f_3": 0.144775390625, "f_4": 0.172119140625, "f_5": 0.3515625, "f_6": 0.3857421875, "f_7": 0.20703125, "f_8": 0.127685546875, "f_9": 0.188232421875}, "sample16": {"f_0": 0.039306640625, "f_1": 0.170166015625, "f_2": 0.108154296875, "f_3": 0.090087890625, "f_4": 0.31103515625, "f_5": 0.154541015625, "f_6": 0.155517578125, "f_7": 0.290283203125, "f_8": 0.096923828125, "f_9": 0.164306640625}, "sample17": {"f_0": 0.038818359375, "f_1": 0.08251953125, "f_2": 0.14208984375, "f_3": 0.22265625, "f_4": 0.336181640625, "f_5": 0.4609375, "f_6": 0.492919921875, "f_7": 0.468994140625, "f_8": 0.406005859375, "f_9": 0.376708984375}, "sample18": {"f_0": 0.045166015625, "f_1": 0.056396484375, "f_2": 0.07958984375, "f_3": 0.143798828125, "f_4": 0.118408203125, "f_5": 0.173828125, "f_6": 0.302978515625, "f_7": 0.2744140625, "f_8": 0.1591796875, "f_9": 0.153564453125}, "sample19": {"f_0": 0.040771484375, "f_1": 0.084716796875, "f_2": 0.21533203125, "f_3": 0.247802734375, "f_4": 0.376953125, "f_5": 0.42529296875, "f_6": 0.367431640625, "f_7": 0.225341796875, "f_8": 0.10498046875, "f_9": 0.06787109375}, "sample20": {"f_0": 0.044677734375, "f_1": 0.17236328125, "f_2": 0.343994140625, "f_3": 0.301513671875, "f_4": 0.07275390625, "f_5": 0.13330078125, "f_6": 0.222900390625, "f_7": 0.234619140625, "f_8": 0.22412109375, "f_9": 0.2060546875}, "sample21": {"f_0": 0.048095703125, "f_1": 0.136962890625, "f_2": 0.1171875, "f_3": 0.303955078125, "f_4": 0.382080078125, "f_5": 0.115478515625, "f_6": 0.266357421875, "f_7": 0.06103515625, "f_8": 0.12353515625, "f_9": 0.1142578125}, "sample22": {"f_0": 0.047607421875, "f_1": 0.052734375, "f_2": 0.068115234375, "f_3": 0.078369140625, "f_4": 0.0888671875, "f_5": 0.0869140625, "f_6": 0.114990234375, "f_7": 0.147216796875, "f_8": 0.186767578125, "f_9": 0.17138671875}, "sample23": {"f_0": 0.041748046875, "f_1": 0.18115234375, "f_2": 0.337158203125, "f_3": 0.1796875, "f_4": 0.08642578125, "f_5": 0.222412109375, "f_6": 0.299072265625, "f_7": 0.1416015625, "f_8": 0.08349609375, "f_9": 0.16748046875}, "sample24": {"f_0": 0.05029296875, "f_1": 0.05712890625, "f_2": 0.057861328125, "f_3": 0.1044921875, "f_4": 0.114990234375, "f_5": 0.11279296875, "f_6": 0.128173828125, "f_7": 0.1796875, "f_8": 0.16552734375, "f_9": 0.139892578125}, "sample25": {"f_0": 0.052001953125, "f_1": 0.222412109375, "f_2": 0.253173828125, "f_3": 0.33740234375, "f_4": 0.103271484375, "f_5": 0.202392578125, "f_6": 0.2646484375, "f_7": 0.40283203125, "f_8": 0.26904296875, "f_9": 0.112060546875}, "sample26": {"f_0": 0.040771484375, "f_1": 0.0732421875, "f_2": 0.071533203125, "f_3": 0.103759765625, "f_4": 0.23193359375, "f_5": 0.16748046875, "f_6": 0.138671875, "f_7": 0.108642578125, "f_8": 0.111083984375, "f_9": 0.19384765625}, "sample27": {"f_0": 0.049072265625, "f_1": 0.05712890625, "f_2": 0.12841796875, "f_3": 0.22216796875, "f_4": 0.1103515625, "f_5": 0.06298828125, "f_6": 0.0771484375, "f_7": 0.0732421875, "f_8": 0.150146484375, "f_9": 0.18017578125}, "sample28": {"f_0": 0.045654296875, "f_1": 0.193115234375, "f_2": 0.34375, "f_3": 0.194091796875, "f_4": 0.06884765625, "f_5": 0.07958984375, "f_6": 0.197998046875, "f_7": 0.231689453125, "f_8": 0.20361328125, "f_9": 0.11865234375}, "sample29": {"f_0": 0.042236328125, "f_1": 0.087158203125, "f_2": 0.11279296875, "f_3": 0.127685546875, "f_4": 0.131103515625, "f_5": 0.2744140625, "f_6": 0.38330078125, "f_7": 0.297607421875, "f_8": 0.2216796875, "f_9": 0.25390625}, "sample30": {"f_0": 0.043212890625, "f_1": 0.08984375, "f_2": 0.200439453125, "f_3": 0.10498046875, "f_4": 0.11376953125, "f_5": 0.1806640625, "f_6": 0.182373046875, "f_7": 0.1435546875, "f_8": 0.1552734375, "f_9": 0.299072265625}, "sample31": {"f_0": 0.04345703125, "f_1": 0.15234375, "f_2": 0.27490234375, "f_3": 0.25146484375, "f_4": 0.170654296875, "f_5": 0.167724609375, "f_6": 0.183349609375, "f_7": 0.1279296875, "f_8": 0.126220703125, "f_9": 0.26806640625}, "sample32": {"f_0": 0.044189453125, "f_1": 0.1484375, "f_2": 0.379638671875, "f_3": 0.289306640625, "f_4": 0.125, "f_5": 0.242919921875, "f_6": 0.275634765625, "f_7": 0.147216796875, "f_8": 0.08740234375, "f_9": 0.111083984375}, "sample33": {"f_0": 0.037841796875, "f_1": 0.052734375, "f_2": 0.10498046875, "f_3": 0.141357421875, "f_4": 0.238037109375, "f_5": 0.247314453125, "f_6": 0.30615234375, "f_7": 0.362548828125, "f_8": 0.342529296875, "f_9": 0.37451171875}, "sample34": {"f_0": 0.0380859375,