{"sample0": {"f_0": 0.49609375, "f_1": 0.2568359375, "f_2": 0.1298828125, "f_3": 0.0849609375, "f_4": 0.28515625, "f_5": 0.283203125, "f_6": 0.134765625, "f_7": 0.12890625, "f_8": 0.322265625, "f_9": 0.4521484375}, "sample1": {"f_0": 0.505859375, "f_1": 0.5537109375, "f_2": 0.521484375, "f_3": 0.49609375, "f_4": 0.5009765625, "f_5": 0.439453125, "f_6": 0.32421875, "f_7": 0.2568359375, "f_8": 0.220703125, "f_9": 0.171875}, "sample2": {"f_0": 0.5087890625, "f_1": 0.0947265625, "f_2": 0.25, "f_3": 0.404296875, "f_4": 0.2080078125, "f_5": 0.4765625, "f_6": 0.2734375, "f_7": 0.1787109375, "f_8": 0.333984375, "f_9": 0.646484375}, "sample3": {"f_0": 0.4912109375, "f_1": 0.44140625, "f_2": 0.35546875, "f_3": 0.359375, "f_4": 0.0595703125, "f_5": 0.1767578125, "f_6": 0.169921875, "f_7": 0.2666015625, "f_8": 0.5029296875, "f_9": 0.23828125}, "sample4": {"f_0": 0.486328125, "f_1": 0.599609375, "f_2": 0.4951171875, "f_3": 0.3046875, "f_4": 0.099609375, "f_5": 0.1171875, "f_6": 0.251953125, "f_7": 0.375, "f_8": 0.408203125, "f_9": 0.3349609375}, "sample5": {"f_0": 0.49609375, "f_1": 0.173828125, "f_2": 0.3076171875, "f_3": 0.1005859375, "f_4": 0.4658203125, "f_5": 0.50390625, "f_6": 0.2294921875, "f_7": 0.333984375, "f_8": 0.130859375, "f_9": 0.19140625}, "sample6": {"f_0": 0.5029296875, "f_1": 0.4326171875, "f_2": 0.326171875, "f_3": 0.3798828125, "f_4": 0.283203125, "f_5": 0.16796875, "f_6": 0.4013671875, "f_7": 0.3193359375, "f_8": 0.4267578125, "f_9": 0.634765625}, "sample7": {"f_0": 0.5087890625, "f_1": 0.0703125, "f_2": 0.203125, "f_3": 0.2548828125, "f_4": 0.111328125, "f_5": 0.2314453125, "f_6": 0.2587890625, "f_7": 0.33984375, "f_8": 0.5556640625, "f_9": 0.248046875}, "sample8": {"f_0": 0.5029296875, "f_1": 0.0673828125, "f_2": 0.21484375, "f_3": 0.4091796875, "f_4": 0.3955078125, "f_5": 0.1103515625, "f_6": 0.2333984375, "f_7": 0.1708984375, "f_8": 0.291015625, "f_9": 0.2705078125}, "sample9": {"f_0": 0.505859375, "f_1": 0.388671875, "f_2": 0.298828125, "f_3": 0.3291015625, "f_4": 0.4306640625, "f_5": 0.5390625, "f_6": 0.3583984375, "f_7": 0.2431640625, "f_8": 0.2333984375, "f_9": 0.2392578125}, "sample10": {"f_0": 0.5048828125, "f_1": 0.2626953125, "f_2": 0.2802734375, "f_3": 0.1904296875, "f_4": 0.1171875, "f_5": 0.2626953125, "f_6": 0.162109375, "f_7": 0.111328125, "f_8": 0.2265625, "f_9": 0.2392578125}, "sample11": {"f_0": 0.478515625, "f_1": 0.171875, "f_2": 0.3818359375, "f_3": 0.3125, "f_4": 0.2021484375, "f_5": 0.2119140625, "f_6": 0.35546875, "f_7": 0.2431640625, "f_8": 0.3876953125, "f_9": 0.208984375}, "sample12": {"f_0": 0.5068359375, "f_1": 0.5791015625, "f_2": 0.509765625, "f_3": 0.4365234375, "f_4": 0.4423828125, "f_5": 0.3515625, "f_6": 0.1748046875, "f_7": 0.060546875, "f_8": 0.07421875, "f_9": 0.0830078125}, "sample13": {"f_0": 0.5126953125, "f_1": 0.1474609375, "f_2": 0.216796875, "f_3": 0.1953125, "f_4": 0.4775390625, "f_5": 0.734375, "f_6": 0.29296875, "f_7": 0.353515625, "f_8": 0.19921875, "f_9": 0.1923828125}, "sample14": {"f_0": 0.494140625, "f_1": 0.671875, "f_2": 0.58984375, "f_3": 0.392578125, "f_4": 0.2177734375, "f_5": 0.1865234375, "f_6": 0.236328125, "f_7": 0.33203125, "f_8": 0.34765625, "f_9": 0.306640625}, "sample15": {"f_0": 0.5205078125, "f_1": 0.6328125, "f_2": 0.4326171875, "f_3": 0.2861328125, "f_4": 0.49609375, "f_5": 0.5498046875, "f_6": 0.265625, "f_7": 0.140625, "f_8": 0.185546875, "f_9": 0.1796875}, "sample16": {"f_0": 0.4931640625, "f_1": 0.1083984375, "f_2": 0.44140625, "f_3": 0.1767578125, "f_4": 0.2939453125, "f_5": 0.546875, "f_6": 0.203125, "f_7": 0.552734375, "f_8": 0.4453125, "f_9": 0.232421875}, "sample17": {"f_0": 0.498046875, "f_1": 0.2958984375, "f_2": 0.1650390625, "f_3": 0.0712890625, "f_4": 0.041015625, "f_5": 0.052734375, "f_6": 0.14453125, "f_7": 0.232421875, "f_8": 0.3115234375, "f_9": 0.41015625}, "sample18": {"f_0": 0.48046875, "f_1": 0.3720703125, "f_2": 0.2978515625, "f_3": 0.3251953125, "f_4": 0.2197265625, "f_5": 0.1015625, "f_6": 0.056640625, "f_7": 0.083984375, "f_8": 0.1259765625, "f_9": 0.1142578125}, "sample19": {"f_0": 0.4775390625, "f_1": 0.662109375, "f_2": 0.6240234375, "f_3": 0.6015625, "f_4": 0.560546875, "f_5": 0.3837890625, "f_6": 0.154296875, "f_7": 0.0625, "f_8": 0.1240234375, "f_9": 0.1572265625}, "sample20": {"f_0": 0.51171875, "f_1": 0.06640625, "f_2": 0.2216796875, "f_3": 0.4111328125, "f_4": 0.2939453125, "f_5": 0.1279296875, "f_6": 0.0966796875, "f_7": 0.318359375, "f_8": 0.37890625, "f_9": 0.2099609375}, "sample21": {"f_0": 0.50390625, "f_1": 0.17578125, "f_2": 0.2421875, "f_3": 0.0791015625, "f_4": 0.494140625, "f_5": 0.513671875, "f_6": 0.2568359375, "f_7": 0.357421875, "f_8": 0.0927734375, "f_9": 0.2666015625}, "sample22": {"f_0": 0.482421875, "f_1": 0.458984375, "f_2": 0.37890625, "f_3": 0.3486328125, "f_4": 0.2919921875, "f_5": 0.2548828125, "f_6": 0.2314453125, "f_7": 0.208984375, "f_8": 0.1552734375, "f_9": 0.13671875}, "sample23": {"f_0": 0.49609375, "f_1": 0.0869140625, "f_2": 0.3056640625, "f_3": 0.5615234375, "f_4": 0.2890625, "f_5": 0.0654296875, "f_6": 0.15625, "f_7": 0.28515625, "f_8": 0.19921875, "f_9": 0.1103515625}, "sample24": {"f_0": 0.484375, "f_1": 0.4296875, "f_2": 0.4169921875, "f_3": 0.396484375, "f_4": 0.4072265625, "f_5": 0.3349609375, "f_6": 0.2568359375, "f_7": 0.169921875, "f_8": 0.1376953125, "f_9": 0.19140625}, "sample25": {"f_0": 0.4990234375, "f_1": 0.0517578125, "f_2": 0.125, "f_3": 0.28125, "f_4": 0.5439453125, "f_5": 0.07421875, "f_6": 0.15234375, "f_7": 0.1884765625, "f_8": 0.5244140625, "f_9": 0.2626953125}, "sample26": {"f_0": 0.4736328125, "f_1": 0.3974609375, "f_2": 0.275390625, "f_3": 0.427734375, "f_4": 0.2724609375, "f_5": 0.1796875, "f_6": 0.52734375, "f_7": 0.4072265625, "f_8": 0.37890625, "f_9": 0.619140625}, "sample27": {"f_0": 0.5146484375, "f_1": 0.3623046875, "f_2": 0.265625, "f_3": 0.291015625, "f_4": 0.2578125, "f_5": 0.28125, "f_6": 0.3017578125, "f_7": 0.2470703125, "f_8": 0.2802734375, "f_9": 0.30859375}, "sample28": {"f_0": 0.482421875, "f_1": 0.076171875, "f_2": 0.2587890625, "f_3": 0.2861328125, "f_4": 0.3564453125, "f_5": 0.3203125, "f_6": 0.1767578125, "f_7": 0.3359375, "f_8": 0.2607421875, "f_9": 0.2060546875}, "sample29": {"f_0": 0.5087890625, "f_1": 0.1826171875, "f_2": 0.22265625, "f_3": 0.330078125, "f_4": 0.2158203125, "f_5": 0.173828125, "f_6": 0.4052734375, "f_7": 0.5029296875, "f_8": 0.3916015625, "f_9": 0.369140625}, "sample30": {"f_0": 0.470703125, "f_1": 0.2685546875, "f_2": 0.119140625, "f_3": 0.1572265625, "f_4": 0.3564453125, "f_5": 0.2724609375, "f_6": 0.048828125, "f_7": 0.1005859375, "f_8": 0.1728515625, "f_9": 0.1044921875}, "sample31": {"f_0": 0.505859375, "f_1": 0.69921875, "f_2": 0.48828125, "f_3": 0.2109375, "f_4": 0.18359375, "f_5": 0.212890625, "f_6": 0.130859375, "f_7": 0.130859375, "f_8": 0.2939453125, "f_9": 0.30078125}, "sample32": {"f_0": 0.478515625, "f_1": 0.1376953125, "f_2": 0.416015625, "f_3": 0.6943359375, "f_4": 0.2958984375, "f_5": 0.123046875, "f_6": 0.1904296875, "f_7": 0.236328125, "f_8": 0.2392578125, "f_9": 0.30859375}, "sample33": {"f_0": 0.509765625, "f_1": 0.392578125, "f_2": 0.2880859375, "f_3": 0.162109375, "f_4": 0.1181640625, "f_5": 0.0634765625, "f_6": 0.052734375, "f_7": 0.0703125, "f_8": 0.107421875, "f_9": 0.1533203125}, "sample34": {"f_0": 0.4853515625, "f_1": 0.0810546875, "f_2": 0.109375, "f_3": 0.2900390625, "f_4": 0.5380859375, "f_5": 0.083984375, "f_6": 0.1240234375, "f_7": 0.2451171875, "f_8": 0.5537109375, "f_9": 0.279296875}, "sample35": {"f_0": 0.498046875, "f_1": 0.669921875, "f_2": 0.6845703125, "f_3": 0.693359375, "f_4": 0.544921875, "f_5": 0.4169921875, "f_6": 0.3291015625, "f_7": 0.2275390625, "f_8": 0.1630859375, "f_9": 0.15234375}, "sample36": {"f_0": 0.4912109375, "f_1": 0.0986328125, "f_2": 0.3828125, "f_3": 0.21875, "f_4": 0.37109375, "f_5": 0.283203125, "f_6": 0.2890625, "f_7": 0.291015625, "f_8": 0.3134765625, "f_9": 0.2158203125}, "sample37": {"f_0": 0.486328125, "f_1": 0.55078125, "f_2": 0.58203125, "f_3": 0.62890625,