{"sample0": {"f_0": 0.483642578125, "f_1": 0.31640625, "f_2": 0.34130859375, "f_3": 0.48291015625, "f_4": 0.248046875, "f_5": 0.190673828125, "f_6": 0.452392578125, "f_7": 0.31005859375, "f_8": 0.164306640625, "f_9": 0.109619140625}, "sample1": {"f_0": 0.47216796875, "f_1": 0.36328125, "f_2": 0.270263671875, "f_3": 0.208740234375, "f_4": 0.1083984375, "f_5": 0.09912109375, "f_6": 0.154296875, "f_7": 0.1962890625, "f_8": 0.25048828125, "f_9": 0.35009765625}, "sample2": {"f_0": 0.493408203125, "f_1": 0.39794921875, "f_2": 0.200439453125, "f_3": 0.11572265625, "f_4": 0.294677734375, "f_5": 0.097900390625, "f_6": 0.352294921875, "f_7": 0.246337890625, "f_8": 0.15576171875, "f_9": 0.096435546875}, "sample3": {"f_0": 0.486083984375, "f_1": 0.162353515625, "f_2": 0.192138671875, "f_3": 0.17041015625, "f_4": 0.5517578125, "f_5": 0.43994140625, "f_6": 0.26123046875, "f_7": 0.250732421875, "f_8": 0.090087890625, "f_9": 0.196533203125}, "sample4": {"f_0": 0.46923828125, "f_1": 0.179931640625, "f_2": 0.106689453125, "f_3": 0.19287109375, "f_4": 0.388916015625, "f_5": 0.56103515625, "f_6": 0.520751953125, "f_7": 0.239990234375, "f_8": 0.12744140625, "f_9": 0.1728515625}, "sample5": {"f_0": 0.470458984375, "f_1": 0.357666015625, "f_2": 0.200927734375, "f_3": 0.358154296875, "f_4": 0.14453125, "f_5": 0.1064453125, "f_6": 0.19287109375, "f_7": 0.250244140625, "f_8": 0.426025390625, "f_9": 0.221435546875}, "sample6": {"f_0": 0.462158203125, "f_1": 0.3037109375, "f_2": 0.2919921875, "f_3": 0.16552734375, "f_4": 0.162109375, "f_5": 0.25537109375, "f_6": 0.105224609375, "f_7": 0.1240234375, "f_8": 0.108154296875, "f_9": 0.06103515625}, "sample7": {"f_0": 0.46728515625, "f_1": 0.581787109375, "f_2": 0.247314453125, "f_3": 0.31396484375, "f_4": 0.33544921875, "f_5": 0.19677734375, "f_6": 0.1962890625, "f_7": 0.135986328125, "f_8": 0.195068359375, "f_9": 0.476806640625}, "sample8": {"f_0": 0.4873046875, "f_1": 0.49609375, "f_2": 0.22998046875, "f_3": 0.107666015625, "f_4": 0.350341796875, "f_5": 0.34423828125, "f_6": 0.284423828125, "f_7": 0.26708984375, "f_8": 0.212890625, "f_9": 0.173583984375}, "sample9": {"f_0": 0.475830078125, "f_1": 0.251953125, "f_2": 0.188232421875, "f_3": 0.16162109375, "f_4": 0.13916015625, "f_5": 0.125244140625, "f_6": 0.12841796875, "f_7": 0.27587890625, "f_8": 0.3212890625, "f_9": 0.183349609375}, "sample10": {"f_0": 0.4677734375, "f_1": 0.3916015625, "f_2": 0.26513671875, "f_3": 0.33154296875, "f_4": 0.384033203125, "f_5": 0.251708984375, "f_6": 0.25927734375, "f_7": 0.34033203125, "f_8": 0.2392578125, "f_9": 0.228271484375}, "sample11": {"f_0": 0.45458984375, "f_1": 0.359619140625, "f_2": 0.18896484375, "f_3": 0.20458984375, "f_4": 0.3056640625, "f_5": 0.439208984375, "f_6": 0.150634765625, "f_7": 0.216796875, "f_8": 0.20263671875, "f_9": 0.203125}, "sample12": {"f_0": 0.46630859375, "f_1": 0.24267578125, "f_2": 0.1748046875, "f_3": 0.13134765625, "f_4": 0.12548828125, "f_5": 0.16455078125, "f_6": 0.346435546875, "f_7": 0.438720703125, "f_8": 0.4599609375, "f_9": 0.43994140625}, "sample13": {"f_0": 0.477783203125, "f_1": 0.451416015625, "f_2": 0.25830078125, "f_3": 0.28564453125, "f_4": 0.11328125, "f_5": 0.13134765625, "f_6": 0.24755859375, "f_7": 0.1591796875, "f_8": 0.27001953125, "f_9": 0.283935546875}, "sample14": {"f_0": 0.464111328125, "f_1": 0.212890625, "f_2": 0.066650390625, "f_3": 0.101318359375, "f_4": 0.22607421875, "f_5": 0.298583984375, "f_6": 0.21484375, "f_7": 0.157958984375, "f_8": 0.1162109375, "f_9": 0.143310546875}, "sample15": {"f_0": 0.47998046875, "f_1": 0.119140625, "f_2": 0.11328125, "f_3": 0.213623046875, "f_4": 0.11669921875, "f_5": 0.081298828125, "f_6": 0.2783203125, "f_7": 0.31884765625, "f_8": 0.235595703125, "f_9": 0.2275390625}, "sample16": {"f_0": 0.4658203125, "f_1": 0.38818359375, "f_2": 0.201416015625, "f_3": 0.408203125, "f_4": 0.1982421875, "f_5": 0.09912109375, "f_6": 0.24072265625, "f_7": 0.07568359375, "f_8": 0.131103515625, "f_9": 0.15380859375}, "sample17": {"f_0": 0.467041015625, "f_1": 0.58935546875, "f_2": 0.623291015625, "f_3": 0.651123046875, "f_4": 0.622314453125, "f_5": 0.555419921875, "f_6": 0.394287109375, "f_7": 0.28466796875, "f_8": 0.203857421875, "f_9": 0.094482421875}, "sample18": {"f_0": 0.48974609375, "f_1": 0.420654296875, "f_2": 0.266845703125, "f_3": 0.203369140625, "f_4": 0.29052734375, "f_5": 0.430419921875, "f_6": 0.49267578125, "f_7": 0.41162109375, "f_8": 0.351806640625, "f_9": 0.440185546875}, "sample19": {"f_0": 0.48779296875, "f_1": 0.250732421875, "f_2": 0.10546875, "f_3": 0.063720703125, "f_4": 0.086669921875, "f_5": 0.21923828125, "f_6": 0.373779296875, "f_7": 0.427734375, "f_8": 0.37890625, "f_9": 0.31396484375}, "sample20": {"f_0": 0.460205078125, "f_1": 0.552490234375, "f_2": 0.27734375, "f_3": 0.123291015625, "f_4": 0.348876953125, "f_5": 0.55419921875, "f_6": 0.390380859375, "f_7": 0.152587890625, "f_8": 0.10009765625, "f_9": 0.1982421875}, "sample21": {"f_0": 0.470458984375, "f_1": 0.317138671875, "f_2": 0.23974609375, "f_3": 0.4560546875, "f_4": 0.103759765625, "f_5": 0.152099609375, "f_6": 0.15576171875, "f_7": 0.276123046875, "f_8": 0.490234375, "f_9": 0.16015625}, "sample22": {"f_0": 0.474853515625, "f_1": 0.47607421875, "f_2": 0.49169921875, "f_3": 0.513671875, "f_4": 0.593505859375, "f_5": 0.56298828125, "f_6": 0.590087890625, "f_7": 0.519287109375, "f_8": 0.546630859375, "f_9": 0.593505859375}, "sample23": {"f_0": 0.486083984375, "f_1": 0.562255859375, "f_2": 0.20556640625, "f_3": 0.1123046875, "f_4": 0.401611328125, "f_5": 0.5, "f_6": 0.281494140625, "f_7": 0.192138671875, "f_8": 0.372314453125, "f_9": 0.398193359375}, "sample24": {"f_0": 0.46923828125, "f_1": 0.410400390625, "f_2": 0.294921875, "f_3": 0.208740234375, "f_4": 0.20751953125, "f_5": 0.2158203125, "f_6": 0.23828125, "f_7": 0.28076171875, "f_8": 0.322265625, "f_9": 0.243896484375}, "sample25": {"f_0": 0.48388671875, "f_1": 0.499755859375, "f_2": 0.378662109375, "f_3": 0.202880859375, "f_4": 0.20751953125, "f_5": 0.5615234375, "f_6": 0.298095703125, "f_7": 0.31591796875, "f_8": 0.0673828125, "f_9": 0.29345703125}, "sample26": {"f_0": 0.482421875, "f_1": 0.305419921875, "f_2": 0.310546875, "f_3": 0.2109375, "f_4": 0.1591796875, "f_5": 0.303466796875, "f_6": 0.132568359375, "f_7": 0.132568359375, "f_8": 0.1435546875, "f_9": 0.09814453125}, "sample27": {"f_0": 0.47412109375, "f_1": 0.34765625, "f_2": 0.208740234375, "f_3": 0.20068359375, "f_4": 0.220947265625, "f_5": 0.41064453125, "f_6": 0.549072265625, "f_7": 0.35400390625, "f_8": 0.1767578125, "f_9": 0.153564453125}, "sample28": {"f_0": 0.487060546875, "f_1": 0.49267578125, "f_2": 0.216064453125, "f_3": 0.156982421875, "f_4": 0.468017578125, "f_5": 0.544677734375, "f_6": 0.236083984375, "f_7": 0.161865234375, "f_8": 0.164306640625, "f_9": 0.50390625}, "sample29": {"f_0": 0.4765625, "f_1": 0.51025390625, "f_2": 0.26318359375, "f_3": 0.202392578125, "f_4": 0.291748046875, "f_5": 0.294677734375, "f_6": 0.156494140625, "f_7": 0.087646484375, "f_8": 0.1328125, "f_9": 0.09326171875}, "sample30": {"f_0": 0.4833984375, "f_1": 0.356201171875, "f_2": 0.38330078125, "f_3": 0.42138671875, "f_4": 0.1748046875, "f_5": 0.19091796875, "f_6": 0.53955078125, "f_7": 0.41650390625, "f_8": 0.223876953125, "f_9": 0.33984375}, "sample31": {"f_0": 0.472900390625, "f_1": 0.150390625, "f_2": 0.092529296875, "f_3": 0.2607421875, "f_4": 0.2734375, "f_5": 0.245361328125, "f_6": 0.294189453125, "f_7": 0.305908203125, "f_8": 0.1669921875, "f_9": 0.14990234375}, "sample32": {"f_0": 0.488525390625, "f_1": 0.44677734375, "f_2": 0.14404296875, "f_3": 0.0595703125, "f_4": 0.220947265625, "f_5": 0.333984375, "f_6": 0.281982421875, "f_7": 0.2275390625, "f_8": 0.218017578125, "f_9": 0.19287109375}, "sample33": {"f_0": 0.48486328125, "f_1": 0.54736328125, "f_2": 0.596923828125, "f_3": 0.616943359375, "f_4": 0.666748046875, "f_5": 0.589111328125, "f_6": 0.57275390625, "f_7": 0.471435546875, "f_8": 0.38916015625, "f_9": 0.3017578125}, "sample34": {"f_0": 0.4755859375,