{"sample0": {"f_0": 0.4999999999999998, "f_1": 0.099485561067601, "f_2": 0.09963593311579855, "f_3": 0.2721401065349974, "f_4": 0.28061107143510233, "f_5": 0.39823884797878306, "f_6": 0.636958269792223, "f_7": 0.5053428755828993}, "sample1": {"f_0": 0.4999999999999998, "f_1": 0.07565902932791285, "f_2": 0.16335577290868003, "f_3": 0.4176981392615989, "f_4": 0.3114546569516675, "f_5": 0.14413227873434228, "f_6": 0.17487295677549014, "f_7": 0.18705879469872597}, "sample2": {"f_0": 0.4999999999999998, "f_1": 0.4912809911173773, "f_2": 0.4326221247599082, "f_3": 0.41195124620915197, "f_4": 0.35582784160054765, "f_5": 0.3020977642283116, "f_6": 0.31197480779475756, "f_7": 0.3611033078401722}, "sample3": {"f_0": 0.4999999999999998, "f_1": 0.20866824093294095, "f_2": 0.10487755976612442, "f_3": 0.34557063987143694, "f_4": 0.6859237799205412, "f_5": 0.7526122795958362, "f_6": 0.4818161235277655, "f_7": 0.17675664680131634}, "sample4": {"f_0": 0.4999999999999998, "f_1": 0.4311693055955143, "f_2": 0.36210443527649067, "f_3": 0.3087480772605763, "f_4": 0.26943697299499025, "f_5": 0.2307120314487446, "f_6": 0.18439800178253513, "f_7": 0.13858386572926978}, "sample5": {"f_0": 0.4999999999999998, "f_1": 0.7150286030440179, "f_2": 0.37526397032280273, "f_3": 0.21333574523477078, "f_4": 0.24462932196064896, "f_5": 0.118326291103722, "f_6": 0.209023493801701, "f_7": 0.40199448080409755}, "sample6": {"f_0": 0.4999999999999998, "f_1": 0.12332001844877258, "f_2": 0.06964300725049156, "f_3": 0.15965138682885235, "f_4": 0.16611277500598984, "f_5": 0.3189505105085627, "f_6": 0.5662547526234104, "f_7": 0.48408026289135}, "sample7": {"f_0": 0.4999999999999998, "f_1": 0.3016289814718573, "f_2": 0.22632010794555074, "f_3": 0.21086629632365422, "f_4": 0.13271389844458892, "f_5": 0.18725251058517062, "f_6": 0.3752503362239576, "f_7": 0.44842558691237283}, "sample8": {"f_0": 0.4999999999999998, "f_1": 0.30436809107114693, "f_2": 0.12760062150466367, "f_3": 0.059969329677757574, "f_4": 0.12428165852546365, "f_5": 0.2782174249954303, "f_6": 0.46570432428860287, "f_7": 0.6376001250074437}, "sample9": {"f_0": 0.4999999999999998, "f_1": 0.5353679051049479, "f_2": 0.34672263499268313, "f_3": 0.2614399161826533, "f_4": 0.3398232922319586, "f_5": 0.38803413351103744, "f_6": 0.3085408767760924, "f_7": 0.23410691374168446}, "sample10": {"f_0": 0.4999999999999998, "f_1": 0.42497063081957714, "f_2": 0.3678761005506436, "f_3": 0.34043299577803615, "f_4": 0.2709659189366184, "f_5": 0.18175992933093213, "f_6": 0.15348046219047967, "f_7": 0.16200232460968658}, "sample11": {"f_0": 0.4999999999999998, "f_1": 0.7059334556655211, "f_2": 0.6251433531422355, "f_3": 0.3787084962726414, "f_4": 0.23975006382792538, "f_5": 0.3089567617455033, "f_6": 0.4289068442033076, "f_7": 0.41973273183680054}, "sample12": {"f_0": 0.4999999999999998, "f_1": 0.7277469030804092, "f_2": 0.46646905791626103, "f_3": 0.26539859028358254, "f_4": 0.26848489187490654, "f_5": 0.13392072140632963, "f_6": 0.11053072293221629, "f_7": 0.42783793389067026}, "sample13": {"f_0": 0.4999999999999998, "f_1": 0.15692272410857677, "f_2": 0.05584291639500677, "f_3": 0.2120204293763832, "f_4": 0.3324084622503256, "f_5": 0.2780147763167175, "f_6": 0.21983246358381187, "f_7": 0.290614385567114}, "sample14": {"f_0": 0.4999999999999998, "f_1": 0.13960171913652902, "f_2": 0.0549110629373721, "f_3": 0.24414161841181012, "f_4": 0.3661883845807358, "f_5": 0.3070603970992841, "f_6": 0.27998785115936, "f_7": 0.36450536923341886}, "sample15": {"f_0": 0.4999999999999998, "f_1": 0.3802484149130807, "f_2": 0.23459089946446704, "f_3": 0.17322956213779772, "f_4": 0.18512438808476278, "f_5": 0.19149685953731255, "f_6": 0.1750603134432405, "f_7": 0.16737714470211487}, "sample16": {"f_0": 0.4999999999999998, "f_1": 0.5111049230896565, "f_2": 0.40917978148262396, "f_3": 0.31982162887761684, "f_4": 0.3225268259603202, "f_5": 0.39307987039730136, "f_6": 0.45652206274459006, "f_7": 0.4543064737175045}, "sample17": {"f_0": 0.4999999999999998, "f_1": 0.5757801531017914, "f_2": 0.42517856780861374, "f_3": 0.23579514210074118, "f_4": 0.11159961192020436, "f_5": 0.15623709646678205, "f_6": 0.26450307779941973, "f_7": 0.23811292700957384}, "sample18": {"f_0": 0.4999999999999998, "f_1": 0.3735551958961509, "f_2": 0.260429565318226, "f_3": 0.19549528195839105, "f_4": 0.17087122016652162, "f_5": 0.15255747845565792, "f_6": 0.12052290486084428, "f_7": 0.0926810402816276}, "sample19": {"f_0": 0.4999999999999998, "f_1": 0.6089669781915861, "f_2": 0.49559950972384237, "f_3": 0.3926914559543784, "f_4": 0.4332932527399198, "f_5": 0.4435654485065074, "f_6": 0.28825065271172706, "f_7": 0.10563855718603651}, "sample20": {"f_0": 0.4999999999999998, "f_1": 0.32909885222053686, "f_2": 0.17473056231051548, "f_3": 0.07727333938873779, "f_4": 0.05685702118057727, "f_5": 0.10767270313679983, "f_6": 0.20152283888157818, "f_7": 0.2990547350194719}, "sample21": {"f_0": 0.4999999999999998, "f_1": 0.268153099131772, "f_2": 0.11022083136940268, "f_3": 0.09296086348971004, "f_4": 0.16364616748972025, "f_5": 0.21062691532671052, "f_6": 0.1694580875425946, "f_7": 0.07770267296500012}, "sample22": {"f_0": 0.4999999999999998, "f_1": 0.6140762496265092, "f_2": 0.3811132495154815, "f_3": 0.200888290604583, "f_4": 0.3504576231732575, "f_5": 0.5448678377809176, "f_6": 0.4435847237047434, "f_7": 0.18755474188190246}, "sample23": {"f_0": 0.4999999999999998, "f_1": 0.5993720031982085, "f_2": 0.6744275512790404, "f_3": 0.7242484596063368, "f_4": 0.7578828716781667, "f_5": 0.7848443625105181, "f_6": 0.8055286460590325, "f_7": 0.8094555574788834}, "sample24": {"f_0": 0.4999999999999998, "f_1": 0.40969356962146886, "f_2": 0.22469765124543192, "f_3": 0.20508521918684172, "f_4": 0.441513162843961, "f_5": 0.7516674541827939, "f_6": 0.6692373669546612, "f_7": 0.42254408443102937}, "sample25": {"f_0": 0.4999999999999998, "f_1": 0.4999392591132049, "f_2": 0.4278068175379253, "f_3": 0.32760647525426984, "f_4": 0.2506064014019891, "f_5": 0.22597975844425328, "f_6": 0.26317319606632855, "f_7": 0.3591675905193171}, "sample26": {"f_0": 0.4999999999999998, "f_1": 0.3399945025158659, "f_2": 0.20245515924391777, "f_3": 0.11466818814384691, "f_4": 0.06809491757019524, "f_5": 0.04062363981821326, "f_6": 0.027714290256997592, "f_7": 0.04907374510953452}, "sample27": {"f_0": 0.4999999999999998, "f_1": 0.7040392714901805, "f_2": 0.6561940703374464, "f_3": 0.4163616414016203, "f_4": 0.16918138559181894, "f_5": 0.10473123988566606, "f_6": 0.2724235360158674, "f_7": 0.5095892330717832}, "sample28": {"f_0": 0.4999999999999998, "f_1": 0.5073540811176906, "f_2": 0.32019913095016417, "f_3": 0.29258372010394706, "f_4": 0.39840613546681536, "f_5": 0.40953016917356644, "f_6": 0.3142271040181199, "f_7": 0.330317314609565}, "sample29": {"f_0": 0.4999999999999998, "f_1": 0.5250490594784372, "f_2": 0.5482301859403155, "f_3": 0.5699383166600938, "f_4": 0.5910436461056389, "f_5": 0.6120486785134862, "f_6": 0.6325368941711469, "f_7": 0.6513966982123338}, "sample30": {"f_0": 0.4999999999999998, "f_1": 0.6844378767530992, "f_2": 0.610922503031939, "f_3": 0.3518135092143547, "f_4": 0.11583289146307996, "f_5": 0.08199423619401512, "f_6": 0.2773956639066421, "f_7": 0.5572937163711905}, "sample31": {"f_0": 0.4999999999999998, "f_1": 0.4763718463282318, "f_2": 0.4236984391783799, "f_3": 0.35407627644889084, "f_4": 0.2846584302854144, "f_5": 0.22978636345423334, "f_6": 0.19712374416329392, "f_7": 0.1887045900975354}, "sample32": {"f_0": 0.4999999999999998, "f_1": 0.7051682362243279, "f_2": 0.6018725461226022, "f_3": 0.5688582287425985, "f_4": 0.5461675473221603, "f_5": 0.2731476936852847, "f_6": 0.05805117181221774, "f_7": 0.0852340162616831}, "sample33": {"f_0": 0.4999999999999998, "f_1": 0.10396487844192745, "f_2": 0.08322038091615838, "f_3": 0.07141813302231699, "f_4": 0.2781746287549929, "f_5": 0.5830818477754032, "f_6": 0.5253521329956685, "f_7": 0.49132310319995653}, "sample34": {"f_0": 0.4999999999999998, "f_1": 0.43051771517145854,