{"sample0": {"f_0": 1.0, "f_1": 0.5693359375, "f_2": 0.2509765625, "f_3": 0.4482421875, "f_4": 0.5126953125, "f_5": 0.314453125, "f_6": 0.1123046875, "f_7": 0.1953125, "f_8": 0.3623046875, "f_9": 0.2421875}, "sample1": {"f_0": 1.0, "f_1": 0.931640625, "f_2": 0.8037109375, "f_3": 0.6943359375, "f_4": 0.5693359375, "f_5": 0.3681640625, "f_6": 0.23046875, "f_7": 0.19140625, "f_8": 0.14453125, "f_9": 0.111328125}, "sample2": {"f_0": 1.0, "f_1": 0.294921875, "f_2": 0.31640625, "f_3": 0.38671875, "f_4": 0.5244140625, "f_5": 0.4248046875, "f_6": 0.70703125, "f_7": 0.2177734375, "f_8": 0.1875, "f_9": 0.60546875}, "sample3": {"f_0": 1.0, "f_1": 0.5712890625, "f_2": 0.4580078125, "f_3": 0.20703125, "f_4": 0.2333984375, "f_5": 0.6298828125, "f_6": 0.2197265625, "f_7": 0.5068359375, "f_8": 0.3896484375, "f_9": 0.2705078125}, "sample4": {"f_0": 1.0, "f_1": 0.7548828125, "f_2": 0.3134765625, "f_3": 0.138671875, "f_4": 0.302734375, "f_5": 0.6279296875, "f_6": 0.8828125, "f_7": 0.64453125, "f_8": 0.40625, "f_9": 0.2060546875}, "sample5": {"f_0": 1.0, "f_1": 0.4775390625, "f_2": 0.435546875, "f_3": 0.302734375, "f_4": 0.10546875, "f_5": 0.48828125, "f_6": 0.21875, "f_7": 0.5859375, "f_8": 0.6298828125, "f_9": 0.3427734375}, "sample6": {"f_0": 1.0, "f_1": 0.7783203125, "f_2": 0.6025390625, "f_3": 0.5029296875, "f_4": 0.2265625, "f_5": 0.3046875, "f_6": 0.3330078125, "f_7": 0.267578125, "f_8": 0.4296875, "f_9": 0.3828125}, "sample7": {"f_0": 1.0, "f_1": 0.537109375, "f_2": 0.2333984375, "f_3": 0.451171875, "f_4": 0.30859375, "f_5": 0.234375, "f_6": 0.2841796875, "f_7": 0.2412109375, "f_8": 0.6259765625, "f_9": 0.818359375}, "sample8": {"f_0": 1.0, "f_1": 0.3369140625, "f_2": 0.3037109375, "f_3": 0.2255859375, "f_4": 0.8056640625, "f_5": 0.2958984375, "f_6": 0.4853515625, "f_7": 0.224609375, "f_8": 0.451171875, "f_9": 0.2666015625}, "sample9": {"f_0": 1.0, "f_1": 0.64453125, "f_2": 0.287109375, "f_3": 0.2353515625, "f_4": 0.4560546875, "f_5": 0.65234375, "f_6": 0.349609375, "f_7": 0.0625, "f_8": 0.06640625, "f_9": 0.228515625}, "sample10": {"f_0": 1.0, "f_1": 0.6982421875, "f_2": 0.513671875, "f_3": 0.513671875, "f_4": 0.169921875, "f_5": 0.0849609375, "f_6": 0.267578125, "f_7": 0.169921875, "f_8": 0.1806640625, "f_9": 0.40234375}, "sample11": {"f_0": 1.0, "f_1": 0.404296875, "f_2": 0.119140625, "f_3": 0.1337890625, "f_4": 0.560546875, "f_5": 0.765625, "f_6": 0.4951171875, "f_7": 0.123046875, "f_8": 0.072265625, "f_9": 0.3076171875}, "sample12": {"f_0": 1.0, "f_1": 0.8662109375, "f_2": 0.599609375, "f_3": 0.458984375, "f_4": 0.375, "f_5": 0.154296875, "f_6": 0.1533203125, "f_7": 0.2939453125, "f_8": 0.4189453125, "f_9": 0.466796875}, "sample13": {"f_0": 1.0, "f_1": 0.5595703125, "f_2": 0.4111328125, "f_3": 0.3447265625, "f_4": 0.1904296875, "f_5": 0.7421875, "f_6": 0.5615234375, "f_7": 0.4921875, "f_8": 0.4482421875, "f_9": 0.103515625}, "sample14": {"f_0": 1.0, "f_1": 0.8564453125, "f_2": 0.5009765625, "f_3": 0.2509765625, "f_4": 0.224609375, "f_5": 0.3603515625, "f_6": 0.505859375, "f_7": 0.4794921875, "f_8": 0.361328125, "f_9": 0.25390625}, "sample15": {"f_0": 1.0, "f_1": 0.6796875, "f_2": 0.3388671875, "f_3": 0.4326171875, "f_4": 0.55078125, "f_5": 0.283203125, "f_6": 0.08203125, "f_7": 0.248046875, "f_8": 0.37109375, "f_9": 0.2724609375}, "sample16": {"f_0": 1.0, "f_1": 0.390625, "f_2": 0.5537109375, "f_3": 0.6669921875, "f_4": 0.1376953125, "f_5": 0.5439453125, "f_6": 0.3291015625, "f_7": 0.3359375, "f_8": 0.6259765625, "f_9": 0.2880859375}, "sample17": {"f_0": 1.0, "f_1": 0.939453125, "f_2": 0.8037109375, "f_3": 0.62890625, "f_4": 0.4638671875, "f_5": 0.2666015625, "f_6": 0.1259765625, "f_7": 0.0732421875, "f_8": 0.060546875, "f_9": 0.125}, "sample18": {"f_0": 1.0, "f_1": 0.7900390625, "f_2": 0.5390625, "f_3": 0.4091796875, "f_4": 0.45703125, "f_5": 0.4169921875, "f_6": 0.30078125, "f_7": 0.28515625, "f_8": 0.4365234375, "f_9": 0.5732421875}, "sample19": {"f_0": 1.0, "f_1": 0.857421875, "f_2": 0.623046875, "f_3": 0.3857421875, "f_4": 0.2548828125, "f_5": 0.0849609375, "f_6": 0.107421875, "f_7": 0.291015625, "f_8": 0.4658203125, "f_9": 0.5986328125}, "sample20": {"f_0": 1.0, "f_1": 0.53515625, "f_2": 0.1279296875, "f_3": 0.212890625, "f_4": 0.6328125, "f_5": 0.6865234375, "f_6": 0.345703125, "f_7": 0.220703125, "f_8": 0.2490234375, "f_9": 0.259765625}, "sample21": {"f_0": 1.0, "f_1": 0.4111328125, "f_2": 0.4365234375, "f_3": 0.2919921875, "f_4": 0.158203125, "f_5": 0.623046875, "f_6": 0.1875, "f_7": 0.7275390625, "f_8": 0.638671875, "f_9": 0.3720703125}, "sample22": {"f_0": 1.0, "f_1": 0.998046875, "f_2": 0.984375, "f_3": 0.96484375, "f_4": 0.9541015625, "f_5": 0.908203125, "f_6": 0.849609375, "f_7": 0.8173828125, "f_8": 0.7763671875, "f_9": 0.6884765625}, "sample23": {"f_0": 1.0, "f_1": 0.544921875, "f_2": 0.1513671875, "f_3": 0.451171875, "f_4": 0.7109375, "f_5": 0.455078125, "f_6": 0.1728515625, "f_7": 0.37109375, "f_8": 0.6513671875, "f_9": 0.4853515625}, "sample24": {"f_0": 1.0, "f_1": 0.9228515625, "f_2": 0.74609375, "f_3": 0.599609375, "f_4": 0.509765625, "f_5": 0.4658203125, "f_6": 0.435546875, "f_7": 0.3818359375, "f_8": 0.341796875, "f_9": 0.3662109375}, "sample25": {"f_0": 1.0, "f_1": 0.4619140625, "f_2": 0.263671875, "f_3": 0.1396484375, "f_4": 0.6982421875, "f_5": 0.576171875, "f_6": 0.2451171875, "f_7": 0.09375, "f_8": 0.31640625, "f_9": 0.5751953125}, "sample26": {"f_0": 1.0, "f_1": 0.6884765625, "f_2": 0.564453125, "f_3": 0.5595703125, "f_4": 0.2177734375, "f_5": 0.353515625, "f_6": 0.64453125, "f_7": 0.447265625, "f_8": 0.51171875, "f_9": 0.576171875}, "sample27": {"f_0": 1.0, "f_1": 0.7490234375, "f_2": 0.400390625, "f_3": 0.283203125, "f_4": 0.4384765625, "f_5": 0.8017578125, "f_6": 0.94140625, "f_7": 0.69921875, "f_8": 0.412109375, "f_9": 0.35546875}, "sample28": {"f_0": 1.0, "f_1": 0.466796875, "f_2": 0.1201171875, "f_3": 0.2421875, "f_4": 0.931640625, "f_5": 0.93359375, "f_6": 0.23046875, "f_7": 0.208984375, "f_8": 0.2412109375, "f_9": 0.7822265625}, "sample29": {"f_0": 1.0, "f_1": 0.736328125, "f_2": 0.396484375, "f_3": 0.4951171875, "f_4": 0.46484375, "f_5": 0.2177734375, "f_6": 0.1181640625, "f_7": 0.2763671875, "f_8": 0.3115234375, "f_9": 0.2431640625}, "sample30": {"f_0": 1.0, "f_1": 0.6240234375, "f_2": 0.3720703125, "f_3": 0.5693359375, "f_4": 0.4541015625, "f_5": 0.2568359375, "f_6": 0.5205078125, "f_7": 0.5068359375, "f_8": 0.3212890625, "f_9": 0.1669921875}, "sample31": {"f_0": 1.0, "f_1": 0.7001953125, "f_2": 0.26171875, "f_3": 0.2216796875, "f_4": 0.333984375, "f_5": 0.3037109375, "f_6": 0.271484375, "f_7": 0.4306640625, "f_8": 0.408203125, "f_9": 0.17578125}, "sample32": {"f_0": 1.0, "f_1": 0.4912109375, "f_2": 0.1728515625, "f_3": 0.4453125, "f_4": 0.4921875, "f_5": 0.265625, "f_6": 0.1884765625, "f_7": 0.35546875, "f_8": 0.4951171875, "f_9": 0.5283203125}, "sample33": {"f_0": 1.0, "f_1": 0.9677734375, "f_2": 0.9013671875, "f_3": 0.826171875, "f_4": 0.669921875, "f_5": 0.546875, "f_6": 0.435546875, "f_7": 0.30859375, "f_8": 0.1845703125, "f_9": 0.130859375}, "sample34": {"f_0": 1.0, "f_1": 0.40234375, "f_2": 0.263671875, "f_3": 0.1171875, "f_4": 0.6904296875, "f_5": 0.486328125, "f_6": 0.3359375, "f_7": 0.064453125, "f_8": 0.451171875, "f_9": 0.42578125}, "sample35": {"f_0": 1.0, "f_1": 0.9248046875, "f_2": 0.71875, "f_3": 0.4638671875, "f_4": 0.25, "f_5": 0.1240234375, "f_6": 0.1005859375, "f_7": 0.1591796875, "f_8": 0.2265625, "f_9": 0.27734375}, "sample36": {"f_0": 1.0, "f_1": 0.369140625, "f_2": 0.1455078125, "f_3": 0.2294921875, "f_4": 0.97265625, "f_5": 0.88671875, "f_6": 0.3193359375, "f_7": 0.2763671875, "f_8": 0.181640625, "f_9": 0.8876953125}, "sample37": {"f_0": 1.0, "f_1": 0.982421875, "f_2": 0.94140625, "f_3": 0.873046875, "f_4": 0.791015625, "f_5": 0.6875, "f_6": 0.619140625, "f_7": 0.5, "f_8": 0.3896484375, "f_9": 0.3134765625}, "sample38": {"f_0": 1.0, "f_1": 0.8720703125, "f_2": 0.6005859375, "f_3": 0.431640625, "f_4": 0.3779296875, "f_5": 0.216796875, "f_6": 0.091796875, "f_7": 0.140625, "f_8": 0.3564453125,