{"sample_id":{"0":0,"1":1,"2":2,"3":3,"4":4,"5":5,"6":6,"7":7,"8":8,"9":9,"10":10,"11":11,"12":12,"13":13,"14":14,"15":15,"16":16,"17":17,"18":18,"19":19,"20":20,"21":21,"22":22,"23":23,"24":24,"25":25,"26":26,"27":27,"28":28,"29":29,"30":30,"31":31,"32":32,"33":33,"34":34,"35":35,"36":36,"37":37,"38":38,"39":39},"f_0 Re":{"0":1.0,"1":1.0,"2":1.0,"3":1.0,"4":1.0,"5":1.0,"6":1.0,"7":1.0,"8":1.0,"9":1.0,"10":1.0,"11":1.0,"12":1.0,"13":1.0,"14":1.0,"15":1.0,"16":1.0,"17":1.0,"18":1.0,"19":1.0,"20":1.0,"21":1.0,"22":1.0,"23":1.0,"24":1.0,"25":1.0,"26":1.0,"27":1.0,"28":1.0,"29":1.0,"30":1.0,"31":1.0,"32":1.0,"33":1.0,"34":1.0,"35":1.0,"36":1.0,"37":1.0,"38":1.0,"39":1.0},"f_1 Re":{"0":0.9924532763,"1":0.9835112543,"2":0.9967835085,"3":0.9967828253,"4":0.9979554557,"5":0.9924174978,"6":0.9978663748,"7":0.9894201027,"8":1.001720539,"9":0.9958999524,"10":0.9943043918,"11":0.9951288003,"12":0.9940210859,"13":1.0001980095,"14":0.9943378116,"15":1.0024385283,"16":0.994841951,"17":0.9991375136,"18":0.9989931412,"19":0.9983988686,"20":0.9961209851,"21":0.9960809253,"22":0.9994138033,"23":0.998300539,"24":0.9859096339,"25":0.9920331844,"26":0.9959547249,"27":0.9997112685,"28":0.9942951436,"29":1.0001420259,"30":0.9950264766,"31":0.9979716675,"32":0.9963873151,"33":0.9816672008,"34":0.9936392234,"35":0.9853321729,"36":0.9989265477,"37":0.9858766856,"38":0.9956343121,"39":0.9996826907},"f_1 Im":{"0":-0.1069721909,"1":-0.1576122277,"2":0.0467897087,"3":-0.0769569132,"4":0.0726364068,"5":0.1249480041,"6":-0.0578876971,"7":-0.1156403451,"8":-0.0494941304,"9":0.0923447952,"10":0.1065954554,"11":-0.0766633599,"12":-0.0832441936,"13":-0.0633540202,"14":-0.0564538613,"15":0.0698348046,"16":-0.0548817261,"17":-0.0428908314,"18":-0.0360068653,"19":0.0541277134,"20":-0.0083498209,"21":-0.0247012429,"22":-0.0124289666,"23":-0.0117998353,"24":-0.0193954484,"25":-0.0343059899,"26":0.0809687376,"27":-0.0751345794,"28":0.0183693631,"29":-0.0098690315,"30":0.0185623203,"31":-0.0681806225,"32":0.0723952591,"33":-0.0396831679,"34":0.0146838964,"35":-0.1505081056,"36":-0.0342073589,"37":-0.1372950314,"38":0.01124218,"39":0.0326578067},"f_2 Re":{"0":0.9740754754,"1":0.9099309227,"2":0.9808580487,"3":0.9840113565,"4":0.9765052461,"5":0.9714505471,"6":0.9981035043,"7":0.9627281261,"8":0.9816399631,"9":0.9905742217,"10":0.9878528245,"11":0.9788878006,"12":0.957253539,"13":0.9946228091,"14":0.9735792559,"15":0.9746941485,"16":0.9808071448,"17":0.9978992023,"18":0.9950441642,"19":0.9881301974,"20":0.9824961498,"21":0.9828063536,"22":0.9867273905,"23":0.9842800597,"24":0.96545882,"25":0.9655015308,"26":0.9732382789,"27":0.9729870747,"28":0.9671411913,"29":1.0002143648,"30":0.9886122125,"31":0.9912811827,"32":0.9816621604,"33":0.9518462635,"34":0.9694612916,"35":0.9430749851,"36":0.9907078774,"37":0.9416105473,"38":0.9881935567,"39":0.990841346},"f_2 Im":{"0":-0.2273880026,"1":-0.3088162351,"2":0.121970147,"3":-0.1434136519,"4":0.0734064075,"5":0.2304974617,"6":-0.0995876791,"7":-0.1370744216,"8":-0.0316491037,"9":0.130714008,"10":0.1623085421,"11":-0.2139588368,"12":-0.248528547,"13":-0.0759616738,"14":-0.0374337163,"15":0.0305513277,"16":-0.0449757154,"17":-0.049594228,"18":-0.030200701,"19":0.0899871694,"20":-0.0387680149,"21":-0.0453939641,"22":-0.0113449516,"23":0.0323297335,"24":-0.0618870702,"25":-0.0811756484,"26":0.2194060543,"27":-0.0434769561,"28":0.0265252709,"29":-0.051972911,"30":0.0086765907,"31":-0.1096144089,"32":0.1783386707,"33":-0.1039306851,"34":0.0739896632,"35":-0.2695852795,"36":-0.0878985222,"37":-0.1928077127,"38":0.0016173942,"39":0.1253319492},"f_3 Re":{"0":0.9464914421,"1":0.7943498086,"2":0.9522427377,"3":0.9672662722,"4":0.9607059437,"5":0.9400055658,"6":0.9780843686,"7":0.933953443,"8":0.9589525764,"9":0.9859492517,"10":0.9669528518,"11":0.9678654505,"12":0.9300683082,"13":0.9910333304,"14":0.9466211451,"15":0.9649357682,"16":0.9387976202,"17":0.9935621226,"18":0.9886269769,"19":0.9648234004,"20":0.9556590246,"21":0.976940609,"22":0.9843921652,"23":0.9657861135,"24":0.9464779315,"25":0.9404905444,"26":0.9469618199,"27":0.9747448189,"28":0.955572645,"29":0.9968357178,"30":0.9920649872,"31":0.9755879029,"32":0.9670851003,"33":0.8845363723,"34":0.9387809381,"35":0.881478255,"36":0.96885572,"37":0.8864351017,"38":0.9668201048,"39":0.9870440938},"f_3 Im":{"0":-0.3220011525,"1":-0.4745946387,"2":0.1984626141,"3":-0.2787244474,"4":0.1294510249,"5":0.337331708,"6":-0.2123855832,"7":-0.2401820193,"8":-0.0220960144,"9":0.1692063028,"10":0.2601558254,"11":-0.2473466149,"12":-0.3148007766,"13":-0.0827267903,"14":-0.1087667173,"15":0.0303489373,"16":-0.0025854465,"17":-0.1147980182,"18":-0.0905433517,"19":0.1214522459,"20":-0.0882865259,"21":-0.0967806588,"22":-0.0337947661,"23":0.0168373638,"24":-0.082409087,"25":-0.1164076127,"26":0.3018264332,"27":-0.0804591876,"28":0.0607453879,"29":-0.0111551362,"30":-0.0037702185,"31":-0.2057813902,"32":0.2094072693,"33":-0.1438875306,"34":0.1299960321,"35":-0.3704202666,"36":-0.1023584995,"37":-0.2876094833,"38":-0.0046732872,"39":0.1707518775},"f_4 Re":{"0":0.907414643,"1":0.6648435818,"2":0.9237633673,"3":0.9330111796,"4":0.8959333145,"5":0.88514269,"6":0.9335088081,"7":0.8832000065,"8":0.9185767172,"9":0.9685678512,"10":0.9165227264,"11":0.9340785034,"12":0.8835721815,"13":0.9832676666,"14":0.8854388159,"15":0.9415236503,"16":0.9072114935,"17":0.9892318555,"18":0.9737861096,"19":0.9623522785,"20":0.9408787399,"21":0.9464510005,"22":0.9559034851,"23":0.9343391017,"24":0.9105067067,"25":0.9088562482,"26":0.8921024322,"27":0.969606803,"28":0.869412325,"29":1.000654542,"30":0.9705320831,"31":0.9626962847,"32":0.9334806695,"33":0.7980751194,"34":0.9223641416,"35":0.8044137779,"36":0.9617065701,"37":0.7878335164,"38":0.9458751152,"39":0.973647353},"f_4 Im":{"0":-0.4114900216,"1":-0.5831456882,"2":0.2593954013,"3":-0.3472146673,"4":0.1194113159,"5":0.4572953582,"6":-0.3150943628,"7":-0.2773152357,"8":-0.0268013054,"9":0.2521083084,"10":0.4000589047,"11":-0.3500600773,"12":-0.410515243,"13":-0.1432809743,"14":-0.1358104143,"15":0.1016385561,"16":-0.0028754741,"17":-0.1476543456,"18":-0.1182204025,"19":0.1317338805,"20":-0.0709817633,"21":-0.0851045197,"22":-0.0801146517,"23":0.0342786292,"24":-0.0702306777,"25":-0.1579786823,"26":0.3726839371,"27":-0.1499573189,"28":0.1222447567,"29":-0.0228790213,"30":0.0128135054,"31":-0.2537341613,"32":0.2858817051,"33":-0.1565271242,"34":0.136743461,"35":-0.4735380077,"36":-0.1881588489,"37":-0.3816762056,"38":-0.0138556207,"39":0.2332560165},"expected_value":{"0":0.2854403315,"1":1.4390682468,"2":3.9328492764,"3":0.4910688795,"4":3.3793070266,"5":4.6661254136,"6":0.6171002329,"7":0.8081007857,"8":1.8055772536,"9":2.2799671623,"10":3.4572977954,"11":0.3539225838,"12":0.4784477695,"13":0.7604668353,"14":1.4027753685,"15":2.4429237702,"16":1.8325875155,"17":0.5973704757,"18":0.8784979365,"19":1.9147828542,"20":1.2352942387,"21":1.349801856,"22":1.0184705111,"23":2.3015382594,"24":2.04235444,"25":1.1034830289,"26":4.0383838469,"27":0.8902389436,"28":2.5881677938,"29":0.9451085695,"30":1.3337625055,"31":0.4673265369,"32":2.9969701354,"33":1.4251745495,"34":2.6554488831,"35":0.8759471111,"36":0.6543945713,"37":1.0533589665,"38":1.277211214,"39":2.2581287146}}