{"sample0": {"f_0": 1.0, "f_1": 0.9990234375, "f_2": 1.0, "f_3": 0.998046875, "f_4": 0.9970703125}, "sample1": {"f_0": 1.0, "f_1": 0.994140625, "f_2": 0.947265625, "f_3": 0.890625, "f_4": 0.833984375}, "sample2": {"f_0": 1.0, "f_1": 0.9970703125, "f_2": 0.98046875, "f_3": 0.947265625, "f_4": 0.916015625}, "sample3": {"f_0": 1.0, "f_1": 1.0, "f_2": 0.994140625, "f_3": 0.994140625, "f_4": 0.9814453125}, "sample4": {"f_0": 1.0, "f_1": 0.9921875, "f_2": 0.9677734375, "f_3": 0.9453125, "f_4": 0.890625}, "sample5": {"f_0": 1.0, "f_1": 1.0, "f_2": 0.9990234375, "f_3": 0.998046875, "f_4": 0.9951171875}, "sample6": {"f_0": 1.0, "f_1": 0.998046875, "f_2": 0.99609375, "f_3": 0.9951171875, "f_4": 0.982421875}, "sample7": {"f_0": 1.0, "f_1": 0.9912109375, "f_2": 0.97265625, "f_3": 0.9453125, "f_4": 0.91796875}, "sample8": {"f_0": 1.0, "f_1": 0.9921875, "f_2": 0.96484375, "f_3": 0.9326171875, "f_4": 0.8837890625}, "sample9": {"f_0": 1.0, "f_1": 1.0, "f_2": 0.9990234375, "f_3": 0.9990234375, "f_4": 1.0}, "sample10": {"f_0": 1.0, "f_1": 1.0, "f_2": 1.0, "f_3": 1.0, "f_4": 1.0}, "sample11": {"f_0": 1.0, "f_1": 0.9990234375, "f_2": 0.9990234375, "f_3": 0.998046875, "f_4": 0.9951171875}, "sample12": {"f_0": 1.0, "f_1": 0.998046875, "f_2": 0.982421875, "f_3": 0.9775390625, "f_4": 0.9619140625}, "sample13": {"f_0": 1.0, "f_1": 1.0, "f_2": 0.9951171875, "f_3": 0.9931640625, "f_4": 0.9853515625}, "sample14": {"f_0": 1.0, "f_1": 0.9912109375, "f_2": 0.9736328125, "f_3": 0.919921875, "f_4": 0.8603515625}, "sample15": {"f_0": 1.0, "f_1": 0.9951171875, "f_2": 0.974609375, "f_3": 0.9560546875, "f_4": 0.912109375}, "sample16": {"f_0": 1.0, "f_1": 0.9892578125, "f_2": 0.9560546875, "f_3": 0.91796875, "f_4": 0.8720703125}, "sample17": {"f_0": 1.0, "f_1": 1.0, "f_2": 0.9990234375, "f_3": 1.0, "f_4": 1.0}, "sample18": {"f_0": 1.0, "f_1": 1.0, "f_2": 0.990234375, "f_3": 0.9912109375, "f_4": 0.9775390625}, "sample19": {"f_0": 1.0, "f_1": 0.9990234375, "f_2": 0.9892578125, "f_3": 0.9677734375, "f_4": 0.95703125}, "sample20": {"f_0": 1.0, "f_1": 0.9951171875, "f_2": 0.9716796875, "f_3": 0.9326171875, "f_4": 0.9140625}, "sample21": {"f_0": 1.0, "f_1": 0.99609375, "f_2": 0.9775390625, "f_3": 0.9619140625, "f_4": 0.9248046875}, "sample22": {"f_0": 1.0, "f_1": 0.998046875, "f_2": 0.9833984375, "f_3": 0.9833984375, "f_4": 0.94921875}, "sample23": {"f_0": 1.0, "f_1": 0.998046875, "f_2": 0.9765625, "f_3": 0.9541015625, "f_4": 0.908203125}, "sample24": {"f_0": 1.0, "f_1": 0.9853515625, "f_2": 0.9501953125, "f_3": 0.908203125, "f_4": 0.8525390625}, "sample25": {"f_0": 1.0, "f_1": 0.9912109375, "f_2": 0.9609375, "f_3": 0.9228515625, "f_4": 0.8837890625}, "sample26": {"f_0": 1.0, "f_1": 0.9990234375, "f_2": 0.9892578125, "f_3": 0.98046875, "f_4": 0.947265625}, "sample27": {"f_0": 1.0, "f_1": 0.998046875, "f_2": 0.9775390625, "f_3": 0.9765625, "f_4": 0.9580078125}, "sample28": {"f_0": 1.0, "f_1": 0.990234375, "f_2": 0.947265625, "f_3": 0.9208984375, "f_4": 0.84765625}, "sample29": {"f_0": 1.0, "f_1": 1.0, "f_2": 1.0, "f_3": 0.9970703125, "f_4": 0.9990234375}, "sample30": {"f_0": 1.0, "f_1": 0.99609375, "f_2": 0.9853515625, "f_3": 0.9794921875, "f_4": 0.95703125}, "sample31": {"f_0": 1.0, "f_1": 1.0, "f_2": 0.9970703125, "f_3": 0.99609375, "f_4": 0.9951171875}, "sample32": {"f_0": 1.0, "f_1": 0.998046875, "f_2": 0.9912109375, "f_3": 0.98828125, "f_4": 0.9736328125}, "sample33": {"f_0": 1.0, "f_1": 0.98046875, "f_2": 0.939453125, "f_3": 0.861328125, "f_4": 0.76953125}, "sample34": {"f_0": 1.0, "f_1": 0.990234375, "f_2": 0.9619140625, "f_3": 0.93359375, "f_4": 0.8828125}, "sample35": {"f_0": 1.0, "f_1": 0.9931640625, "f_2": 0.966796875, "f_3": 0.935546875, "f_4": 0.8935546875}, "sample36": {"f_0": 1.0, "f_1": 0.9990234375, "f_2": 0.9951171875, "f_3": 0.9765625, "f_4": 0.97265625}, "sample37": {"f_0": 1.0, "f_1": 0.986328125, "f_2": 0.953125, "f_3": 0.9033203125, "f_4": 0.8056640625}, "sample38": {"f_0": 1.0, "f_1": 0.99609375, "f_2": 0.9892578125, "f_3": 0.9638671875, "f_4": 0.93359375}, "sample39": {"f_0": 1.0, "f_1": 0.9990234375, "f_2": 0.9990234375, "f_3": 0.9990234375, "f_4": 0.9990234375}}