{
    "sample0": {
        "f_0": 0.4833984375,
        "f_1": 0.4501953125,
        "f_2": 0.361328125,
        "f_3": 0.3037109375,
        "f_4": 0.255859375,
        "f_5": 0.203125,
        "f_6": 0.2412109375,
        "f_7": 0.28125,
        "f_8": 0.322265625,
        "f_9": 0.4326171875,
        "f_10": 0.55859375,
        "f_11": 0.59375
    },
    "sample1": {
        "f_0": 0.513671875,
        "f_1": 0.640625,
        "f_2": 0.71875,
        "f_3": 0.6533203125,
        "f_4": 0.513671875,
        "f_5": 0.4072265625,
        "f_6": 0.326171875,
        "f_7": 0.2451171875,
        "f_8": 0.333984375,
        "f_9": 0.451171875,
        "f_10": 0.5771484375,
        "f_11": 0.634765625
    },
    "sample2": {
        "f_0": 0.4931640625,
        "f_1": 0.6298828125,
        "f_2": 0.7373046875,
        "f_3": 0.712890625,
        "f_4": 0.65234375,
        "f_5": 0.640625,
        "f_6": 0.509765625,
        "f_7": 0.435546875,
        "f_8": 0.357421875,
        "f_9": 0.3623046875,
        "f_10": 0.322265625,
        "f_11": 0.232421875
    },
    "sample3": {
        "f_0": 0.51171875,
        "f_1": 0.4560546875,
        "f_2": 0.3798828125,
        "f_3": 0.2919921875,
        "f_4": 0.26171875,
        "f_5": 0.2236328125,
        "f_6": 0.193359375,
        "f_7": 0.197265625,
        "f_8": 0.205078125,
        "f_9": 0.2392578125,
        "f_10": 0.2998046875,
        "f_11": 0.349609375
    },
    "sample4": {
        "f_0": 0.474609375,
        "f_1": 0.544921875,
        "f_2": 0.55859375,
        "f_3": 0.5859375,
        "f_4": 0.5302734375,
        "f_5": 0.5380859375,
        "f_6": 0.5126953125,
        "f_7": 0.4970703125,
        "f_8": 0.470703125,
        "f_9": 0.353515625,
        "f_10": 0.3525390625,
        "f_11": 0.29296875
    },
    "sample5": {
        "f_0": 0.4912109375,
        "f_1": 0.6435546875,
        "f_2": 0.6953125,
        "f_3": 0.625,
        "f_4": 0.443359375,
        "f_5": 0.3916015625,
        "f_6": 0.357421875,
        "f_7": 0.4306640625,
        "f_8": 0.533203125,
        "f_9": 0.6455078125,
        "f_10": 0.595703125,
        "f_11": 0.4560546875
    },
    "sample6": {
        "f_0": 0.4853515625,
        "f_1": 0.146484375,
        "f_2": 0.0556640625,
        "f_3": 0.158203125,
        "f_4": 0.2548828125,
        "f_5": 0.248046875,
        "f_6": 0.2158203125,
        "f_7": 0.1171875,
        "f_8": 0.103515625,
        "f_9": 0.2744140625,
        "f_10": 0.353515625,
        "f_11": 0.28125
    },
    "sample7": {
        "f_0": 0.494140625,
        "f_1": 0.431640625,
        "f_2": 0.306640625,
        "f_3": 0.21875,
        "f_4": 0.2392578125,
        "f_5": 0.23828125,
        "f_6": 0.2294921875,
        "f_7": 0.248046875,
        "f_8": 0.2568359375,
        "f_9": 0.2451171875,
        "f_10": 0.3076171875,
        "f_11": 0.3310546875
    },
    "sample8": {
        "f_0": 0.5146484375,
        "f_1": 0.2822265625,
        "f_2": 0.123046875,
        "f_3": 0.0673828125,
        "f_4": 0.1328125,
        "f_5": 0.283203125,
        "f_6": 0.4091796875,
        "f_7": 0.447265625,
        "f_8": 0.4375,
        "f_9": 0.29296875,
        "f_10": 0.173828125,
        "f_11": 0.0927734375
    },
    "sample9": {
        "f_0": 0.48828125,
        "f_1": 0.4970703125,
        "f_2": 0.4423828125,
        "f_3": 0.3984375,
        "f_4": 0.3837890625,
        "f_5": 0.322265625,
        "f_6": 0.3369140625,
        "f_7": 0.33203125,
        "f_8": 0.2890625,
        "f_9": 0.3095703125,
        "f_10": 0.31640625,
        "f_11": 0.31640625
    },
    "sample10": {
        "f_0": 0.5244140625,
        "f_1": 0.361328125,
        "f_2": 0.2099609375,
        "f_3": 0.1259765625,
        "f_4": 0.0751953125,
        "f_5": 0.05859375,
        "f_6": 0.05859375,
        "f_7": 0.0810546875,
        "f_8": 0.109375,
        "f_9": 0.1240234375,
        "f_10": 0.177734375,
        "f_11": 0.287109375
    },
    "sample11": {
        "f_0": 0.4990234375,
        "f_1": 0.5166015625,
        "f_2": 0.4931640625,
        "f_3": 0.4609375,
        "f_4": 0.462890625,
        "f_5": 0.498046875,
        "f_6": 0.470703125,
        "f_7": 0.47265625,
        "f_8": 0.4873046875,
        "f_9": 0.4814453125,
        "f_10": 0.4873046875,
        "f_11": 0.4599609375
    },
    "sample12": {
        "f_0": 0.4814453125,
        "f_1": 0.541015625,
        "f_2": 0.5576171875,
        "f_3": 0.5830078125,
        "f_4": 0.6044921875,
        "f_5": 0.6376953125,
        "f_6": 0.6533203125,
        "f_7": 0.673828125,
        "f_8": 0.681640625,
        "f_9": 0.7119140625,
        "f_10": 0.728515625,
        "f_11": 0.74609375
    },
    "sample13": {
        "f_0": 0.4833984375,
        "f_1": 0.5302734375,
        "f_2": 0.4638671875,
        "f_3": 0.328125,
        "f_4": 0.2607421875,
        "f_5": 0.2607421875,
        "f_6": 0.2421875,
        "f_7": 0.2275390625,
        "f_8": 0.2568359375,
        "f_9": 0.2841796875,
        "f_10": 0.29296875,
        "f_11": 0.306640625
    },
    "sample14": {
        "f_0": 0.5126953125,
        "f_1": 0.3271484375,
        "f_2": 0.1796875,
        "f_3": 0.0693359375,
        "f_4": 0.046875,
        "f_5": 0.0498046875,
        "f_6": 0.1259765625,
        "f_7": 0.201171875,
        "f_8": 0.263671875,
        "f_9": 0.31640625,
        "f_10": 0.326171875,
        "f_11": 0.3818359375
    },
    "sample15": {
        "f_0": 0.490234375,
        "f_1": 0.6884765625,
        "f_2": 0.71484375,
        "f_3": 0.564453125,
        "f_4": 0.3662109375,
        "f_5": 0.2666015625,
        "f_6": 0.1953125,
        "f_7": 0.1796875,
        "f_8": 0.1923828125,
        "f_9": 0.18359375,
        "f_10": 0.1650390625,
        "f_11": 0.21484375
    },
    "sample16": {
        "f_0": 0.505859375,
        "f_1": 0.7060546875,
        "f_2": 0.701171875,
        "f_3": 0.5703125,
        "f_4": 0.392578125,
        "f_5": 0.3935546875,
        "f_6": 0.2919921875,
        "f_7": 0.25390625,
        "f_8": 0.2373046875,
        "f_9": 0.263671875,
        "f_10": 0.2529296875,
        "f_11": 0.2216796875
    },
    "sample17": {
        "f_0": 0.501953125,
        "f_1": 0.3203125,
        "f_2": 0.1650390625,
        "f_3": 0.0771484375,
        "f_4": 0.04296875,
        "f_5": 0.0673828125,
        "f_6": 0.08984375,
        "f_7": 0.1572265625,
        "f_8": 0.1796875,
        "f_9": 0.1826171875,
        "f_10": 0.17578125,
        "f_11": 0.236328125
    },
    "sample18": {
        "f_0": 0.517578125,
        "f_1": 0.4619140625,
        "f_2": 0.3828125,
        "f_3": 0.3017578125,
        "f_4": 0.244140625,
        "f_5": 0.228515625,
        "f_6": 0.2412109375,
        "f_7": 0.2841796875,
        "f_8": 0.29296875,
        "f_9": 0.314453125,
        "f_10": 0.3603515625,
        "f_11": 0.3408203125
    },
    "sample19": {
        "f_0": 0.501953125,
        "f_1": 0.357421875,
        "f_2": 0.2158203125,
        "f_3": 0.1513671875,
        "f_4": 0.126953125,
        "f_5": 0.14453125,
        "f_6": 0.1552734375,
        "f_7": 0.208984375,
        "f_8": 0.2353515625,
        "f_9": 0.2900390625,
        "f_10": 0.25,
        "f_11": 0.3017578125
    },
    "sample20": {
        "f_0": 0.490234375,
        "f_1": 0.5927734375,
        "f_2": 0.6962890625,
        "f_3": 0.7431640625,
        "f_4": 0.7353515625,
        "f_5": 0.7626953125,
        "f_6": 0.7255859375,
        "f_7": 0.703125,
        "f_8": 0.6904296875,
        "f_9": 0.6201171875,
        "f_10": 0.5673828125,
        "f_11": 0.4697265625
    },
    "sample21": {
        "f_0": 0.486328125,
        "f_1": 0.3701171875,
        "f_2": 0.2548828125,
        "f_3": 0.15234375,
        "f_4": 0.1572265625,
        "f_5": 0.134765625,
        "f_6": 0.1552734375,
        "f_7": 0.1787109375,
        "f_8": 0.1669921875,
        "f_9": 0.177734375,
        "f_10": 0.189453125,
        "f_11": 0.1826171875
    },