{
    "sample0": {
        "f_0": 0.46875,
        "f_1": 0.4736328125,
        "f_2": 0.3857421875,
        "f_3": 0.2900390625,
        "f_4": 0.27734375,
        "f_5": 0.2861328125,
        "f_6": 0.2734375,
        "f_7": 0.2080078125,
        "f_8": 0.1650390625,
        "f_9": 0.1103515625,
        "f_10": 0.0859375,
        "f_11": 0.0615234375
    },
    "sample1": {
        "f_0": 0.5009765625,
        "f_1": 0.287109375,
        "f_2": 0.1357421875,
        "f_3": 0.0615234375,
        "f_4": 0.072265625,
        "f_5": 0.1357421875,
        "f_6": 0.20703125,
        "f_7": 0.255859375,
        "f_8": 0.244140625,
        "f_9": 0.19140625,
        "f_10": 0.1025390625,
        "f_11": 0.0458984375
    },
    "sample2": {
        "f_0": 0.53125,
        "f_1": 0.333984375,
        "f_2": 0.1845703125,
        "f_3": 0.0869140625,
        "f_4": 0.0419921875,
        "f_5": 0.0478515625,
        "f_6": 0.0751953125,
        "f_7": 0.1279296875,
        "f_8": 0.1630859375,
        "f_9": 0.1953125,
        "f_10": 0.240234375,
        "f_11": 0.2724609375
    },
    "sample3": {
        "f_0": 0.4794921875,
        "f_1": 0.455078125,
        "f_2": 0.3291015625,
        "f_3": 0.2705078125,
        "f_4": 0.2412109375,
        "f_5": 0.310546875,
        "f_6": 0.318359375,
        "f_7": 0.345703125,
        "f_8": 0.302734375,
        "f_9": 0.283203125,
        "f_10": 0.2548828125,
        "f_11": 0.2060546875
    },
    "sample4": {
        "f_0": 0.505859375,
        "f_1": 0.4267578125,
        "f_2": 0.3486328125,
        "f_3": 0.267578125,
        "f_4": 0.21484375,
        "f_5": 0.1279296875,
        "f_6": 0.111328125,
        "f_7": 0.0966796875,
        "f_8": 0.1240234375,
        "f_9": 0.1611328125,
        "f_10": 0.1865234375,
        "f_11": 0.216796875
    },
    "sample5": {
        "f_0": 0.5009765625,
        "f_1": 0.314453125,
        "f_2": 0.123046875,
        "f_3": 0.06640625,
        "f_4": 0.095703125,
        "f_5": 0.158203125,
        "f_6": 0.1884765625,
        "f_7": 0.1435546875,
        "f_8": 0.09765625,
        "f_9": 0.03515625,
        "f_10": 0.0546875,
        "f_11": 0.1533203125
    },
    "sample6": {
        "f_0": 0.49609375,
        "f_1": 0.7451171875,
        "f_2": 0.6123046875,
        "f_3": 0.3525390625,
        "f_4": 0.251953125,
        "f_5": 0.2802734375,
        "f_6": 0.3359375,
        "f_7": 0.435546875,
        "f_8": 0.478515625,
        "f_9": 0.255859375,
        "f_10": 0.177734375,
        "f_11": 0.2109375
    },
    "sample7": {
        "f_0": 0.5,
        "f_1": 0.5205078125,
        "f_2": 0.4296875,
        "f_3": 0.353515625,
        "f_4": 0.2880859375,
        "f_5": 0.26953125,
        "f_6": 0.2626953125,
        "f_7": 0.27734375,
        "f_8": 0.2666015625,
        "f_9": 0.2548828125,
        "f_10": 0.19921875,
        "f_11": 0.185546875
    },
    "sample8": {
        "f_0": 0.5078125,
        "f_1": 0.658203125,
        "f_2": 0.705078125,
        "f_3": 0.5625,
        "f_4": 0.3984375,
        "f_5": 0.2353515625,
        "f_6": 0.1376953125,
        "f_7": 0.140625,
        "f_8": 0.16796875,
        "f_9": 0.3037109375,
        "f_10": 0.451171875,
        "f_11": 0.462890625
    },
    "sample9": {
        "f_0": 0.490234375,
        "f_1": 0.5068359375,
        "f_2": 0.4619140625,
        "f_3": 0.466796875,
        "f_4": 0.4013671875,
        "f_5": 0.3896484375,
        "f_6": 0.32421875,
        "f_7": 0.3115234375,
        "f_8": 0.29296875,
        "f_9": 0.296875,
        "f_10": 0.2724609375,
        "f_11": 0.2685546875
    },
    "sample10": {
        "f_0": 0.498046875,
        "f_1": 0.6103515625,
        "f_2": 0.7021484375,
        "f_3": 0.703125,
        "f_4": 0.65234375,
        "f_5": 0.654296875,
        "f_6": 0.57421875,
        "f_7": 0.5322265625,
        "f_8": 0.4794921875,
        "f_9": 0.451171875,
        "f_10": 0.376953125,
        "f_11": 0.267578125
    },
    "sample11": {
        "f_0": 0.5087890625,
        "f_1": 0.505859375,
        "f_2": 0.5009765625,
        "f_3": 0.4638671875,
        "f_4": 0.4580078125,
        "f_5": 0.4453125,
        "f_6": 0.4404296875,
        "f_7": 0.4453125,
        "f_8": 0.443359375,
        "f_9": 0.4267578125,
        "f_10": 0.4453125,
        "f_11": 0.4287109375
    },
    "sample12": {
        "f_0": 0.5166015625,
        "f_1": 0.451171875,
        "f_2": 0.41796875,
        "f_3": 0.392578125,
        "f_4": 0.3408203125,
        "f_5": 0.306640625,
        "f_6": 0.279296875,
        "f_7": 0.259765625,
        "f_8": 0.2421875,
        "f_9": 0.1982421875,
        "f_10": 0.1630859375,
        "f_11": 0.162109375
    },
    "sample13": {
        "f_0": 0.5,
        "f_1": 0.3779296875,
        "f_2": 0.2529296875,
        "f_3": 0.1953125,
        "f_4": 0.2529296875,
        "f_5": 0.2275390625,
        "f_6": 0.265625,
        "f_7": 0.283203125,
        "f_8": 0.2431640625,
        "f_9": 0.2314453125,
        "f_10": 0.2001953125,
        "f_11": 0.2216796875
    },
    "sample14": {
        "f_0": 0.5029296875,
        "f_1": 0.6474609375,
        "f_2": 0.7177734375,
        "f_3": 0.7138671875,
        "f_4": 0.63671875,
        "f_5": 0.58203125,
        "f_6": 0.4453125,
        "f_7": 0.369140625,
        "f_8": 0.2587890625,
        "f_9": 0.2353515625,
        "f_10": 0.19140625,
        "f_11": 0.1591796875
    },
    "sample15": {
        "f_0": 0.505859375,
        "f_1": 0.21875,
        "f_2": 0.0654296875,
        "f_3": 0.0615234375,
        "f_4": 0.138671875,
        "f_5": 0.255859375,
        "f_6": 0.3369140625,
        "f_7": 0.32421875,
        "f_8": 0.2861328125,
        "f_9": 0.341796875,
        "f_10": 0.3359375,
        "f_11": 0.3310546875
    },
    "sample16": {
        "f_0": 0.501953125,
        "f_1": 0.23046875,
        "f_2": 0.056640625,
        "f_3": 0.0615234375,
        "f_4": 0.1396484375,
        "f_5": 0.140625,
        "f_6": 0.248046875,
        "f_7": 0.2626953125,
        "f_8": 0.248046875,
        "f_9": 0.2626953125,
        "f_10": 0.259765625,
        "f_11": 0.310546875
    },
    "sample17": {
        "f_0": 0.501953125,
        "f_1": 0.6279296875,
        "f_2": 0.720703125,
        "f_3": 0.728515625,
        "f_4": 0.6240234375,
        "f_5": 0.5732421875,
        "f_6": 0.4794921875,
        "f_7": 0.3798828125,
        "f_8": 0.349609375,
        "f_9": 0.3662109375,
        "f_10": 0.3583984375,
        "f_11": 0.2890625
    },
    "sample18": {
        "f_0": 0.517578125,
        "f_1": 0.4990234375,
        "f_2": 0.453125,
        "f_3": 0.4375,
        "f_4": 0.337890625,
        "f_5": 0.33984375,
        "f_6": 0.2646484375,
        "f_7": 0.2451171875,
        "f_8": 0.1962890625,
        "f_9": 0.189453125,
        "f_10": 0.185546875,
        "f_11": 0.1650390625
    },
    "sample19": {
        "f_0": 0.513671875,
        "f_1": 0.583984375,
        "f_2": 0.6162109375,
        "f_3": 0.5615234375,
        "f_4": 0.435546875,
        "f_5": 0.388671875,
        "f_6": 0.3310546875,
        "f_7": 0.3310546875,
        "f_8": 0.279296875,
        "f_9": 0.25,
        "f_10": 0.244140625,
        "f_11": 0.232421875
    },
    "sample20": {
        "f_0": 0.484375,
        "f_1": 0.3740234375,
        "f_2": 0.294921875,
        "f_3": 0.185546875,
        "f_4": 0.1083984375,
        "f_5": 0.0556640625,
        "f_6": 0.03125,
        "f_7": 0.02734375,
        "f_8": 0.041015625,
        "f_9": 0.0634765625,
        "f_10": 0.09375,
        "f_11": 0.1572265625
    },
    "sample21": {
        "f_0": 0.4970703125,
        "f_1": 0.556640625,
        "f_2": 0.5927734375,
        "f_3": 0.5693359375,
        "f_4": 0.5048828125,
        "f_5": 0.46484375,
        "f_6": 0.39453125,
        "f_7": 0.34765625,
        "f_8": 0.3212890625,
        "f_9": 0.3388671875,
        "f_10": 0.3251953125,
        "f_11": 0.3515625
    },
    "sample22": {
        "f_0": 0.5146484375,