{
    "sample0": {
        "f_0": 0.0,
        "f_1": 0.0029296875,
        "f_2": 0.01171875,
        "f_3": 0.0712890625,
        "f_4": 0.15234375,
        "f_5": 0.21484375,
        "f_6": 0.26953125,
        "f_7": 0.2822265625,
        "f_8": 0.2734375,
        "f_9": 0.2509765625,
        "f_10": 0.228515625,
        "f_11": 0.244140625
    },
    "sample1": {
        "f_0": 0.0,
        "f_1": 0.03515625,
        "f_2": 0.107421875,
        "f_3": 0.21484375,
        "f_4": 0.28515625,
        "f_5": 0.2421875,
        "f_6": 0.22265625,
        "f_7": 0.17578125,
        "f_8": 0.1083984375,
        "f_9": 0.0966796875,
        "f_10": 0.1494140625,
        "f_11": 0.2509765625
    },
    "sample2": {
        "f_0": 0.0,
        "f_1": 0.0234375,
        "f_2": 0.0908203125,
        "f_3": 0.1953125,
        "f_4": 0.2685546875,
        "f_5": 0.287109375,
        "f_6": 0.3603515625,
        "f_7": 0.408203125,
        "f_8": 0.376953125,
        "f_9": 0.400390625,
        "f_10": 0.3701171875,
        "f_11": 0.349609375
    },
    "sample3": {
        "f_0": 0.0,
        "f_1": 0.00390625,
        "f_2": 0.0322265625,
        "f_3": 0.119140625,
        "f_4": 0.1982421875,
        "f_5": 0.2275390625,
        "f_6": 0.267578125,
        "f_7": 0.2802734375,
        "f_8": 0.283203125,
        "f_9": 0.3291015625,
        "f_10": 0.408203125,
        "f_11": 0.453125
    },
    "sample4": {
        "f_0": 0.0,
        "f_1": 0.005859375,
        "f_2": 0.01171875,
        "f_3": 0.0419921875,
        "f_4": 0.064453125,
        "f_5": 0.115234375,
        "f_6": 0.1650390625,
        "f_7": 0.2021484375,
        "f_8": 0.2021484375,
        "f_9": 0.2919921875,
        "f_10": 0.3017578125,
        "f_11": 0.3251953125
    },
    "sample5": {
        "f_0": 0.0,
        "f_1": 0.033203125,
        "f_2": 0.1220703125,
        "f_3": 0.2060546875,
        "f_4": 0.27734375,
        "f_5": 0.1806640625,
        "f_6": 0.1630859375,
        "f_7": 0.1142578125,
        "f_8": 0.1572265625,
        "f_9": 0.333984375,
        "f_10": 0.44140625,
        "f_11": 0.466796875
    },
    "sample6": {
        "f_0": 0.0,
        "f_1": 0.11328125,
        "f_2": 0.2841796875,
        "f_3": 0.322265625,
        "f_4": 0.248046875,
        "f_5": 0.216796875,
        "f_6": 0.1396484375,
        "f_7": 0.18359375,
        "f_8": 0.349609375,
        "f_9": 0.478515625,
        "f_10": 0.32421875,
        "f_11": 0.208984375
    },
    "sample7": {
        "f_0": 0.0,
        "f_1": 0.005859375,
        "f_2": 0.0380859375,
        "f_3": 0.076171875,
        "f_4": 0.2001953125,
        "f_5": 0.22265625,
        "f_6": 0.23046875,
        "f_7": 0.25,
        "f_8": 0.275390625,
        "f_9": 0.2919921875,
        "f_10": 0.31640625,
        "f_11": 0.3115234375
    },
    "sample8": {
        "f_0": 0.0,
        "f_1": 0.03125,
        "f_2": 0.1376953125,
        "f_3": 0.2353515625,
        "f_4": 0.3017578125,
        "f_5": 0.3662109375,
        "f_6": 0.3037109375,
        "f_7": 0.169921875,
        "f_8": 0.0986328125,
        "f_9": 0.0654296875,
        "f_10": 0.126953125,
        "f_11": 0.2392578125
    },
    "sample9": {
        "f_0": 0.0,
        "f_1": 0.0,
        "f_2": 0.0009765625,
        "f_3": 0.0078125,
        "f_4": 0.0166015625,
        "f_5": 0.0263671875,
        "f_6": 0.05078125,
        "f_7": 0.0625,
        "f_8": 0.0869140625,
        "f_9": 0.0712890625,
        "f_10": 0.0947265625,
        "f_11": 0.095703125
    },
    "sample10": {
        "f_0": 0.0,
        "f_1": 0.0146484375,
        "f_2": 0.0751953125,
        "f_3": 0.111328125,
        "f_4": 0.1923828125,
        "f_5": 0.2197265625,
        "f_6": 0.27734375,
        "f_7": 0.30078125,
        "f_8": 0.310546875,
        "f_9": 0.4052734375,
        "f_10": 0.4716796875,
        "f_11": 0.44921875
    },
    "sample11": {
        "f_0": 0.0,
        "f_1": 0.0,
        "f_2": 0.0,
        "f_3": 0.0,
        "f_4": 0.0009765625,
        "f_5": 0.0009765625,
        "f_6": 0.00390625,
        "f_7": 0.0029296875,
        "f_8": 0.001953125,
        "f_9": 0.0029296875,
        "f_10": 0.00390625,
        "f_11": 0.00390625
    },
    "sample12": {
        "f_0": 0.0,
        "f_1": 0.00390625,
        "f_2": 0.0048828125,
        "f_3": 0.009765625,
        "f_4": 0.015625,
        "f_5": 0.033203125,
        "f_6": 0.0439453125,
        "f_7": 0.052734375,
        "f_8": 0.0498046875,
        "f_9": 0.0791015625,
        "f_10": 0.1064453125,
        "f_11": 0.1123046875
    },
    "sample13": {
        "f_0": 0.0,
        "f_1": 0.009765625,
        "f_2": 0.0380859375,
        "f_3": 0.126953125,
        "f_4": 0.236328125,
        "f_5": 0.2548828125,
        "f_6": 0.2822265625,
        "f_7": 0.24609375,
        "f_8": 0.2744140625,
        "f_9": 0.2333984375,
        "f_10": 0.2412109375,
        "f_11": 0.2822265625
    },
    "sample14": {
        "f_0": 0.0,
        "f_1": 0.0361328125,
        "f_2": 0.0986328125,
        "f_3": 0.1875,
        "f_4": 0.2763671875,
        "f_5": 0.3408203125,
        "f_6": 0.3984375,
        "f_7": 0.4169921875,
        "f_8": 0.3916015625,
        "f_9": 0.375,
        "f_10": 0.3603515625,
        "f_11": 0.3427734375
    },
    "sample15": {
        "f_0": 0.0,
        "f_1": 0.0556640625,
        "f_2": 0.205078125,
        "f_3": 0.298828125,
        "f_4": 0.294921875,
        "f_5": 0.3955078125,
        "f_6": 0.34375,
        "f_7": 0.287109375,
        "f_8": 0.2880859375,
        "f_9": 0.23046875,
        "f_10": 0.2080078125,
        "f_11": 0.1865234375
    },
    "sample16": {
        "f_0": 0.0,
        "f_1": 0.05859375,
        "f_2": 0.1806640625,
        "f_3": 0.287109375,
        "f_4": 0.34375,
        "f_5": 0.3583984375,
        "f_6": 0.3388671875,
        "f_7": 0.279296875,
        "f_8": 0.2373046875,
        "f_9": 0.2451171875,
        "f_10": 0.248046875,
        "f_11": 0.2236328125
    },
    "sample17": {
        "f_0": 0.0,
        "f_1": 0.0244140625,
        "f_2": 0.1123046875,
        "f_3": 0.21875,
        "f_4": 0.279296875,
        "f_5": 0.3330078125,
        "f_6": 0.345703125,
        "f_7": 0.3583984375,
        "f_8": 0.31640625,
        "f_9": 0.337890625,
        "f_10": 0.3642578125,
        "f_11": 0.3916015625
    },
    "sample18": {
        "f_0": 0.0,
        "f_1": 0.00390625,
        "f_2": 0.009765625,
        "f_3": 0.041015625,
        "f_4": 0.0859375,
        "f_5": 0.119140625,
        "f_6": 0.1591796875,
        "f_7": 0.208984375,
        "f_8": 0.2529296875,
        "f_9": 0.267578125,
        "f_10": 0.279296875,
        "f_11": 0.27734375
    },
    "sample19": {
        "f_0": 0.0,
        "f_1": 0.017578125,
        "f_2": 0.0556640625,
        "f_3": 0.11328125,
        "f_4": 0.173828125,
        "f_5": 0.2216796875,
        "f_6": 0.2353515625,
        "f_7": 0.2509765625,
        "f_8": 0.27734375,
        "f_9": 0.2060546875,
        "f_10": 0.1875,
        "f_11": 0.2001953125
    },
    "sample20": {
        "f_0": 0.0,
        "f_1": 0.015625,
        "f_2": 0.0400390625,
        "f_3": 0.0966796875,
        "f_4": 0.130859375,
        "f_5": 0.2021484375,
        "f_6": 0.2783203125,
        "f_7": 0.357421875,
        "f_8": 0.40234375,
        "f_9": 0.466796875,
        "f_10": 0.498046875,
        "f_11": 0.5341796875
    },
    "sample21": {
        "f_0": 0.0,
        "f_1": 0.013671875,
        "f_2": 0.0458984375,
        "f_3": 0.0625,
        "f_4": 0.1533203125,
        "f_5": 0.138671875,
        "f_6": 0.197265625,
        "f_7": 0.181640625,
        "f_8": 0.2255859375,
        "f_9": 0.1630859375,
        "f_10": 0.1826171875,
        "f_11": 0.1845703125
    },
    "sample22": {
        "f_0": 0.0,
        "f_1": 0.025390625,
        "f_2": 0.078125,
        "f_3": 0.1669921875,
        "f_4": 0.279296875,
        "f_5": 0.2802734375,
        "f_6": 0.40625,
        "f_7": 0.4306640625,