{"sample_id":{"0":0,"1":1,"2":2,"3":3,"4":4,"5":5,"6":6,"7":7,"8":8,"9":9,"10":10,"11":11,"12":12,"13":13,"14":14,"15":15,"16":16,"17":17,"18":18,"19":19,"20":20,"21":21,"22":22,"23":23,"24":24,"25":25,"26":26,"27":27,"28":28,"29":29,"30":30,"31":31,"32":32,"33":33,"34":34,"35":35,"36":36,"37":37,"38":38,"39":39,"40":40,"41":41,"42":42,"43":43,"44":44,"45":45,"46":46,"47":47,"48":48,"49":49,"50":50,"51":51,"52":52,"53":53,"54":54,"55":55,"56":56,"57":57,"58":58,"59":59,"60":60,"61":61,"62":62,"63":63,"64":64,"65":65,"66":66,"67":67,"68":68,"69":69,"70":70,"71":71,"72":72,"73":73,"74":74,"75":75,"76":76,"77":77,"78":78,"79":79,"80":80,"81":81,"82":82,"83":83,"84":84,"85":85,"86":86,"87":87,"88":88,"89":89,"90":90,"91":91,"92":92,"93":93,"94":94},"f_0 Re":{"0":1.0,"1":0.9973621964,"2":0.9968813062,"3":0.9997499995,"4":0.9968705773,"5":0.9971305728,"6":0.9966840744,"7":0.9997554749,"8":1.0,"9":0.9994977482,"10":1.0,"11":1.0,"12":1.0,"13":1.0,"14":1.0,"15":1.0,"16":0.9991183877,"17":1.0,"18":1.0,"19":1.0,"20":0.9966053367,"21":1.0,"22":1.0,"23":1.0,"24":0.9983699918,"25":1.0,"26":1.0,"27":1.0,"28":1.0,"29":0.9988614917,"30":1.0,"31":1.0,"32":1.0,"33":1.0,"34":1.0,"35":1.0,"36":0.9998825788,"37":1.0,"38":0.9983747005,"39":1.0,"40":0.9973602891,"41":1.0,"42":1.0,"43":1.0,"44":1.0,"45":1.0,"46":1.0,"47":0.9996264577,"48":0.9993614554,"49":1.0,"50":1.0,"51":0.9978799224,"52":1.0,"53":1.0,"54":1.0,"55":0.999622345,"56":1.0,"57":0.9988737106,"58":0.9988618493,"59":0.9968520403,"60":0.9996264577,"61":0.9995128109,"62":0.9996309876,"63":1.0,"64":1.0,"65":0.9998928308,"66":0.9993767738,"67":1.0,"68":0.9987610723,"69":1.0,"70":1.0,"71":0.9990273764,"72":0.9990060136,"73":0.9997532776,"74":1.0,"75":1.0,"76":0.9994922688,"77":0.9982766325,"78":1.0,"79":1.0,"80":0.9996057749,"81":0.9953293204,"82":0.9971137643,"83":1.0,"84":1.0,"85":1.0,"86":1.0,"87":1.0,"88":1.0,"89":0.9999913003,"90":1.0,"91":1.0,"92":0.999486792,"93":0.9996079803,"94":1.0},"f_1 Re":{"0":0.8935735675,"1":0.8663827551,"2":0.921252974,"3":0.9018413312,"4":0.9243124201,"5":0.933020635,"6":0.9264335342,"7":0.9181878745,"8":0.8907311552,"9":0.9133511399,"10":0.9255076026,"11":0.9230596406,"12":0.9243436928,"13":0.8868452013,"14":0.8789415613,"15":0.8935680431,"16":0.8877751213,"17":0.9283757907,"18":0.922411981,"19":0.8906847945,"20":0.8894663735,"21":0.9318203855,"22":0.9208938207,"23":0.9135664558,"24":0.8962303361,"25":0.9242763199,"26":0.9308491704,"27":0.9155116658,"28":0.9044106191,"29":0.8892599204,"30":0.9279877006,"31":0.9128930863,"32":0.9197958687,"33":0.9183025636,"34":0.9262311094,"35":0.8971344279,"36":0.9191346046,"37":0.9210206553,"38":0.9276263329,"39":0.8954081458,"40":0.9220213612,"41":0.8995904156,"42":0.9107647931,"43":0.8814035879,"44":0.9098746299,"45":0.8765258913,"46":0.9171213786,"47":0.9145823458,"48":0.9156830025,"49":0.9235037086,"50":0.8847428824,"51":0.9400755308,"52":0.8625693295,"53":0.8984401009,"54":0.9282300319,"55":0.8869903048,"56":0.9077859871,"57":0.9291946001,"58":0.9238230776,"59":0.9277404633,"60":0.9000438501,"61":0.9394427391,"62":0.920582865,"63":0.9231691039,"64":0.9249735957,"65":0.8870416861,"66":0.9318687432,"67":0.9291705202,"68":0.9019908611,"69":0.9216171003,"70":0.8991451915,"71":0.8343029703,"72":0.8806444038,"73":0.912014152,"74":0.9144685499,"75":0.8676308725,"76":0.9197597816,"77":0.9090359865,"78":0.8794113786,"79":0.9171792194,"80":0.9210581419,"81":0.9064195564,"82":0.9162048723,"83":0.8992466944,"84":0.8643877899,"85":0.9244495176,"86":0.9212320856,"87":0.9196183465,"88":0.915258514,"89":0.8607050387,"90":0.9210308045,"91":0.9037141455,"92":0.8558341509,"93":0.9149573623,"94":0.9188545114},"f_1 Im":{"0":-0.2212908721,"1":-0.2853092994,"2":0.028390949,"3":-0.2313633531,"4":0.016471435,"5":0.0713668891,"6":-0.0758166944,"7":0.0099377703,"8":-0.2341911221,"9":-0.1512269164,"10":0.0377539833,"11":-0.1025658072,"12":-0.0497888532,"13":-0.1937671583,"14":-0.2567135414,"15":-0.182358481,"16":-0.1753789689,"17":0.0876959529,"18":0.0020485694,"19":-0.1692632165,"20":-0.1717868727,"21":-0.0334148427,"22":-0.1210459587,"23":-0.17232222,"24":-0.1680448136,"25":-0.1581176808,"26":-0.0047396043,"27":0.064382608,"28":-0.177790105,"29":-0.1491181629,"30":0.0506921149,"31":-0.1715491254,"32":-0.1442600313,"33":-0.0480410108,"34":0.041959578,"35":-0.1582925067,"36":0.0968093139,"37":-0.1516142387,"38":0.0445091573,"39":-0.2065151368,"40":0.0474154582,"41":-0.1918459947,"42":-0.136784261,"43":-0.2594567752,"44":-0.1850259537,"45":-0.2258053113,"46":0.0199076897,"47":-0.1584366657,"48":-0.0937238053,"49":0.033866818,"50":-0.2263252522,"51":-0.020529729,"52":-0.2913542543,"53":-0.1777945689,"54":-0.0040322563,"55":-0.2574412077,"56":-0.1401512204,"57":-0.0592862369,"58":-0.0128888522,"59":0.0329721239,"60":-0.2163189266,"61":0.0020124363,"62":-0.1888467739,"63":-0.1227664189,"64":-0.0780163663,"65":-0.2288055788,"66":0.0021668036,"67":-0.0630875295,"68":-0.1647145805,"69":-0.1177818872,"70":-0.0069761974,"71":-0.3452978685,"72":-0.228105295,"73":0.0977516848,"74":-0.1062700857,"75":-0.272553447,"76":-0.0494998045,"77":-0.1120402716,"78":-0.2107926495,"79":0.0218852328,"80":-0.0956029742,"81":-0.0099189943,"82":0.1451306062,"83":-0.2556643985,"84":-0.28291461,"85":-0.0613514548,"86":-0.0054941638,"87":-0.0668440677,"88":-0.1270584528,"89":-0.2771341755,"90":-0.0946079123,"91":-0.1507323598,"92":-0.3152282143,"93":-0.1422697412,"94":-0.0867969441},"f_2 Re":{"0":0.8573891291,"1":0.782862964,"2":0.8969496198,"3":0.8847613324,"4":0.9117887785,"5":0.914620695,"6":0.9087556055,"7":0.8896271085,"8":0.8480622489,"9":0.8977805686,"10":0.8849413903,"11":0.9289160701,"12":0.9141597093,"13":0.8607811479,"14":0.8530970931,"15":0.8907233092,"16":0.867805479,"17":0.9032527946,"18":0.9122250031,"19":0.8780475549,"20":0.8894683017,"21":0.9222472873,"22":0.9078222942,"23":0.9096377533,"24":0.8769585817,"25":0.9043588974,"26":0.9162636376,"27":0.8942748032,"28":0.8751755367,"29":0.87512448,"30":0.9078030292,"31":0.9030583746,"32":0.8963115619,"33":0.89925233,"34":0.8751366513,"35":0.9006219185,"36":0.8768445175,"37":0.925615258,"38":0.905123779,"39":0.8794567515,"40":0.9147277118,"41":0.8577686046,"42":0.9171435595,"43":0.8224521949,"44":0.8938602446,"45":0.8133844007,"46":0.8985430958,"47":0.9119235694,"48":0.9104484475,"49":0.8914200575,"50":0.8280553853,"51":0.9249888822,"52":0.7833511013,"53":0.8656915815,"54":0.9168474273,"55":0.8546732735,"56":0.8843273148,"57":0.9014010109,"58":0.9044990691,"59":0.9123602696,"60":0.8541301521,"61":0.9282462026,"62":0.9032394162,"63":0.9307514402,"64":0.9220940986,"65":0.8466518116,"66":0.9319585708,"67":0.9154123779,"68":0.8659059139,"69":0.9231951742,"70":0.8707111565,"71":0.7673628813,"72":0.851530162,"73":0.8644832683,"74":0.8909342982,"75":0.8235840246,"76":0.9119759143,"77":0.9013174541,"78":0.8881573246,"79":0.9192742913,"80":0.9068690844,"81":0.8922125346,"82":0.8799403924,"83":0.8806692468,"84":0.828648691,"85":0.9040018464,"86":0.9143200015,"87":0.912027508,"88":0.9130956366,"89":0.8126481873,"90":0.9137004021,"91":0.8636515137,"92":0.7910943091,"93":0.8715470344,"94":0.9139648801},"f_2 Im":{"0":-0.3295922471,"1":-0.4337520193,"2":0.0717633409,"3":-0.2706942214,"4":0.0486949931,"5":0.1787426221,"6":-0.1402930381,"7":0.0382948533,"8":-0.3082876895,"9":-0.1426464953,"10":0.0820368891,"11":-0.0347981692,"12":0.054253779,"13":-0.3149942544,"14":-0.3277298993,"15":-0.2167274791,"16":-0.2353459953,"17":0.1695622711,"18":0.016402366,"19":-0.1679984813,"20":-0.2310488052,"21":-0.0799584238,"22":-0.1018635014,"23":-0.18989803,"24":-0.1911019796,"25":-0.1879230221,"26":0.0201689112,"27":0.1743713213,"28":-0.1813184305,"29":-0.2270148194,"30":0.1383565364,"31":-0.1989799996,"32":-0.1184715985,"33":-0.0794545052,"34":0.0928491812,"35":-0.1528258303,"36":0.2196216904,"37":-0.1420201891,"38":0.1223399293,"39":-0.2601483463,"40":0.1225495087,"41":-0.2476511264,"42":-0.0958434541,"43":-0.3680807772,"44":-0.2161951655,"45":-0.3397762715,