{"sample_id":{"0":0,"1":1,"2":2,"3":3,"4":4,"5":5,"6":6,"7":7,"8":8,"9":9,"10":10,"11":11,"12":12,"13":13,"14":14,"15":15,"16":16,"17":17,"18":18,"19":19,"20":20,"21":21,"22":22,"23":23,"24":24,"25":25,"26":26,"27":27,"28":28,"29":29,"30":30,"31":31,"32":32,"33":33,"34":34,"35":35,"36":36,"37":37,"38":38,"39":39,"40":40,"41":41,"42":42,"43":43,"44":44,"45":45,"46":46,"47":47,"48":48,"49":49,"50":50,"51":51,"52":52,"53":53,"54":54,"55":55,"56":56,"57":57,"58":58,"59":59,"60":60,"61":61,"62":62,"63":63,"64":64,"65":65,"66":66,"67":67,"68":68,"69":69,"70":70,"71":71,"72":72,"73":73,"74":74,"75":75,"76":76,"77":77,"78":78,"79":79,"80":80,"81":81,"82":82,"83":83,"84":84,"85":85,"86":86,"87":87,"88":88,"89":89,"90":90,"91":91,"92":92,"93":93,"94":94},"f_0 Re":{"0":0.9848632812,"1":0.9799804688,"2":0.9753417969,"3":0.9790039062,"4":0.9780273438,"5":0.9807128906,"6":0.9750976562,"7":0.9790039062,"8":0.9829101562,"9":0.9782714844,"10":0.9826660156,"11":0.9838867188,"12":0.9819335938,"13":0.9802246094,"14":0.9809570312,"15":0.9802246094,"16":0.9787597656,"17":0.98046875,"18":0.9829101562,"19":0.9851074219,"20":0.9799804688,"21":0.9829101562,"22":0.9838867188,"23":0.9846191406,"24":0.9802246094,"25":0.9865722656,"26":0.984375,"27":0.9814453125,"28":0.9831542969,"29":0.982421875,"30":0.9816894531,"31":0.9846191406,"32":0.9792480469,"33":0.9814453125,"34":0.9833984375,"35":0.9848632812,"36":0.982421875,"37":0.9809570312,"38":0.9816894531,"39":0.9816894531,"40":0.9792480469,"41":0.9814453125,"42":0.9807128906,"43":0.9802246094,"44":0.9851074219,"45":0.9802246094,"46":0.9870605469,"47":0.9794921875,"48":0.9841308594,"49":0.982421875,"50":0.9812011719,"51":0.9787597656,"52":0.9873046875,"53":0.9829101562,"54":0.9819335938,"55":0.9802246094,"56":0.9821777344,"57":0.9790039062,"58":0.9819335938,"59":0.9807128906,"60":0.9802246094,"61":0.9812011719,"62":0.9799804688,"63":0.9855957031,"64":0.9841308594,"65":0.9829101562,"66":0.978515625,"67":0.9821777344,"68":0.9797363281,"69":0.9831542969,"70":0.9802246094,"71":0.9821777344,"72":0.9790039062,"73":0.9790039062,"74":0.9829101562,"75":0.9821777344,"76":0.9802246094,"77":0.9790039062,"78":0.98046875,"79":0.98046875,"80":0.9819335938,"81":0.9738769531,"82":0.9794921875,"83":0.9814453125,"84":0.9809570312,"85":0.9826660156,"86":0.9819335938,"87":0.9851074219,"88":0.9833984375,"89":0.978515625,"90":0.9821777344,"91":0.9802246094,"92":0.9812011719,"93":0.9794921875,"94":0.9836425781},"f_1 Re":{"0":0.8747403317,"1":0.8481624028,"2":0.9014945612,"3":0.8824776124,"4":0.9045188508,"5":0.9129324143,"6":0.9065978805,"7":0.8984118789,"8":0.8720778537,"9":0.8935693036,"10":0.9057667216,"11":0.9031846517,"12":0.9045915297,"13":0.8683864495,"14":0.8604703359,"15":0.874815624,"16":0.8693030535,"17":0.908402832,"18":0.9027275142,"19":0.872095234,"20":0.8707814645,"21":0.9118473609,"22":0.9015483515,"23":0.8939125972,"24":0.877430901,"25":0.9043791288,"26":0.910949289,"27":0.8959988005,"28":0.8850291455,"29":0.8702473652,"30":0.9080543043,"31":0.8932616794,"32":0.9001115018,"33":0.8988415576,"34":0.906408188,"35":0.8784878196,"36":0.8994958595,"37":0.9011384559,"38":0.9077396898,"39":0.8765207942,"40":0.9023678152,"41":0.8802546529,"42":0.8911890821,"43":0.8629245026,"44":0.8905817684,"45":0.858138574,"46":0.8973632401,"47":0.8949904123,"48":0.896401192,"49":0.9037397806,"50":0.8661380027,"51":0.9199562484,"52":0.8444980514,"53":0.8791650045,"54":0.9083474633,"55":0.8682486246,"56":0.8881926712,"57":0.9093465541,"58":0.9040456227,"59":0.9077260012,"60":0.8807240581,"61":0.91926083,"62":0.9008200384,"63":0.9034724124,"64":0.9051713418,"65":0.8683151134,"66":0.9118640069,"67":0.909275385,"68":0.8826757784,"69":0.9017710433,"70":0.8800044772,"71":0.8166365879,"72":0.8619332808,"73":0.8923481459,"74":0.8948787023,"75":0.8492605948,"76":0.9000728527,"77":0.8896239468,"78":0.8608717273,"79":0.8974999808,"80":0.9013960368,"81":0.887015031,"82":0.8966272524,"83":0.8803016205,"84":0.846100798,"85":0.9045610422,"86":0.9014669994,"87":0.899971201,"88":0.8957455608,"89":0.8424055381,"90":0.9011918495,"91":0.8842965902,"92":0.8377021057,"93":0.8954175385,"94":0.8992651443},"f_1 Im":{"0":-0.2164902128,"1":-0.279238116,"2":0.0276777609,"3":-0.2264280578,"4":0.0160330425,"5":0.0698708381,"6":-0.0740947186,"7":0.0097423348,"8":-0.2288166028,"9":-0.1478576914,"10":0.0369451404,"11":-0.1003301014,"12":-0.0486653704,"13":-0.1895245086,"14":-0.2510634622,"15":-0.1782391655,"16":-0.1713782972,"17":0.085910589,"18":0.0019232752,"19":-0.165457425,"20":-0.1679787166,"21":-0.0327283888,"22":-0.1182117632,"23":-0.1686260304,"24":-0.1640863481,"25":-0.1546605414,"26":-0.0046078288,"27":0.0629786397,"28":-0.1740655009,"29":-0.1461780674,"30":0.0495550294,"31":-0.1679037524,"32":-0.1411286108,"33":-0.0470478147,"34":0.0410731971,"35":-0.1546058128,"36":0.0947719529,"37":-0.1482667603,"38":0.0436433249,"39":-0.2019065824,"40":0.0462653587,"41":-0.1876321129,"42":-0.1337399129,"43":-0.2537152949,"44":-0.1808599153,"45":-0.2206066539,"46":0.0194607484,"47":-0.1548291419,"48":-0.0913957354,"49":0.0330653323,"50":-0.2212604845,"51":-0.0200804173,"52":-0.2849243597,"53":-0.1739532188,"54":-0.0039521529,"55":-0.2517573486,"56":-0.1371369571,"57":-0.0580941489,"58":-0.0125245105,"59":0.0323153719,"60":-0.2117621541,"61":0.0020491095,"62":-0.184658845,"63":-0.120063187,"64":-0.0762497248,"65":-0.2238674202,"66":0.0020938867,"67":-0.0616436479,"68":-0.161258106,"69":-0.1152601569,"70":-0.0068782084,"71":-0.3377824928,"72":-0.2229378271,"73":0.0957034286,"74":-0.1038952543,"75":-0.2665244236,"76":-0.0483490116,"77":-0.1095916991,"78":-0.206085496,"79":0.0215539418,"80":-0.093556663,"81":-0.009717218,"82":0.1419284095,"83":-0.2498531127,"84":-0.2766437073,"85":-0.0599573581,"86":-0.0053879156,"87":-0.0654063295,"88":-0.1242829568,"89":-0.2709661219,"90":-0.0926447114,"91":-0.1474417213,"92":-0.3083168055,"93":-0.1392529498,"94":-0.0847726697},"f_2 Re":{"0":0.8394844035,"1":0.7666791396,"2":0.8777538039,"3":0.8657965679,"4":0.892417553,"5":0.8950074516,"6":0.8892773923,"7":0.8705752133,"8":0.8305624165,"9":0.8784723686,"10":0.8659430314,"11":0.9089597538,"12":0.8945299571,"13":0.842793355,"14":0.8352062955,"15":0.8721581645,"16":0.8496193655,"17":0.8839294853,"18":0.8927590702,"19":0.8596554424,"20":0.8708275723,"21":0.9025570838,"22":0.8888858935,"23":0.8900544015,"24":0.8585842223,"25":0.8849050154,"26":0.8967016506,"27":0.8751243119,"28":0.8564141323,"29":0.8565965683,"30":0.8883864197,"31":0.8835782859,"32":0.8772320127,"33":0.880018408,"34":0.8562993785,"35":0.8817105025,"36":0.8581177783,"37":0.905683315,"38":0.8857890175,"39":0.8609145921,"40":0.895013486,"41":0.8393724929,"42":0.8974267027,"43":0.8050621079,"44":0.8749839016,"45":0.7963192764,"46":0.8792660767,"47":0.8923454414,"48":0.8913542185,"49":0.8722993204,"50":0.8105264237,"51":0.9051920927,"52":0.7670110927,"53":0.8469826689,"54":0.8971049033,"55":0.8367151584,"56":0.8652121682,"57":0.8821078447,"58":0.8850904961,"59":0.8928176317,"60":0.8358349359,"61":0.9083193856,"62":0.8839783188,"63":0.9109261677,"64":0.9023614614,"65":0.8288668502,"66":0.9119443879,"67":0.8958652447,"68":0.8474325944,"69":0.9033483819,"70":0.8522020985,"71":0.7510516217,"72":0.8334075081,"73":0.8458625702,"74":0.8718393997,"75":0.8060088842,"76":0.8923277522,"77":0.8821702169,"78":0.8692921011,"79":0.8995075005,"80":0.887469346,"81":0.87314424,"82":0.86108106,"83":0.8620257503,"84":0.8110898103,"85":0.8844678751,"86":0.8946595817,"87":0.8925348967,"88":0.8934894199,"89":0.7952853972,"90":0.8940124172,"91":0.8452000959,"92":0.7743518473,"93":0.8528513181,"94":0.894568592},"f_2 Im":{"0":-0.3223128211,"1":-0.424410961,"2":0.0701944579,"3":-0.2649542093,"4":0.0476178697,"5":0.1749043564,"6":-0.1372561116,"7":0.0375951413,"8":-0.3014708889,"9":-0.1395512008,"10":0.080308367,"11":-0.0339809275,"12":0.0530879877,"13":-0.308179239,"14":-0.3207147337,"15":-0.2117214697,"16":-0.2300135352,"17":0.1659016699,"18":0.0159424972,"19":-0.1640494004,