{"sample_id":{"0":0,"1":1,"2":2,"3":3,"4":4,"5":5,"6":6,"7":7,"8":8,"9":9,"10":10,"11":11,"12":12,"13":13,"14":14,"15":15,"16":16,"17":17,"18":18,"19":19,"20":20,"21":21,"22":22,"23":23,"24":24,"25":25,"26":26,"27":27,"28":28,"29":29,"30":30,"31":31,"32":32,"33":33,"34":34,"35":35,"36":36,"37":37,"38":38,"39":39,"40":40,"41":41,"42":42,"43":43,"44":44,"45":45,"46":46,"47":47,"48":48,"49":49,"50":50,"51":51,"52":52,"53":53,"54":54,"55":55,"56":56,"57":57,"58":58,"59":59,"60":60,"61":61,"62":62,"63":63,"64":64,"65":65,"66":66,"67":67,"68":68,"69":69,"70":70,"71":71,"72":72,"73":73,"74":74,"75":75,"76":76,"77":77,"78":78,"79":79,"80":80,"81":81,"82":82,"83":83,"84":84,"85":85,"86":86,"87":87,"88":88,"89":89,"90":90,"91":91,"92":92,"93":93,"94":94},"f_0 Re":{"0":0.970703125,"1":0.9814453125,"2":0.9619140625,"3":0.97265625,"4":0.970703125,"5":0.970703125,"6":0.9794921875,"7":0.97265625,"8":0.97265625,"9":0.96484375,"10":0.97265625,"11":0.9736328125,"12":0.984375,"13":0.9755859375,"14":0.9794921875,"15":0.9755859375,"16":0.97265625,"17":0.9716796875,"18":0.9658203125,"19":0.9765625,"20":0.96875,"21":0.9677734375,"22":0.9736328125,"23":0.9765625,"24":0.97265625,"25":0.96875,"26":0.966796875,"27":0.9619140625,"28":0.97265625,"29":0.9716796875,"30":0.9755859375,"31":0.9736328125,"32":0.9765625,"33":0.9736328125,"34":0.9755859375,"35":0.974609375,"36":0.9697265625,"37":0.966796875,"38":0.97265625,"39":0.9658203125,"40":0.9755859375,"41":0.9697265625,"42":0.96875,"43":0.97265625,"44":0.96484375,"45":0.98046875,"46":0.9765625,"47":0.9794921875,"48":0.9736328125,"49":0.96875,"50":0.9638671875,"51":0.9833984375,"52":0.96484375,"53":0.9677734375,"54":0.9697265625,"55":0.9677734375,"56":0.97265625,"57":0.9775390625,"58":0.978515625,"59":0.9658203125,"60":0.9736328125,"61":0.97265625,"62":0.974609375,"63":0.97265625,"64":0.96484375,"65":0.966796875,"66":0.966796875,"67":0.978515625,"68":0.974609375,"69":0.9716796875,"70":0.9755859375,"71":0.9755859375,"72":0.9697265625,"73":0.974609375,"74":0.9736328125,"75":0.9716796875,"76":0.978515625,"77":0.9736328125,"78":0.96484375,"79":0.970703125,"80":0.97265625,"81":0.96484375,"82":0.97265625,"83":0.962890625,"84":0.974609375,"85":0.9697265625,"86":0.96875,"87":0.9716796875,"88":0.970703125,"89":0.9716796875,"90":0.974609375,"91":0.97265625,"92":0.9560546875,"93":0.9658203125,"94":0.9697265625},"f_1 Re":{"0":0.9270243761,"1":0.8939514638,"2":0.9392150577,"3":0.9028377453,"4":0.9098387815,"5":0.9228379007,"6":0.9303439242,"7":0.9155511996,"8":0.9089758392,"9":0.9200076603,"10":0.9026001587,"11":0.9284474768,"12":0.9232520039,"13":0.9241752559,"14":0.9186125217,"15":0.9297308566,"16":0.9165792468,"17":0.9205159126,"18":0.9047099624,"19":0.9280420426,"20":0.9205505012,"21":0.9358830052,"22":0.9148825644,"23":0.9075632844,"24":0.9155806498,"25":0.9193637089,"26":0.9250667743,"27":0.9034215886,"28":0.9046939287,"29":0.9251180143,"30":0.9058743855,"31":0.9130070462,"32":0.8966077382,"33":0.9132861951,"34":0.9050393688,"35":0.9279741223,"36":0.9141070651,"37":0.9132676698,"38":0.9310209279,"39":0.9099356561,"40":0.9198007525,"41":0.908312177,"42":0.9203569927,"43":0.9023025416,"44":0.9060292036,"45":0.904663385,"46":0.9291032744,"47":0.9092542028,"48":0.9196512152,"49":0.9057138526,"50":0.9198889794,"51":0.921711485,"52":0.9080657846,"53":0.9166624692,"54":0.9162151642,"55":0.9096177481,"56":0.9177805019,"57":0.8979424173,"58":0.9249126573,"59":0.9191006575,"60":0.8975851049,"61":0.937145244,"62":0.9290218766,"63":0.9214349047,"64":0.9206730643,"65":0.8984201697,"66":0.9226577851,"67":0.9115629022,"68":0.9140900723,"69":0.9126554905,"70":0.9178130508,"71":0.8885514403,"72":0.9211022881,"73":0.9220739372,"74":0.9092256505,"75":0.9117214561,"76":0.9175625397,"77":0.9254268196,"78":0.9280854685,"79":0.9275939194,"80":0.9156703624,"81":0.9205332784,"82":0.9109215712,"83":0.9260857356,"84":0.9120130643,"85":0.9066500566,"86":0.9107778831,"87":0.9204233302,"88":0.9322525491,"89":0.9195752487,"90":0.9255744628,"91":0.9235926354,"92":0.8983441438,"93":0.9034214518,"94":0.9074318505},"f_1 Im":{"0":-0.1040249729,"1":-0.1489643835,"2":0.0493524103,"3":-0.0801372399,"4":0.0567907656,"5":0.0951907541,"6":-0.0640056116,"7":0.0308962245,"8":-0.0773375322,"9":-0.0064404173,"10":0.0342732465,"11":0.0511186951,"12":0.0539486363,"13":-0.0835023149,"14":-0.1212087863,"15":-0.0127875949,"16":-0.0642600081,"17":0.062550357,"18":0.00227401,"19":0.0096823878,"20":-0.0559957053,"21":-0.0011552404,"22":0.0657734267,"23":-0.0017569022,"24":-0.0018005113,"25":-0.0147618102,"26":0.0528032519,"27":0.1126782674,"28":-0.0033607089,"29":-0.0607608171,"30":0.0868576668,"31":-0.050329088,"32":-0.0019660909,"33":-0.0757480741,"34":0.0453478555,"35":-0.0203323812,"36":0.1344275434,"37":-0.0033786534,"38":0.0716583735,"39":-0.114174334,"40":0.0858412103,"41":-0.0528814021,"42":0.0434692698,"43":-0.1500699805,"44":-0.0759247172,"45":-0.0893636972,"46":0.0306756372,"47":-0.0141489288,"48":0.0408184951,"49":0.0676770514,"50":-0.0620978704,"51":0.0558274189,"52":-0.1727344573,"53":-0.0032327077,"54":0.0147664103,"55":-0.1214419529,"56":0.0412863432,"57":-0.0552992953,"58":-0.0109873102,"59":0.0108569293,"60":-0.0917464064,"61":0.0145618095,"62":-0.0222325905,"63":-0.0324865001,"64":0.0661414888,"65":-0.0497726308,"66":0.0514527936,"67":-0.0589668904,"68":-0.0364892824,"69":-0.0284389369,"70":0.0912587819,"71":-0.1579057672,"72":-0.0375978729,"73":0.0711709136,"74":-0.0234448381,"75":-0.0488951296,"76":0.036249161,"77":-0.0411664388,"78":-0.0122667776,"79":0.0074532706,"80":0.0221645859,"81":0.085135186,"82":0.159453817,"83":-0.048923176,"84":-0.0342941231,"85":0.0480951522,"86":0.1045836944,"87":0.0073288399,"88":0.0052621157,"89":-0.1109359138,"90":-0.0070036229,"91":-0.0628361721,"92":-0.1338492423,"93":-0.0816139347,"94":-0.0240277337},"f_2 Re":{"0":0.9031346794,"1":0.8226492408,"2":0.9018300846,"3":0.9132567428,"4":0.9041759881,"5":0.886606595,"6":0.9135221048,"7":0.8791411237,"8":0.8862959585,"9":0.8998335041,"10":0.88294037,"11":0.9113693419,"12":0.9196071239,"13":0.9046553819,"14":0.8774782189,"15":0.9221201001,"16":0.9094046396,"17":0.8838765406,"18":0.9000958122,"19":0.9207879569,"20":0.8885025483,"21":0.9023606352,"22":0.9259156248,"23":0.9008690798,"24":0.925003371,"25":0.916902525,"26":0.9153872493,"27":0.8592003723,"28":0.8821778118,"29":0.892539151,"30":0.8764782388,"31":0.9361156842,"32":0.8769533125,"33":0.8750167914,"34":0.8600720777,"35":0.9189813197,"36":0.8672263876,"37":0.9141791188,"38":0.8990571892,"39":0.9116222383,"40":0.9105712957,"41":0.8801880495,"42":0.9093505881,"43":0.8611044084,"44":0.9251636972,"45":0.8708741426,"46":0.902132691,"47":0.9154300288,"48":0.9236535051,"49":0.8825019558,"50":0.8871173558,"51":0.9048502661,"52":0.8382056984,"53":0.8880481364,"54":0.9004399982,"55":0.8859768962,"56":0.8753402148,"57":0.8951618681,"58":0.8739428772,"59":0.9185491803,"60":0.8882798001,"61":0.92464894,"62":0.9142182372,"63":0.9240428345,"64":0.9010052374,"65":0.8705172548,"66":0.9283548855,"67":0.9067581775,"68":0.8891337879,"69":0.9179341968,"70":0.8747544075,"71":0.8472775664,"72":0.8967954711,"73":0.8668277478,"74":0.9037703006,"75":0.8861769943,"76":0.9108260011,"77":0.9150542911,"78":0.9183351735,"79":0.9086572085,"80":0.921469726,"81":0.8891577537,"82":0.8882132684,"83":0.9117491982,"84":0.8971081835,"85":0.8712313666,"86":0.881387262,"87":0.9110358673,"88":0.9169949399,"89":0.889799902,"90":0.8967803409,"91":0.8857166714,"92":0.8691660485,"93":0.8941640946,"94":0.8945239488},"f_2 Im":{"0":-0.1807686226,"1":-0.33283355,"2":0.1077443627,"3":-0.1212389574,"4":0.0699742318,"5":0.2068205104,"6":-0.1232775942,"7":0.0847250171,"8":-0.175637498,"9":-0.0407901806,"10":0.1058894848,"11":0.1189202332,"12":0.1827297419,"13":-0.1592724503,"14":-0.2143104368,"15":-0.0373409973,"16":-0.0767706929,"17":0.1510071849,"18":0.0400580053,"19":-0.0029868027,"20":-0.0767986827,"21":-0.0573604496,"22":0.0670571552,"23":-0.0402684304,"24":-0.0469423014,