{
    "sample0": {
        "f_0": 0.5263671875,
        "f_1": 0.0966796875,
        "f_2": 0.1025390625,
        "f_3": 0.27734375,
        "f_4": 0.2822265625,
        "f_5": 0.390625,
        "f_6": 0.623046875,
        "f_7": 0.5068359375,
        "f_8": 0.16015625
    },
    "sample1": {
        "f_0": 0.4990234375,
        "f_1": 0.0908203125,
        "f_2": 0.1376953125,
        "f_3": 0.4306640625,
        "f_4": 0.31640625,
        "f_5": 0.1533203125,
        "f_6": 0.1123046875,
        "f_7": 0.1611328125,
        "f_8": 0.2177734375
    },
    "sample2": {
        "f_0": 0.5068359375,
        "f_1": 0.478515625,
        "f_2": 0.421875,
        "f_3": 0.41015625,
        "f_4": 0.3876953125,
        "f_5": 0.376953125,
        "f_6": 0.330078125,
        "f_7": 0.322265625,
        "f_8": 0.40625
    },
    "sample3": {
        "f_0": 0.4912109375,
        "f_1": 0.2138671875,
        "f_2": 0.123046875,
        "f_3": 0.3349609375,
        "f_4": 0.6591796875,
        "f_5": 0.759765625,
        "f_6": 0.4912109375,
        "f_7": 0.19140625,
        "f_8": 0.138671875
    },
    "sample4": {
        "f_0": 0.48828125,
        "f_1": 0.4111328125,
        "f_2": 0.3798828125,
        "f_3": 0.2626953125,
        "f_4": 0.283203125,
        "f_5": 0.2353515625,
        "f_6": 0.185546875,
        "f_7": 0.134765625,
        "f_8": 0.1044921875
    },
    "sample5": {
        "f_0": 0.501953125,
        "f_1": 0.69921875,
        "f_2": 0.3671875,
        "f_3": 0.203125,
        "f_4": 0.236328125,
        "f_5": 0.1201171875,
        "f_6": 0.203125,
        "f_7": 0.4130859375,
        "f_8": 0.1787109375
    },
    "sample6": {
        "f_0": 0.4921875,
        "f_1": 0.1162109375,
        "f_2": 0.080078125,
        "f_3": 0.1728515625,
        "f_4": 0.15625,
        "f_5": 0.33203125,
        "f_6": 0.603515625,
        "f_7": 0.5283203125,
        "f_8": 0.1962890625
    },
    "sample7": {
        "f_0": 0.5048828125,
        "f_1": 0.283203125,
        "f_2": 0.201171875,
        "f_3": 0.2421875,
        "f_4": 0.1220703125,
        "f_5": 0.1884765625,
        "f_6": 0.439453125,
        "f_7": 0.5263671875,
        "f_8": 0.4931640625
    },
    "sample8": {
        "f_0": 0.5087890625,
        "f_1": 0.314453125,
        "f_2": 0.1298828125,
        "f_3": 0.0634765625,
        "f_4": 0.10546875,
        "f_5": 0.25,
        "f_6": 0.4296875,
        "f_7": 0.572265625,
        "f_8": 0.716796875
    },
    "sample9": {
        "f_0": 0.513671875,
        "f_1": 0.5537109375,
        "f_2": 0.330078125,
        "f_3": 0.2451171875,
        "f_4": 0.33984375,
        "f_5": 0.400390625,
        "f_6": 0.3271484375,
        "f_7": 0.1826171875,
        "f_8": 0.1806640625
    },
    "sample10": {
        "f_0": 0.5,
        "f_1": 0.4189453125,
        "f_2": 0.349609375,
        "f_3": 0.2958984375,
        "f_4": 0.2666015625,
        "f_5": 0.1826171875,
        "f_6": 0.1689453125,
        "f_7": 0.16015625,
        "f_8": 0.17578125
    },
    "sample11": {
        "f_0": 0.4736328125,
        "f_1": 0.6962890625,
        "f_2": 0.6220703125,
        "f_3": 0.380859375,
        "f_4": 0.234375,
        "f_5": 0.291015625,
        "f_6": 0.4443359375,
        "f_7": 0.423828125,
        "f_8": 0.2998046875
    },
    "sample12": {
        "f_0": 0.5,
        "f_1": 0.7470703125,
        "f_2": 0.4794921875,
        "f_3": 0.279296875,
        "f_4": 0.26953125,
        "f_5": 0.1328125,
        "f_6": 0.1181640625,
        "f_7": 0.41796875,
        "f_8": 0.5322265625
    },
    "sample13": {
        "f_0": 0.5068359375,
        "f_1": 0.1591796875,
        "f_2": 0.0625,
        "f_3": 0.2080078125,
        "f_4": 0.3212890625,
        "f_5": 0.2646484375,
        "f_6": 0.2197265625,
        "f_7": 0.275390625,
        "f_8": 0.326171875
    },
    "sample14": {
        "f_0": 0.517578125,
        "f_1": 0.1513671875,
        "f_2": 0.048828125,
        "f_3": 0.2294921875,
        "f_4": 0.3603515625,
        "f_5": 0.33984375,
        "f_6": 0.306640625,
        "f_7": 0.349609375,
        "f_8": 0.34375
    },
    "sample15": {
        "f_0": 0.51171875,
        "f_1": 0.3935546875,
        "f_2": 0.2607421875,
        "f_3": 0.1689453125,
        "f_4": 0.1669921875,
        "f_5": 0.18359375,
        "f_6": 0.154296875,
        "f_7": 0.16796875,
        "f_8": 0.1728515625
    },
    "sample16": {
        "f_0": 0.4814453125,
        "f_1": 0.505859375,
        "f_2": 0.4169921875,
        "f_3": 0.330078125,
        "f_4": 0.294921875,
        "f_5": 0.3994140625,
        "f_6": 0.4609375,
        "f_7": 0.4501953125,
        "f_8": 0.3671875
    },
    "sample17": {
        "f_0": 0.5078125,
        "f_1": 0.54296875,
        "f_2": 0.400390625,
        "f_3": 0.23046875,
        "f_4": 0.1279296875,
        "f_5": 0.1552734375,
        "f_6": 0.255859375,
        "f_7": 0.2724609375,
        "f_8": 0.177734375
    },
    "sample18": {
        "f_0": 0.4951171875,
        "f_1": 0.376953125,
        "f_2": 0.2763671875,
        "f_3": 0.1796875,
        "f_4": 0.1767578125,
        "f_5": 0.140625,
        "f_6": 0.1064453125,
        "f_7": 0.09375,
        "f_8": 0.1181640625
    },
    "sample19": {
        "f_0": 0.509765625,
        "f_1": 0.6083984375,
        "f_2": 0.4814453125,
        "f_3": 0.359375,
        "f_4": 0.392578125,
        "f_5": 0.39453125,
        "f_6": 0.2724609375,
        "f_7": 0.091796875,
        "f_8": 0.03125
    },
    "sample20": {
        "f_0": 0.513671875,
        "f_1": 0.326171875,
        "f_2": 0.208984375,
        "f_3": 0.0673828125,
        "f_4": 0.064453125,
        "f_5": 0.109375,
        "f_6": 0.2099609375,
        "f_7": 0.3095703125,
        "f_8": 0.3427734375
    },
    "sample21": {
        "f_0": 0.5107421875,
        "f_1": 0.2705078125,
        "f_2": 0.103515625,
        "f_3": 0.083984375,
        "f_4": 0.1708984375,
        "f_5": 0.23046875,
        "f_6": 0.185546875,
        "f_7": 0.08203125,
        "f_8": 0.037109375
    },
    "sample22": {
        "f_0": 0.4892578125,
        "f_1": 0.6416015625,
        "f_2": 0.36328125,
        "f_3": 0.154296875,
        "f_4": 0.328125,
        "f_5": 0.5361328125,
        "f_6": 0.4423828125,
        "f_7": 0.1953125,
        "f_8": 0.0849609375
    },
    "sample23": {
        "f_0": 0.4921875,
        "f_1": 0.5888671875,
        "f_2": 0.6630859375,
        "f_3": 0.7001953125,
        "f_4": 0.75,
        "f_5": 0.79296875,
        "f_6": 0.8154296875,
        "f_7": 0.7998046875,
        "f_8": 0.7783203125
    },
    "sample24": {
        "f_0": 0.501953125,
        "f_1": 0.4072265625,
        "f_2": 0.255859375,
        "f_3": 0.1748046875,
        "f_4": 0.404296875,
        "f_5": 0.7431640625,
        "f_6": 0.71875,
        "f_7": 0.396484375,
        "f_8": 0.349609375
    },
    "sample25": {
        "f_0": 0.513671875,
        "f_1": 0.4853515625,
        "f_2": 0.41796875,
        "f_3": 0.3310546875,
        "f_4": 0.2451171875,
        "f_5": 0.2060546875,
        "f_6": 0.25,
        "f_7": 0.3349609375,
        "f_8": 0.470703125
    },
    "sample26": {
        "f_0": 0.5048828125,
        "f_1": 0.3349609375,
        "f_2": 0.2060546875,
        "f_3": 0.0986328125,
        "f_4": 0.0478515625,
        "f_5": 0.0458984375,
        "f_6": 0.0400390625,
        "f_7": 0.0595703125,
        "f_8": 0.1357421875
    },
    "sample27": {
        "f_0": 0.5078125,
        "f_1": 0.708984375,
        "f_2": 0.6591796875,
        "f_3": 0.4169921875,
        "f_4": 0.197265625,
        "f_5": 0.1015625,
        "f_6": 0.236328125,
        "f_7": 0.4990234375,
        "f_8": 0.625
    },
    "sample28": {
        "f_0": 0.4931640625,
        "f_1": 0.513671875,
        "f_2": 0.3017578125,
        "f_3": 0.2587890625,
        "f_4": 0.4033203125,
        "f_5": 0.44140625,
        "f_6": 0.2490234375,
        "f_7": 0.2080078125,
        "f_8": 0.30078125
    },