{
    "sample0": {
        "f_0": 0.0,
        "f_1": 0.158203125,
        "f_2": 0.3408203125,
        "f_3": 0.2822265625,
        "f_4": 0.228515625,
        "f_5": 0.3046875,
        "f_6": 0.2109375,
        "f_7": 0.0146484375,
        "f_8": 0.0986328125
    },
    "sample1": {
        "f_0": 0.0,
        "f_1": 0.1875,
        "f_2": 0.4150390625,
        "f_3": 0.3798828125,
        "f_4": 0.1279296875,
        "f_5": 0.12109375,
        "f_6": 0.1962890625,
        "f_7": 0.2275390625,
        "f_8": 0.236328125
    },
    "sample2": {
        "f_0": 0.0,
        "f_1": 0.0107421875,
        "f_2": 0.1044921875,
        "f_3": 0.25,
        "f_4": 0.25,
        "f_5": 0.138671875,
        "f_6": 0.064453125,
        "f_7": 0.091796875,
        "f_8": 0.2490234375
    },
    "sample3": {
        "f_0": 0.0,
        "f_1": 0.072265625,
        "f_2": 0.2119140625,
        "f_3": 0.3505859375,
        "f_4": 0.298828125,
        "f_5": 0.1748046875,
        "f_6": 0.0302734375,
        "f_7": 0.1103515625,
        "f_8": 0.337890625
    },
    "sample4": {
        "f_0": 0.0,
        "f_1": 0.0078125,
        "f_2": 0.0107421875,
        "f_3": 0.0185546875,
        "f_4": 0.046875,
        "f_5": 0.0576171875,
        "f_6": 0.0859375,
        "f_7": 0.109375,
        "f_8": 0.1748046875
    },
    "sample5": {
        "f_0": 0.0,
        "f_1": 0.1533203125,
        "f_2": 0.3369140625,
        "f_3": 0.1884765625,
        "f_4": 0.2177734375,
        "f_5": 0.2314453125,
        "f_6": 0.0859375,
        "f_7": 0.119140625,
        "f_8": 0.3369140625
    },
    "sample6": {
        "f_0": 0.0,
        "f_1": 0.1357421875,
        "f_2": 0.3115234375,
        "f_3": 0.244140625,
        "f_4": 0.28125,
        "f_5": 0.3896484375,
        "f_6": 0.2568359375,
        "f_7": 0.0419921875,
        "f_8": 0.0791015625
    },
    "sample7": {
        "f_0": 0.0,
        "f_1": 0.0283203125,
        "f_2": 0.0634765625,
        "f_3": 0.103515625,
        "f_4": 0.197265625,
        "f_5": 0.412109375,
        "f_6": 0.515625,
        "f_7": 0.4140625,
        "f_8": 0.3408203125
    },
    "sample8": {
        "f_0": 0.0,
        "f_1": 0.033203125,
        "f_2": 0.1025390625,
        "f_3": 0.2705078125,
        "f_4": 0.3603515625,
        "f_5": 0.4521484375,
        "f_6": 0.3759765625,
        "f_7": 0.2802734375,
        "f_8": 0.1572265625
    },
    "sample9": {
        "f_0": 0.0,
        "f_1": 0.046875,
        "f_2": 0.1123046875,
        "f_3": 0.125,
        "f_4": 0.1142578125,
        "f_5": 0.3515625,
        "f_6": 0.5859375,
        "f_7": 0.49609375,
        "f_8": 0.3583984375
    },
    "sample10": {
        "f_0": 0.0,
        "f_1": 0.0029296875,
        "f_2": 0.0244140625,
        "f_3": 0.0341796875,
        "f_4": 0.068359375,
        "f_5": 0.126953125,
        "f_6": 0.2353515625,
        "f_7": 0.3017578125,
        "f_8": 0.287109375
    },
    "sample11": {
        "f_0": 0.0,
        "f_1": 0.07421875,
        "f_2": 0.2470703125,
        "f_3": 0.26953125,
        "f_4": 0.1767578125,
        "f_5": 0.1083984375,
        "f_6": 0.169921875,
        "f_7": 0.2548828125,
        "f_8": 0.283203125
    },
    "sample12": {
        "f_0": 0.0,
        "f_1": 0.13671875,
        "f_2": 0.3291015625,
        "f_3": 0.2529296875,
        "f_4": 0.25390625,
        "f_5": 0.298828125,
        "f_6": 0.142578125,
        "f_7": 0.005859375,
        "f_8": 0.1572265625
    },
    "sample13": {
        "f_0": 0.0,
        "f_1": 0.1103515625,
        "f_2": 0.30859375,
        "f_3": 0.3037109375,
        "f_4": 0.2060546875,
        "f_5": 0.142578125,
        "f_6": 0.2060546875,
        "f_7": 0.251953125,
        "f_8": 0.189453125
    },
    "sample14": {
        "f_0": 0.0,
        "f_1": 0.1142578125,
        "f_2": 0.3330078125,
        "f_3": 0.37109375,
        "f_4": 0.2734375,
        "f_5": 0.2060546875,
        "f_6": 0.216796875,
        "f_7": 0.24609375,
        "f_8": 0.1337890625
    },
    "sample15": {
        "f_0": 0.0,
        "f_1": 0.0068359375,
        "f_2": 0.0615234375,
        "f_3": 0.1884765625,
        "f_4": 0.3134765625,
        "f_5": 0.2939453125,
        "f_6": 0.193359375,
        "f_7": 0.111328125,
        "f_8": 0.1005859375
    },
    "sample16": {
        "f_0": 0.0,
        "f_1": 0.015625,
        "f_2": 0.0458984375,
        "f_3": 0.072265625,
        "f_4": 0.0791015625,
        "f_5": 0.1455078125,
        "f_6": 0.3203125,
        "f_7": 0.451171875,
        "f_8": 0.4697265625
    },
    "sample17": {
        "f_0": 0.0,
        "f_1": 0.044921875,
        "f_2": 0.2724609375,
        "f_3": 0.4541015625,
        "f_4": 0.3701171875,
        "f_5": 0.22265625,
        "f_6": 0.09375,
        "f_7": 0.1005859375,
        "f_8": 0.123046875
    },
    "sample18": {
        "f_0": 0.0,
        "f_1": 0.015625,
        "f_2": 0.0439453125,
        "f_3": 0.07421875,
        "f_4": 0.1142578125,
        "f_5": 0.1083984375,
        "f_6": 0.13671875,
        "f_7": 0.2197265625,
        "f_8": 0.291015625
    },
    "sample19": {
        "f_0": 0.0,
        "f_1": 0.0400390625,
        "f_2": 0.1103515625,
        "f_3": 0.123046875,
        "f_4": 0.1025390625,
        "f_5": 0.22265625,
        "f_6": 0.4091796875,
        "f_7": 0.453125,
        "f_8": 0.2822265625
    },
    "sample20": {
        "f_0": 0.0,
        "f_1": 0.029296875,
        "f_2": 0.099609375,
        "f_3": 0.169921875,
        "f_4": 0.26171875,
        "f_5": 0.32421875,
        "f_6": 0.3037109375,
        "f_7": 0.2431640625,
        "f_8": 0.1845703125
    },
    "sample21": {
        "f_0": 0.0,
        "f_1": 0.044921875,
        "f_2": 0.150390625,
        "f_3": 0.2099609375,
        "f_4": 0.166015625,
        "f_5": 0.1220703125,
        "f_6": 0.0927734375,
        "f_7": 0.19140625,
        "f_8": 0.3427734375
    },
    "sample22": {
        "f_0": 0.0,
        "f_1": 0.0654296875,
        "f_2": 0.1494140625,
        "f_3": 0.1318359375,
        "f_4": 0.0234375,
        "f_5": 0.0654296875,
        "f_6": 0.2802734375,
        "f_7": 0.34375,
        "f_8": 0.2080078125
    },
    "sample23": {
        "f_0": 0.0,
        "f_1": 0.015625,
        "f_2": 0.0361328125,
        "f_3": 0.0712890625,
        "f_4": 0.1396484375,
        "f_5": 0.2275390625,
        "f_6": 0.28515625,
        "f_7": 0.34375,
        "f_8": 0.4306640625
    },
    "sample24": {
        "f_0": 0.0,
        "f_1": 0.015625,
        "f_2": 0.14453125,
        "f_3": 0.166015625,
        "f_4": 0.1103515625,
        "f_5": 0.2236328125,
        "f_6": 0.26171875,
        "f_7": 0.1240234375,
        "f_8": 0.0458984375
    },
    "sample25": {
        "f_0": 0.0,
        "f_1": 0.0048828125,
        "f_2": 0.025390625,
        "f_3": 0.0537109375,
        "f_4": 0.1044921875,
        "f_5": 0.1201171875,
        "f_6": 0.119140625,
        "f_7": 0.115234375,
        "f_8": 0.169921875
    },
    "sample26": {
        "f_0": 0.0,
        "f_1": 0.0146484375,
        "f_2": 0.0751953125,
        "f_3": 0.154296875,
        "f_4": 0.2109375,
        "f_5": 0.2587890625,
        "f_6": 0.337890625,
        "f_7": 0.46484375,
        "f_8": 0.56640625
    },
    "sample27": {
        "f_0": 0.0,
        "f_1": 0.0703125,
        "f_2": 0.271484375,
        "f_3": 0.4267578125,
        "f_4": 0.4140625,
        "f_5": 0.2333984375,
        "f_6": 0.060546875,
        "f_7": 0.0439453125,
        "f_8": 0.1357421875
    },
    "sample28": {
        "f_0": 0.0,
        "f_1": 0.037109375,
        "f_2": 0.1171875,
        "f_3": 0.1103515625,
        "f_4": 0.181640625,
        "f_5": 0.462890625,
        "f_6": 0.556640625,
        "f_7": 0.421875,
        "f_8": 0.3642578125
    },
    "sample29": {
        "f_0": 0.0,
        "f_1": 0.001953125,
        "f_2": 0.005859375,
        "f_3": 0.0078125,
        "f_4": 0.005859375,
        "f_5": 0.0146484375,
        "f_6": 0.0205078125,
        "f_7": 0.0341796875,