{
    "sample0": {
        "f_0": 0.5009765625,
        "f_1": 0.7373046875,
        "f_2": 0.4794921875,
        "f_3": 0.2451171875,
        "f_4": 0.232421875,
        "f_5": 0.126953125,
        "f_6": 0.0703125,
        "f_7": 0.3212890625,
        "f_8": 0.5498046875
    },
    "sample1": {
        "f_0": 0.4951171875,
        "f_1": 0.693359375,
        "f_2": 0.404296875,
        "f_3": 0.1455078125,
        "f_4": 0.1845703125,
        "f_5": 0.4130859375,
        "f_6": 0.44921875,
        "f_7": 0.322265625,
        "f_8": 0.279296875
    },
    "sample2": {
        "f_0": 0.4912109375,
        "f_1": 0.3798828125,
        "f_2": 0.1826171875,
        "f_3": 0.1396484375,
        "f_4": 0.142578125,
        "f_5": 0.18359375,
        "f_6": 0.287109375,
        "f_7": 0.23046875,
        "f_8": 0.12890625
    },
    "sample3": {
        "f_0": 0.517578125,
        "f_1": 0.6337890625,
        "f_2": 0.4765625,
        "f_3": 0.1826171875,
        "f_4": 0.03125,
        "f_5": 0.0849609375,
        "f_6": 0.283203125,
        "f_7": 0.3779296875,
        "f_8": 0.3857421875
    },
    "sample4": {
        "f_0": 0.474609375,
        "f_1": 0.55859375,
        "f_2": 0.58984375,
        "f_3": 0.548828125,
        "f_4": 0.556640625,
        "f_5": 0.5693359375,
        "f_6": 0.53125,
        "f_7": 0.53125,
        "f_8": 0.501953125
    },
    "sample5": {
        "f_0": 0.4609375,
        "f_1": 0.064453125,
        "f_2": 0.1796875,
        "f_3": 0.2861328125,
        "f_4": 0.255859375,
        "f_5": 0.423828125,
        "f_6": 0.41796875,
        "f_7": 0.203125,
        "f_8": 0.3447265625
    },
    "sample6": {
        "f_0": 0.484375,
        "f_1": 0.7353515625,
        "f_2": 0.525390625,
        "f_3": 0.353515625,
        "f_4": 0.3525390625,
        "f_5": 0.224609375,
        "f_6": 0.0517578125,
        "f_7": 0.2685546875,
        "f_8": 0.537109375
    },
    "sample7": {
        "f_0": 0.5078125,
        "f_1": 0.580078125,
        "f_2": 0.4453125,
        "f_3": 0.3505859375,
        "f_4": 0.42578125,
        "f_5": 0.3671875,
        "f_6": 0.1953125,
        "f_7": 0.0888671875,
        "f_8": 0.1142578125
    },
    "sample8": {
        "f_0": 0.51953125,
        "f_1": 0.611328125,
        "f_2": 0.6435546875,
        "f_3": 0.556640625,
        "f_4": 0.455078125,
        "f_5": 0.298828125,
        "f_6": 0.134765625,
        "f_7": 0.0458984375,
        "f_8": 0.087890625
    },
    "sample9": {
        "f_0": 0.5107421875,
        "f_1": 0.2529296875,
        "f_2": 0.2177734375,
        "f_3": 0.3310546875,
        "f_4": 0.2275390625,
        "f_5": 0.138671875,
        "f_6": 0.3046875,
        "f_7": 0.4013671875,
        "f_8": 0.3427734375
    },
    "sample10": {
        "f_0": 0.5068359375,
        "f_1": 0.486328125,
        "f_2": 0.4326171875,
        "f_3": 0.369140625,
        "f_4": 0.3740234375,
        "f_5": 0.376953125,
        "f_6": 0.3662109375,
        "f_7": 0.322265625,
        "f_8": 0.3203125
    },
    "sample11": {
        "f_0": 0.46875,
        "f_1": 0.1796875,
        "f_2": 0.0517578125,
        "f_3": 0.14453125,
        "f_4": 0.27734375,
        "f_5": 0.26953125,
        "f_6": 0.158203125,
        "f_7": 0.1259765625,
        "f_8": 0.193359375
    },
    "sample12": {
        "f_0": 0.513671875,
        "f_1": 0.0732421875,
        "f_2": 0.08984375,
        "f_3": 0.21875,
        "f_4": 0.22265625,
        "f_5": 0.423828125,
        "f_6": 0.6064453125,
        "f_7": 0.3818359375,
        "f_8": 0.1162109375
    },
    "sample13": {
        "f_0": 0.486328125,
        "f_1": 0.7197265625,
        "f_2": 0.572265625,
        "f_3": 0.3203125,
        "f_4": 0.1982421875,
        "f_5": 0.236328125,
        "f_6": 0.2802734375,
        "f_7": 0.208984375,
        "f_8": 0.1708984375
    },
    "sample14": {
        "f_0": 0.482421875,
        "f_1": 0.705078125,
        "f_2": 0.544921875,
        "f_3": 0.279296875,
        "f_4": 0.166015625,
        "f_5": 0.1650390625,
        "f_6": 0.20703125,
        "f_7": 0.14453125,
        "f_8": 0.2041015625
    },
    "sample15": {
        "f_0": 0.4892578125,
        "f_1": 0.4921875,
        "f_2": 0.3798828125,
        "f_3": 0.3642578125,
        "f_4": 0.3203125,
        "f_5": 0.330078125,
        "f_6": 0.3623046875,
        "f_7": 0.4609375,
        "f_8": 0.5908203125
    },
    "sample16": {
        "f_0": 0.4873046875,
        "f_1": 0.369140625,
        "f_2": 0.3134765625,
        "f_3": 0.302734375,
        "f_4": 0.2822265625,
        "f_5": 0.2158203125,
        "f_6": 0.1123046875,
        "f_7": 0.1376953125,
        "f_8": 0.1796875
    },
    "sample17": {
        "f_0": 0.5078125,
        "f_1": 0.2275390625,
        "f_2": 0.119140625,
        "f_3": 0.3251953125,
        "f_4": 0.435546875,
        "f_5": 0.3740234375,
        "f_6": 0.2685546875,
        "f_7": 0.302734375,
        "f_8": 0.40234375
    },
    "sample18": {
        "f_0": 0.5263671875,
        "f_1": 0.59375,
        "f_2": 0.5947265625,
        "f_3": 0.5556640625,
        "f_4": 0.5029296875,
        "f_5": 0.5009765625,
        "f_6": 0.50390625,
        "f_7": 0.486328125,
        "f_8": 0.4423828125
    },
    "sample19": {
        "f_0": 0.5126953125,
        "f_1": 0.255859375,
        "f_2": 0.154296875,
        "f_3": 0.2158203125,
        "f_4": 0.1767578125,
        "f_5": 0.1396484375,
        "f_6": 0.259765625,
        "f_7": 0.56640625,
        "f_8": 0.6767578125
    },
    "sample20": {
        "f_0": 0.4931640625,
        "f_1": 0.626953125,
        "f_2": 0.7294921875,
        "f_3": 0.6982421875,
        "f_4": 0.5859375,
        "f_5": 0.4599609375,
        "f_6": 0.2998046875,
        "f_7": 0.212890625,
        "f_8": 0.1611328125
    },
    "sample21": {
        "f_0": 0.513671875,
        "f_1": 0.6708984375,
        "f_2": 0.6494140625,
        "f_3": 0.494140625,
        "f_4": 0.357421875,
        "f_5": 0.3173828125,
        "f_6": 0.4326171875,
        "f_7": 0.6162109375,
        "f_8": 0.669921875
    },
    "sample22": {
        "f_0": 0.4990234375,
        "f_1": 0.1865234375,
        "f_2": 0.1396484375,
        "f_3": 0.380859375,
        "f_4": 0.4462890625,
        "f_5": 0.1748046875,
        "f_6": 0.1044921875,
        "f_7": 0.3564453125,
        "f_8": 0.5048828125
    },
    "sample23": {
        "f_0": 0.5029296875,
        "f_1": 0.3994140625,
        "f_2": 0.271484375,
        "f_3": 0.1884765625,
        "f_4": 0.1123046875,
        "f_5": 0.0732421875,
        "f_6": 0.025390625,
        "f_7": 0.0126953125,
        "f_8": 0.0205078125
    },
    "sample24": {
        "f_0": 0.5048828125,
        "f_1": 0.36328125,
        "f_2": 0.3037109375,
        "f_3": 0.34765625,
        "f_4": 0.1787109375,
        "f_5": 0.0654296875,
        "f_6": 0.048828125,
        "f_7": 0.1845703125,
        "f_8": 0.3271484375
    },
    "sample25": {
        "f_0": 0.509765625,
        "f_1": 0.4306640625,
        "f_2": 0.349609375,
        "f_3": 0.296875,
        "f_4": 0.33203125,
        "f_5": 0.3603515625,
        "f_6": 0.291015625,
        "f_7": 0.2138671875,
        "f_8": 0.0947265625
    },
    "sample26": {
        "f_0": 0.4794921875,
        "f_1": 0.6279296875,
        "f_2": 0.6875,
        "f_3": 0.6953125,
        "f_4": 0.69921875,
        "f_5": 0.6611328125,
        "f_6": 0.6796875,
        "f_7": 0.6396484375,
        "f_8": 0.515625
    },
    "sample27": {
        "f_0": 0.49609375,
        "f_1": 0.203125,
        "f_2": 0.044921875,
        "f_3": 0.162109375,
        "f_4": 0.3388671875,
        "f_5": 0.47265625,
        "f_6": 0.4140625,
        "f_7": 0.248046875,
        "f_8": 0.1181640625
    },
    "sample28": {
        "f_0": 0.4658203125,
        "f_1": 0.2412109375,
        "f_2": 0.255859375,
        "f_3": 0.287109375,
        "f_4": 0.1298828125,
        "f_5": 0.1513671875,
        "f_6": 0.3955078125,
        "f_7": 0.3349609375,