{
    "sample0": {
        "f_0": 0.5166015625,
        "f_1": 0.103515625,
        "f_2": 0.1103515625,
        "f_3": 0.30078125,
        "f_4": 0.2919921875,
        "f_5": 0.3837890625,
        "f_6": 0.6318359375,
        "f_7": 0.509765625,
        "f_8": 0.1416015625,
        "f_9": 0.150390625,
        "f_10": 0.408203125
    },
    "sample1": {
        "f_0": 0.5234375,
        "f_1": 0.083984375,
        "f_2": 0.1669921875,
        "f_3": 0.4140625,
        "f_4": 0.3330078125,
        "f_5": 0.177734375,
        "f_6": 0.11328125,
        "f_7": 0.1904296875,
        "f_8": 0.197265625,
        "f_9": 0.3701171875,
        "f_10": 0.6328125
    },
    "sample2": {
        "f_0": 0.5205078125,
        "f_1": 0.4970703125,
        "f_2": 0.4091796875,
        "f_3": 0.400390625,
        "f_4": 0.4072265625,
        "f_5": 0.3740234375,
        "f_6": 0.3173828125,
        "f_7": 0.341796875,
        "f_8": 0.40234375,
        "f_9": 0.5927734375,
        "f_10": 0.5908203125
    },
    "sample3": {
        "f_0": 0.5263671875,
        "f_1": 0.22265625,
        "f_2": 0.119140625,
        "f_3": 0.33984375,
        "f_4": 0.6943359375,
        "f_5": 0.7373046875,
        "f_6": 0.498046875,
        "f_7": 0.1708984375,
        "f_8": 0.1376953125,
        "f_9": 0.3271484375,
        "f_10": 0.521484375
    },
    "sample4": {
        "f_0": 0.484375,
        "f_1": 0.4033203125,
        "f_2": 0.3251953125,
        "f_3": 0.3125,
        "f_4": 0.27734375,
        "f_5": 0.224609375,
        "f_6": 0.1611328125,
        "f_7": 0.1337890625,
        "f_8": 0.130859375,
        "f_9": 0.1142578125,
        "f_10": 0.1455078125
    },
    "sample5": {
        "f_0": 0.4921875,
        "f_1": 0.697265625,
        "f_2": 0.40234375,
        "f_3": 0.220703125,
        "f_4": 0.2431640625,
        "f_5": 0.0927734375,
        "f_6": 0.212890625,
        "f_7": 0.4150390625,
        "f_8": 0.181640625,
        "f_9": 0.08984375,
        "f_10": 0.4033203125
    },
    "sample6": {
        "f_0": 0.498046875,
        "f_1": 0.1396484375,
        "f_2": 0.091796875,
        "f_3": 0.1884765625,
        "f_4": 0.154296875,
        "f_5": 0.3251953125,
        "f_6": 0.576171875,
        "f_7": 0.4921875,
        "f_8": 0.19921875,
        "f_9": 0.0966796875,
        "f_10": 0.1630859375
    },
    "sample7": {
        "f_0": 0.5107421875,
        "f_1": 0.2880859375,
        "f_2": 0.2109375,
        "f_3": 0.2099609375,
        "f_4": 0.140625,
        "f_5": 0.1806640625,
        "f_6": 0.4267578125,
        "f_7": 0.55078125,
        "f_8": 0.4619140625,
        "f_9": 0.50390625,
        "f_10": 0.5927734375
    },
    "sample8": {
        "f_0": 0.521484375,
        "f_1": 0.3037109375,
        "f_2": 0.1318359375,
        "f_3": 0.0615234375,
        "f_4": 0.1376953125,
        "f_5": 0.251953125,
        "f_6": 0.4443359375,
        "f_7": 0.6201171875,
        "f_8": 0.7197265625,
        "f_9": 0.7138671875,
        "f_10": 0.5615234375
    },
    "sample9": {
        "f_0": 0.4921875,
        "f_1": 0.54296875,
        "f_2": 0.34765625,
        "f_3": 0.216796875,
        "f_4": 0.3232421875,
        "f_5": 0.4033203125,
        "f_6": 0.28125,
        "f_7": 0.1845703125,
        "f_8": 0.171875,
        "f_9": 0.2421875,
        "f_10": 0.150390625
    },
    "sample10": {
        "f_0": 0.5107421875,
        "f_1": 0.40234375,
        "f_2": 0.3603515625,
        "f_3": 0.3310546875,
        "f_4": 0.2841796875,
        "f_5": 0.1865234375,
        "f_6": 0.142578125,
        "f_7": 0.2041015625,
        "f_8": 0.17578125,
        "f_9": 0.115234375,
        "f_10": 0.115234375
    },
    "sample11": {
        "f_0": 0.4833984375,
        "f_1": 0.71875,
        "f_2": 0.6328125,
        "f_3": 0.361328125,
        "f_4": 0.2314453125,
        "f_5": 0.298828125,
        "f_6": 0.4306640625,
        "f_7": 0.4130859375,
        "f_8": 0.2900390625,
        "f_9": 0.2138671875,
        "f_10": 0.22265625
    },
    "sample12": {
        "f_0": 0.5283203125,
        "f_1": 0.71484375,
        "f_2": 0.4736328125,
        "f_3": 0.267578125,
        "f_4": 0.267578125,
        "f_5": 0.134765625,
        "f_6": 0.0908203125,
        "f_7": 0.439453125,
        "f_8": 0.5634765625,
        "f_9": 0.3017578125,
        "f_10": 0.2509765625
    },
    "sample13": {
        "f_0": 0.509765625,
        "f_1": 0.16796875,
        "f_2": 0.060546875,
        "f_3": 0.2041015625,
        "f_4": 0.302734375,
        "f_5": 0.298828125,
        "f_6": 0.2236328125,
        "f_7": 0.26953125,
        "f_8": 0.3681640625,
        "f_9": 0.2822265625,
        "f_10": 0.21484375
    },
    "sample14": {
        "f_0": 0.5205078125,
        "f_1": 0.146484375,
        "f_2": 0.0546875,
        "f_3": 0.248046875,
        "f_4": 0.3701171875,
        "f_5": 0.3291015625,
        "f_6": 0.287109375,
        "f_7": 0.3583984375,
        "f_8": 0.34375,
        "f_9": 0.1875,
        "f_10": 0.0810546875
    },
    "sample15": {
        "f_0": 0.509765625,
        "f_1": 0.384765625,
        "f_2": 0.248046875,
        "f_3": 0.166015625,
        "f_4": 0.181640625,
        "f_5": 0.1875,
        "f_6": 0.19921875,
        "f_7": 0.1640625,
        "f_8": 0.162109375,
        "f_9": 0.125,
        "f_10": 0.1044921875
    },
    "sample16": {
        "f_0": 0.5283203125,
        "f_1": 0.529296875,
        "f_2": 0.38671875,
        "f_3": 0.3134765625,
        "f_4": 0.2978515625,
        "f_5": 0.3759765625,
        "f_6": 0.4755859375,
        "f_7": 0.4482421875,
        "f_8": 0.373046875,
        "f_9": 0.4033203125,
        "f_10": 0.5068359375
    },
    "sample17": {
        "f_0": 0.486328125,
        "f_1": 0.546875,
        "f_2": 0.412109375,
        "f_3": 0.2333984375,
        "f_4": 0.126953125,
        "f_5": 0.162109375,
        "f_6": 0.2919921875,
        "f_7": 0.2890625,
        "f_8": 0.2109375,
        "f_9": 0.177734375,
        "f_10": 0.2646484375
    },
    "sample18": {
        "f_0": 0.484375,
        "f_1": 0.3642578125,
        "f_2": 0.26953125,
        "f_3": 0.1962890625,
        "f_4": 0.1748046875,
        "f_5": 0.1591796875,
        "f_6": 0.1015625,
        "f_7": 0.1083984375,
        "f_8": 0.119140625,
        "f_9": 0.2080078125,
        "f_10": 0.3408203125
    },
    "sample19": {
        "f_0": 0.51953125,
        "f_1": 0.6220703125,
        "f_2": 0.498046875,
        "f_3": 0.3603515625,
        "f_4": 0.3916015625,
        "f_5": 0.4306640625,
        "f_6": 0.27734375,
        "f_7": 0.0859375,
        "f_8": 0.0400390625,
        "f_9": 0.103515625,
        "f_10": 0.0869140625
    },
    "sample20": {
        "f_0": 0.484375,
        "f_1": 0.318359375,
        "f_2": 0.1669921875,
        "f_3": 0.0703125,
        "f_4": 0.0673828125,
        "f_5": 0.1083984375,
        "f_6": 0.181640625,
        "f_7": 0.2880859375,
        "f_8": 0.375,
        "f_9": 0.3798828125,
        "f_10": 0.333984375
    },
    "sample21": {
        "f_0": 0.513671875,
        "f_1": 0.255859375,
        "f_2": 0.1064453125,
        "f_3": 0.0888671875,
        "f_4": 0.1826171875,
        "f_5": 0.2373046875,
        "f_6": 0.1884765625,
        "f_7": 0.0693359375,
        "f_8": 0.0302734375,
        "f_9": 0.09375,
        "f_10": 0.2353515625
    },
    "sample22": {
        "f_0": 0.5087890625,
        "f_1": 0.630859375,
        "f_2": 0.3876953125,
        "f_3": 0.193359375,
        "f_4": 0.3125,
        "f_5": 0.5478515625,
        "f_6": 0.4345703125,
        "f_7": 0.20703125,
        "f_8": 0.078125,
        "f_9": 0.203125,
        "f_10": 0.259765625
    },
    "sample23": {
        "f_0": 0.4833984375,
        "f_1": 0.5888671875,
        "f_2": 0.6572265625,
        "f_3": 0.7158203125,
        "f_4": 0.748046875,
        "f_5": 0.7841796875,
        "f_6": 0.7841796875,
        "f_7": 0.8056640625,
        "f_8": 0.7744140625,
        "f_9": 0.7177734375,
        "f_10": 0.6123046875
    },