{
    "sample0": {
        "f_0": 1.0,
        "f_1": 0.666015625,
        "f_2": 0.2373046875,
        "f_3": 0.2265625,
        "f_4": 0.2685546875,
        "f_5": 0.21875,
        "f_6": 0.494140625,
        "f_7": 0.7978515625,
        "f_8": 0.625
    },
    "sample1": {
        "f_0": 1.0,
        "f_1": 0.6318359375,
        "f_2": 0.1611328125,
        "f_3": 0.19140625,
        "f_4": 0.4287109375,
        "f_5": 0.458984375,
        "f_6": 0.3564453125,
        "f_7": 0.3310546875,
        "f_8": 0.275390625
    },
    "sample2": {
        "f_0": 1.0,
        "f_1": 0.8173828125,
        "f_2": 0.482421875,
        "f_3": 0.2861328125,
        "f_4": 0.2666015625,
        "f_5": 0.447265625,
        "f_6": 0.5654296875,
        "f_7": 0.501953125,
        "f_8": 0.29296875
    },
    "sample3": {
        "f_0": 1.0,
        "f_1": 0.78515625,
        "f_2": 0.3671875,
        "f_3": 0.17578125,
        "f_4": 0.392578125,
        "f_5": 0.666015625,
        "f_6": 0.724609375,
        "f_7": 0.5029296875,
        "f_8": 0.205078125
    },
    "sample4": {
        "f_0": 1.0,
        "f_1": 0.974609375,
        "f_2": 0.904296875,
        "f_3": 0.837890625,
        "f_4": 0.765625,
        "f_5": 0.7119140625,
        "f_6": 0.6318359375,
        "f_7": 0.533203125,
        "f_8": 0.4189453125
    },
    "sample5": {
        "f_0": 1.0,
        "f_1": 0.6064453125,
        "f_2": 0.2265625,
        "f_3": 0.2939453125,
        "f_4": 0.2783203125,
        "f_5": 0.3173828125,
        "f_6": 0.5595703125,
        "f_7": 0.439453125,
        "f_8": 0.205078125
    },
    "sample6": {
        "f_0": 1.0,
        "f_1": 0.7265625,
        "f_2": 0.3154296875,
        "f_3": 0.2431640625,
        "f_4": 0.197265625,
        "f_5": 0.12890625,
        "f_6": 0.3447265625,
        "f_7": 0.7216796875,
        "f_8": 0.6376953125
    },
    "sample7": {
        "f_0": 1.0,
        "f_1": 0.7998046875,
        "f_2": 0.572265625,
        "f_3": 0.4873046875,
        "f_4": 0.369140625,
        "f_5": 0.1474609375,
        "f_6": 0.1083984375,
        "f_7": 0.21484375,
        "f_8": 0.2490234375
    },
    "sample8": {
        "f_0": 1.0,
        "f_1": 0.888671875,
        "f_2": 0.66796875,
        "f_3": 0.4072265625,
        "f_4": 0.2001953125,
        "f_5": 0.115234375,
        "f_6": 0.19140625,
        "f_7": 0.3818359375,
        "f_8": 0.65625
    },
    "sample9": {
        "f_0": 1.0,
        "f_1": 0.7470703125,
        "f_2": 0.447265625,
        "f_3": 0.4091796875,
        "f_4": 0.4140625,
        "f_5": 0.2041015625,
        "f_6": 0.0654296875,
        "f_7": 0.103515625,
        "f_8": 0.1796875
    },
    "sample10": {
        "f_0": 1.0,
        "f_1": 0.9130859375,
        "f_2": 0.7626953125,
        "f_3": 0.671875,
        "f_4": 0.5673828125,
        "f_5": 0.408203125,
        "f_6": 0.271484375,
        "f_7": 0.220703125,
        "f_8": 0.20703125
    },
    "sample11": {
        "f_0": 1.0,
        "f_1": 0.8173828125,
        "f_2": 0.453125,
        "f_3": 0.259765625,
        "f_4": 0.3388671875,
        "f_5": 0.4638671875,
        "f_6": 0.43359375,
        "f_7": 0.2802734375,
        "f_8": 0.1875
    },
    "sample12": {
        "f_0": 1.0,
        "f_1": 0.6875,
        "f_2": 0.24609375,
        "f_3": 0.25,
        "f_4": 0.265625,
        "f_5": 0.197265625,
        "f_6": 0.5166015625,
        "f_7": 0.81640625,
        "f_8": 0.4765625
    },
    "sample13": {
        "f_0": 1.0,
        "f_1": 0.7451171875,
        "f_2": 0.3525390625,
        "f_3": 0.1875,
        "f_4": 0.2939453125,
        "f_5": 0.3994140625,
        "f_6": 0.3212890625,
        "f_7": 0.2705078125,
        "f_8": 0.365234375
    },
    "sample14": {
        "f_0": 1.0,
        "f_1": 0.75390625,
        "f_2": 0.3603515625,
        "f_3": 0.1328125,
        "f_4": 0.2529296875,
        "f_5": 0.3134765625,
        "f_6": 0.2744140625,
        "f_7": 0.271484375,
        "f_8": 0.43359375
    },
    "sample15": {
        "f_0": 1.0,
        "f_1": 0.865234375,
        "f_2": 0.5732421875,
        "f_3": 0.33984375,
        "f_4": 0.232421875,
        "f_5": 0.2216796875,
        "f_6": 0.33203125,
        "f_7": 0.5078125,
        "f_8": 0.6357421875
    },
    "sample16": {
        "f_0": 1.0,
        "f_1": 0.9013671875,
        "f_2": 0.65234375,
        "f_3": 0.529296875,
        "f_4": 0.50390625,
        "f_5": 0.4130859375,
        "f_6": 0.29296875,
        "f_7": 0.12890625,
        "f_8": 0.130859375
    },
    "sample17": {
        "f_0": 1.0,
        "f_1": 0.73046875,
        "f_2": 0.2705078125,
        "f_3": 0.099609375,
        "f_4": 0.16796875,
        "f_5": 0.294921875,
        "f_6": 0.5048828125,
        "f_7": 0.4619140625,
        "f_8": 0.453125
    },
    "sample18": {
        "f_0": 1.0,
        "f_1": 0.9404296875,
        "f_2": 0.841796875,
        "f_3": 0.6767578125,
        "f_4": 0.5869140625,
        "f_5": 0.5224609375,
        "f_6": 0.478515625,
        "f_7": 0.359375,
        "f_8": 0.240234375
    },
    "sample19": {
        "f_0": 1.0,
        "f_1": 0.8193359375,
        "f_2": 0.521484375,
        "f_3": 0.4111328125,
        "f_4": 0.435546875,
        "f_5": 0.3310546875,
        "f_6": 0.1220703125,
        "f_7": 0.2197265625,
        "f_8": 0.4423828125
    },
    "sample20": {
        "f_0": 1.0,
        "f_1": 0.9365234375,
        "f_2": 0.7958984375,
        "f_3": 0.5966796875,
        "f_4": 0.3974609375,
        "f_5": 0.2685546875,
        "f_6": 0.197265625,
        "f_7": 0.2314453125,
        "f_8": 0.3359375
    },
    "sample21": {
        "f_0": 1.0,
        "f_1": 0.8759765625,
        "f_2": 0.619140625,
        "f_3": 0.3876953125,
        "f_4": 0.330078125,
        "f_5": 0.427734375,
        "f_6": 0.525390625,
        "f_7": 0.53125,
        "f_8": 0.390625
    },
    "sample22": {
        "f_0": 1.0,
        "f_1": 0.728515625,
        "f_2": 0.3779296875,
        "f_3": 0.4443359375,
        "f_4": 0.716796875,
        "f_5": 0.638671875,
        "f_6": 0.267578125,
        "f_7": 0.1728515625,
        "f_8": 0.3623046875
    },
    "sample23": {
        "f_0": 1.0,
        "f_1": 0.9814453125,
        "f_2": 0.91015625,
        "f_3": 0.8310546875,
        "f_4": 0.740234375,
        "f_5": 0.638671875,
        "f_6": 0.56640625,
        "f_7": 0.458984375,
        "f_8": 0.35546875
    },
    "sample24": {
        "f_0": 1.0,
        "f_1": 0.73828125,
        "f_2": 0.4013671875,
        "f_3": 0.3623046875,
        "f_4": 0.4853515625,
        "f_5": 0.587890625,
        "f_6": 0.43359375,
        "f_7": 0.4619140625,
        "f_8": 0.6240234375
    },
    "sample25": {
        "f_0": 1.0,
        "f_1": 0.9189453125,
        "f_2": 0.7548828125,
        "f_3": 0.5986328125,
        "f_4": 0.5029296875,
        "f_5": 0.4599609375,
        "f_6": 0.4306640625,
        "f_7": 0.4404296875,
        "f_8": 0.412109375
    },
    "sample26": {
        "f_0": 1.0,
        "f_1": 0.9521484375,
        "f_2": 0.8349609375,
        "f_3": 0.662109375,
        "f_4": 0.548828125,
        "f_5": 0.40625,
        "f_6": 0.408203125,
        "f_7": 0.236328125,
        "f_8": 0.1181640625
    },
    "sample27": {
        "f_0": 1.0,
        "f_1": 0.7958984375,
        "f_2": 0.4052734375,
        "f_3": 0.1533203125,
        "f_4": 0.150390625,
        "f_5": 0.34765625,
        "f_6": 0.578125,
        "f_7": 0.6953125,
        "f_8": 0.583984375
    },
    "sample28": {
        "f_0": 1.0,
        "f_1": 0.7548828125,
        "f_2": 0.458984375,
        "f_3": 0.4375,
        "f_4": 0.3486328125,
        "f_5": 0.10546875,
        "f_6": 0.064453125,
        "f_7": 0.134765625,
        "f_8": 0.158203125
    },
    "sample29": {
        "f_0": 1.0,
        "f_1": 1.0,
        "f_2": 0.9921875,
        "f_3": 0.9833984375,
        "f_4": 0.9775390625,
        "f_5": 0.9580078125,
        "f_6": 0.962890625,
        "f_7": 0.9443359375,