{
    "sample0": {
        "f_0": 1.0,
        "f_1": 0.6748046875,
        "f_2": 0.24609375,
        "f_3": 0.23046875,
        "f_4": 0.2646484375,
        "f_5": 0.25,
        "f_6": 0.4609375,
        "f_7": 0.810546875,
        "f_8": 0.603515625,
        "f_9": 0.2216796875,
        "f_10": 0.23046875
    },
    "sample1": {
        "f_0": 1.0,
        "f_1": 0.6259765625,
        "f_2": 0.1708984375,
        "f_3": 0.1767578125,
        "f_4": 0.4345703125,
        "f_5": 0.46484375,
        "f_6": 0.376953125,
        "f_7": 0.3212890625,
        "f_8": 0.2431640625,
        "f_9": 0.1689453125,
        "f_10": 0.3486328125
    },
    "sample2": {
        "f_0": 1.0,
        "f_1": 0.798828125,
        "f_2": 0.4794921875,
        "f_3": 0.2783203125,
        "f_4": 0.3056640625,
        "f_5": 0.44921875,
        "f_6": 0.5654296875,
        "f_7": 0.4609375,
        "f_8": 0.27734375,
        "f_9": 0.1708984375,
        "f_10": 0.15234375
    },
    "sample3": {
        "f_0": 1.0,
        "f_1": 0.7666015625,
        "f_2": 0.361328125,
        "f_3": 0.1640625,
        "f_4": 0.3818359375,
        "f_5": 0.7021484375,
        "f_6": 0.7177734375,
        "f_7": 0.4931640625,
        "f_8": 0.2265625,
        "f_9": 0.1064453125,
        "f_10": 0.2099609375
    },
    "sample4": {
        "f_0": 1.0,
        "f_1": 0.97265625,
        "f_2": 0.9052734375,
        "f_3": 0.826171875,
        "f_4": 0.7919921875,
        "f_5": 0.67578125,
        "f_6": 0.6640625,
        "f_7": 0.5478515625,
        "f_8": 0.4599609375,
        "f_9": 0.3447265625,
        "f_10": 0.2607421875
    },
    "sample5": {
        "f_0": 1.0,
        "f_1": 0.61328125,
        "f_2": 0.2021484375,
        "f_3": 0.3095703125,
        "f_4": 0.2783203125,
        "f_5": 0.333984375,
        "f_6": 0.580078125,
        "f_7": 0.421875,
        "f_8": 0.1982421875,
        "f_9": 0.5673828125,
        "f_10": 0.76953125
    },
    "sample6": {
        "f_0": 1.0,
        "f_1": 0.7099609375,
        "f_2": 0.318359375,
        "f_3": 0.240234375,
        "f_4": 0.232421875,
        "f_5": 0.1416015625,
        "f_6": 0.34765625,
        "f_7": 0.716796875,
        "f_8": 0.62890625,
        "f_9": 0.349609375,
        "f_10": 0.310546875
    },
    "sample7": {
        "f_0": 1.0,
        "f_1": 0.8193359375,
        "f_2": 0.5693359375,
        "f_3": 0.5078125,
        "f_4": 0.369140625,
        "f_5": 0.140625,
        "f_6": 0.1083984375,
        "f_7": 0.1943359375,
        "f_8": 0.2353515625,
        "f_9": 0.20703125,
        "f_10": 0.302734375
    },
    "sample8": {
        "f_0": 1.0,
        "f_1": 0.9140625,
        "f_2": 0.6708984375,
        "f_3": 0.4052734375,
        "f_4": 0.1787109375,
        "f_5": 0.1416015625,
        "f_6": 0.1728515625,
        "f_7": 0.3779296875,
        "f_8": 0.6533203125,
        "f_9": 0.8310546875,
        "f_10": 0.8837890625
    },
    "sample9": {
        "f_0": 1.0,
        "f_1": 0.7607421875,
        "f_2": 0.4580078125,
        "f_3": 0.4345703125,
        "f_4": 0.3828125,
        "f_5": 0.1923828125,
        "f_6": 0.078125,
        "f_7": 0.1083984375,
        "f_8": 0.1767578125,
        "f_9": 0.1318359375,
        "f_10": 0.197265625
    },
    "sample10": {
        "f_0": 1.0,
        "f_1": 0.916015625,
        "f_2": 0.7841796875,
        "f_3": 0.6630859375,
        "f_4": 0.587890625,
        "f_5": 0.453125,
        "f_6": 0.275390625,
        "f_7": 0.1923828125,
        "f_8": 0.2392578125,
        "f_9": 0.2255859375,
        "f_10": 0.216796875
    },
    "sample11": {
        "f_0": 1.0,
        "f_1": 0.8115234375,
        "f_2": 0.4384765625,
        "f_3": 0.248046875,
        "f_4": 0.310546875,
        "f_5": 0.4658203125,
        "f_6": 0.453125,
        "f_7": 0.28515625,
        "f_8": 0.2177734375,
        "f_9": 0.2451171875,
        "f_10": 0.2685546875
    },
    "sample12": {
        "f_0": 1.0,
        "f_1": 0.650390625,
        "f_2": 0.26953125,
        "f_3": 0.2724609375,
        "f_4": 0.2607421875,
        "f_5": 0.2353515625,
        "f_6": 0.5498046875,
        "f_7": 0.80078125,
        "f_8": 0.482421875,
        "f_9": 0.25390625,
        "f_10": 0.4423828125
    },
    "sample13": {
        "f_0": 1.0,
        "f_1": 0.779296875,
        "f_2": 0.3486328125,
        "f_3": 0.1884765625,
        "f_4": 0.28515625,
        "f_5": 0.408203125,
        "f_6": 0.3154296875,
        "f_7": 0.2646484375,
        "f_8": 0.349609375,
        "f_9": 0.3818359375,
        "f_10": 0.2529296875
    },
    "sample14": {
        "f_0": 1.0,
        "f_1": 0.7744140625,
        "f_2": 0.322265625,
        "f_3": 0.1591796875,
        "f_4": 0.2451171875,
        "f_5": 0.3017578125,
        "f_6": 0.263671875,
        "f_7": 0.275390625,
        "f_8": 0.4326171875,
        "f_9": 0.4775390625,
        "f_10": 0.2939453125
    },
    "sample15": {
        "f_0": 1.0,
        "f_1": 0.8828125,
        "f_2": 0.6083984375,
        "f_3": 0.36328125,
        "f_4": 0.212890625,
        "f_5": 0.193359375,
        "f_6": 0.3134765625,
        "f_7": 0.5234375,
        "f_8": 0.6328125,
        "f_9": 0.5693359375,
        "f_10": 0.376953125
    },
    "sample16": {
        "f_0": 1.0,
        "f_1": 0.8984375,
        "f_2": 0.6728515625,
        "f_3": 0.5419921875,
        "f_4": 0.509765625,
        "f_5": 0.41796875,
        "f_6": 0.2578125,
        "f_7": 0.146484375,
        "f_8": 0.11328125,
        "f_9": 0.1689453125,
        "f_10": 0.1845703125
    },
    "sample17": {
        "f_0": 1.0,
        "f_1": 0.7431640625,
        "f_2": 0.30078125,
        "f_3": 0.0947265625,
        "f_4": 0.1728515625,
        "f_5": 0.296875,
        "f_6": 0.4697265625,
        "f_7": 0.4658203125,
        "f_8": 0.4951171875,
        "f_9": 0.466796875,
        "f_10": 0.3818359375
    },
    "sample18": {
        "f_0": 1.0,
        "f_1": 0.9443359375,
        "f_2": 0.802734375,
        "f_3": 0.671875,
        "f_4": 0.595703125,
        "f_5": 0.54296875,
        "f_6": 0.4599609375,
        "f_7": 0.3818359375,
        "f_8": 0.236328125,
        "f_9": 0.1279296875,
        "f_10": 0.12890625
    },
    "sample19": {
        "f_0": 1.0,
        "f_1": 0.806640625,
        "f_2": 0.4931640625,
        "f_3": 0.42578125,
        "f_4": 0.5029296875,
        "f_5": 0.298828125,
        "f_6": 0.138671875,
        "f_7": 0.1796875,
        "f_8": 0.4404296875,
        "f_9": 0.5205078125,
        "f_10": 0.443359375
    },
    "sample20": {
        "f_0": 1.0,
        "f_1": 0.9228515625,
        "f_2": 0.7939453125,
        "f_3": 0.5869140625,
        "f_4": 0.3798828125,
        "f_5": 0.265625,
        "f_6": 0.208984375,
        "f_7": 0.2255859375,
        "f_8": 0.328125,
        "f_9": 0.4169921875,
        "f_10": 0.533203125
    },
    "sample21": {
        "f_0": 1.0,
        "f_1": 0.8935546875,
        "f_2": 0.6201171875,
        "f_3": 0.3994140625,
        "f_4": 0.345703125,
        "f_5": 0.4228515625,
        "f_6": 0.5126953125,
        "f_7": 0.4931640625,
        "f_8": 0.3671875,
        "f_9": 0.1630859375,
        "f_10": 0.0830078125
    },
    "sample22": {
        "f_0": 1.0,
        "f_1": 0.7490234375,
        "f_2": 0.376953125,
        "f_3": 0.439453125,
        "f_4": 0.7080078125,
        "f_5": 0.6630859375,
        "f_6": 0.265625,
        "f_7": 0.169921875,
        "f_8": 0.376953125,
        "f_9": 0.4404296875,
        "f_10": 0.2861328125
    },
    "sample23": {
        "f_0": 1.0,
        "f_1": 0.9736328125,
        "f_2": 0.9072265625,
        "f_3": 0.837890625,
        "f_4": 0.76171875,
        "f_5": 0.654296875,
        "f_6": 0.5751953125,
        "f_7": 0.46484375,
        "f_8": 0.3662109375,
        "f_9": 0.2578125,
        "f_10": 0.1640625
    },
    "sample24": {
        "f_0": 1.0,
        "f_1": 0.73046875,
        "f_2": 0.388671875,
        "f_3": 0.3564453125,
        "f_4": 0.5009765625,