{"sample_id":{"0":0,"1":1,"2":2,"3":3,"4":4,"5":5,"6":6,"7":7,"8":8,"9":9,"10":10,"11":11,"12":12,"13":13,"14":14,"15":15,"16":16,"17":17,"18":18,"19":19},"f_0 Re":{"0":1.0,"1":1.0,"2":1.0,"3":1.0,"4":1.0,"5":1.0,"6":1.0,"7":1.0,"8":1.0,"9":1.0,"10":1.0,"11":1.0,"12":1.0,"13":1.0,"14":1.0,"15":1.0,"16":1.0,"17":1.0,"18":1.0,"19":1.0},"f_1 Re":{"0":0.9854708329,"1":0.9698577692,"2":0.9419372531,"3":0.9983825878,"4":0.9868413678,"5":0.9851149837,"6":0.9957992699,"7":0.9943461463,"8":0.9900399035,"9":0.9800507959,"10":0.9703233379,"11":0.9934272913,"12":0.9813233075,"13":0.9900274822,"14":0.9511091235,"15":0.994537173,"16":0.9966248205,"17":0.9814843321,"18":0.92830107,"19":0.9940615408},"f_1 Im":{"0":0.1564772547,"1":-0.1264607021,"2":0.2871830392,"3":-0.07821172,"4":-0.0357225898,"5":-0.1261876536,"6":0.0485152686,"7":-0.0801702009,"8":0.0678961269,"9":0.184725801,"10":-0.1136258311,"11":-0.0465961584,"12":0.2029044494,"13":0.0111603473,"14":-0.2538971781,"15":0.0976713193,"16":0.0411006286,"17":0.1393397167,"18":-0.2633282293,"19":-0.0256684252},"f_2 Re":{"0":0.9339713856,"1":0.9167110028,"2":0.7488310019,"3":0.994280055,"4":0.9287123635,"5":0.9181715466,"6":0.9879154272,"7":0.9927522239,"8":0.9334260911,"9":0.9204722113,"10":0.8990179365,"11":0.9903026527,"12":0.9458375869,"13":0.9585049173,"14":0.8226125764,"15":0.9837028839,"16":0.9940873472,"17":0.9058678739,"18":0.7825875804,"19":0.9496390032},"f_2 Im":{"0":0.2476033385,"1":-0.1448892823,"2":0.5271748519,"3":-0.1211499956,"4":-0.0565498209,"5":-0.2678053272,"6":0.0691779624,"7":-0.1341649252,"8":0.1146919665,"9":0.3741954626,"10":-0.2334903785,"11":-0.107325084,"12":0.3311119297,"13":0.0486325539,"14":-0.4514028355,"15":0.1841876409,"16":0.0094213746,"17":0.3106621591,"18":-0.5189137692,"19":-0.1372208809},"f_3 Re":{"0":0.8358075323,"1":0.8126173033,"2":0.4887340973,"3":0.990037042,"4":0.89564705,"5":0.8027203233,"6":0.9711110037,"7":0.9456200481,"8":0.8379761098,"9":0.7915264,"10":0.7895099154,"11":0.9595870718,"12":0.8761119136,"13":0.9101663347,"14":0.6418643786,"15":0.9511424708,"16":0.9825119973,"17":0.8233243367,"18":0.5456584659,"19":0.9109909677},"f_3 Im":{"0":0.3701646303,"1":-0.217972837,"2":0.6882410871,"3":-0.1454185021,"4":-0.0918928682,"5":-0.3895660147,"6":0.1121240989,"7":-0.1789434479,"8":0.1510353591,"9":0.55783983,"10":-0.3095940546,"11":-0.1530074744,"12":0.4526652492,"13":0.0351799889,"14":-0.577427045,"15":0.301793607,"16":0.0046130101,"17":0.4169249036,"18":-0.631997168,"19":-0.1506630979},"f_4 Re":{"0":0.7444883545,"1":0.6617243719,"2":0.2060483774,"3":0.9735380039,"4":0.8230209984,"5":0.6942122688,"6":0.9361686383,"7":0.8932265142,"8":0.7510347631,"9":0.6549423951,"10":0.6442718761,"11":0.9388414334,"12":0.7625284289,"13":0.8529787167,"14":0.4684745573,"15":0.9200506471,"16":0.9713660187,"17":0.6918495877,"18":0.3133188163,"19":0.8746838634},"f_4 Im":{"0":0.4342610105,"1":-0.2454349252,"2":0.6730681904,"3":-0.2282621127,"4":-0.1245483777,"5":-0.4548968815,"6":0.1664192729,"7":-0.2041619641,"8":0.203969136,"9":0.6757267792,"10":-0.332746415,"11":-0.1419001021,"12":0.596061543,"13":0.0373366021,"14":-0.6157330658,"15":0.3748620778,"16":0.0178761266,"17":0.5361381145,"18":-0.6734746848,"19":-0.1746273117},"expected_value":{"0":0.0134376671,"1":0.0003182185,"2":0.1167981356,"3":0.0010273253,"4":0.0014677101,"5":0.0037091125,"6":0.0249832915,"7":0.0009201198,"8":0.0164042088,"9":0.0799785361,"10":0.0001050597,"11":0.0006810572,"12":0.0455994754,"13":0.0172888459,"14":0.0001326229,"15":0.0127910576,"16":0.0006750696,"17":0.0073869258,"18":0.0000215286,"19":0.0006591362}}