{"sample_id":{"0":0,"1":1,"2":2,"3":3,"4":4,"5":5,"6":6,"7":7,"8":8,"9":9,"10":10,"11":11,"12":12,"13":13,"14":14,"15":15,"16":16,"17":17,"18":18,"19":19},"f_0 Re":{"0":1.0,"1":1.0,"2":1.0,"3":1.0,"4":1.0,"5":1.0,"6":1.0,"7":1.0,"8":1.0,"9":1.0,"10":1.0,"11":1.0,"12":1.0,"13":1.0,"14":1.0,"15":1.0,"16":1.0,"17":1.0,"18":1.0,"19":1.0},"f_1 Re":{"0":0.9819529042,"1":0.976582258,"2":0.9338278932,"3":0.9983623553,"4":0.9879449912,"5":0.9783573388,"6":0.9957599028,"7":0.9942970686,"8":0.9829280226,"9":0.9777867743,"10":0.9734431228,"11":0.9956299883,"12":0.9857037577,"13":0.9904851514,"14":0.9562055372,"15":0.9949987351,"16":0.9977618297,"17":0.9777731499,"18":0.9406640205,"19":0.9924333451},"f_1 Im":{"0":0.1327004486,"1":-0.0896986362,"2":0.3002598647,"3":-0.0508298391,"4":-0.0375653058,"5":-0.1425038595,"6":0.0420931538,"7":-0.0626508964,"8":0.0692683992,"9":0.1924562827,"10":-0.1198084078,"11":-0.0462884608,"12":0.1564291477,"13":0.0120205394,"14":-0.2355798534,"15":0.0965767167,"16":0.0050006776,"17":0.1582315415,"18":-0.2817715095,"19":-0.0464879931},"f_2 Re":{"0":0.9293394754,"1":0.9081296499,"2":0.7520785144,"3":0.9934670594,"4":0.9524879911,"5":0.9166331034,"6":0.9832314529,"7":0.9773839093,"8":0.9330126469,"9":0.9126778486,"10":0.896576075,"11":0.9827236564,"12":0.9433455834,"13":0.9629492659,"14":0.8308965981,"15":0.9800579774,"16":0.9910962932,"17":0.9137234767,"18":0.7796313357,"19":0.969983285},"f_2 Im":{"0":0.2551625257,"1":-0.1722625582,"2":0.5380000324,"3":-0.101566223,"4":-0.071435758,"5":-0.2697060099,"6":0.0843995655,"7":-0.1234847355,"8":0.1352339552,"9":0.3737272644,"10":-0.2248462344,"11":-0.0909750313,"12":0.3077056252,"13":0.0194562348,"14":-0.4396915997,"15":0.1921865235,"16":0.0099201227,"17":0.3021814609,"18":-0.5058965273,"19":-0.0909556598},"f_3 Re":{"0":0.8466029626,"1":0.7998781363,"2":0.5002841473,"3":0.985365169,"4":0.8956847357,"5":0.8238613937,"6":0.9629748964,"7":0.949835436,"8":0.8540206165,"9":0.8091386678,"10":0.777415319,"11":0.9618782169,"12":0.8744949005,"13":0.920185932,"14":0.641429131,"15":0.955365271,"16":0.9801481383,"17":0.8153724984,"18":0.5618479302,"19":0.9333846421},"f_3 Im":{"0":0.3580535792,"1":-0.2412838864,"2":0.6678254169,"3":-0.1521073673,"4":-0.0982721506,"5":-0.3689437544,"6":0.1270559851,"7":-0.1807700519,"8":0.1948509041,"9":0.5334847871,"10":-0.3023245745,"11":-0.132561042,"12":0.4488794138,"13":0.0186190518,"14":-0.5853685266,"15":0.2858739361,"16":0.0146823639,"17":0.4194915317,"18":-0.6337803827,"19":-0.1314929703},"f_4 Re":{"0":0.7406950265,"1":0.6600199913,"2":0.2398313341,"3":0.9741358893,"4":0.8207432267,"5":0.7132816679,"6":0.9358745206,"7":0.9125713125,"8":0.7517983652,"9":0.6742006678,"10":0.6280709065,"11":0.9340438056,"12":0.7816943014,"13":0.8661390314,"14":0.4139624755,"15":0.9212281016,"16":0.9651515448,"17":0.6940735863,"18":0.3444721781,"19":0.883813741},"f_4 Im":{"0":0.4337658741,"1":-0.2917274748,"2":0.6736357572,"3":-0.2023362652,"4":-0.1154023746,"5":-0.4323489651,"6":0.1700548557,"7":-0.2329390549,"8":0.2455590989,"9":0.6630396581,"10":-0.3431139114,"11":-0.169746717,"12":0.5753971174,"13":0.0073835692,"14":-0.6540024944,"15":0.3767058971,"16":0.0192214148,"17":0.501372107,"18":-0.6580589351,"19":-0.1664022621},"expected_value":{"0":0.0134376671,"1":0.0003182185,"2":0.1167981356,"3":0.0010273253,"4":0.0014677101,"5":0.0037091125,"6":0.0249832915,"7":0.0009201198,"8":0.0164042088,"9":0.0799785361,"10":0.0001050597,"11":0.0006810572,"12":0.0455994754,"13":0.0172888459,"14":0.0001326229,"15":0.0127910576,"16":0.0006750696,"17":0.0073869258,"18":0.0000215286,"19":0.0006591362}}