{"sample_id":{"0":0,"1":1,"2":2,"3":3,"4":4,"5":5,"6":6,"7":7,"8":8,"9":9,"10":10,"11":11,"12":12,"13":13,"14":14,"15":15,"16":16,"17":17,"18":18,"19":19},"f_0 Re":{"0":0.2790017128,"1":0.2742420435,"2":0.3065356016,"3":0.2777516842,"4":0.2973617315,"5":0.2673645616,"6":0.2670654058,"7":0.2692095637,"8":0.2913211584,"9":0.2841847539,"10":0.2330671549,"11":0.2606397271,"12":0.241713047,"13":0.2782648206,"14":0.2887276411,"15":0.2780746818,"16":0.3017945886,"17":0.2896049023,"18":0.2993860841,"19":0.2771237493},"f_1 Re":{"0":0.5912926063,"1":0.4312355134,"2":0.4807900868,"3":0.6907051487,"4":0.5284144936,"5":0.5089991186,"6":0.6281331105,"7":0.6188527816,"8":0.4383623655,"9":0.6288095888,"10":0.4657947143,"11":0.6303931492,"12":0.7130082239,"13":0.5434079602,"14":0.4550289737,"15":0.679004352,"16":0.6573185063,"17":0.6109409546,"18":0.4096480542,"19":0.6455476932},"f_1 Im":{"0":-0.0023588836,"1":-0.132698939,"2":0.0547104882,"3":-0.0031282745,"4":0.0246523521,"5":-0.0301121763,"6":0.0771435512,"7":0.0207334484,"8":0.1130626085,"9":0.1593725076,"10":-0.159402098,"11":-0.0153675116,"12":0.0681921189,"13":0.0460967877,"14":-0.0479387982,"15":0.1010760001,"16":-0.0381640164,"17":0.0143240571,"18":-0.0649356036,"19":-0.0937171862},"f_2 Re":{"0":0.0054980827,"1":0.0340806348,"2":-0.0618099554,"3":0.030462053,"4":-0.0579435886,"5":-0.0385451811,"6":-0.0322245585,"7":-0.006158932,"8":-0.1514966217,"9":-0.1527678821,"10":0.0488038014,"11":-0.0281040844,"12":-0.0353505856,"13":-0.0630793321,"14":0.0086438208,"15":-0.0644184846,"16":0.0252021539,"17":-0.0095893051,"18":0.0388913313,"19":0.0423921297},"f_2 Im":{"0":0.1767823784,"1":0.0980165176,"2":0.1687895309,"3":0.2074098052,"4":0.2386194001,"5":0.1769332622,"6":0.1758123901,"7":0.2354289303,"8":0.2168099714,"9":0.206878573,"10":0.1405153477,"11":0.1812140563,"12":0.179415233,"13":0.2667569949,"14":0.2444174686,"15":0.2383351469,"16":0.2125622904,"17":0.1854939293,"18":0.2785305435,"19":0.1698444821},"f_3 Re":{"0":-0.0683054766,"1":-0.1073197322,"2":0.0039366809,"3":0.0525775978,"4":0.1622865127,"5":0.0561684676,"6":0.1517667281,"7":0.103992878,"8":0.3237137431,"9":0.2614561964,"10":-0.0211196947,"11":0.0704370154,"12":0.0286825039,"13":0.1697944386,"14":-0.0714294154,"15":0.1161975317,"16":-0.0429584667,"17":-0.0541994595,"18":-0.075668928,"19":-0.012781388},"f_3 Im":{"0":-0.0983678158,"1":0.03076091,"2":-0.1087473742,"3":-0.2286300182,"4":-0.3196665086,"5":-0.3980854885,"6":-0.2408081641,"7":-0.3324111033,"8":-0.2430974291,"9":-0.2261851168,"10":-0.0026446299,"11":-0.3506076281,"12":-0.1328432661,"13":-0.2954664033,"14":-0.3874015789,"15":-0.2324330718,"16":-0.1516779519,"17":-0.1256773562,"18":-0.4072227522,"19":-0.0545823003},"f_4 Re":{"0":0.0405069448,"1":0.0678741397,"2":0.0494185789,"3":0.0470949978,"4":-0.0406223985,"5":-0.0955777265,"6":-0.0066672293,"7":0.0028155806,"8":-0.0115825106,"9":0.0027200418,"10":0.1008184333,"11":-0.0906236069,"12":-0.0075086011,"13":-0.0846809423,"14":-0.0112665305,"15":0.0939229939,"16":0.0217780699,"17":0.0422587685,"18":-0.0159998319,"19":0.0847597404},"f_4 Im":{"0":0.0015210548,"1":-0.0104475508,"2":0.0951279991,"3":0.0477126417,"4":0.0035121628,"5":-0.0203107782,"6":0.0103357485,"7":0.028851791,"8":0.0419012141,"9":-0.0437636418,"10":-0.0534097678,"11":-0.0463948551,"12":0.0325145183,"13":0.0146001035,"14":0.0215039116,"15":-0.0228247917,"16":0.0294907643,"17":0.0378914917,"18":0.0534409018,"19":0.003141304},"expected_value":{"0":0.0006591362,"1":0.0006591362,"2":0.0006591362,"3":0.0006591362,"4":0.0006591362,"5":0.0006591362,"6":0.0006591362,"7":0.0006591362,"8":0.0006591362,"9":0.0006591362,"10":0.0006591362,"11":0.0006591362,"12":0.0006591362,"13":0.0006591362,"14":0.0006591362,"15":0.0006591362,"16":0.0006591362,"17":0.0006591362,"18":0.0006591362,"19":0.0006591362}}