{"sample_id":{"0":0,"1":1,"2":2,"3":3,"4":4,"5":5,"6":6,"7":7,"8":8,"9":9,"10":10,"11":11,"12":12,"13":13,"14":14,"15":15,"16":16,"17":17,"18":18,"19":19},"f_0 Re":{"0":0.2287597656,"1":0.2241210938,"2":0.2517089844,"3":0.2268066406,"4":0.2431640625,"5":0.2185058594,"6":0.2202148438,"7":0.220703125,"8":0.2387695312,"9":0.2353515625,"10":0.1909179688,"11":0.2141113281,"12":0.1987304688,"13":0.2275390625,"14":0.2368164062,"15":0.2297363281,"16":0.2487792969,"17":0.2377929688,"18":0.2470703125,"19":0.2268066406},"f_1 Re":{"0":0.4868153373,"1":0.3549952362,"2":0.3948709215,"3":0.5689520057,"4":0.4355383355,"5":0.4200732044,"6":0.5175899201,"7":0.5095043557,"8":0.3602758839,"9":0.5166164883,"10":0.3830793669,"11":0.5202944696,"12":0.5871874287,"13":0.4498021835,"14":0.3766041576,"15":0.5599612282,"16":0.5418253608,"17":0.5030295556,"18":0.3363617515,"19":0.5305869664},"f_1 Im":{"0":-0.0015908785,"1":-0.1090120283,"2":0.0453033181,"3":-0.0027193036,"4":0.0203045162,"5":-0.0251788758,"6":0.0636206071,"7":0.0171052501,"8":0.0930313423,"9":0.1309070257,"10":-0.1308374836,"11":-0.0129517555,"12":0.0559163002,"13":0.0382210955,"14":-0.039890556,"15":0.0831088458,"16":-0.0313066759,"17":0.0120707893,"18":-0.0538703556,"19":-0.0773878507},"f_2 Re":{"0":0.0043709318,"1":0.0284249823,"2":-0.0508751241,"3":0.0252984826,"4":-0.047780025,"5":-0.0314719621,"6":-0.0272010406,"7":-0.0044634716,"8":-0.1250457409,"9":-0.1257529105,"10":0.040202119,"11":-0.023116917,"12":-0.0294514978,"13":-0.0522913427,"14":0.0072589994,"15":-0.0531683865,"16":0.0208401534,"17":-0.0079166774,"18":0.0322371484,"19":0.0355607493},"f_2 Im":{"0":0.1450130516,"1":0.0813942112,"2":0.1385172445,"3":0.1718180059,"4":0.1974406121,"5":0.1468654364,"6":0.1469936611,"7":0.193607634,"8":0.1800470675,"9":0.1699363534,"10":0.1157611482,"11":0.149390802,"12":0.1487264528,"13":0.2215163704,"14":0.2024736903,"15":0.1968406206,"16":0.1757735278,"17":0.1538522826,"18":0.2294108212,"19":0.1422946334},"f_3 Re":{"0":-0.0568270505,"1":-0.0886337249,"2":0.0040802489,"3":0.0433023543,"4":0.1347616449,"5":0.0464239184,"6":0.1251314666,"7":0.0861954802,"8":0.2669009187,"9":0.2158474035,"10":-0.0199242756,"11":0.0582701137,"12":0.0240973858,"13":0.1402868947,"14":-0.0584579772,"15":0.0957900282,"16":-0.0350870251,"17":-0.0445017996,"18":-0.0631406293,"19":-0.0109169993},"f_3 Im":{"0":-0.0816576879,"1":0.024492361,"2":-0.0904100848,"3":-0.1897305916,"4":-0.2654960541,"5":-0.3281072045,"6":-0.1988045818,"7":-0.2743945106,"8":-0.2012945829,"9":-0.1868513015,"10":-0.0047893596,"11":-0.2897009668,"12":-0.1114797367,"13":-0.2445263631,"14":-0.3201996796,"15":-0.1920407432,"16":-0.127555143,"17":-0.1052977216,"18":-0.3379158158,"19":-0.0466439445},"f_4 Re":{"0":0.0334515664,"1":0.0567437891,"2":0.040759775,"3":0.0382229446,"4":-0.0332560888,"5":-0.0780292673,"6":-0.0047699645,"7":0.0023951465,"8":-0.0093745726,"9":0.002392265,"10":0.0837019989,"11":-0.0742787851,"12":-0.0065106193,"13":-0.0693310792,"14":-0.0093620531,"15":0.0769211946,"16":0.018049892,"17":0.034630427,"18":-0.012431421,"19":0.0703115574},"f_4 Im":{"0":0.0013631038,"1":-0.0092314653,"2":0.0791930687,"3":0.0394153653,"4":0.0037021356,"5":-0.0157102242,"6":0.0088001617,"7":0.0240125103,"8":0.0349646322,"9":-0.0352595064,"10":-0.0444573385,"11":-0.0382393355,"12":0.0263104368,"13":0.012423142,"14":0.0177157796,"15":-0.018231259,"16":0.0236476461,"17":0.0318111087,"18":0.0446665567,"19":0.0022272257},"expected_value":{"0":0.0006591362,"1":0.0006591362,"2":0.0006591362,"3":0.0006591362,"4":0.0006591362,"5":0.0006591362,"6":0.0006591362,"7":0.0006591362,"8":0.0006591362,"9":0.0006591362,"10":0.0006591362,"11":0.0006591362,"12":0.0006591362,"13":0.0006591362,"14":0.0006591362,"15":0.0006591362,"16":0.0006591362,"17":0.0006591362,"18":0.0006591362,"19":0.0006591362}}