{
    "n_samples": 56,
    "n_qubits": 6,
    "graph_type": "line",
    "backend_qpu_name": "ibm_marrakesh",
    "beta": 1,
    "C": 7.414563484121307,
    "n_features": 10,
    "times": [
        0.0,
        0.4237056787385644,
        0.8474113574771288,
        1.2711170362156932,
        1.6948227149542576,
        2.118528393692822,
        2.5422340724313863,
        2.965939751169951,
        3.3896454299085153,
        3.8133511086470797
    ]
}