{"sample0": {"f_0": 1.0, "f_1": 0.6865234375, "f_2": 0.2646484375, "f_3": 0.205078125, "f_4": 0.2734375, "f_5": 0.2294921875, "f_6": 0.1826171875, "f_7": 0.3427734375, "f_8": 0.5224609375, "f_9": 0.453125}, "sample1": {"f_0": 1.0, "f_1": 0.623046875, "f_2": 0.3076171875, "f_3": 0.21875, "f_4": 0.29296875, "f_5": 0.50390625, "f_6": 0.2548828125, "f_7": 0.21484375, "f_8": 0.30859375, "f_9": 0.3701171875}, "sample2": {"f_0": 1.0, "f_1": 0.8154296875, "f_2": 0.4853515625, "f_3": 0.2197265625, "f_4": 0.275390625, "f_5": 0.28125, "f_6": 0.4111328125, "f_7": 0.4482421875, "f_8": 0.2822265625, "f_9": 0.3046875}, "sample3": {"f_0": 1.0, "f_1": 0.76171875, "f_2": 0.3857421875, "f_3": 0.236328125, "f_4": 0.3037109375, "f_5": 0.474609375, "f_6": 0.59765625, "f_7": 0.4189453125, "f_8": 0.236328125, "f_9": 0.2861328125}, "sample4": {"f_0": 1.0, "f_1": 0.560546875, "f_2": 0.2001953125, "f_3": 0.263671875, "f_4": 0.28125, "f_5": 0.7880859375, "f_6": 0.787109375, "f_7": 0.244140625, "f_8": 0.220703125, "f_9": 0.205078125}, "sample5": {"f_0": 1.0, "f_1": 0.8974609375, "f_2": 0.7470703125, "f_3": 0.400390625, "f_4": 0.2255859375, "f_5": 0.31640625, "f_6": 0.2646484375, "f_7": 0.2490234375, "f_8": 0.2529296875, "f_9": 0.1748046875}, "sample6": {"f_0": 1.0, "f_1": 0.646484375, "f_2": 0.21875, "f_3": 0.193359375, "f_4": 0.1953125, "f_5": 0.4150390625, "f_6": 0.7490234375, "f_7": 0.181640625, "f_8": 0.3251953125, "f_9": 0.3349609375}, "sample7": {"f_0": 1.0, "f_1": 0.904296875, "f_2": 0.673828125, "f_3": 0.3798828125, "f_4": 0.265625, "f_5": 0.248046875, "f_6": 0.390625, "f_7": 0.5224609375, "f_8": 0.7060546875, "f_9": 0.703125}, "sample8": {"f_0": 1.0, "f_1": 0.8720703125, "f_2": 0.6416015625, "f_3": 0.2978515625, "f_4": 0.24609375, "f_5": 0.2646484375, "f_6": 0.2470703125, "f_7": 0.3369140625, "f_8": 0.1513671875, "f_9": 0.2666015625}, "sample9": {"f_0": 1.0, "f_1": 0.7265625, "f_2": 0.345703125, "f_3": 0.2294921875, "f_4": 0.3125, "f_5": 0.5166015625, "f_6": 0.5263671875, "f_7": 0.3232421875, "f_8": 0.23828125, "f_9": 0.3623046875}, "sample10": {"f_0": 1.0, "f_1": 0.7353515625, "f_2": 0.3310546875, "f_3": 0.2119140625, "f_4": 0.306640625, "f_5": 0.2841796875, "f_6": 0.1640625, "f_7": 0.2568359375, "f_8": 0.5009765625, "f_9": 0.5400390625}, "sample11": {"f_0": 1.0, "f_1": 0.640625, "f_2": 0.2451171875, "f_3": 0.5615234375, "f_4": 0.919921875, "f_5": 0.6396484375, "f_6": 0.2373046875, "f_7": 0.4296875, "f_8": 0.759765625, "f_9": 0.548828125}, "sample12": {"f_0": 1.0, "f_1": 0.6279296875, "f_2": 0.234375, "f_3": 0.2412109375, "f_4": 0.2392578125, "f_5": 0.3828125, "f_6": 0.5634765625, "f_7": 0.3447265625, "f_8": 0.1337890625, "f_9": 0.2763671875}, "sample13": {"f_0": 1.0, "f_1": 0.9052734375, "f_2": 0.76171875, "f_3": 0.6103515625, "f_4": 0.458984375, "f_5": 0.2509765625, "f_6": 0.1259765625, "f_7": 0.2080078125, "f_8": 0.4423828125, "f_9": 0.5869140625}, "sample14": {"f_0": 1.0, "f_1": 0.810546875, "f_2": 0.4599609375, "f_3": 0.2138671875, "f_4": 0.173828125, "f_5": 0.1669921875, "f_6": 0.171875, "f_7": 0.1708984375, "f_8": 0.2470703125, "f_9": 0.263671875}, "sample15": {"f_0": 1.0, "f_1": 0.4521484375, "f_2": 0.16015625, "f_3": 0.234375, "f_4": 0.228515625, "f_5": 0.3017578125, "f_6": 0.107421875, "f_7": 0.3076171875, "f_8": 0.3134765625, "f_9": 0.4150390625}, "sample16": {"f_0": 1.0, "f_1": 0.720703125, "f_2": 0.2314453125, "f_3": 0.146484375, "f_4": 0.21875, "f_5": 0.2197265625, "f_6": 0.1689453125, "f_7": 0.2275390625, "f_8": 0.248046875, "f_9": 0.203125}, "sample17": {"f_0": 1.0, "f_1": 0.7548828125, "f_2": 0.357421875, "f_3": 0.2080078125, "f_4": 0.3544921875, "f_5": 0.51171875, "f_6": 0.44921875, "f_7": 0.2919921875, "f_8": 0.1640625, "f_9": 0.3408203125}, "sample18": {"f_0": 1.0, "f_1": 0.744140625, "f_2": 0.310546875, "f_3": 0.19140625, "f_4": 0.166015625, "f_5": 0.1435546875, "f_6": 0.171875, "f_7": 0.283203125, "f_8": 0.591796875, "f_9": 0.66015625}, "sample19": {"f_0": 1.0, "f_1": 0.98828125, "f_2": 0.958984375, "f_3": 0.8984375, "f_4": 0.8505859375, "f_5": 0.7470703125, "f_6": 0.6416015625, "f_7": 0.5478515625, "f_8": 0.482421875, "f_9": 0.4228515625}, "sample20": {"f_0": 1.0, "f_1": 0.7958984375, "f_2": 0.5419921875, "f_3": 0.359375, "f_4": 0.177734375, "f_5": 0.2900390625, "f_6": 0.533203125, "f_7": 0.4521484375, "f_8": 0.189453125, "f_9": 0.2314453125}, "sample21": {"f_0": 1.0, "f_1": 0.9755859375, "f_2": 0.9267578125, "f_3": 0.8486328125, "f_4": 0.763671875, "f_5": 0.6865234375, "f_6": 0.5859375, "f_7": 0.490234375, "f_8": 0.435546875, "f_9": 0.333984375}, "sample22": {"f_0": 1.0, "f_1": 0.716796875, "f_2": 0.296875, "f_3": 0.3740234375, "f_4": 0.853515625, "f_5": 0.9560546875, "f_6": 0.505859375, "f_7": 0.224609375, "f_8": 0.548828125, "f_9": 0.958984375}, "sample23": {"f_0": 1.0, "f_1": 0.705078125, "f_2": 0.3125, "f_3": 0.244140625, "f_4": 0.4052734375, "f_5": 0.34765625, "f_6": 0.2314453125, "f_7": 0.2607421875, "f_8": 0.2822265625, "f_9": 0.224609375}, "sample24": {"f_0": 1.0, "f_1": 0.990234375, "f_2": 0.9599609375, "f_3": 0.9169921875, "f_4": 0.853515625, "f_5": 0.7958984375, "f_6": 0.6982421875, "f_7": 0.634765625, "f_8": 0.5234375, "f_9": 0.4296875}, "sample25": {"f_0": 1.0, "f_1": 0.8779296875, "f_2": 0.6376953125, "f_3": 0.43359375, "f_4": 0.2744140625, "f_5": 0.216796875, "f_6": 0.201171875, "f_7": 0.361328125, "f_8": 0.521484375, "f_9": 0.48046875}, "sample26": {"f_0": 1.0, "f_1": 0.7783203125, "f_2": 0.4150390625, "f_3": 0.1875, "f_4": 0.255859375, "f_5": 0.3505859375, "f_6": 0.37890625, "f_7": 0.44140625, "f_8": 0.6416015625, "f_9": 0.78515625}, "sample27": {"f_0": 1.0, "f_1": 0.3388671875, "f_2": 0.267578125, "f_3": 0.3955078125, "f_4": 0.8349609375, "f_5": 0.6318359375, "f_6": 0.2275390625, "f_7": 0.1328125, "f_8": 0.49609375, "f_9": 0.6923828125}, "sample28": {"f_0": 1.0, "f_1": 0.876953125, "f_2": 0.5849609375, "f_3": 0.3134765625, "f_4": 0.20703125, "f_5": 0.259765625, "f_6": 0.30078125, "f_7": 0.275390625, "f_8": 0.310546875, "f_9": 0.3740234375}, "sample29": {"f_0": 1.0, "f_1": 0.619140625, "f_2": 0.25390625, "f_3": 0.3525390625, "f_4": 0.662109375, "f_5": 0.48046875, "f_6": 0.169921875, "f_7": 0.234375, "f_8": 0.51953125, "f_9": 0.666015625}, "sample30": {"f_0": 1.0, "f_1": 0.7802734375, "f_2": 0.5390625, "f_3": 0.20703125, "f_4": 0.19921875, "f_5": 0.25, "f_6": 0.1845703125, "f_7": 0.3798828125, "f_8": 0.591796875, "f_9": 0.900390625}, "sample31": {"f_0": 1.0, "f_1": 0.576171875, "f_2": 0.1650390625, "f_3": 0.2568359375, "f_4": 0.16015625, "f_5": 0.23828125, "f_6": 0.44921875, "f_7": 0.39453125, "f_8": 0.3232421875, "f_9": 0.26171875}, "sample32": {"f_0": 1.0, "f_1": 0.7734375, "f_2": 0.421875, "f_3": 0.1962890625, "f_4": 0.3828125, "f_5": 0.5302734375, "f_6": 0.21875, "f_7": 0.2548828125, "f_8": 0.20703125, "f_9": 0.140625}, "sample33": {"f_0": 1.0, "f_1": 0.548828125, "f_2": 0.19140625, "f_3": 0.3583984375, "f_4": 0.1513671875, "f_5": 0.576171875, "f_6": 0.548828125, "f_7": 0.228515625, "f_8": 0.2216796875, "f_9": 0.47265625}, "sample34": {"f_0": 1.0, "f_1": 0.6669921875, "f_2": 0.2646484375, "f_3": 0.248046875, "f_4": 0.3447265625, "f_5": 0.375, "f_6": 0.439453125, "f_7": 0.3935546875, "f_8": 0.251953125, "f_9": 0.23828125}, "sample35": {"f_0": 1.0, "f_1": 0.6767578125, "f_2": 0.2353515625, "f_3": 0.24609375, "f_4": 0.2861328125, "f_5": 0.2431640625, "f_6": 0.2578125, "f_7": 0.515625, "f_8": 0.8896484375, "f_9": 0.69921875}, "sample36": {"f_0": 1.0, "f_1": 0.7646484375, "f_2": 0.41796875, "f_3": 0.3759765625, "f_4": 0.5, "f_5": 0.5625, "f_6": 0.408203125, "f_7": 0.2314453125, "f_8": 0.1875, "f_9": 0.2119140625}, "sample37": {"f_0": 1.0, "f_1": 0.6474609375, "f_2": 0.228515625, "f_3": 0.1953125, "f_4": 0.3017578125, "f_5": 0.251953125, "f_6": 0.3046875, "f_7": 0.6591796875, "f_8": 0.55859375, "f_9": 0.2890625}, "sample38": {"f_0": 1.0, "f_1": 0.7861328125, "f_2": 0.5146484375, "f_3": 0.2568359375, "f_4": 0.1630859375, "f_5": 0.6767578125, "f_6": 0.896484375, "f_7": 0.3486328125, "f_8": 0.12890625, "f_9": 0.4765625},