{"sample0": {"f_0": 0.4999999999999999, "f_1": 0.735141401946927, "f_2": 0.5626563652879849, "f_3": 0.28104757833971183, "f_4": 0.207563319870755, "f_5": 0.3229361039222573, "f_6": 0.3817625426316222, "f_7": 0.3024952113447584, "f_8": 0.2585617309805136, "f_9": 0.26383378223165266}, "sample1": {"f_0": 0.4999999999999999, "f_1": 0.3563248659234098, "f_2": 0.20211669295142295, "f_3": 0.2789485156930005, "f_4": 0.3338294908782923, "f_5": 0.23552142304133727, "f_6": 0.1871781332691605, "f_7": 0.2912133740116381, "f_8": 0.36080876705522436, "f_9": 0.31093292975057024}, "sample2": {"f_0": 0.4999999999999999, "f_1": 0.554282756737928, "f_2": 0.40880291467994356, "f_3": 0.21070199693911867, "f_4": 0.08674028651398726, "f_5": 0.07298185666073165, "f_6": 0.12230431199124302, "f_7": 0.18991147911746417, "f_8": 0.2465014134593554, "f_9": 0.2691995189732703}, "sample3": {"f_0": 0.4999999999999999, "f_1": 0.4425785685998175, "f_2": 0.33715086141245776, "f_3": 0.2659840925222331, "f_4": 0.2616206940628064, "f_5": 0.3987605944921598, "f_6": 0.6097986427281551, "f_7": 0.6910820551060954, "f_8": 0.5766510317757884, "f_9": 0.3895436871910761}, "sample4": {"f_0": 0.4999999999999999, "f_1": 0.062233407297636045, "f_2": 0.13609147919378492, "f_3": 0.24139815891932045, "f_4": 0.16842194303263802, "f_5": 0.10257718762543488, "f_6": 0.4102146254685231, "f_7": 0.5627574442250767, "f_8": 0.3519712139591323, "f_9": 0.244044797150753}, "sample5": {"f_0": 0.4999999999999999, "f_1": 0.5324538069830531, "f_2": 0.4766796171103893, "f_3": 0.456361238463145, "f_4": 0.4819686736301373, "f_5": 0.4638050047371691, "f_6": 0.38671960344245526, "f_7": 0.30861104501500586, "f_8": 0.22691203907146007, "f_9": 0.13734666376222876}, "sample6": {"f_0": 0.4999999999999999, "f_1": 0.08071039209640156, "f_2": 0.09856594643172646, "f_3": 0.23736379950785572, "f_4": 0.31646161714084603, "f_5": 0.1717824650194733, "f_6": 0.25456958900816073, "f_7": 0.4855312246703536, "f_8": 0.428523871969487, "f_9": 0.29312013234518564}, "sample7": {"f_0": 0.4999999999999999, "f_1": 0.27334515090722783, "f_2": 0.08597054936706322, "f_3": 0.01625330185469619, "f_4": 0.07773859166795655, "f_5": 0.24143657292594262, "f_6": 0.4464466298055573, "f_7": 0.6047523690162535, "f_8": 0.6592971222157636, "f_9": 0.5999839456420788}, "sample8": {"f_0": 0.4999999999999999, "f_1": 0.34666755086665857, "f_2": 0.2624285130214782, "f_3": 0.21596498397120603, "f_4": 0.13433447932923012, "f_5": 0.1234781017098328, "f_6": 0.18397281814738822, "f_7": 0.2156120167855775, "f_8": 0.25537962989045615, "f_9": 0.31765969998442406}, "sample9": {"f_0": 0.4999999999999999, "f_1": 0.3512005014475526, "f_2": 0.29093358510994394, "f_3": 0.27891080319995903, "f_4": 0.25845295561233983, "f_5": 0.38179282257129504, "f_6": 0.5626268264149922, "f_7": 0.5764570148973699, "f_8": 0.48911726743452094, "f_9": 0.3964119239412722}, "sample10": {"f_0": 0.4999999999999999, "f_1": 0.723877827756694, "f_2": 0.5916781508412898, "f_3": 0.3957891979944832, "f_4": 0.349459632512983, "f_5": 0.29182824508851685, "f_6": 0.19996423600664814, "f_7": 0.2562915041832081, "f_8": 0.3581191607918441, "f_9": 0.27728100446235004}, "sample11": {"f_0": 0.4999999999999999, "f_1": 0.16263972785772082, "f_2": 0.2503951331798034, "f_3": 0.3686863947774381, "f_4": 0.13426537065161886, "f_5": 0.11119053849439599, "f_6": 0.3157762129876445, "f_7": 0.2256330670662742, "f_8": 0.1475263912623175, "f_9": 0.3682306621254318}, "sample12": {"f_0": 0.4999999999999999, "f_1": 0.0911405584454414, "f_2": 0.08952401738675525, "f_3": 0.2004393486504719, "f_4": 0.1849285175308417, "f_5": 0.15721389065549823, "f_6": 0.16457764270074388, "f_7": 0.18188914026641734, "f_8": 0.3107124475898661, "f_9": 0.3425882520401662}, "sample13": {"f_0": 0.4999999999999999, "f_1": 0.3435444163057465, "f_2": 0.2176446894971572, "f_3": 0.18543652183034887, "f_4": 0.22143180096087373, "f_5": 0.24637924569512024, "f_6": 0.20689860901749996, "f_7": 0.12378284688400697, "f_8": 0.06678126808732264, "f_9": 0.08706361443623105}, "sample14": {"f_0": 0.4999999999999999, "f_1": 0.3107410612383423, "f_2": 0.2129292287739836, "f_3": 0.22416563626255318, "f_4": 0.24412495053262795, "f_5": 0.2608024506844372, "f_6": 0.292564476134181, "f_7": 0.3735352705214872, "f_8": 0.441590301282877, "f_9": 0.3919453657081248}, "sample15": {"f_0": 0.4999999999999999, "f_1": 0.042409703048229226, "f_2": 0.25009966689365687, "f_3": 0.2614133961588801, "f_4": 0.5730436328694151, "f_5": 0.45904203214565664, "f_6": 0.026875675058334714, "f_7": 0.24242653712244622, "f_8": 0.2439933891251426, "f_9": 0.4371603871096714}, "sample16": {"f_0": 0.4999999999999999, "f_1": 0.12114792752606561, "f_2": 0.09482475844665174, "f_3": 0.3614307314755185, "f_4": 0.4826248978636355, "f_5": 0.31371270892572806, "f_6": 0.08876763800913208, "f_7": 0.09042228207344188, "f_8": 0.279336651227753, "f_9": 0.3501586111096529}, "sample17": {"f_0": 0.4999999999999999, "f_1": 0.2429573043948639, "f_2": 0.14352822431853027, "f_3": 0.20569261108452597, "f_4": 0.27166744341708726, "f_5": 0.2828807170868052, "f_6": 0.2577894002824596, "f_7": 0.28494239996073534, "f_8": 0.3142387168133686, "f_9": 0.2245380069372448}, "sample18": {"f_0": 0.4999999999999999, "f_1": 0.26316396540858467, "f_2": 0.17267783859064756, "f_3": 0.25995496024866743, "f_4": 0.2781605031550924, "f_5": 0.2390957567415043, "f_6": 0.2940466657533489, "f_7": 0.40284612978160267, "f_8": 0.4092987931496741, "f_9": 0.3413782874821581}, "sample19": {"f_0": 0.4999999999999999, "f_1": 0.525316136135866, "f_2": 0.5483342070146578, "f_3": 0.5726102948052024, "f_4": 0.5945531366873016, "f_5": 0.6119087889798811, "f_6": 0.6290365758305404, "f_7": 0.6505349114878038, "f_8": 0.6726552291642408, "f_9": 0.6910114892634195}, "sample20": {"f_0": 0.4999999999999999, "f_1": 0.6016244445102729, "f_2": 0.4290825302137375, "f_3": 0.2811421504255422, "f_4": 0.31017010125844946, "f_5": 0.3355835642202426, "f_6": 0.2524426523047088, "f_7": 0.22564348062024878, "f_8": 0.35793261504371643, "f_9": 0.4753279432816974}, "sample21": {"f_0": 0.4999999999999999, "f_1": 0.49258678334823836, "f_2": 0.4769479534636387, "f_3": 0.4514395878933199, "f_4": 0.4163960458325907, "f_5": 0.37109487288472054, "f_6": 0.3271077610865393, "f_7": 0.28887543695917167, "f_8": 0.25789069360756, "f_9": 0.23472399007878914}, "sample22": {"f_0": 0.4999999999999999, "f_1": 0.16943850496303337, "f_2": 0.13278873987442502, "f_3": 0.1731964825303737, "f_4": 0.12738379614246492, "f_5": 0.291141014995498, "f_6": 0.4774092109653654, "f_7": 0.3308572585522188, "f_8": 0.14730340634429565, "f_9": 0.14587944051606078}, "sample23": {"f_0": 0.4999999999999999, "f_1": 0.10827299339103715, "f_2": 0.07720479013243954, "f_3": 0.3159843831260045, "f_4": 0.3710192398040251, "f_5": 0.18285312492574046, "f_6": 0.12527879145519366, "f_7": 0.35578654586972375, "f_8": 0.5157741609341848, "f_9": 0.3462120319835845}, "sample24": {"f_0": 0.4999999999999999, "f_1": 0.5447759022703886, "f_2": 0.5806118193738248, "f_3": 0.6136469628172747, "f_4": 0.6461776249099613, "f_5": 0.6714334781602345, "f_6": 0.6845122575216183, "f_7": 0.6904653738657311, "f_8": 0.6954659538080649, "f_9": 0.6964896769046763}, "sample25": {"f_0": 0.4999999999999999, "f_1": 0.2452641573386201, "f_2": 0.0944067561469214, "f_3": 0.09253841010425266, "f_4": 0.13709769874802324, "f_5": 0.12086597648236781, "f_6": 0.06390191141917592, "f_7": 0.07431335148726666, "f_8": 0.20149379345668966, "f_9": 0.3569965629067276}, "sample26": {"f_0": 0.4999999999999999, "f_1": 0.7247440762145982, "f_2": 0.6816848213782828, "f_3": 0.5515077212462872, "f_4": 0.4057737958987545, "f_5": 0.24484165599189078, "f_6": 0.18034461818476305, "f_7": 0.1961562943581858, "f_8": 0.18016985885166256, "f_9": 0.1426392419193658}, "sample27": {"f_0": 0.4999999999999999, "f_1": 0.046640872100757735, "f_2": 0.20988064701058623, "f_3": 0.3475301975381559, "f_4": 0.36920221803405534, "f_5": 0.13983582616511936, "f_6": 0.3984936368287323, "f_7": 0.13088731502237028,