{"sample0": {"f_0": 0.9296875, "f_1": 0.6162109375, "f_2": 0.2255859375, "f_3": 0.146484375, "f_4": 0.259765625, "f_5": 0.1865234375, "f_6": 0.1494140625, "f_7": 0.30078125, "f_8": 0.439453125, "f_9": 0.4111328125}, "sample1": {"f_0": 0.94921875, "f_1": 0.529296875, "f_2": 0.28515625, "f_3": 0.193359375, "f_4": 0.302734375, "f_5": 0.4052734375, "f_6": 0.2509765625, "f_7": 0.2177734375, "f_8": 0.2626953125, "f_9": 0.33984375}, "sample2": {"f_0": 0.93359375, "f_1": 0.71484375, "f_2": 0.396484375, "f_3": 0.220703125, "f_4": 0.2109375, "f_5": 0.21875, "f_6": 0.33203125, "f_7": 0.3798828125, "f_8": 0.23046875, "f_9": 0.2734375}, "sample3": {"f_0": 0.92578125, "f_1": 0.6689453125, "f_2": 0.33984375, "f_3": 0.212890625, "f_4": 0.224609375, "f_5": 0.4287109375, "f_6": 0.490234375, "f_7": 0.36328125, "f_8": 0.2421875, "f_9": 0.2568359375}, "sample4": {"f_0": 0.94140625, "f_1": 0.46875, "f_2": 0.201171875, "f_3": 0.234375, "f_4": 0.263671875, "f_5": 0.6357421875, "f_6": 0.66796875, "f_7": 0.2421875, "f_8": 0.216796875, "f_9": 0.17578125}, "sample5": {"f_0": 0.9189453125, "f_1": 0.779296875, "f_2": 0.626953125, "f_3": 0.361328125, "f_4": 0.2177734375, "f_5": 0.2646484375, "f_6": 0.21484375, "f_7": 0.2265625, "f_8": 0.2353515625, "f_9": 0.1484375}, "sample6": {"f_0": 0.9365234375, "f_1": 0.5673828125, "f_2": 0.2099609375, "f_3": 0.185546875, "f_4": 0.1630859375, "f_5": 0.345703125, "f_6": 0.6591796875, "f_7": 0.1669921875, "f_8": 0.3046875, "f_9": 0.2900390625}, "sample7": {"f_0": 0.9267578125, "f_1": 0.7763671875, "f_2": 0.5859375, "f_3": 0.359375, "f_4": 0.234375, "f_5": 0.2041015625, "f_6": 0.3427734375, "f_7": 0.484375, "f_8": 0.58984375, "f_9": 0.5791015625}, "sample8": {"f_0": 0.9306640625, "f_1": 0.7548828125, "f_2": 0.5693359375, "f_3": 0.2333984375, "f_4": 0.2021484375, "f_5": 0.208984375, "f_6": 0.2333984375, "f_7": 0.2978515625, "f_8": 0.140625, "f_9": 0.26171875}, "sample9": {"f_0": 0.9375, "f_1": 0.650390625, "f_2": 0.29296875, "f_3": 0.1904296875, "f_4": 0.283203125, "f_5": 0.447265625, "f_6": 0.4453125, "f_7": 0.2666015625, "f_8": 0.2197265625, "f_9": 0.3359375}, "sample10": {"f_0": 0.9365234375, "f_1": 0.6591796875, "f_2": 0.3154296875, "f_3": 0.19921875, "f_4": 0.26953125, "f_5": 0.259765625, "f_6": 0.15625, "f_7": 0.2109375, "f_8": 0.4345703125, "f_9": 0.4921875}, "sample11": {"f_0": 0.9345703125, "f_1": 0.5771484375, "f_2": 0.2119140625, "f_3": 0.5283203125, "f_4": 0.806640625, "f_5": 0.5615234375, "f_6": 0.203125, "f_7": 0.369140625, "f_8": 0.66015625, "f_9": 0.50390625}, "sample12": {"f_0": 0.927734375, "f_1": 0.5615234375, "f_2": 0.2294921875, "f_3": 0.224609375, "f_4": 0.234375, "f_5": 0.3388671875, "f_6": 0.494140625, "f_7": 0.302734375, "f_8": 0.123046875, "f_9": 0.2138671875}, "sample13": {"f_0": 0.9228515625, "f_1": 0.7978515625, "f_2": 0.650390625, "f_3": 0.5263671875, "f_4": 0.4091796875, "f_5": 0.22265625, "f_6": 0.11328125, "f_7": 0.177734375, "f_8": 0.4189453125, "f_9": 0.5107421875}, "sample14": {"f_0": 0.9326171875, "f_1": 0.6767578125, "f_2": 0.3974609375, "f_3": 0.1962890625, "f_4": 0.1640625, "f_5": 0.154296875, "f_6": 0.1630859375, "f_7": 0.1884765625, "f_8": 0.1865234375, "f_9": 0.2353515625}, "sample15": {"f_0": 0.921875, "f_1": 0.400390625, "f_2": 0.16015625, "f_3": 0.228515625, "f_4": 0.1962890625, "f_5": 0.2578125, "f_6": 0.1337890625, "f_7": 0.2783203125, "f_8": 0.2490234375, "f_9": 0.34375}, "sample16": {"f_0": 0.9375, "f_1": 0.625, "f_2": 0.2275390625, "f_3": 0.1416015625, "f_4": 0.205078125, "f_5": 0.224609375, "f_6": 0.185546875, "f_7": 0.1962890625, "f_8": 0.2001953125, "f_9": 0.189453125}, "sample17": {"f_0": 0.9443359375, "f_1": 0.6728515625, "f_2": 0.3251953125, "f_3": 0.2001953125, "f_4": 0.30859375, "f_5": 0.412109375, "f_6": 0.4013671875, "f_7": 0.251953125, "f_8": 0.18359375, "f_9": 0.2822265625}, "sample18": {"f_0": 0.927734375, "f_1": 0.5947265625, "f_2": 0.2900390625, "f_3": 0.1611328125, "f_4": 0.16796875, "f_5": 0.1513671875, "f_6": 0.134765625, "f_7": 0.2509765625, "f_8": 0.4892578125, "f_9": 0.58203125}, "sample19": {"f_0": 0.9248046875, "f_1": 0.8408203125, "f_2": 0.8349609375, "f_3": 0.783203125, "f_4": 0.7041015625, "f_5": 0.6494140625, "f_6": 0.5546875, "f_7": 0.474609375, "f_8": 0.390625, "f_9": 0.3505859375}, "sample20": {"f_0": 0.9228515625, "f_1": 0.6806640625, "f_2": 0.490234375, "f_3": 0.345703125, "f_4": 0.1708984375, "f_5": 0.267578125, "f_6": 0.4970703125, "f_7": 0.361328125, "f_8": 0.1396484375, "f_9": 0.177734375}, "sample21": {"f_0": 0.91796875, "f_1": 0.837890625, "f_2": 0.7919921875, "f_3": 0.6982421875, "f_4": 0.646484375, "f_5": 0.5888671875, "f_6": 0.537109375, "f_7": 0.4140625, "f_8": 0.34765625, "f_9": 0.2822265625}, "sample22": {"f_0": 0.9267578125, "f_1": 0.6240234375, "f_2": 0.2509765625, "f_3": 0.337890625, "f_4": 0.748046875, "f_5": 0.830078125, "f_6": 0.466796875, "f_7": 0.212890625, "f_8": 0.4892578125, "f_9": 0.83203125}, "sample23": {"f_0": 0.9384765625, "f_1": 0.62109375, "f_2": 0.2919921875, "f_3": 0.228515625, "f_4": 0.345703125, "f_5": 0.3212890625, "f_6": 0.2255859375, "f_7": 0.236328125, "f_8": 0.25390625, "f_9": 0.20703125}, "sample24": {"f_0": 0.923828125, "f_1": 0.857421875, "f_2": 0.818359375, "f_3": 0.7763671875, "f_4": 0.71875, "f_5": 0.6767578125, "f_6": 0.5888671875, "f_7": 0.5068359375, "f_8": 0.439453125, "f_9": 0.36328125}, "sample25": {"f_0": 0.9296875, "f_1": 0.755859375, "f_2": 0.552734375, "f_3": 0.3671875, "f_4": 0.298828125, "f_5": 0.171875, "f_6": 0.1611328125, "f_7": 0.3466796875, "f_8": 0.44140625, "f_9": 0.4287109375}, "sample26": {"f_0": 0.9345703125, "f_1": 0.677734375, "f_2": 0.3759765625, "f_3": 0.1787109375, "f_4": 0.224609375, "f_5": 0.2978515625, "f_6": 0.3251953125, "f_7": 0.4150390625, "f_8": 0.544921875, "f_9": 0.6767578125}, "sample27": {"f_0": 0.9345703125, "f_1": 0.32421875, "f_2": 0.234375, "f_3": 0.3251953125, "f_4": 0.71484375, "f_5": 0.5419921875, "f_6": 0.2119140625, "f_7": 0.1318359375, "f_8": 0.447265625, "f_9": 0.5908203125}, "sample28": {"f_0": 0.9150390625, "f_1": 0.732421875, "f_2": 0.494140625, "f_3": 0.263671875, "f_4": 0.1904296875, "f_5": 0.2451171875, "f_6": 0.25390625, "f_7": 0.228515625, "f_8": 0.271484375, "f_9": 0.3232421875}, "sample29": {"f_0": 0.9208984375, "f_1": 0.509765625, "f_2": 0.2607421875, "f_3": 0.3408203125, "f_4": 0.568359375, "f_5": 0.3935546875, "f_6": 0.169921875, "f_7": 0.2060546875, "f_8": 0.435546875, "f_9": 0.5869140625}, "sample30": {"f_0": 0.9404296875, "f_1": 0.69921875, "f_2": 0.482421875, "f_3": 0.19921875, "f_4": 0.1552734375, "f_5": 0.224609375, "f_6": 0.1865234375, "f_7": 0.326171875, "f_8": 0.525390625, "f_9": 0.763671875}, "sample31": {"f_0": 0.9404296875, "f_1": 0.5244140625, "f_2": 0.181640625, "f_3": 0.2041015625, "f_4": 0.1435546875, "f_5": 0.2158203125, "f_6": 0.416015625, "f_7": 0.337890625, "f_8": 0.2568359375, "f_9": 0.2451171875}, "sample32": {"f_0": 0.935546875, "f_1": 0.671875, "f_2": 0.3349609375, "f_3": 0.197265625, "f_4": 0.3125, "f_5": 0.4716796875, "f_6": 0.1953125, "f_7": 0.2431640625, "f_8": 0.1904296875, "f_9": 0.146484375}, "sample33": {"f_0": 0.9296875, "f_1": 0.4541015625, "f_2": 0.1904296875, "f_3": 0.310546875, "f_4": 0.1083984375, "f_5": 0.5126953125, "f_6": 0.4208984375, "f_7": 0.2158203125, "f_8": 0.197265625, "f_9": 0.423828125}, "sample34": {"f_0": 0.9306640625, "f_1": 0.5693359375, "f_2": 0.232421875, "f_3": 0.2158203125, "f_4": 0.3330078125, "f_5": 0.34765625, "f_6": 0.4072265625, "f_7": 0.3369140625, "f_8": 0.2177734375, "f_9": 0.216796875}, "sample35": {"f_0": 0.92578125, "f_1": 0.5859375, "f_2": 0.2255859375, "f_3": 0.2119140625, "f_4": 0.2607421875, "f_5": 0.2158203125, "f_6": 0.193359375, "f_7": 0.43359375, "f_8": 0.76171875, "f_9": 0.6572265625}, "sample36": {"f_0": 0.935546875, "f_1": 0.6806640625, "f_2": 0.361328125, "f_3": 0.306640625, "f_4": 0.423828125, "f_5": 0.5078125, "f_6": 0.3720703125, "f_7": 0.224609375, "f_8": 0.17578125, "f_9": 0.1689453125}, "sample37": {"f_0": 0.9365234375, "f_1": 0.5546875, "f_2": 0.2197265625,