{"sample0": {"f_0": 5.004680467665246e-34, "f_1": 0.1355835535178048, "f_2": 0.3308743149855453, "f_3": 0.32343118968592804, "f_4": 0.185129675602412, "f_5": 0.13407826442196416, "f_6": 0.2285282428037619, "f_7": 0.29285219154913333, "f_8": 0.26408057909732674, "f_9": 0.26851253287809884}, "sample1": {"f_0": 5.004680467665246e-34, "f_1": 0.046700863844211606, "f_2": 0.24273571791231774, "f_3": 0.38215477358684374, "f_4": 0.42415424503123683, "f_5": 0.3071540853513025, "f_6": 0.18772991862002153, "f_7": 0.1928761958603848, "f_8": 0.3232597203089011, "f_9": 0.20819541305950898}, "sample2": {"f_0": 5.004680467665246e-34, "f_1": 0.027214189840818, "f_2": 0.10720216275480521, "f_3": 0.21047266393894762, "f_4": 0.2592691539530372, "f_5": 0.2147271941703396, "f_6": 0.15249715237114328, "f_7": 0.13961630433551137, "f_8": 0.18774475328504356, "f_9": 0.2509671444121504}, "sample3": {"f_0": 5.004680467665246e-34, "f_1": 0.01581141558047184, "f_2": 0.11702099317342332, "f_3": 0.2201892615023546, "f_4": 0.21458690621955828, "f_5": 0.14980508442176724, "f_6": 0.16035015585239312, "f_7": 0.22610493373781404, "f_8": 0.2628262889707074, "f_9": 0.2620228455977235}, "sample4": {"f_0": 5.004680467665246e-34, "f_1": 0.20943835400442284, "f_2": 0.32143394705096007, "f_3": 0.2467929377203671, "f_4": 0.17903119090684566, "f_5": 0.4472349845525435, "f_6": 0.6195172775562202, "f_7": 0.3480807608085503, "f_8": 0.1422705927501888, "f_9": 0.22589998320302443}, "sample5": {"f_0": 5.004680467665246e-34, "f_1": 0.009382214505539577, "f_2": 0.032425185955139636, "f_3": 0.06105786011195314, "f_4": 0.11888557411150613, "f_5": 0.20232476520803586, "f_6": 0.25192784569677396, "f_7": 0.27321899988327286, "f_8": 0.31247818583039955, "f_9": 0.3533268903459451}, "sample6": {"f_0": 5.004680467665246e-34, "f_1": 0.18139010546624826, "f_2": 0.33648447598703746, "f_3": 0.3310514994875372, "f_4": 0.21326663561838421, "f_5": 0.20045282042444465, "f_6": 0.4102658346087368, "f_7": 0.3028130726207377, "f_8": 0.11923596647470838, "f_9": 0.05563913354005032}, "sample7": {"f_0": 5.004680467665246e-34, "f_1": 0.045776462278613116, "f_2": 0.18143807395491499, "f_3": 0.3686432424339408, "f_4": 0.5343289921203032, "f_5": 0.6264808676105279, "f_6": 0.6284578990014829, "f_7": 0.5324470564540522, "f_8": 0.36805928168614405, "f_9": 0.20165977231214224}, "sample8": {"f_0": 5.004680467665246e-34, "f_1": 0.014021521374702228, "f_2": 0.044944192642771205, "f_3": 0.06914718863725318, "f_4": 0.13674895286390673, "f_5": 0.23453978810365014, "f_6": 0.2866389882947834, "f_7": 0.3287805901436592, "f_8": 0.41472196862512034, "f_9": 0.46024713710869214}, "sample9": {"f_0": 5.004680467665246e-34, "f_1": 0.018780428912703973, "f_2": 0.12309583348708378, "f_3": 0.22838898812584735, "f_4": 0.3325421775551722, "f_5": 0.39996053606172144, "f_6": 0.3588714831415704, "f_7": 0.3077875611732061, "f_8": 0.34849679619304735, "f_9": 0.3666409792719633}, "sample10": {"f_0": 5.004680467665246e-34, "f_1": 0.11280466147509711, "f_2": 0.2652185011566966, "f_3": 0.2707907800765388, "f_4": 0.25442443828677014, "f_5": 0.2869214367503217, "f_6": 0.2345494218114787, "f_7": 0.1408946855677004, "f_8": 0.19051519514354878, "f_9": 0.28292762457324944}, "sample11": {"f_0": 5.004680467665246e-34, "f_1": 0.09233394328823698, "f_2": 0.13264922086958567, "f_3": 0.028333375840613427, "f_4": 0.11611818450458056, "f_5": 0.30801603044158776, "f_6": 0.22438583274147664, "f_7": 0.1244289110201649, "f_8": 0.3080576870582156, "f_9": 0.3713042557772809}, "sample12": {"f_0": 5.004680467665246e-34, "f_1": 0.1688723985771941, "f_2": 0.3279061224782135, "f_3": 0.2706311430461538, "f_4": 0.2124804759473778, "f_5": 0.24914099739447226, "f_6": 0.2702661820059232, "f_7": 0.35289853239783014, "f_8": 0.3869426714270243, "f_9": 0.29899723782500354}, "sample13": {"f_0": 5.004680467665246e-34, "f_1": 0.017662655046060596, "f_2": 0.057903118891937055, "f_3": 0.08914900526525806, "f_4": 0.08817842918487047, "f_5": 0.0681538707748488, "f_6": 0.0713875999621064, "f_7": 0.1306221936345535, "f_8": 0.2339650862454168, "f_9": 0.32961895763376003}, "sample14": {"f_0": 5.004680467665246e-34, "f_1": 0.022428621733769243, "f_2": 0.08276575213488623, "f_3": 0.1264966085457571, "f_4": 0.14649974713543637, "f_5": 0.17001018294869782, "f_6": 0.20435387906348607, "f_7": 0.19933118711309208, "f_8": 0.11880988127054776, "f_9": 0.05527679694130525}, "sample15": {"f_0": 5.004680467665246e-34, "f_1": 0.26891448965030756, "f_2": 0.31530674856837126, "f_3": 0.2884263997675859, "f_4": 0.3159327225742591, "f_5": 0.009802352803990494, "f_6": 0.31253754076770923, "f_7": 0.39213623318778584, "f_8": 0.23390609729310058, "f_9": 0.26924712984139887}, "sample16": {"f_0": 5.004680467665246e-34, "f_1": 0.13517939075018084, "f_2": 0.3440143083416774, "f_3": 0.3418810108169403, "f_4": 0.1573377492915807, "f_5": 0.04840116146527631, "f_6": 0.1835180644452145, "f_7": 0.4298986469708715, "f_8": 0.4717974356110115, "f_9": 0.2867984863684877}, "sample17": {"f_0": 5.004680467665246e-34, "f_1": 0.046398445613312606, "f_2": 0.1469748917957791, "f_3": 0.18443093682805375, "f_4": 0.1742148275092151, "f_5": 0.17030823353673255, "f_6": 0.19468679803622524, "f_7": 0.21913729670817012, "f_8": 0.16804514699389647, "f_9": 0.10944363288155137}, "sample18": {"f_0": 5.004680467665246e-34, "f_1": 0.03836303280750622, "f_2": 0.17856082044473623, "f_3": 0.2643303960361296, "f_4": 0.2678545362857371, "f_5": 0.3323702891287676, "f_6": 0.4306221879803639, "f_7": 0.4426783095651828, "f_8": 0.3607416902266827, "f_9": 0.2716861959692818}, "sample19": {"f_0": 5.004680467665246e-34, "f_1": 0.0009843387593817855, "f_2": 0.0047824020761232785, "f_3": 0.01227672799170623, "f_4": 0.023365527827329233, "f_5": 0.038414622043970226, "f_6": 0.058882716211233255, "f_7": 0.08461057043735987, "f_8": 0.11292330337206774, "f_9": 0.14213481865522276}, "sample20": {"f_0": 5.004680467665246e-34, "f_1": 0.05023505472560801, "f_2": 0.11700104416015206, "f_3": 0.10419964695028355, "f_4": 0.0700460820517446, "f_5": 0.1026734098850685, "f_6": 0.1445093011571238, "f_7": 0.10471475237561237, "f_8": 0.07458707908616329, "f_9": 0.20341743983348204}, "sample21": {"f_0": 5.004680467665246e-34, "f_1": 8.144299171506281e-05, "f_2": 0.0008163549731332721, "f_3": 0.0028771650332580522, "f_4": 0.006751813195427768, "f_5": 0.013802881122132163, "f_6": 0.023953080428660588, "f_7": 0.03540385506398154, "f_8": 0.046934020870335096, "f_9": 0.05721698009822268}, "sample22": {"f_0": 5.004680467665246e-34, "f_1": 0.08995039959322897, "f_2": 0.16455090347860396, "f_3": 0.1406544350877136, "f_4": 0.23347803681957366, "f_5": 0.31891831938721604, "f_6": 0.16809898122670294, "f_7": 0.04545712981453319, "f_8": 0.13576706395386462, "f_9": 0.1895093858389946}, "sample23": {"f_0": 5.004680467665246e-34, "f_1": 0.15108514817569083, "f_2": 0.4084813013411089, "f_3": 0.3931600415892658, "f_4": 0.1687038451659263, "f_5": 0.1358069860174643, "f_6": 0.3628948405376543, "f_7": 0.49112610677956703, "f_8": 0.30832081909905207, "f_9": 0.12121066134881135}, "sample24": {"f_0": 5.004680467665246e-34, "f_1": 0.0023654028282227833, "f_2": 0.00880455316950374, "f_3": 0.018948345486535467, "f_4": 0.03399397018281401, "f_5": 0.05437833783169397, "f_6": 0.07816912242671131, "f_7": 0.10409695111900033, "f_8": 0.13410235119016742, "f_9": 0.1699131811987208}, "sample25": {"f_0": 5.004680467665246e-34, "f_1": 0.05559352195699046, "f_2": 0.15988270897251583, "f_3": 0.20801576278244724, "f_4": 0.18105569925607037, "f_5": 0.16947654325338773, "f_6": 0.257483334469807, "f_7": 0.40845412676127446, "f_8": 0.49190857107179137, "f_9": 0.42204923407857303}, "sample26": {"f_0": 5.004680467665246e-34, "f_1": 0.09776634605313925, "f_2": 0.26020594740808906, "f_3": 0.37078809991429573, "f_4": 0.44334265474221657, "f_5": 0.41654946090956224, "f_6": 0.3140201218352412, "f_7": 0.27153296379231995, "f_8": 0.27766155833233985, "f_9": 0.2419780450574644}, "sample27": {"f_0": 5.004680467665246e-34, "f_1": 0.30001937951638036,