{"sample0": {"f_0": 0.9999999999999996, "f_1": 0.7240099688969008, "f_2": 0.2946669373456936, "f_3": 0.18717688743562866, "f_4": 0.3304827885806752, "f_5": 0.408995184462121, "f_6": 0.30140917201019624, "f_7": 0.21491167254953897, "f_8": 0.23643928136423434, "f_9": 0.2324916848949749}, "sample1": {"f_0": 0.9999999999999996, "f_1": 0.6172459937826833, "f_2": 0.2625686231399782, "f_3": 0.14613593869141023, "f_4": 0.12684634065705935, "f_5": 0.1992898778269343, "f_6": 0.3337552316030285, "f_7": 0.3174841588841866, "f_8": 0.2030409079646738, "f_9": 0.30243185258923966}, "sample2": {"f_0": 0.9999999999999996, "f_1": 0.8225594899566817, "f_2": 0.49042262848932944, "f_3": 0.2969694646378245, "f_4": 0.3293626838224875, "f_5": 0.44025164109035536, "f_6": 0.46774087274321047, "f_7": 0.41242602211723006, "f_8": 0.3213028461645443, "f_9": 0.249743800068104}, "sample3": {"f_0": 0.9999999999999996, "f_1": 0.7805298682531258, "f_2": 0.442543847162905, "f_3": 0.28216988492137224, "f_4": 0.28833914669012334, "f_5": 0.41235866920863673, "f_6": 0.545755332134335, "f_7": 0.5195291789690215, "f_8": 0.3759432813192795, "f_9": 0.26881430352366553}, "sample4": {"f_0": 0.9999999999999996, "f_1": 0.5606633859248383, "f_2": 0.21995016202693962, "f_3": 0.25337972381530155, "f_4": 0.3564274273772706, "f_5": 0.17710900409659502, "f_6": 0.05235432049235748, "f_7": 0.2786961413724822, "f_8": 0.4044586932695946, "f_9": 0.2754132296261352}, "sample5": {"f_0": 0.9999999999999996, "f_1": 0.8974273998190071, "f_2": 0.7281986249511204, "f_3": 0.6229630716427011, "f_4": 0.513967700783299, "f_5": 0.3740950300199422, "f_6": 0.27805004515729004, "f_7": 0.23365239603260046, "f_8": 0.19581067451786804, "f_9": 0.19686273007903463}, "sample6": {"f_0": 0.9999999999999996, "f_1": 0.6250284795823859, "f_2": 0.2401734301691757, "f_3": 0.180912621175102, "f_4": 0.2977333177896257, "f_5": 0.3233383573567511, "f_6": 0.1295943073187309, "f_7": 0.274926992905115, "f_8": 0.4789676130220128, "f_9": 0.5872997225415125}, "sample7": {"f_0": 0.9999999999999996, "f_1": 0.9050041997481394, "f_2": 0.6770451071263315, "f_3": 0.4127261360130995, "f_4": 0.18582943127102758, "f_5": 0.05612034543142258, "f_6": 0.05662843113083451, "f_7": 0.16561906258654965, "f_8": 0.32710908808792794, "f_9": 0.47310152373567105}, "sample8": {"f_0": 0.9999999999999996, "f_1": 0.8526417708657342, "f_2": 0.6620628014778366, "f_3": 0.5995317087371181, "f_4": 0.48915320467341417, "f_5": 0.3141511038114199, "f_6": 0.22563728172299308, "f_7": 0.18496573070290562, "f_8": 0.12711884199887985, "f_9": 0.10521625670808261}, "sample9": {"f_0": 0.9999999999999996, "f_1": 0.7538463760281203, "f_2": 0.42234179501253694, "f_3": 0.2741857914089604, "f_4": 0.17922422673279087, "f_5": 0.15280496751502126, "f_6": 0.2689127282385185, "f_7": 0.32674953813984414, "f_8": 0.2355657120015869, "f_9": 0.18075376946615332}, "sample10": {"f_0": 0.9999999999999996, "f_1": 0.7620639316011376, "f_2": 0.38434460213474153, "f_3": 0.26257882727316195, "f_4": 0.26221829996039475, "f_5": 0.21848227181341773, "f_6": 0.27180827991007317, "f_7": 0.390409331886814, "f_8": 0.3379814226547635, "f_9": 0.22034586935510775}, "sample11": {"f_0": 0.9999999999999996, "f_1": 0.6570928546820312, "f_2": 0.40517020044228536, "f_3": 0.6921089525073653, "f_4": 0.6416297980661766, "f_5": 0.2499893554180807, "f_6": 0.2849185633982449, "f_7": 0.425933722913782, "f_8": 0.22348184007621497, "f_9": 0.1685696935665332}, "sample12": {"f_0": 0.9999999999999996, "f_1": 0.6541541923064337, "f_2": 0.25695205248722613, "f_3": 0.23552687979623652, "f_4": 0.30197958742966935, "f_5": 0.27263061606263134, "f_6": 0.24783580730836932, "f_7": 0.17637607370226574, "f_8": 0.14599892133165435, "f_9": 0.21834045401051821}, "sample13": {"f_0": 0.9999999999999996, "f_1": 0.9143126933095866, "f_2": 0.723161845437661, "f_3": 0.5616857996129232, "f_4": 0.5168498636935023, "f_5": 0.5653576110640689, "f_6": 0.6072844764639539, "f_7": 0.5577656986982027, "f_8": 0.4157980727349223, "f_9": 0.25865917238905084}, "sample14": {"f_0": 0.9999999999999996, "f_1": 0.8174953338885593, "f_2": 0.5433637539328675, "f_3": 0.422299762349708, "f_4": 0.3820558724139331, "f_5": 0.3453877208630963, "f_6": 0.30354786520762184, "f_7": 0.33268464885371046, "f_8": 0.4874835043616134, "f_9": 0.6023310748764554}, "sample15": {"f_0": 0.9999999999999996, "f_1": 0.44231088015363285, "f_2": 0.19228746555570178, "f_3": 0.2145038117095838, "f_4": 0.3161616504898168, "f_5": 0.8285502873698124, "f_6": 0.43849856090832967, "f_7": 0.1406377226582222, "f_8": 0.2667117815162398, "f_9": 0.2827807916265683}, "sample16": {"f_0": 0.9999999999999996, "f_1": 0.6994450303845805, "f_2": 0.23881403527746978, "f_3": 0.18843032232658635, "f_4": 0.44956681647936625, "f_5": 0.6094490235209429, "f_6": 0.4734070765311006, "f_7": 0.19662445739643727, "f_8": 0.09809298460519589, "f_9": 0.23133505623239656}, "sample17": {"f_0": 0.9999999999999996, "f_1": 0.7697969214314517, "f_2": 0.44230388036976537, "f_3": 0.3319661213619061, "f_4": 0.33994385293468693, "f_5": 0.3463988886323934, "f_6": 0.31226245394987434, "f_7": 0.285193077745262, "f_8": 0.3549879095732459, "f_9": 0.4585776247756834}, "sample18": {"f_0": 0.9999999999999996, "f_1": 0.7316752544509043, "f_2": 0.35455199940136006, "f_3": 0.23625064305578125, "f_4": 0.2341854793831203, "f_5": 0.17984097805990085, "f_6": 0.11875711270063723, "f_7": 0.13217250443785566, "f_8": 0.18979709674299924, "f_9": 0.2428739050153294}, "sample19": {"f_0": 0.9999999999999996, "f_1": 0.9882130209675505, "f_2": 0.9607668361574581, "f_3": 0.9279959224248133, "f_4": 0.8904370422717508, "f_5": 0.8446488939070571, "f_6": 0.7931141615694779, "f_7": 0.7444867343809679, "f_8": 0.7011908044349789, "f_9": 0.6600870988077696}, "sample20": {"f_0": 0.9999999999999996, "f_1": 0.7888477828668953, "f_2": 0.48333740075467596, "f_3": 0.4586004510443084, "f_4": 0.5408067059906211, "f_5": 0.46951002773764344, "f_6": 0.3846079813288952, "f_7": 0.46925612585992627, "f_8": 0.5381905293202276, "f_9": 0.37966859329236147}, "sample21": {"f_0": 0.9999999999999996, "f_1": 0.9822564367781289, "f_2": 0.9443441292148161, "f_3": 0.8956856129275022, "f_4": 0.8433244255198562, "f_5": 0.7860055866662112, "f_6": 0.7314098974195827, "f_7": 0.6887183144231108, "f_8": 0.6562934657638114, "f_9": 0.6325856937117025}, "sample22": {"f_0": 0.9999999999999996, "f_1": 0.7248510095173432, "f_2": 0.417542814672087, "f_3": 0.4226132972079598, "f_4": 0.31177985913092116, "f_5": 0.19173484573842056, "f_6": 0.42983695639882485, "f_7": 0.619052738101723, "f_8": 0.4658168142709112, "f_9": 0.3569412910339041}, "sample23": {"f_0": 0.9999999999999996, "f_1": 0.69502125544523, "f_2": 0.2223217606777177, "f_3": 0.14279173428316924, "f_4": 0.37222913759430615, "f_5": 0.42508041155788223, "f_6": 0.1990015985263553, "f_7": 0.09513165966835221, "f_8": 0.28703683446142053, "f_9": 0.43780405392136634}, "sample24": {"f_0": 0.9999999999999996, "f_1": 0.9906265237558421, "f_2": 0.9690196025338088, "f_3": 0.9435620932705772, "f_4": 0.9107996990594515, "f_5": 0.8631239424886084, "f_6": 0.8036850231073646, "f_7": 0.7424314490450289, "f_8": 0.6812294219921234, "f_9": 0.6141495252120142}, "sample25": {"f_0": 0.9999999999999996, "f_1": 0.8672589497255881, "f_2": 0.5928689912045985, "f_3": 0.39961574708837966, "f_4": 0.3797631068342497, "f_5": 0.4259825945998779, "f_6": 0.37975121622994806, "f_7": 0.22629406962514553, "f_8": 0.10227628580921419, "f_9": 0.13255612577009915}, "sample26": {"f_0": 0.9999999999999996, "f_1": 0.801176669360244, "f_2": 0.46457511736976126, "f_3": 0.2517351037941735, "f_4": 0.13265994174390172, "f_5": 0.12685496792182585, "f_6": 0.20442907972883514, "f_7": 0.2357134468129949, "f_8": 0.23483090286827732, "f_9": 0.28944087107385885}, "sample27": {"f_0": 0.9999999999999996, "f_1": 0.3664754381325031, "f_2": 0.21261132397542956, "f_3": 0.17557824647799838, "f_4": 0.5486361920691576, "f_5": 0.25315694059760063, "f_6": 0.43391275794893125, "f_7": 0.392969454912204,