{"sample0": {"f_0": 0.490234375, "f_1": 0.73046875, "f_2": 0.57421875, "f_3": 0.27734375, "f_4": 0.2470703125, "f_5": 0.25, "f_6": 0.1259765625, "f_7": 0.0595703125, "f_8": 0.1123046875, "f_9": 0.1904296875}, "sample1": {"f_0": 0.5068359375, "f_1": 0.359375, "f_2": 0.212890625, "f_3": 0.27734375, "f_4": 0.1982421875, "f_5": 0.1962890625, "f_6": 0.142578125, "f_7": 0.1591796875, "f_8": 0.435546875, "f_9": 0.630859375}, "sample2": {"f_0": 0.490234375, "f_1": 0.5361328125, "f_2": 0.4658203125, "f_3": 0.2275390625, "f_4": 0.09375, "f_5": 0.0654296875, "f_6": 0.0517578125, "f_7": 0.2060546875, "f_8": 0.26953125, "f_9": 0.248046875}, "sample3": {"f_0": 0.4755859375, "f_1": 0.42578125, "f_2": 0.2861328125, "f_3": 0.2509765625, "f_4": 0.333984375, "f_5": 0.58203125, "f_6": 0.751953125, "f_7": 0.5908203125, "f_8": 0.3359375, "f_9": 0.21484375}, "sample4": {"f_0": 0.5283203125, "f_1": 0.04296875, "f_2": 0.1572265625, "f_3": 0.25, "f_4": 0.419921875, "f_5": 0.6083984375, "f_6": 0.162109375, "f_7": 0.068359375, "f_8": 0.234375, "f_9": 0.205078125}, "sample5": {"f_0": 0.4873046875, "f_1": 0.544921875, "f_2": 0.53515625, "f_3": 0.439453125, "f_4": 0.2353515625, "f_5": 0.189453125, "f_6": 0.2607421875, "f_7": 0.236328125, "f_8": 0.3369140625, "f_9": 0.2900390625}, "sample6": {"f_0": 0.498046875, "f_1": 0.0966796875, "f_2": 0.0986328125, "f_3": 0.2509765625, "f_4": 0.2294921875, "f_5": 0.611328125, "f_6": 0.275390625, "f_7": 0.150390625, "f_8": 0.37109375, "f_9": 0.212890625}, "sample7": {"f_0": 0.5, "f_1": 0.259765625, "f_2": 0.0966796875, "f_3": 0.072265625, "f_4": 0.1298828125, "f_5": 0.275390625, "f_6": 0.326171875, "f_7": 0.3603515625, "f_8": 0.2763671875, "f_9": 0.1865234375}, "sample8": {"f_0": 0.505859375, "f_1": 0.359375, "f_2": 0.2060546875, "f_3": 0.1552734375, "f_4": 0.333984375, "f_5": 0.2685546875, "f_6": 0.2392578125, "f_7": 0.12109375, "f_8": 0.1611328125, "f_9": 0.4404296875}, "sample9": {"f_0": 0.5361328125, "f_1": 0.3447265625, "f_2": 0.2412109375, "f_3": 0.2548828125, "f_4": 0.134765625, "f_5": 0.0732421875, "f_6": 0.0302734375, "f_7": 0.099609375, "f_8": 0.328125, "f_9": 0.3759765625}, "sample10": {"f_0": 0.4765625, "f_1": 0.7353515625, "f_2": 0.5859375, "f_3": 0.2998046875, "f_4": 0.228515625, "f_5": 0.3125, "f_6": 0.232421875, "f_7": 0.1015625, "f_8": 0.0966796875, "f_9": 0.283203125}, "sample11": {"f_0": 0.4873046875, "f_1": 0.1435546875, "f_2": 0.2666015625, "f_3": 0.6708984375, "f_4": 0.6083984375, "f_5": 0.2294921875, "f_6": 0.265625, "f_7": 0.642578125, "f_8": 0.6142578125, "f_9": 0.2763671875}, "sample12": {"f_0": 0.4931640625, "f_1": 0.1005859375, "f_2": 0.107421875, "f_3": 0.2275390625, "f_4": 0.279296875, "f_5": 0.376953125, "f_6": 0.2421875, "f_7": 0.08203125, "f_8": 0.2421875, "f_9": 0.349609375}, "sample13": {"f_0": 0.4853515625, "f_1": 0.3544921875, "f_2": 0.2373046875, "f_3": 0.1484375, "f_4": 0.1171875, "f_5": 0.1396484375, "f_6": 0.2822265625, "f_7": 0.5537109375, "f_8": 0.71484375, "f_9": 0.5087890625}, "sample14": {"f_0": 0.4736328125, "f_1": 0.271484375, "f_2": 0.1806640625, "f_3": 0.2626953125, "f_4": 0.4072265625, "f_5": 0.4697265625, "f_6": 0.4365234375, "f_7": 0.3779296875, "f_8": 0.2890625, "f_9": 0.2138671875}, "sample15": {"f_0": 0.5078125, "f_1": 0.02734375, "f_2": 0.244140625, "f_3": 0.21484375, "f_4": 0.2548828125, "f_5": 0.1318359375, "f_6": 0.2099609375, "f_7": 0.3134765625, "f_8": 0.2138671875, "f_9": 0.5205078125}, "sample16": {"f_0": 0.4990234375, "f_1": 0.130859375, "f_2": 0.0849609375, "f_3": 0.28125, "f_4": 0.3076171875, "f_5": 0.2451171875, "f_6": 0.234375, "f_7": 0.2841796875, "f_8": 0.2744140625, "f_9": 0.302734375}, "sample17": {"f_0": 0.5087890625, "f_1": 0.2490234375, "f_2": 0.1435546875, "f_3": 0.3876953125, "f_4": 0.6826171875, "f_5": 0.669921875, "f_6": 0.4306640625, "f_7": 0.2529296875, "f_8": 0.3271484375, "f_9": 0.408203125}, "sample18": {"f_0": 0.50390625, "f_1": 0.2685546875, "f_2": 0.2041015625, "f_3": 0.3701171875, "f_4": 0.33203125, "f_5": 0.185546875, "f_6": 0.203125, "f_7": 0.259765625, "f_8": 0.2900390625, "f_9": 0.2373046875}, "sample19": {"f_0": 0.5029296875, "f_1": 0.51953125, "f_2": 0.546875, "f_3": 0.5263671875, "f_4": 0.509765625, "f_5": 0.501953125, "f_6": 0.455078125, "f_7": 0.431640625, "f_8": 0.3779296875, "f_9": 0.3623046875}, "sample20": {"f_0": 0.49609375, "f_1": 0.619140625, "f_2": 0.5302734375, "f_3": 0.4248046875, "f_4": 0.275390625, "f_5": 0.068359375, "f_6": 0.1376953125, "f_7": 0.2978515625, "f_8": 0.234375, "f_9": 0.1005859375}, "sample21": {"f_0": 0.509765625, "f_1": 0.4677734375, "f_2": 0.462890625, "f_3": 0.4208984375, "f_4": 0.373046875, "f_5": 0.328125, "f_6": 0.3251953125, "f_7": 0.2978515625, "f_8": 0.302734375, "f_9": 0.2939453125}, "sample22": {"f_0": 0.4970703125, "f_1": 0.13671875, "f_2": 0.1513671875, "f_3": 0.48828125, "f_4": 0.63671875, "f_5": 0.3447265625, "f_6": 0.091796875, "f_7": 0.2490234375, "f_8": 0.5517578125, "f_9": 0.5693359375}, "sample23": {"f_0": 0.4921875, "f_1": 0.123046875, "f_2": 0.0341796875, "f_3": 0.1474609375, "f_4": 0.19140625, "f_5": 0.2373046875, "f_6": 0.244140625, "f_7": 0.2119140625, "f_8": 0.1845703125, "f_9": 0.3740234375}, "sample24": {"f_0": 0.4755859375, "f_1": 0.55859375, "f_2": 0.580078125, "f_3": 0.59375, "f_4": 0.626953125, "f_5": 0.615234375, "f_6": 0.5830078125, "f_7": 0.546875, "f_8": 0.5380859375, "f_9": 0.455078125}, "sample25": {"f_0": 0.490234375, "f_1": 0.2666015625, "f_2": 0.0859375, "f_3": 0.0732421875, "f_4": 0.083984375, "f_5": 0.169921875, "f_6": 0.279296875, "f_7": 0.3720703125, "f_8": 0.3125, "f_9": 0.138671875}, "sample26": {"f_0": 0.474609375, "f_1": 0.7392578125, "f_2": 0.6513671875, "f_3": 0.3916015625, "f_4": 0.2470703125, "f_5": 0.2734375, "f_6": 0.2705078125, "f_7": 0.1611328125, "f_8": 0.173828125, "f_9": 0.2529296875}, "sample27": {"f_0": 0.4912109375, "f_1": 0.0380859375, "f_2": 0.263671875, "f_3": 0.24609375, "f_4": 0.4658203125, "f_5": 0.1845703125, "f_6": 0.228515625, "f_7": 0.3310546875, "f_8": 0.642578125, "f_9": 0.224609375}, "sample28": {"f_0": 0.4951171875, "f_1": 0.2568359375, "f_2": 0.0556640625, "f_3": 0.0546875, "f_4": 0.1513671875, "f_5": 0.28125, "f_6": 0.2421875, "f_7": 0.1650390625, "f_8": 0.123046875, "f_9": 0.140625}, "sample29": {"f_0": 0.501953125, "f_1": 0.306640625, "f_2": 0.263671875, "f_3": 0.1728515625, "f_4": 0.1025390625, "f_5": 0.060546875, "f_6": 0.212890625, "f_7": 0.2578125, "f_8": 0.1142578125, "f_9": 0.095703125}, "sample30": {"f_0": 0.4892578125, "f_1": 0.5234375, "f_2": 0.443359375, "f_3": 0.35546875, "f_4": 0.162109375, "f_5": 0.255859375, "f_6": 0.25390625, "f_7": 0.1669921875, "f_8": 0.2734375, "f_9": 0.4658203125}, "sample31": {"f_0": 0.4990234375, "f_1": 0.05859375, "f_2": 0.162109375, "f_3": 0.23828125, "f_4": 0.26953125, "f_5": 0.568359375, "f_6": 0.5322265625, "f_7": 0.31640625, "f_8": 0.298828125, "f_9": 0.2431640625}, "sample32": {"f_0": 0.4912109375, "f_1": 0.3173828125, "f_2": 0.2236328125, "f_3": 0.251953125, "f_4": 0.19140625, "f_5": 0.376953125, "f_6": 0.255859375, "f_7": 0.1162109375, "f_8": 0.2998046875, "f_9": 0.220703125}, "sample33": {"f_0": 0.494140625, "f_1": 0.0703125, "f_2": 0.1611328125, "f_3": 0.22265625, "f_4": 0.2177734375, "f_5": 0.611328125, "f_6": 0.0927734375, "f_7": 0.236328125, "f_8": 0.2734375, "f_9": 0.396484375}, "sample34": {"f_0": 0.5, "f_1": 0.7265625, "f_2": 0.494140625, "f_3": 0.2470703125, "f_4": 0.2392578125, "f_5": 0.244140625, "f_6": 0.3154296875, "f_7": 0.4462890625, "f_8": 0.3603515625, "f_9": 0.2587890625}, "sample35": {"f_0": 0.478515625, "f_1": 0.5146484375, "f_2": 0.2470703125, "f_3": 0.1083984375, "f_4": 0.158203125, "f_5": 0.28125, "f_6": 0.2646484375, "f_7": 0.255859375, "f_8": 0.529296875, "f_9": 0.6162109375}, "sample36": {"f_0": 0.4892578125, "f_1": 0.2578125, "f_2": 0.173828125, "f_3": 0.37109375, "f_4": 0.5029296875, "f_5": 0.3857421875, "f_6": 0.2021484375, "f_7": 0.2060546875, "f_8": 0.2666015625, "f_9": 0.287109375}, "sample37": {"f_0": 0.52734375, "f_1": 0.263671875, "f_2": 0.2587890625,