{"sample0": {"f_0": 0.478515625, "f_1": 0.6318359375, "f_2": 0.4833984375, "f_3": 0.2353515625, "f_4": 0.20703125, "f_5": 0.2119140625, "f_6": 0.142578125, "f_7": 0.07421875, "f_8": 0.111328125, "f_9": 0.1611328125}, "sample1": {"f_0": 0.4951171875, "f_1": 0.337890625, "f_2": 0.2119140625, "f_3": 0.2509765625, "f_4": 0.1796875, "f_5": 0.1826171875, "f_6": 0.1484375, "f_7": 0.1396484375, "f_8": 0.3740234375, "f_9": 0.533203125}, "sample2": {"f_0": 0.4736328125, "f_1": 0.4931640625, "f_2": 0.376953125, "f_3": 0.1943359375, "f_4": 0.0791015625, "f_5": 0.0556640625, "f_6": 0.0654296875, "f_7": 0.177734375, "f_8": 0.271484375, "f_9": 0.23046875}, "sample3": {"f_0": 0.46875, "f_1": 0.3701171875, "f_2": 0.2353515625, "f_3": 0.232421875, "f_4": 0.2880859375, "f_5": 0.49609375, "f_6": 0.6376953125, "f_7": 0.50390625, "f_8": 0.27734375, "f_9": 0.2041015625}, "sample4": {"f_0": 0.486328125, "f_1": 0.07421875, "f_2": 0.146484375, "f_3": 0.2197265625, "f_4": 0.3837890625, "f_5": 0.533203125, "f_6": 0.1875, "f_7": 0.0791015625, "f_8": 0.26953125, "f_9": 0.1982421875}, "sample5": {"f_0": 0.462890625, "f_1": 0.4765625, "f_2": 0.4609375, "f_3": 0.390625, "f_4": 0.2021484375, "f_5": 0.1806640625, "f_6": 0.240234375, "f_7": 0.2138671875, "f_8": 0.3232421875, "f_9": 0.2763671875}, "sample6": {"f_0": 0.478515625, "f_1": 0.1025390625, "f_2": 0.0986328125, "f_3": 0.232421875, "f_4": 0.2216796875, "f_5": 0.5361328125, "f_6": 0.28515625, "f_7": 0.1416015625, "f_8": 0.2958984375, "f_9": 0.2265625}, "sample7": {"f_0": 0.4833984375, "f_1": 0.2705078125, "f_2": 0.0947265625, "f_3": 0.060546875, "f_4": 0.09375, "f_5": 0.2373046875, "f_6": 0.3291015625, "f_7": 0.2919921875, "f_8": 0.2451171875, "f_9": 0.177734375}, "sample8": {"f_0": 0.4462890625, "f_1": 0.318359375, "f_2": 0.1875, "f_3": 0.1318359375, "f_4": 0.3056640625, "f_5": 0.228515625, "f_6": 0.2265625, "f_7": 0.12109375, "f_8": 0.1259765625, "f_9": 0.388671875}, "sample9": {"f_0": 0.466796875, "f_1": 0.3076171875, "f_2": 0.189453125, "f_3": 0.2333984375, "f_4": 0.138671875, "f_5": 0.0771484375, "f_6": 0.048828125, "f_7": 0.0947265625, "f_8": 0.2646484375, "f_9": 0.326171875}, "sample10": {"f_0": 0.478515625, "f_1": 0.654296875, "f_2": 0.5, "f_3": 0.2666015625, "f_4": 0.2158203125, "f_5": 0.2724609375, "f_6": 0.2138671875, "f_7": 0.1005859375, "f_8": 0.1025390625, "f_9": 0.244140625}, "sample11": {"f_0": 0.4892578125, "f_1": 0.1474609375, "f_2": 0.228515625, "f_3": 0.5830078125, "f_4": 0.51953125, "f_5": 0.173828125, "f_6": 0.2353515625, "f_7": 0.537109375, "f_8": 0.544921875, "f_9": 0.251953125}, "sample12": {"f_0": 0.470703125, "f_1": 0.1064453125, "f_2": 0.1015625, "f_3": 0.18359375, "f_4": 0.232421875, "f_5": 0.3076171875, "f_6": 0.216796875, "f_7": 0.09375, "f_8": 0.205078125, "f_9": 0.3251953125}, "sample13": {"f_0": 0.4794921875, "f_1": 0.3037109375, "f_2": 0.2119140625, "f_3": 0.1513671875, "f_4": 0.1181640625, "f_5": 0.115234375, "f_6": 0.240234375, "f_7": 0.48046875, "f_8": 0.58984375, "f_9": 0.4580078125}, "sample14": {"f_0": 0.46484375, "f_1": 0.2607421875, "f_2": 0.18359375, "f_3": 0.263671875, "f_4": 0.36328125, "f_5": 0.3984375, "f_6": 0.3798828125, "f_7": 0.3212890625, "f_8": 0.2412109375, "f_9": 0.2119140625}, "sample15": {"f_0": 0.4560546875, "f_1": 0.0478515625, "f_2": 0.1962890625, "f_3": 0.216796875, "f_4": 0.20703125, "f_5": 0.1298828125, "f_6": 0.2041015625, "f_7": 0.30078125, "f_8": 0.2177734375, "f_9": 0.423828125}, "sample16": {"f_0": 0.4814453125, "f_1": 0.1083984375, "f_2": 0.068359375, "f_3": 0.2548828125, "f_4": 0.2880859375, "f_5": 0.19921875, "f_6": 0.2041015625, "f_7": 0.25, "f_8": 0.205078125, "f_9": 0.2705078125}, "sample17": {"f_0": 0.4755859375, "f_1": 0.2216796875, "f_2": 0.166015625, "f_3": 0.3427734375, "f_4": 0.5810546875, "f_5": 0.59375, "f_6": 0.3955078125, "f_7": 0.2421875, "f_8": 0.2841796875, "f_9": 0.3662109375}, "sample18": {"f_0": 0.4755859375, "f_1": 0.2314453125, "f_2": 0.1806640625, "f_3": 0.330078125, "f_4": 0.275390625, "f_5": 0.1689453125, "f_6": 0.1640625, "f_7": 0.2294921875, "f_8": 0.2470703125, "f_9": 0.205078125}, "sample19": {"f_0": 0.455078125, "f_1": 0.45703125, "f_2": 0.46484375, "f_3": 0.4619140625, "f_4": 0.45703125, "f_5": 0.4619140625, "f_6": 0.3876953125, "f_7": 0.392578125, "f_8": 0.384765625, "f_9": 0.3125}, "sample20": {"f_0": 0.4619140625, "f_1": 0.5068359375, "f_2": 0.4521484375, "f_3": 0.3671875, "f_4": 0.248046875, "f_5": 0.0693359375, "f_6": 0.119140625, "f_7": 0.2509765625, "f_8": 0.2490234375, "f_9": 0.0947265625}, "sample21": {"f_0": 0.484375, "f_1": 0.4404296875, "f_2": 0.4072265625, "f_3": 0.3798828125, "f_4": 0.3203125, "f_5": 0.3125, "f_6": 0.2763671875, "f_7": 0.251953125, "f_8": 0.2666015625, "f_9": 0.25390625}, "sample22": {"f_0": 0.4755859375, "f_1": 0.158203125, "f_2": 0.1572265625, "f_3": 0.423828125, "f_4": 0.572265625, "f_5": 0.337890625, "f_6": 0.0927734375, "f_7": 0.2216796875, "f_8": 0.4921875, "f_9": 0.4873046875}, "sample23": {"f_0": 0.4931640625, "f_1": 0.1181640625, "f_2": 0.060546875, "f_3": 0.138671875, "f_4": 0.19140625, "f_5": 0.1796875, "f_6": 0.2255859375, "f_7": 0.203125, "f_8": 0.1669921875, "f_9": 0.333984375}, "sample24": {"f_0": 0.4541015625, "f_1": 0.4775390625, "f_2": 0.5361328125, "f_3": 0.5205078125, "f_4": 0.5283203125, "f_5": 0.5400390625, "f_6": 0.5185546875, "f_7": 0.4853515625, "f_8": 0.48046875, "f_9": 0.4052734375}, "sample25": {"f_0": 0.4853515625, "f_1": 0.2265625, "f_2": 0.099609375, "f_3": 0.0673828125, "f_4": 0.080078125, "f_5": 0.1708984375, "f_6": 0.2734375, "f_7": 0.3271484375, "f_8": 0.2734375, "f_9": 0.1474609375}, "sample26": {"f_0": 0.4453125, "f_1": 0.6474609375, "f_2": 0.5556640625, "f_3": 0.369140625, "f_4": 0.2294921875, "f_5": 0.2255859375, "f_6": 0.212890625, "f_7": 0.1640625, "f_8": 0.1572265625, "f_9": 0.2255859375}, "sample27": {"f_0": 0.4765625, "f_1": 0.0517578125, "f_2": 0.224609375, "f_3": 0.2158203125, "f_4": 0.451171875, "f_5": 0.166015625, "f_6": 0.2080078125, "f_7": 0.30859375, "f_8": 0.5654296875, "f_9": 0.20703125}, "sample28": {"f_0": 0.4521484375, "f_1": 0.1865234375, "f_2": 0.0751953125, "f_3": 0.056640625, "f_4": 0.154296875, "f_5": 0.2197265625, "f_6": 0.2216796875, "f_7": 0.1552734375, "f_8": 0.1015625, "f_9": 0.1640625}, "sample29": {"f_0": 0.455078125, "f_1": 0.2578125, "f_2": 0.224609375, "f_3": 0.15625, "f_4": 0.1162109375, "f_5": 0.0654296875, "f_6": 0.18359375, "f_7": 0.216796875, "f_8": 0.1220703125, "f_9": 0.1025390625}, "sample30": {"f_0": 0.4765625, "f_1": 0.4755859375, "f_2": 0.375, "f_3": 0.3115234375, "f_4": 0.1513671875, "f_5": 0.2490234375, "f_6": 0.2109375, "f_7": 0.1708984375, "f_8": 0.2470703125, "f_9": 0.4091796875}, "sample31": {"f_0": 0.447265625, "f_1": 0.076171875, "f_2": 0.138671875, "f_3": 0.2529296875, "f_4": 0.2734375, "f_5": 0.4794921875, "f_6": 0.4453125, "f_7": 0.2958984375, "f_8": 0.2578125, "f_9": 0.23828125}, "sample32": {"f_0": 0.4638671875, "f_1": 0.310546875, "f_2": 0.220703125, "f_3": 0.205078125, "f_4": 0.2041015625, "f_5": 0.3369140625, "f_6": 0.2177734375, "f_7": 0.1103515625, "f_8": 0.2626953125, "f_9": 0.2001953125}, "sample33": {"f_0": 0.46875, "f_1": 0.08203125, "f_2": 0.1669921875, "f_3": 0.2109375, "f_4": 0.2060546875, "f_5": 0.486328125, "f_6": 0.087890625, "f_7": 0.2109375, "f_8": 0.244140625, "f_9": 0.357421875}, "sample34": {"f_0": 0.4599609375, "f_1": 0.62109375, "f_2": 0.4482421875, "f_3": 0.21875, "f_4": 0.203125, "f_5": 0.2509765625, "f_6": 0.318359375, "f_7": 0.3916015625, "f_8": 0.3203125, "f_9": 0.2060546875}, "sample35": {"f_0": 0.462890625, "f_1": 0.4521484375, "f_2": 0.2255859375, "f_3": 0.107421875, "f_4": 0.1376953125, "f_5": 0.275390625, "f_6": 0.2607421875, "f_7": 0.2021484375, "f_8": 0.458984375, "f_9": 0.52734375}, "sample36": {"f_0": 0.4775390625, "f_1": 0.2099609375, "f_2": 0.1640625, "f_3": 0.3271484375, "f_4": 0.4521484375, "f_5": 0.3486328125, "f_6": 0.19921875, "f_7": 0.14453125, "f_8": 0.212890625, "f_9": 0.2548828125}, "sample37": {"f_0": 0.4658203125, "f_1": 0.2138671875, "f_2": 0.2431640625,