{
    "n_samples": 56,
    "n_qubits": 8,
    "backend_qpu_name": "ibm_marrakesh",
    "beta": 1,
    "C": 10.17626062052331,
    "n_features": 10,
    "times": [
        0.0,
        0.3087177864975158,
        0.6174355729950316,
        0.9261533594925475,
        1.2348711459900632,
        1.5435889324875791,
        1.852306718985095,
        2.1610245054826107,
        2.4697422919801264,
        2.7784600784776425
    ]
}