{"sample_id":{"0":0,"1":1,"2":2,"3":3,"4":4,"5":5,"6":6,"7":7,"8":8,"9":9,"10":10,"11":11,"12":12,"13":13,"14":14,"15":15,"16":16,"17":17,"18":18,"19":19,"20":20,"21":21,"22":22,"23":23,"24":24,"25":25,"26":26,"27":27,"28":28,"29":29,"30":30,"31":31,"32":32,"33":33,"34":34,"35":35,"36":36,"37":37,"38":38,"39":39,"40":40,"41":41,"42":42,"43":43,"44":44,"45":45,"46":46,"47":47,"48":48,"49":49,"50":50,"51":51,"52":52,"53":53,"54":54,"55":55},"f_0 Re":{"0":0.8994140625,"1":0.923828125,"2":0.9072265625,"3":0.9296875,"4":0.9150390625,"5":0.9013671875,"6":0.9208984375,"7":0.9052734375,"8":0.9267578125,"9":0.91796875,"10":0.92578125,"11":0.8994140625,"12":0.9208984375,"13":0.9296875,"14":0.912109375,"15":0.9130859375,"16":0.9267578125,"17":0.8994140625,"18":0.919921875,"19":0.9248046875,"20":0.9033203125,"21":0.9052734375,"22":0.923828125,"23":0.9189453125,"24":0.904296875,"25":0.9150390625,"26":0.908203125,"27":0.9091796875,"28":0.9169921875,"29":0.9130859375,"30":0.9228515625,"31":0.90625,"32":0.923828125,"33":0.9189453125,"34":0.912109375,"35":0.9130859375,"36":0.90234375,"37":0.9228515625,"38":0.9345703125,"39":0.931640625,"40":0.90625,"41":0.9267578125,"42":0.9169921875,"43":0.921875,"44":0.916015625,"45":0.9267578125,"46":0.9013671875,"47":0.916015625,"48":0.9306640625,"49":0.9130859375,"50":0.921875,"51":0.921875,"52":0.912109375,"53":0.9306640625,"54":0.900390625,"55":0.919921875},"f_1 Re":{"0":0.6189906342,"1":0.4221843243,"2":0.6550778384,"3":0.6429679047,"4":0.5587352108,"5":0.7586050506,"6":0.6326435329,"7":0.4316621009,"8":0.737601262,"9":0.5397820425,"10":0.6965868538,"11":0.5816639614,"12":0.6593247562,"13":0.7345328354,"14":0.6710912214,"15":0.3529776388,"16":0.6359756488,"17":0.6291713611,"18":0.6119838519,"19":0.6344834005,"20":0.6835082497,"21":0.649656831,"22":0.6286933842,"23":0.4014685472,"24":0.8018173038,"25":0.7311232078,"26":0.7080972706,"27":0.2845312991,"28":0.3000916756,"29":0.399954857,"30":0.587864044,"31":0.4022796137,"32":0.6303514629,"33":0.5573198746,"34":0.6111533538,"35":0.5397020248,"36":0.4135605254,"37":0.4912619926,"38":0.7019686376,"39":0.6313515724,"40":0.7081886055,"41":0.5880575266,"42":0.2560177668,"43":0.4856668943,"44":0.6285193985,"45":0.6612141012,"46":0.559135003,"47":0.5807546547,"48":0.7321078907,"49":0.7672693254,"50":0.7815726598,"51":0.5249395204,"52":0.6285908469,"53":0.7941338448,"54":0.5635936918,"55":0.284053245},"f_1 Im":{"0":0.3228624465,"1":-0.1934043245,"2":-0.1993928126,"3":0.122111633,"4":-0.1291511343,"5":-0.1138681168,"6":-0.209568144,"7":-0.6349921165,"8":-0.0366481991,"9":0.1719943021,"10":0.1449728823,"11":-0.0947676996,"12":-0.223005985,"13":-0.2589307029,"14":0.036010121,"15":-0.4166210047,"16":-0.2128115022,"17":-0.081232557,"18":-0.1621590068,"19":0.5267471794,"20":-0.2096394831,"21":0.4767438769,"22":0.0190543274,"23":-0.582672112,"24":-0.2378725988,"25":0.2189809057,"26":0.1104990902,"27":-0.3912523297,"28":-0.7250136235,"29":-0.2409373974,"30":-0.2944344372,"31":-0.4603247885,"32":-0.0564441406,"33":-0.2295058744,"34":0.2654347052,"35":0.1498207002,"36":-0.5464123553,"37":0.0144980275,"38":0.0822154486,"39":0.1936269181,"40":-0.1017103995,"41":-0.0868218355,"42":-0.5248603131,"43":0.1561276784,"44":0.1780454923,"45":0.0589045028,"46":-0.06013309,"47":0.5674706405,"48":0.1889242792,"49":0.0293291388,"50":0.2522354223,"51":-0.5102609846,"52":0.1674281722,"53":0.1014076907,"54":-0.3042216717,"55":-0.6495354525},"f_2 Re":{"0":0.1909051893,"1":-0.0074212516,"2":0.3198997696,"3":0.2236180949,"4":0.1394447136,"5":0.649988363,"6":0.3301678084,"7":-0.230711868,"8":0.5224819836,"9":0.1276104516,"10":0.352690837,"11":-0.0355730832,"12":0.2721636395,"13":0.5646333404,"14":0.3085954997,"15":-0.0505951087,"16":0.2353065484,"17":0.2266661491,"18":0.0749153184,"19":0.1438301607,"20":0.3202401288,"21":0.2523452866,"22":0.1391306751,"23":-0.1825966051,"24":0.6542087626,"25":0.4716428819,"26":0.4974522203,"27":-0.0401739967,"28":-0.4535177514,"29":0.0600200666,"30":0.2400968035,"31":-0.0034153383,"32":0.2375853665,"33":0.1203137122,"34":0.2408847225,"35":0.00537312,"36":-0.0004142947,"37":-0.0288796004,"38":0.5498735548,"39":0.264004375,"40":0.4782297278,"41":0.0438548058,"42":-0.1253217171,"43":0.0969149819,"44":0.2322714471,"45":0.2622800858,"46":0.2477292636,"47":-0.0305365368,"48":0.5553876694,"49":0.5784496355,"50":0.605370441,"51":0.0834462238,"52":0.1122705681,"53":0.6508026223,"54":0.0565414594,"55":-0.338598617},"f_2 Im":{"0":0.3446060155,"1":-0.099739736,"2":-0.2023560757,"3":0.1366276979,"4":-0.1051999426,"5":-0.1412357303,"6":-0.1599861859,"7":-0.6348215362,"8":-0.1323519262,"9":0.0876599637,"10":0.201900051,"11":0.0048911584,"12":-0.1184573976,"13":-0.3477873987,"14":0.0320911522,"15":-0.1137424398,"16":-0.3170539393,"17":-0.0529125798,"18":-0.0764909168,"19":0.7836443945,"20":-0.323515877,"21":0.7259785769,"22":0.0130783876,"23":-0.5085039633,"24":-0.459336318,"25":0.3453628242,"26":0.209024835,"27":-0.0061493011,"28":-0.4376183677,"29":-0.0133757344,"30":-0.3288265754,"31":-0.1990481827,"32":-0.0396829819,"33":-0.1251923194,"34":0.2652044332,"35":0.0157080062,"36":-0.2892765717,"37":-0.0183077413,"38":0.1151333202,"39":0.061832872,"40":-0.1429649404,"41":-0.010350296,"42":-0.1325269624,"43":0.0674905412,"44":0.2981992375,"45":0.0467075928,"46":0.0299744739,"47":0.8148196772,"48":0.3154810875,"49":0.0511489114,"50":0.3861669669,"51":-0.5330273504,"52":0.0805769676,"53":0.1649780042,"54":-0.1005279385,"55":-0.4063189939},"f_3 Re":{"0":-0.0579439953,"1":0.0260354756,"2":-0.0440812013,"3":-0.0206706758,"4":0.00780889,"5":0.3070324787,"6":0.0041029195,"7":-0.4667624616,"8":0.0587812535,"9":0.0005516515,"10":0.1056022117,"11":-0.4913614101,"12":0.0515329,"13":0.3217715901,"14":-0.0992793274,"15":0.0402886526,"16":-0.0967189527,"17":-0.1959299217,"18":-0.1283228486,"19":-0.4397049261,"20":0.0803082786,"21":-0.1801127412,"22":-0.3617866764,"23":-0.0837633602,"24":0.5026678276,"25":0.1918095692,"26":0.2014722366,"27":-0.0510438988,"28":-0.4068012075,"29":-0.1444142797,"30":0.1901827451,"31":-0.0196700141,"32":-0.0577440997,"33":-0.0239635831,"34":0.0195631213,"35":-0.2308558156,"36":0.1559461429,"37":-0.0332316744,"38":0.3510167797,"39":0.0684153035,"40":0.1992785912,"41":-0.2788222513,"42":0.0682624036,"43":-0.0200086891,"44":0.1342920698,"45":-0.2451209935,"46":0.0421596666,"47":-0.513851753,"48":0.4122539671,"49":0.3065652333,"50":0.4574524992,"51":-0.163421261,"52":-0.3535590306,"53":0.4945123148,"54":-0.0435919333,"55":-0.0812907002},"f_3 Im":{"0":0.1153642309,"1":0.0548548897,"2":0.0433164325,"3":0.0176854299,"4":0.0241599891,"5":-0.016683188,"6":-0.0518990218,"7":-0.1277756092,"8":-0.175003495,"9":-0.0253282154,"10":0.0837311186,"11":0.3308183381,"12":-0.0020390902,"13":-0.3822274016,"14":0.0129861298,"15":-0.0292802215,"16":-0.21250511,"17":0.0937739244,"18":0.1218527651,"19":0.6380697312,"20":-0.2725401945,"21":0.7232845175,"22":-0.0424811155,"23":-0.21141366,"24":-0.5889474423,"25":0.4028908384,"26":0.1542418144,"27":0.2042065665,"28":0.1787484759,"29":-0.157200599,"30":-0.0096948113,"31":-0.0140263761,"32":-0.0398916883,"33":0.1785664005,"34":0.0124944097,"35":-0.2039444186,"36":-0.1261145346,"37":-0.031719664,"38":0.1557824928,"39":-0.2093877961,"40":-0.0993601118,"41":0.1503962186,"42":-0.0066872753,"43":-0.1479103931,"44":0.0413698769,"45":-0.0805118986,"46":-0.0185603843,"47":0.6000984054,"48":0.2114613304,"49":0.0593736853,"50":0.4643768394,"51":-0.2552066237,"52":-0.2340427702,"53":0.1733465212,"54":0.4107898711,"55":-0.2073438438},"f_4 Re":{"0":-0.031026842,"1":-0.1291450713,"2":-0.1729743492,"3":-0.0368510128,"4":0.00521539,"5":-0.0216588718,"6":0.1110627022,"7":-0.1929901962,"8":-0.113652184,"9":0.1740012342,"10":-0.0308987954,"11":-0.5782073517,"12":-0.0719634228,"13":0.1194375238,"14":-0.2414920434,"15":0.0260871245,"16":-0.1029086354,"17":-0.5090036008,"18":-0.1644350747,"19":-0.7191942555,"20":0.1165872642,"21":-0.4970089286,"22":-0.7035687571,"23":0.1777311832,