{
    "n_samples": 56,
    "n_qubits": 6,
    "graph_type": "line",
    "backend_qpu_name": "ibm_marrakesh",
    "beta": 1,
    "C": 7.414563484121309,
    "n_features": 5,
    "times": [
        0.0,
        0.4237056787385643,
        0.8474113574771286,
        1.271117036215693,
        1.6948227149542572
    ]
}