{"sample0": {"f_0": 0.515625, "f_1": 0.7470703125, "f_2": 0.5634765625, "f_3": 0.26171875, "f_4": 0.208984375}, "sample1": {"f_0": 0.5029296875, "f_1": 0.3310546875, "f_2": 0.23828125, "f_3": 0.2490234375, "f_4": 0.2080078125}, "sample2": {"f_0": 0.5078125, "f_1": 0.55859375, "f_2": 0.408203125, "f_3": 0.216796875, "f_4": 0.0947265625}, "sample3": {"f_0": 0.521484375, "f_1": 0.458984375, "f_2": 0.275390625, "f_3": 0.2685546875, "f_4": 0.3388671875}, "sample4": {"f_0": 0.4873046875, "f_1": 0.04296875, "f_2": 0.177734375, "f_3": 0.259765625, "f_4": 0.4140625}, "sample5": {"f_0": 0.46875, "f_1": 0.5146484375, "f_2": 0.52734375, "f_3": 0.4541015625, "f_4": 0.2080078125}, "sample6": {"f_0": 0.521484375, "f_1": 0.1025390625, "f_2": 0.0859375, "f_3": 0.2578125, "f_4": 0.2431640625}, "sample7": {"f_0": 0.486328125, "f_1": 0.2685546875, "f_2": 0.0830078125, "f_3": 0.056640625, "f_4": 0.1220703125}, "sample8": {"f_0": 0.474609375, "f_1": 0.380859375, "f_2": 0.20703125, "f_3": 0.142578125, "f_4": 0.328125}, "sample9": {"f_0": 0.5078125, "f_1": 0.3193359375, "f_2": 0.2421875, "f_3": 0.2490234375, "f_4": 0.15625}, "sample10": {"f_0": 0.494140625, "f_1": 0.72265625, "f_2": 0.5986328125, "f_3": 0.3017578125, "f_4": 0.275390625}, "sample11": {"f_0": 0.470703125, "f_1": 0.15234375, "f_2": 0.2724609375, "f_3": 0.681640625, "f_4": 0.62109375}, "sample12": {"f_0": 0.4990234375, "f_1": 0.095703125, "f_2": 0.1015625, "f_3": 0.23828125, "f_4": 0.3271484375}, "sample13": {"f_0": 0.494140625, "f_1": 0.361328125, "f_2": 0.22265625, "f_3": 0.1748046875, "f_4": 0.107421875}, "sample14": {"f_0": 0.5419921875, "f_1": 0.2958984375, "f_2": 0.201171875, "f_3": 0.259765625, "f_4": 0.380859375}, "sample15": {"f_0": 0.5126953125, "f_1": 0.037109375, "f_2": 0.2568359375, "f_3": 0.2255859375, "f_4": 0.2470703125}, "sample16": {"f_0": 0.498046875, "f_1": 0.1064453125, "f_2": 0.060546875, "f_3": 0.2919921875, "f_4": 0.337890625}, "sample17": {"f_0": 0.5078125, "f_1": 0.2197265625, "f_2": 0.1904296875, "f_3": 0.3974609375, "f_4": 0.6884765625}, "sample18": {"f_0": 0.4765625, "f_1": 0.265625, "f_2": 0.2275390625, "f_3": 0.33984375, "f_4": 0.3095703125}, "sample19": {"f_0": 0.478515625, "f_1": 0.5458984375, "f_2": 0.5400390625, "f_3": 0.5380859375, "f_4": 0.513671875}, "sample20": {"f_0": 0.4931640625, "f_1": 0.607421875, "f_2": 0.5, "f_3": 0.4150390625, "f_4": 0.2666015625}, "sample21": {"f_0": 0.484375, "f_1": 0.4912109375, "f_2": 0.462890625, "f_3": 0.4208984375, "f_4": 0.3701171875}, "sample22": {"f_0": 0.45703125, "f_1": 0.1611328125, "f_2": 0.17578125, "f_3": 0.490234375, "f_4": 0.640625}, "sample23": {"f_0": 0.4990234375, "f_1": 0.107421875, "f_2": 0.04296875, "f_3": 0.1357421875, "f_4": 0.2158203125}, "sample24": {"f_0": 0.501953125, "f_1": 0.529296875, "f_2": 0.5537109375, "f_3": 0.5986328125, "f_4": 0.6025390625}, "sample25": {"f_0": 0.4931640625, "f_1": 0.26953125, "f_2": 0.109375, "f_3": 0.052734375, "f_4": 0.0810546875}, "sample26": {"f_0": 0.5068359375, "f_1": 0.7373046875, "f_2": 0.6796875, "f_3": 0.3994140625, "f_4": 0.2568359375}, "sample27": {"f_0": 0.5087890625, "f_1": 0.044921875, "f_2": 0.2666015625, "f_3": 0.2626953125, "f_4": 0.47265625}, "sample28": {"f_0": 0.5361328125, "f_1": 0.236328125, "f_2": 0.060546875, "f_3": 0.0634765625, "f_4": 0.154296875}, "sample29": {"f_0": 0.5107421875, "f_1": 0.310546875, "f_2": 0.265625, "f_3": 0.1474609375, "f_4": 0.103515625}, "sample30": {"f_0": 0.490234375, "f_1": 0.548828125, "f_2": 0.46875, "f_3": 0.34765625, "f_4": 0.14453125}, "sample31": {"f_0": 0.4912109375, "f_1": 0.0546875, "f_2": 0.1708984375, "f_3": 0.25, "f_4": 0.2724609375}, "sample32": {"f_0": 0.5146484375, "f_1": 0.337890625, "f_2": 0.251953125, "f_3": 0.21875, "f_4": 0.2353515625}, "sample33": {"f_0": 0.50390625, "f_1": 0.060546875, "f_2": 0.1611328125, "f_3": 0.236328125, "f_4": 0.2490234375}, "sample34": {"f_0": 0.478515625, "f_1": 0.72265625, "f_2": 0.5068359375, "f_3": 0.2587890625, "f_4": 0.244140625}, "sample35": {"f_0": 0.5029296875, "f_1": 0.5322265625, "f_2": 0.244140625, "f_3": 0.1123046875, "f_4": 0.1484375}, "sample36": {"f_0": 0.4755859375, "f_1": 0.25390625, "f_2": 0.1630859375, "f_3": 0.357421875, "f_4": 0.50390625}, "sample37": {"f_0": 0.5029296875, "f_1": 0.2392578125, "f_2": 0.2451171875, "f_3": 0.2373046875, "f_4": 0.0732421875}, "sample38": {"f_0": 0.5, "f_1": 0.6484375, "f_2": 0.658203125, "f_3": 0.5166015625, "f_4": 0.1689453125}, "sample39": {"f_0": 0.498046875, "f_1": 0.5751953125, "f_2": 0.35546875, "f_3": 0.1748046875, "f_4": 0.1611328125}, "sample40": {"f_0": 0.482421875, "f_1": 0.38671875, "f_2": 0.216796875, "f_3": 0.2060546875, "f_4": 0.259765625}, "sample41": {"f_0": 0.5185546875, "f_1": 0.2744140625, "f_2": 0.2236328125, "f_3": 0.451171875, "f_4": 0.3544921875}, "sample42": {"f_0": 0.4921875, "f_1": 0.0361328125, "f_2": 0.22265625, "f_3": 0.2509765625, "f_4": 0.330078125}, "sample43": {"f_0": 0.505859375, "f_1": 0.0458984375, "f_2": 0.1845703125, "f_3": 0.255859375, "f_4": 0.173828125}, "sample44": {"f_0": 0.505859375, "f_1": 0.2197265625, "f_2": 0.1455078125, "f_3": 0.1962890625, "f_4": 0.5400390625}, "sample45": {"f_0": 0.4716796875, "f_1": 0.5791015625, "f_2": 0.3876953125, "f_3": 0.1103515625, "f_4": 0.0380859375}, "sample46": {"f_0": 0.4638671875, "f_1": 0.0576171875, "f_2": 0.1259765625, "f_3": 0.296875, "f_4": 0.2783203125}, "sample47": {"f_0": 0.5087890625, "f_1": 0.4619140625, "f_2": 0.41015625, "f_3": 0.3291015625, "f_4": 0.2587890625}, "sample48": {"f_0": 0.5029296875, "f_1": 0.673828125, "f_2": 0.7431640625, "f_3": 0.5693359375, "f_4": 0.2958984375}, "sample49": {"f_0": 0.494140625, "f_1": 0.2470703125, "f_2": 0.0888671875, "f_3": 0.0830078125, "f_4": 0.2685546875}, "sample50": {"f_0": 0.513671875, "f_1": 0.345703125, "f_2": 0.2109375, "f_3": 0.134765625, "f_4": 0.0703125}, "sample51": {"f_0": 0.49609375, "f_1": 0.173828125, "f_2": 0.052734375, "f_3": 0.1044921875, "f_4": 0.2060546875}, "sample52": {"f_0": 0.4794921875, "f_1": 0.68359375, "f_2": 0.3427734375, "f_3": 0.10546875, "f_4": 0.359375}, "sample53": {"f_0": 0.4853515625, "f_1": 0.6845703125, "f_2": 0.736328125, "f_3": 0.7041015625, "f_4": 0.4912109375}, "sample54": {"f_0": 0.51171875, "f_1": 0.201171875, "f_2": 0.2080078125, "f_3": 0.505859375, "f_4": 0.6728515625}, "sample55": {"f_0": 0.50390625, "f_1": 0.2216796875, "f_2": 0.1123046875, "f_3": 0.2841796875, "f_4": 0.650390625}}