{"sample0": {"f_0": 0.4999999999999999, "f_1": 0.12445212046777854, "f_2": 0.06288488704325393, "f_3": 0.2295604987818448, "f_4": 0.30804914431233255}, "sample1": {"f_0": 0.4999999999999999, "f_1": 0.30762199170348475, "f_2": 0.30318764810087295, "f_3": 0.2493421965852537, "f_4": 0.2171710948100036}, "sample2": {"f_0": 0.4999999999999999, "f_1": 0.29549092305957175, "f_2": 0.18882187656419108, "f_3": 0.29674013163765317, "f_4": 0.5018915512615373}, "sample3": {"f_0": 0.4999999999999999, "f_1": 0.3537627152337805, "f_2": 0.2224139789238707, "f_3": 0.23637505390149394, "f_4": 0.2413053588468749}, "sample4": {"f_0": 0.4999999999999999, "f_1": 0.7078683326316253, "f_2": 0.40529262988411474, "f_3": 0.258774502616348, "f_4": 0.367036675251478}, "sample5": {"f_0": 0.4999999999999999, "f_1": 0.3743558073414937, "f_2": 0.283944193795871, "f_3": 0.2276596932915093, "f_4": 0.15088460126466766}, "sample6": {"f_0": 0.4999999999999999, "f_1": 0.7257081929522324, "f_2": 0.4780919597244868, "f_3": 0.27460032115478356, "f_4": 0.19453833626716396}, "sample7": {"f_0": 0.4999999999999999, "f_1": 0.6774355111195247, "f_2": 0.7725126317141832, "f_3": 0.7651160765923435, "f_4": 0.6424198317233747}, "sample8": {"f_0": 0.4999999999999999, "f_1": 0.5199957413737778, "f_2": 0.44457848109912956, "f_3": 0.45271391340316547, "f_4": 0.49156767820809105}, "sample9": {"f_0": 0.4999999999999999, "f_1": 0.42142630349327187, "f_2": 0.2545040433896767, "f_3": 0.2236639763348486, "f_4": 0.2533134486756234}, "sample10": {"f_0": 0.4999999999999999, "f_1": 0.15099076531954075, "f_2": 0.05788495245014811, "f_3": 0.13758040935521754, "f_4": 0.16718310573418202}, "sample11": {"f_0": 0.4999999999999999, "f_1": 0.5867870701125473, "f_2": 0.2874242881320678, "f_3": 0.3517559335705405, "f_4": 0.6234826119191385}, "sample12": {"f_0": 0.4999999999999999, "f_1": 0.7318860324381861, "f_2": 0.4953341575786844, "f_3": 0.3057186741919187, "f_4": 0.32953154584620514}, "sample13": {"f_0": 0.4999999999999999, "f_1": 0.5884309320499008, "f_2": 0.563420274832441, "f_3": 0.4653982830478324, "f_4": 0.38359649191749934}, "sample14": {"f_0": 0.4999999999999999, "f_1": 0.5291828943839861, "f_2": 0.41320027729377046, "f_3": 0.32463073463291187, "f_4": 0.2844306690167414}, "sample15": {"f_0": 0.4999999999999999, "f_1": 0.6688156667557114, "f_2": 0.25749454723041604, "f_3": 0.24151681531828964, "f_4": 0.05905074019466091}, "sample16": {"f_0": 0.4999999999999999, "f_1": 0.713476493608696, "f_2": 0.488003585172496, "f_3": 0.16888060166800808, "f_4": 0.12427966790731129}, "sample17": {"f_0": 0.4999999999999999, "f_1": 0.5732380626499005, "f_2": 0.44575054784701446, "f_3": 0.31070444710543393, "f_4": 0.24249123702681472}, "sample18": {"f_0": 0.4999999999999999, "f_1": 0.5068743218498261, "f_2": 0.3604349812554488, "f_3": 0.24062607884324358, "f_4": 0.2238795125137652}, "sample19": {"f_0": 0.4999999999999999, "f_1": 0.46388122359106615, "f_2": 0.41721503121892345, "f_3": 0.367662355611317, "f_4": 0.3192494334117788}, "sample20": {"f_0": 0.4999999999999999, "f_1": 0.23745839308223055, "f_2": 0.1712559147010905, "f_3": 0.2816579475690498, "f_4": 0.3006826867839162}, "sample21": {"f_0": 0.4999999999999999, "f_1": 0.48975109642160547, "f_2": 0.4682125307243104, "f_3": 0.4471231900674401, "f_4": 0.4336801928826929}, "sample22": {"f_0": 0.4999999999999999, "f_1": 0.6453629041475386, "f_2": 0.44930497827626603, "f_3": 0.39007124976529994, "f_4": 0.4178740998080298}, "sample23": {"f_0": 0.4999999999999999, "f_1": 0.7378334102298837, "f_2": 0.5535982718863873, "f_3": 0.2199673927464308, "f_4": 0.16991374295620726}, "sample24": {"f_0": 0.4999999999999999, "f_1": 0.44821602431367646, "f_2": 0.3972123363294875, "f_3": 0.3488634759398379, "f_4": 0.298616044332304}, "sample25": {"f_0": 0.4999999999999999, "f_1": 0.6775883143439586, "f_2": 0.6583449440301927, "f_3": 0.515093099766574, "f_4": 0.42372110734229695}, "sample26": {"f_0": 0.4999999999999999, "f_1": 0.1741989391987849, "f_2": 0.04309624339956745, "f_3": 0.07101548246218219, "f_4": 0.17022880058736345}, "sample27": {"f_0": 0.4999999999999999, "f_1": 0.6198539455481256, "f_2": 0.29729877373244723, "f_3": 0.18207954278896207, "f_4": 0.2513646830678739}, "sample28": {"f_0": 0.4999999999999999, "f_1": 0.7158160696278845, "f_2": 0.8008661181245944, "f_3": 0.7150034744808329, "f_4": 0.49331461151058864}, "sample29": {"f_0": 0.4999999999999999, "f_1": 0.39229020994553965, "f_2": 0.24096614304848737, "f_3": 0.11302407208168572, "f_4": 0.1339886184958348}, "sample30": {"f_0": 0.4999999999999999, "f_1": 0.2881210807033237, "f_2": 0.2664535608288494, "f_3": 0.3069787175905359, "f_4": 0.23605488109740827}, "sample31": {"f_0": 0.4999999999999999, "f_1": 0.722235296672907, "f_2": 0.3716458589926565, "f_3": 0.23228130145458983, "f_4": 0.2668612049479779}, "sample32": {"f_0": 0.4999999999999999, "f_1": 0.4369593016907148, "f_2": 0.32492082763090163, "f_3": 0.31412856750576457, "f_4": 0.3188946412871392}, "sample33": {"f_0": 0.4999999999999999, "f_1": 0.7065470331192711, "f_2": 0.3500502278781778, "f_3": 0.15515798933348976, "f_4": 0.2730316137402651}, "sample34": {"f_0": 0.4999999999999999, "f_1": 0.11079913608417269, "f_2": 0.07671329062185618, "f_3": 0.216060973146633, "f_4": 0.2496832034914833}, "sample35": {"f_0": 0.4999999999999999, "f_1": 0.21933080044325265, "f_2": 0.2183890071286718, "f_3": 0.39190049844119573, "f_4": 0.32781030163845515}, "sample36": {"f_0": 0.4999999999999999, "f_1": 0.5886058430598153, "f_2": 0.39891102509073484, "f_3": 0.14594538212885258, "f_4": 0.09352253536390571}, "sample37": {"f_0": 0.4999999999999999, "f_1": 0.4250540727392211, "f_2": 0.24311899633351827, "f_3": 0.24151370787508836, "f_4": 0.30188677917687173}, "sample38": {"f_0": 0.4999999999999999, "f_1": 0.19766265349998477, "f_2": 0.10763113276511045, "f_3": 0.13666829089705393, "f_4": 0.06405803752219424}, "sample39": {"f_0": 0.4999999999999999, "f_1": 0.2536333421815712, "f_2": 0.18522353956592896, "f_3": 0.38539728725333333, "f_4": 0.5281538627139649}, "sample40": {"f_0": 0.4999999999999999, "f_1": 0.5165155292561445, "f_2": 0.42997519114567695, "f_3": 0.33726191739252753, "f_4": 0.2982845209103675}, "sample41": {"f_0": 0.4999999999999999, "f_1": 0.46695097144360875, "f_2": 0.27523851852791026, "f_3": 0.23206241268889383, "f_4": 0.25537254570801404}, "sample42": {"f_0": 0.4999999999999999, "f_1": 0.7024971257994932, "f_2": 0.28845053486817995, "f_3": 0.2264235149504678, "f_4": 0.16594447123731787}, "sample43": {"f_0": 0.4999999999999999, "f_1": 0.6955923539622527, "f_2": 0.4467714937090906, "f_3": 0.35612282087921104, "f_4": 0.39808190343389627}, "sample44": {"f_0": 0.4999999999999999, "f_1": 0.5727698561762422, "f_2": 0.326549855579392, "f_3": 0.2630598526615603, "f_4": 0.3547338844239978}, "sample45": {"f_0": 0.4999999999999999, "f_1": 0.2507065587885871, "f_2": 0.200084206515824, "f_3": 0.23290489548393317, "f_4": 0.14146810701565424}, "sample46": {"f_0": 0.4999999999999999, "f_1": 0.6618058262808125, "f_2": 0.37051214893627166, "f_3": 0.3832940363512891, "f_4": 0.5021007582295741}, "sample47": {"f_0": 0.4999999999999999, "f_1": 0.54409603572802, "f_2": 0.575886510311816, "f_3": 0.6030917531412175, "f_4": 0.62371903800294}, "sample48": {"f_0": 0.4999999999999999, "f_1": 0.22829949630967336, "f_2": 0.05327865416531318, "f_3": 0.09303449976622244, "f_4": 0.28276432068705193}, "sample49": {"f_0": 0.4999999999999999, "f_1": 0.6642410599941556, "f_2": 0.6692118964435306, "f_3": 0.606942694330464, "f_4": 0.584310166107229}, "sample50": {"f_0": 0.4999999999999999, "f_1": 0.6117507576160913, "f_2": 0.6754201471139525, "f_3": 0.7068588597683061, "f_4": 0.7269922400090476}, "sample51": {"f_0": 0.4999999999999999, "f_1": 0.7327077046317109, "f_2": 0.7311910153243074, "f_3": 0.5423424971291404, "f_4": 0.3522871579482829}, "sample52": {"f_0": 0.4999999999999999, "f_1": 0.13017450981442874, "f_2": 0.17685560207129813, "f_3": 0.5219953671702993, "f_4": 0.5387475307936226}, "sample53": {"f_0": 0.4999999999999999,