{"sample0": {"f_0": 0.4999999999999999, "f_1": 0.735141401946927, "f_2": 0.5626563652879853, "f_3": 0.28104757833971156, "f_4": 0.20756331987075505}, "sample1": {"f_0": 0.4999999999999999, "f_1": 0.3563248659234098, "f_2": 0.20211669295142295, "f_3": 0.27894851569300033, "f_4": 0.33382949087829206}, "sample2": {"f_0": 0.4999999999999999, "f_1": 0.554282756737928, "f_2": 0.40880291467994373, "f_3": 0.21070199693911862, "f_4": 0.08674028651398732}, "sample3": {"f_0": 0.4999999999999999, "f_1": 0.44257856859981765, "f_2": 0.33715086141245776, "f_3": 0.2659840925222333, "f_4": 0.2616206940628064}, "sample4": {"f_0": 0.4999999999999999, "f_1": 0.06223340729763606, "f_2": 0.1360914791937847, "f_3": 0.24139815891932045, "f_4": 0.16842194303263794}, "sample5": {"f_0": 0.4999999999999999, "f_1": 0.5324538069830531, "f_2": 0.4766796171103896, "f_3": 0.45636123846314486, "f_4": 0.4819686736301374}, "sample6": {"f_0": 0.4999999999999999, "f_1": 0.08071039209640161, "f_2": 0.09856594643172643, "f_3": 0.23736379950785544, "f_4": 0.31646161714084614}, "sample7": {"f_0": 0.4999999999999999, "f_1": 0.27334515090722783, "f_2": 0.08597054936706336, "f_3": 0.016253301854696218, "f_4": 0.07773859166795627}, "sample8": {"f_0": 0.4999999999999999, "f_1": 0.34666755086665857, "f_2": 0.2624285130214782, "f_3": 0.2159649839712061, "f_4": 0.13433447932923015}, "sample9": {"f_0": 0.4999999999999999, "f_1": 0.3512005014475525, "f_2": 0.29093358510994405, "f_3": 0.27891080319995915, "f_4": 0.2584529556123397}, "sample10": {"f_0": 0.4999999999999999, "f_1": 0.7238778277566937, "f_2": 0.5916781508412899, "f_3": 0.3957891979944832, "f_4": 0.3494596325129829}, "sample11": {"f_0": 0.4999999999999999, "f_1": 0.16263972785772082, "f_2": 0.25039513317980316, "f_3": 0.36868639477743836, "f_4": 0.13426537065161895}, "sample12": {"f_0": 0.4999999999999999, "f_1": 0.09114055844544143, "f_2": 0.08952401738675508, "f_3": 0.20043934865047194, "f_4": 0.18492851753084133}, "sample13": {"f_0": 0.4999999999999999, "f_1": 0.3435444163057465, "f_2": 0.21764468949715726, "f_3": 0.1854365218303489, "f_4": 0.22143180096087356}, "sample14": {"f_0": 0.4999999999999999, "f_1": 0.3107410612383423, "f_2": 0.2129292287739836, "f_3": 0.22416563626255312, "f_4": 0.244124950532628}, "sample15": {"f_0": 0.4999999999999999, "f_1": 0.04240970304822922, "f_2": 0.25009966689365687, "f_3": 0.2614133961588801, "f_4": 0.5730436328694147}, "sample16": {"f_0": 0.4999999999999999, "f_1": 0.12114792752606574, "f_2": 0.09482475844665167, "f_3": 0.36143073147551813, "f_4": 0.4826248978636358}, "sample17": {"f_0": 0.4999999999999999, "f_1": 0.2429573043948639, "f_2": 0.1435282243185302, "f_3": 0.20569261108452586, "f_4": 0.27166744341708726}, "sample18": {"f_0": 0.4999999999999999, "f_1": 0.2631639654085848, "f_2": 0.1726778385906475, "f_3": 0.2599549602486673, "f_4": 0.2781605031550923}, "sample19": {"f_0": 0.4999999999999999, "f_1": 0.5253161361358659, "f_2": 0.5483342070146578, "f_3": 0.5726102948052018, "f_4": 0.5945531366873014}, "sample20": {"f_0": 0.4999999999999999, "f_1": 0.601624444510273, "f_2": 0.4290825302137376, "f_3": 0.2811421504255422, "f_4": 0.31017010125844946}, "sample21": {"f_0": 0.4999999999999999, "f_1": 0.49258678334823863, "f_2": 0.4769479534636387, "f_3": 0.4514395878933197, "f_4": 0.4163960458325909}, "sample22": {"f_0": 0.4999999999999999, "f_1": 0.16943850496303345, "f_2": 0.13278873987442502, "f_3": 0.17319648253037348, "f_4": 0.12738379614246495}, "sample23": {"f_0": 0.4999999999999999, "f_1": 0.10827299339103728, "f_2": 0.07720479013243939, "f_3": 0.3159843831260045, "f_4": 0.3710192398040251}, "sample24": {"f_0": 0.4999999999999999, "f_1": 0.5447759022703886, "f_2": 0.5806118193738248, "f_3": 0.6136469628172747, "f_4": 0.6461776249099611}, "sample25": {"f_0": 0.4999999999999999, "f_1": 0.24526415733862014, "f_2": 0.0944067561469214, "f_3": 0.09253841010425273, "f_4": 0.13709769874802316}, "sample26": {"f_0": 0.4999999999999999, "f_1": 0.7247440762145982, "f_2": 0.6816848213782828, "f_3": 0.5515077212462871, "f_4": 0.4057737958987548}, "sample27": {"f_0": 0.4999999999999999, "f_1": 0.04664087210075772, "f_2": 0.20988064701058617, "f_3": 0.3475301975381555, "f_4": 0.36920221803405523}, "sample28": {"f_0": 0.4999999999999999, "f_1": 0.22501571961754888, "f_2": 0.03997531049074011, "f_3": 0.03492875110015221, "f_4": 0.18458428360360118}, "sample29": {"f_0": 0.4999999999999999, "f_1": 0.28473225428436, "f_2": 0.2605122755047812, "f_3": 0.4545629856880702, "f_4": 0.40230395840319766}, "sample30": {"f_0": 0.4999999999999999, "f_1": 0.5063460177533742, "f_2": 0.3209123376511856, "f_3": 0.25149155930289147, "f_4": 0.28824362844914453}, "sample31": {"f_0": 0.4999999999999999, "f_1": 0.05970258225346207, "f_2": 0.1676406158061555, "f_3": 0.2691534453362823, "f_4": 0.23420701989381273}, "sample32": {"f_0": 0.4999999999999999, "f_1": 0.3527027868111282, "f_2": 0.2793776645320664, "f_3": 0.24807865856151468, "f_4": 0.20133013746379197}, "sample33": {"f_0": 0.4999999999999999, "f_1": 0.05788485096036723, "f_2": 0.18119138518033884, "f_3": 0.36852808698738226, "f_4": 0.3015139829007267}, "sample34": {"f_0": 0.4999999999999999, "f_1": 0.7316485438221568, "f_2": 0.5264831848234122, "f_3": 0.29355053803134495, "f_4": 0.2503197602692494}, "sample35": {"f_0": 0.4999999999999999, "f_1": 0.512317846658298, "f_2": 0.28414630841004535, "f_3": 0.14121652576746668, "f_4": 0.18520919069751984}, "sample36": {"f_0": 0.4999999999999999, "f_1": 0.24123412664758553, "f_2": 0.16183833820472107, "f_3": 0.39048754023219023, "f_4": 0.6625921078737855}, "sample37": {"f_0": 0.4999999999999999, "f_1": 0.2616205147564734, "f_2": 0.26244883596450586, "f_3": 0.2586990977022614, "f_4": 0.2285844230378021}, "sample38": {"f_0": 0.4999999999999999, "f_1": 0.6666921818945014, "f_2": 0.542966695357426, "f_3": 0.47618196849993955, "f_4": 0.6339322121800446}, "sample39": {"f_0": 0.4999999999999999, "f_1": 0.562195623170809, "f_2": 0.36335610710811983, "f_3": 0.14902131925112583, "f_4": 0.12081123579769852}, "sample40": {"f_0": 0.4999999999999999, "f_1": 0.37551534464559955, "f_2": 0.2764692744514826, "f_3": 0.2718457425776149, "f_4": 0.29223922376565054}, "sample41": {"f_0": 0.4999999999999999, "f_1": 0.2756940110744523, "f_2": 0.26543189611462986, "f_3": 0.3145826548875098, "f_4": 0.26264846131871006}, "sample42": {"f_0": 0.4999999999999999, "f_1": 0.039547772146375296, "f_2": 0.24056581351706968, "f_3": 0.2748284015108571, "f_4": 0.35328007642425413}, "sample43": {"f_0": 0.4999999999999999, "f_1": 0.058313416810815547, "f_2": 0.11159130996426254, "f_3": 0.16260540373412086, "f_4": 0.14098292179370248}, "sample44": {"f_0": 0.4999999999999999, "f_1": 0.1976939483576419, "f_2": 0.2257542113699471, "f_3": 0.34810348962804455, "f_4": 0.29757350772040725}, "sample45": {"f_0": 0.4999999999999999, "f_1": 0.5724037257433802, "f_2": 0.4087376915005402, "f_3": 0.35738036255081096, "f_4": 0.4309870676209485}, "sample46": {"f_0": 0.4999999999999999, "f_1": 0.06068312734235899, "f_2": 0.1542600093987464, "f_3": 0.15209104950781543, "f_4": 0.08551056794892838}, "sample47": {"f_0": 0.4999999999999999, "f_1": 0.44607849810614536, "f_2": 0.39372337193739804, "f_3": 0.3441540354747331, "f_4": 0.2926161148202875}, "sample48": {"f_0": 0.4999999999999999, "f_1": 0.6738266908158851, "f_2": 0.6742837782068448, "f_3": 0.5161133173508913, "f_4": 0.2633519221664059}, "sample49": {"f_0": 0.4999999999999999, "f_1": 0.2630829221976391, "f_2": 0.11206246584101363, "f_3": 0.06941219292754379, "f_4": 0.05728921142258702}, "sample50": {"f_0": 0.4999999999999999, "f_1": 0.36420959183438634, "f_2": 0.2467518474902072, "f_3": 0.1635807395386709, "f_4": 0.10387369725391547}, "sample51": {"f_0": 0.4999999999999999, "f_1": 0.1807045145808163, "f_2": 0.028273986357761696, "f_3": 0.08709393605163793, "f_4": 0.2007734113994656}, "sample52": {"f_0": 0.4999999999999999, "f_1": 0.6585721947478299, "f_2": 0.3358412535300393, "f_3": 0.10978167363483597, "f_4": 0.3962885156733003},