{"sample0": {"f_0": 0, "f_1": 0.126953125, "f_2": 0.3427734375, "f_3": 0.3125, "f_4": 0.2353515625}, "sample1": {"f_0": 0, "f_1": 0.04296875, "f_2": 0.189453125, "f_3": 0.265625, "f_4": 0.2099609375}, "sample2": {"f_0": 0, "f_1": 0.021484375, "f_2": 0.109375, "f_3": 0.25, "f_4": 0.298828125}, "sample3": {"f_0": 0, "f_1": 0.013671875, "f_2": 0.1328125, "f_3": 0.23046875, "f_4": 0.220703125}, "sample4": {"f_0": 0, "f_1": 0.2109375, "f_2": 0.291015625, "f_3": 0.2431640625, "f_4": 0.2841796875}, "sample5": {"f_0": 0, "f_1": 0.0068359375, "f_2": 0.03125, "f_3": 0.1591796875, "f_4": 0.2509765625}, "sample6": {"f_0": 0, "f_1": 0.1669921875, "f_2": 0.3720703125, "f_3": 0.2744140625, "f_4": 0.2998046875}, "sample7": {"f_0": 0, "f_1": 0.046875, "f_2": 0.146484375, "f_3": 0.2587890625, "f_4": 0.2978515625}, "sample8": {"f_0": 0, "f_1": 0.01953125, "f_2": 0.05859375, "f_3": 0.2548828125, "f_4": 0.2841796875}, "sample9": {"f_0": 0, "f_1": 0.02734375, "f_2": 0.1591796875, "f_3": 0.2802734375, "f_4": 0.21484375}, "sample10": {"f_0": 0, "f_1": 0.1220703125, "f_2": 0.298828125, "f_3": 0.302734375, "f_4": 0.2265625}, "sample11": {"f_0": 0, "f_1": 0.0859375, "f_2": 0.2587890625, "f_3": 0.177734375, "f_4": 0.021484375}, "sample12": {"f_0": 0, "f_1": 0.181640625, "f_2": 0.287109375, "f_3": 0.2626953125, "f_4": 0.25390625}, "sample13": {"f_0": 0, "f_1": 0.015625, "f_2": 0.0517578125, "f_3": 0.09375, "f_4": 0.1640625}, "sample14": {"f_0": 0, "f_1": 0.0283203125, "f_2": 0.1328125, "f_3": 0.287109375, "f_4": 0.4013671875}, "sample15": {"f_0": 0, "f_1": 0.291015625, "f_2": 0.3310546875, "f_3": 0.2666015625, "f_4": 0.275390625}, "sample16": {"f_0": 0, "f_1": 0.1494140625, "f_2": 0.376953125, "f_3": 0.4169921875, "f_4": 0.296875}, "sample17": {"f_0": 0, "f_1": 0.0390625, "f_2": 0.185546875, "f_3": 0.30859375, "f_4": 0.3603515625}, "sample18": {"f_0": 0, "f_1": 0.03125, "f_2": 0.20703125, "f_3": 0.3623046875, "f_4": 0.3388671875}, "sample19": {"f_0": 0, "f_1": 0, "f_2": 0.0048828125, "f_3": 0.013671875, "f_4": 0.0166015625}, "sample20": {"f_0": 0, "f_1": 0.0419921875, "f_2": 0.119140625, "f_3": 0.203125, "f_4": 0.3486328125}, "sample21": {"f_0": 0, "f_1": 0, "f_2": 0, "f_3": 0.005859375, "f_4": 0.0234375}, "sample22": {"f_0": 0, "f_1": 0.09765625, "f_2": 0.24609375, "f_3": 0.1904296875, "f_4": 0.03515625}, "sample23": {"f_0": 0, "f_1": 0.15234375, "f_2": 0.3759765625, "f_3": 0.2666015625, "f_4": 0.126953125}, "sample24": {"f_0": 0, "f_1": 0.00390625, "f_2": 0.009765625, "f_3": 0.0244140625, "f_4": 0.0419921875}, "sample25": {"f_0": 0, "f_1": 0.0546875, "f_2": 0.158203125, "f_3": 0.2421875, "f_4": 0.3076171875}, "sample26": {"f_0": 0, "f_1": 0.0966796875, "f_2": 0.2802734375, "f_3": 0.3232421875, "f_4": 0.2861328125}, "sample27": {"f_0": 0, "f_1": 0.29296875, "f_2": 0.2529296875, "f_3": 0.1474609375, "f_4": 0.0126953125}, "sample28": {"f_0": 0, "f_1": 0.0693359375, "f_2": 0.2109375, "f_3": 0.294921875, "f_4": 0.3095703125}, "sample29": {"f_0": 0, "f_1": 0.0400390625, "f_2": 0.244140625, "f_3": 0.1708984375, "f_4": 0.1728515625}, "sample30": {"f_0": 0, "f_1": 0.0224609375, "f_2": 0.1015625, "f_3": 0.3251953125, "f_4": 0.3291015625}, "sample31": {"f_0": 0, "f_1": 0.220703125, "f_2": 0.3388671875, "f_3": 0.2353515625, "f_4": 0.3486328125}, "sample32": {"f_0": 0, "f_1": 0.017578125, "f_2": 0.1484375, "f_3": 0.275390625, "f_4": 0.1513671875}, "sample33": {"f_0": 0, "f_1": 0.2099609375, "f_2": 0.3251953125, "f_3": 0.1748046875, "f_4": 0.3671875}, "sample34": {"f_0": 0, "f_1": 0.140625, "f_2": 0.30859375, "f_3": 0.271484375, "f_4": 0.1533203125}, "sample35": {"f_0": 0, "f_1": 0.0576171875, "f_2": 0.25390625, "f_3": 0.328125, "f_4": 0.2509765625}, "sample36": {"f_0": 0, "f_1": 0.0537109375, "f_2": 0.11328125, "f_3": 0.177734375, "f_4": 0.1015625}, "sample37": {"f_0": 0, "f_1": 0.05078125, "f_2": 0.2529296875, "f_3": 0.306640625, "f_4": 0.2626953125}, "sample38": {"f_0": 0, "f_1": 0.080078125, "f_2": 0.1552734375, "f_3": 0.326171875, "f_4": 0.3828125}, "sample39": {"f_0": 0, "f_1": 0.04296875, "f_2": 0.123046875, "f_3": 0.1875, "f_4": 0.1083984375}, "sample40": {"f_0": 0, "f_1": 0.01171875, "f_2": 0.0556640625, "f_3": 0.1591796875, "f_4": 0.294921875}, "sample41": {"f_0": 0, "f_1": 0.052734375, "f_2": 0.228515625, "f_3": 0.40625, "f_4": 0.43359375}, "sample42": {"f_0": 0, "f_1": 0.2919921875, "f_2": 0.361328125, "f_3": 0.2158203125, "f_4": 0.1123046875}, "sample43": {"f_0": 0, "f_1": 0.23046875, "f_2": 0.302734375, "f_3": 0.201171875, "f_4": 0.25}, "sample44": {"f_0": 0, "f_1": 0.068359375, "f_2": 0.150390625, "f_3": 0.302734375, "f_4": 0.318359375}, "sample45": {"f_0": 0, "f_1": 0.0634765625, "f_2": 0.1826171875, "f_3": 0.2802734375, "f_4": 0.2998046875}, "sample46": {"f_0": 0, "f_1": 0.2099609375, "f_2": 0.302734375, "f_3": 0.28515625, "f_4": 0.2958984375}, "sample47": {"f_0": 0, "f_1": 0, "f_2": 0.013671875, "f_3": 0.0283203125, "f_4": 0.0390625}, "sample48": {"f_0": 0, "f_1": 0.05859375, "f_2": 0.2119140625, "f_3": 0.263671875, "f_4": 0.126953125}, "sample49": {"f_0": 0, "f_1": 0.0517578125, "f_2": 0.14453125, "f_3": 0.22265625, "f_4": 0.2509765625}, "sample50": {"f_0": 0, "f_1": 0.013671875, "f_2": 0.04296875, "f_3": 0.1337890625, "f_4": 0.1796875}, "sample51": {"f_0": 0, "f_1": 0.0703125, "f_2": 0.2626953125, "f_3": 0.30859375, "f_4": 0.296875}, "sample52": {"f_0": 0, "f_1": 0.140625, "f_2": 0.267578125, "f_3": 0.158203125, "f_4": 0.0126953125}, "sample53": {"f_0": 0, "f_1": 0.0546875, "f_2": 0.1708984375, "f_3": 0.3359375, "f_4": 0.4072265625}, "sample54": {"f_0": 0, "f_1": 0.0546875, "f_2": 0.2177734375, "f_3": 0.28515625, "f_4": 0.1875}, "sample55": {"f_0": 0, "f_1": 0.05859375, "f_2": 0.1455078125, "f_3": 0.107421875, "f_4": 0.2587890625}}