{"sample0": {"f_0": 0.9999999999999996, "f_1": 0.7240099688969008, "f_2": 0.29466693734569394, "f_3": 0.18717688743562846, "f_4": 0.33048278858067537}, "sample1": {"f_0": 0.9999999999999996, "f_1": 0.6172459937826831, "f_2": 0.2625686231399782, "f_3": 0.14613593869141037, "f_4": 0.12684634065705921}, "sample2": {"f_0": 0.9999999999999996, "f_1": 0.8225594899566818, "f_2": 0.49042262848932955, "f_3": 0.2969694646378245, "f_4": 0.3293626838224875}, "sample3": {"f_0": 0.9999999999999996, "f_1": 0.7805298682531261, "f_2": 0.442543847162905, "f_3": 0.2821698849213726, "f_4": 0.28833914669012284}, "sample4": {"f_0": 0.9999999999999996, "f_1": 0.5606633859248386, "f_2": 0.21995016202693943, "f_3": 0.2533797238153011, "f_4": 0.3564274273772704}, "sample5": {"f_0": 0.9999999999999996, "f_1": 0.8974273998190071, "f_2": 0.7281986249511206, "f_3": 0.6229630716427011, "f_4": 0.5139677007832991}, "sample6": {"f_0": 0.9999999999999996, "f_1": 0.625028479582386, "f_2": 0.24017343016917578, "f_3": 0.18091262117510182, "f_4": 0.2977333177896257}, "sample7": {"f_0": 0.9999999999999996, "f_1": 0.9050041997481394, "f_2": 0.6770451071263318, "f_3": 0.4127261360130993, "f_4": 0.18582943127102802}, "sample8": {"f_0": 0.9999999999999996, "f_1": 0.8526417708657342, "f_2": 0.6620628014778367, "f_3": 0.5995317087371183, "f_4": 0.4891532046734143}, "sample9": {"f_0": 0.9999999999999996, "f_1": 0.7538463760281201, "f_2": 0.4223417950125371, "f_3": 0.2741857914089604, "f_4": 0.17922422673279106}, "sample10": {"f_0": 0.9999999999999996, "f_1": 0.7620639316011376, "f_2": 0.38434460213474153, "f_3": 0.26257882727316195, "f_4": 0.262218299960395}, "sample11": {"f_0": 0.9999999999999996, "f_1": 0.6570928546820312, "f_2": 0.40517020044228536, "f_3": 0.6921089525073656, "f_4": 0.6416297980661768}, "sample12": {"f_0": 0.9999999999999996, "f_1": 0.6541541923064336, "f_2": 0.25695205248722625, "f_3": 0.23552687979623657, "f_4": 0.3019795874296691}, "sample13": {"f_0": 0.9999999999999996, "f_1": 0.9143126933095866, "f_2": 0.7231618454376612, "f_3": 0.5616857996129232, "f_4": 0.5168498636935024}, "sample14": {"f_0": 0.9999999999999996, "f_1": 0.8174953338885593, "f_2": 0.5433637539328677, "f_3": 0.42229976234970784, "f_4": 0.3820558724139332}, "sample15": {"f_0": 0.9999999999999996, "f_1": 0.4423108801536332, "f_2": 0.19228746555570173, "f_3": 0.2145038117095837, "f_4": 0.3161616504898164}, "sample16": {"f_0": 0.9999999999999996, "f_1": 0.6994450303845808, "f_2": 0.23881403527747005, "f_3": 0.18843032232658616, "f_4": 0.44956681647936597}, "sample17": {"f_0": 0.9999999999999996, "f_1": 0.769796921431452, "f_2": 0.44230388036976537, "f_3": 0.331966121361906, "f_4": 0.3399438529346868}, "sample18": {"f_0": 0.9999999999999996, "f_1": 0.7316752544509045, "f_2": 0.3545519994013602, "f_3": 0.2362506430557813, "f_4": 0.23418547938312034}, "sample19": {"f_0": 0.9999999999999996, "f_1": 0.9882130209675503, "f_2": 0.9607668361574583, "f_3": 0.9279959224248127, "f_4": 0.8904370422717515}, "sample20": {"f_0": 0.9999999999999996, "f_1": 0.7888477828668956, "f_2": 0.48333740075467607, "f_3": 0.4586004510443084, "f_4": 0.5408067059906212}, "sample21": {"f_0": 0.9999999999999996, "f_1": 0.9822564367781289, "f_2": 0.9443441292148157, "f_3": 0.8956856129275016, "f_4": 0.8433244255198561}, "sample22": {"f_0": 0.9999999999999996, "f_1": 0.7248510095173433, "f_2": 0.417542814672087, "f_3": 0.42261329720795965, "f_4": 0.3117798591309214}, "sample23": {"f_0": 0.9999999999999996, "f_1": 0.6950212554452302, "f_2": 0.22232176067771792, "f_3": 0.1427917342831692, "f_4": 0.37222913759430576}, "sample24": {"f_0": 0.9999999999999996, "f_1": 0.9906265237558424, "f_2": 0.969019602533809, "f_3": 0.9435620932705769, "f_4": 0.9107996990594514}, "sample25": {"f_0": 0.9999999999999996, "f_1": 0.8672589497255881, "f_2": 0.5928689912045986, "f_3": 0.39961574708837966, "f_4": 0.3797631068342497}, "sample26": {"f_0": 0.9999999999999996, "f_1": 0.8011766693602441, "f_2": 0.4645751173697614, "f_3": 0.2517351037941735, "f_4": 0.13265994174390178}, "sample27": {"f_0": 0.9999999999999996, "f_1": 0.3664754381325031, "f_2": 0.21261132397542956, "f_3": 0.17557824647799833, "f_4": 0.5486361920691571}, "sample28": {"f_0": 0.9999999999999996, "f_1": 0.8706591315801318, "f_2": 0.5806767875849148, "f_3": 0.2783187877102541, "f_4": 0.08376158790325887}, "sample29": {"f_0": 0.9999999999999996, "f_1": 0.6311185691016474, "f_2": 0.2761103829415363, "f_3": 0.21573971556026925, "f_4": 0.2559804328645053}, "sample30": {"f_0": 0.9999999999999996, "f_1": 0.7651031163859551, "f_2": 0.5009062820159659, "f_3": 0.4479521567436362, "f_4": 0.36923958316823724}, "sample31": {"f_0": 0.9999999999999996, "f_1": 0.5676934144070505, "f_2": 0.17352506748595897, "f_3": 0.27014633751677497, "f_4": 0.26689071569014056}, "sample32": {"f_0": 0.9999999999999996, "f_1": 0.7730588250603276, "f_2": 0.5293731470145114, "f_3": 0.45434611767887295, "f_4": 0.3417030520499307}, "sample33": {"f_0": 0.9999999999999996, "f_1": 0.5466096323050833, "f_2": 0.17346615748785058, "f_3": 0.2833218304269554, "f_4": 0.47980847548773625}, "sample34": {"f_0": 0.9999999999999996, "f_1": 0.6948300225971494, "f_2": 0.2695826432394053, "f_3": 0.197320127624396, "f_4": 0.25117646240513536}, "sample35": {"f_0": 0.9999999999999996, "f_1": 0.6730115160545012, "f_2": 0.2649297257462891, "f_3": 0.23743981423748772, "f_4": 0.29427185624661384}, "sample36": {"f_0": 0.9999999999999996, "f_1": 0.7820074506066267, "f_2": 0.4081393752484621, "f_3": 0.3253675277327925, "f_4": 0.5950763922778578}, "sample37": {"f_0": 0.9999999999999996, "f_1": 0.6377174251750927, "f_2": 0.3046539987976092, "f_3": 0.2443995312466696, "f_4": 0.14737003254105735}, "sample38": {"f_0": 0.9999999999999996, "f_1": 0.7888008087847426, "f_2": 0.4923906584619906, "f_3": 0.4725809161720284, "f_4": 0.4824341787882182}, "sample39": {"f_0": 0.9999999999999996, "f_1": 0.7741272792356079, "f_2": 0.4021843909786219, "f_3": 0.3241382386891807, "f_4": 0.5061430714670996}, "sample40": {"f_0": 0.9999999999999996, "f_1": 0.8831025837944049, "f_2": 0.6652017452405807, "f_3": 0.5358199342961384, "f_4": 0.5079887769213669}, "sample41": {"f_0": 0.9999999999999996, "f_1": 0.7062518644657089, "f_2": 0.41285245140240273, "f_3": 0.4203604071238576, "f_4": 0.35386443741369517}, "sample42": {"f_0": 0.9999999999999996, "f_1": 0.47660174427112534, "f_2": 0.14646183770602858, "f_3": 0.2569663028531102, "f_4": 0.23065339629560566}, "sample43": {"f_0": 0.9999999999999996, "f_1": 0.5363949577900181, "f_2": 0.24609117755710225, "f_3": 0.25799860066646296, "f_4": 0.21469227198949514}, "sample44": {"f_0": 0.9999999999999996, "f_1": 0.7015567639368011, "f_2": 0.4298143027595222, "f_3": 0.537472951915945, "f_4": 0.6006293214125572}, "sample45": {"f_0": 0.9999999999999996, "f_1": 0.7799067072949631, "f_2": 0.5130419146128004, "f_3": 0.498290588746218, "f_4": 0.4098086545608565}, "sample46": {"f_0": 0.9999999999999996, "f_1": 0.5058382250057009, "f_2": 0.2887457491933236, "f_3": 0.3334864457490107, "f_4": 0.2733406580871696}, "sample47": {"f_0": 0.9999999999999996, "f_1": 0.98771837382845, "f_2": 0.9607346511438521, "f_3": 0.9284423188056473, "f_4": 0.883326711297117}, "sample48": {"f_0": 0.9999999999999996, "f_1": 0.8402153430765591, "f_2": 0.4955741415069002, "f_3": 0.20545283569134803, "f_4": 0.12151964076043756}, "sample49": {"f_0": 0.9999999999999996, "f_1": 0.880111301595753, "f_2": 0.6417015337236271, "f_3": 0.46444178398044805, "f_4": 0.3577038497190638}, "sample50": {"f_0": 0.9999999999999996, "f_1": 0.9598498787072782, "f_2": 0.867468661211974, "f_3": 0.7690341502638642, "f_4": 0.6768976680655765}, "sample51": {"f_0": 0.9999999999999996, "f_1": 0.8179944005176529, "f_2": 0.4585323323018042, "f_3": 0.20111626458425022, "f_4": 0.13233881188314517}, "sample52": {"f_0": 0.9999999999999996, "f_1": 0.6674526885927309, "f_2": 0.2509337756208232, "f_3": 0.4688868475765288, "f_4": 0.9284349143170908}, "sample53": {"f_0": 0.9999999999999996, "f_1": 0.8914371020323859,