{"sample0": {"f_0": 0.4892578125, "f_1": 0.1201171875, "f_2": 0.0615234375, "f_3": 0.259765625, "f_4": 0.2646484375}, "sample1": {"f_0": 0.501953125, "f_1": 0.294921875, "f_2": 0.2529296875, "f_3": 0.2265625, "f_4": 0.291015625}, "sample2": {"f_0": 0.486328125, "f_1": 0.2978515625, "f_2": 0.1787109375, "f_3": 0.2646484375, "f_4": 0.4775390625}, "sample3": {"f_0": 0.474609375, "f_1": 0.3681640625, "f_2": 0.23046875, "f_3": 0.25, "f_4": 0.1796875}, "sample4": {"f_0": 0.482421875, "f_1": 0.6923828125, "f_2": 0.3505859375, "f_3": 0.2646484375, "f_4": 0.09765625}, "sample5": {"f_0": 0.5078125, "f_1": 0.353515625, "f_2": 0.2392578125, "f_3": 0.12109375, "f_4": 0.27734375}, "sample6": {"f_0": 0.5048828125, "f_1": 0.736328125, "f_2": 0.509765625, "f_3": 0.263671875, "f_4": 0.24609375}, "sample7": {"f_0": 0.470703125, "f_1": 0.6962890625, "f_2": 0.7275390625, "f_3": 0.5986328125, "f_4": 0.3896484375}, "sample8": {"f_0": 0.51171875, "f_1": 0.541015625, "f_2": 0.5234375, "f_3": 0.373046875, "f_4": 0.1962890625}, "sample9": {"f_0": 0.49609375, "f_1": 0.462890625, "f_2": 0.283203125, "f_3": 0.2705078125, "f_4": 0.36328125}, "sample10": {"f_0": 0.4892578125, "f_1": 0.1455078125, "f_2": 0.0654296875, "f_3": 0.201171875, "f_4": 0.26953125}, "sample11": {"f_0": 0.50390625, "f_1": 0.62109375, "f_2": 0.2275390625, "f_3": 0.076171875, "f_4": 0.3212890625}, "sample12": {"f_0": 0.5029296875, "f_1": 0.7216796875, "f_2": 0.4375, "f_3": 0.296875, "f_4": 0.19921875}, "sample13": {"f_0": 0.5126953125, "f_1": 0.58203125, "f_2": 0.59765625, "f_3": 0.544921875, "f_4": 0.509765625}, "sample14": {"f_0": 0.4833984375, "f_1": 0.515625, "f_2": 0.390625, "f_3": 0.234375, "f_4": 0.1240234375}, "sample15": {"f_0": 0.5224609375, "f_1": 0.70703125, "f_2": 0.2578125, "f_3": 0.2666015625, "f_4": 0.259765625}, "sample16": {"f_0": 0.505859375, "f_1": 0.7431640625, "f_2": 0.5322265625, "f_3": 0.2490234375, "f_4": 0.18359375}, "sample17": {"f_0": 0.466796875, "f_1": 0.578125, "f_2": 0.3408203125, "f_3": 0.1328125, "f_4": 0.0302734375}, "sample18": {"f_0": 0.515625, "f_1": 0.5126953125, "f_2": 0.302734375, "f_3": 0.1845703125, "f_4": 0.2109375}, "sample19": {"f_0": 0.48828125, "f_1": 0.4541015625, "f_2": 0.4404296875, "f_3": 0.37890625, "f_4": 0.3310546875}, "sample20": {"f_0": 0.4833984375, "f_1": 0.2509765625, "f_2": 0.1611328125, "f_3": 0.126953125, "f_4": 0.208984375}, "sample21": {"f_0": 0.486328125, "f_1": 0.4970703125, "f_2": 0.474609375, "f_3": 0.4267578125, "f_4": 0.416015625}, "sample22": {"f_0": 0.482421875, "f_1": 0.626953125, "f_2": 0.38671875, "f_3": 0.107421875, "f_4": 0.25390625}, "sample23": {"f_0": 0.541015625, "f_1": 0.7490234375, "f_2": 0.650390625, "f_3": 0.3994140625, "f_4": 0.3525390625}, "sample24": {"f_0": 0.494140625, "f_1": 0.4462890625, "f_2": 0.361328125, "f_3": 0.3564453125, "f_4": 0.2578125}, "sample25": {"f_0": 0.5029296875, "f_1": 0.69140625, "f_2": 0.6767578125, "f_3": 0.568359375, "f_4": 0.5107421875}, "sample26": {"f_0": 0.513671875, "f_1": 0.169921875, "f_2": 0.0341796875, "f_3": 0.1220703125, "f_4": 0.2294921875}, "sample27": {"f_0": 0.4853515625, "f_1": 0.626953125, "f_2": 0.2529296875, "f_3": 0.2421875, "f_4": 0.3681640625}, "sample28": {"f_0": 0.51953125, "f_1": 0.7353515625, "f_2": 0.697265625, "f_3": 0.5595703125, "f_4": 0.3759765625}, "sample29": {"f_0": 0.5009765625, "f_1": 0.3671875, "f_2": 0.267578125, "f_3": 0.3603515625, "f_4": 0.71875}, "sample30": {"f_0": 0.5029296875, "f_1": 0.2802734375, "f_2": 0.1767578125, "f_3": 0.1806640625, "f_4": 0.349609375}, "sample31": {"f_0": 0.4833984375, "f_1": 0.7197265625, "f_2": 0.33984375, "f_3": 0.25390625, "f_4": 0.2333984375}, "sample32": {"f_0": 0.521484375, "f_1": 0.4609375, "f_2": 0.32421875, "f_3": 0.26171875, "f_4": 0.3193359375}, "sample33": {"f_0": 0.498046875, "f_1": 0.6884765625, "f_2": 0.3671875, "f_3": 0.302734375, "f_4": 0.3095703125}, "sample34": {"f_0": 0.51953125, "f_1": 0.1044921875, "f_2": 0.0908203125, "f_3": 0.2470703125, "f_4": 0.2890625}, "sample35": {"f_0": 0.4990234375, "f_1": 0.2177734375, "f_2": 0.2490234375, "f_3": 0.4521484375, "f_4": 0.3681640625}, "sample36": {"f_0": 0.4892578125, "f_1": 0.5927734375, "f_2": 0.4072265625, "f_3": 0.19140625, "f_4": 0.154296875}, "sample37": {"f_0": 0.5166015625, "f_1": 0.4296875, "f_2": 0.232421875, "f_3": 0.2587890625, "f_4": 0.55078125}, "sample38": {"f_0": 0.505859375, "f_1": 0.2099609375, "f_2": 0.0751953125, "f_3": 0.0791015625, "f_4": 0.3759765625}, "sample39": {"f_0": 0.484375, "f_1": 0.240234375, "f_2": 0.1865234375, "f_3": 0.37109375, "f_4": 0.458984375}, "sample40": {"f_0": 0.50390625, "f_1": 0.5302734375, "f_2": 0.431640625, "f_3": 0.3291015625, "f_4": 0.2373046875}, "sample41": {"f_0": 0.501953125, "f_1": 0.47265625, "f_2": 0.2783203125, "f_3": 0.1259765625, "f_4": 0.181640625}, "sample42": {"f_0": 0.4931640625, "f_1": 0.71484375, "f_2": 0.328125, "f_3": 0.2666015625, "f_4": 0.2314453125}, "sample43": {"f_0": 0.521484375, "f_1": 0.6669921875, "f_2": 0.3310546875, "f_3": 0.23046875, "f_4": 0.3564453125}, "sample44": {"f_0": 0.5048828125, "f_1": 0.595703125, "f_2": 0.45703125, "f_3": 0.345703125, "f_4": 0.068359375}, "sample45": {"f_0": 0.4921875, "f_1": 0.234375, "f_2": 0.1474609375, "f_3": 0.4375, "f_4": 0.7109375}, "sample46": {"f_0": 0.505859375, "f_1": 0.6669921875, "f_2": 0.416015625, "f_3": 0.28125, "f_4": 0.240234375}, "sample47": {"f_0": 0.5185546875, "f_1": 0.548828125, "f_2": 0.58203125, "f_3": 0.5986328125, "f_4": 0.5859375}, "sample48": {"f_0": 0.4755859375, "f_1": 0.2314453125, "f_2": 0.05078125, "f_3": 0.0693359375, "f_4": 0.2353515625}, "sample49": {"f_0": 0.474609375, "f_1": 0.6513671875, "f_2": 0.666015625, "f_3": 0.466796875, "f_4": 0.2353515625}, "sample50": {"f_0": 0.529296875, "f_1": 0.5966796875, "f_2": 0.6728515625, "f_3": 0.68359375, "f_4": 0.6123046875}, "sample51": {"f_0": 0.4833984375, "f_1": 0.7294921875, "f_2": 0.6689453125, "f_3": 0.4677734375, "f_4": 0.298828125}, "sample52": {"f_0": 0.5078125, "f_1": 0.126953125, "f_2": 0.17578125, "f_3": 0.5263671875, "f_4": 0.57421875}, "sample53": {"f_0": 0.4814453125, "f_1": 0.271484375, "f_2": 0.08984375, "f_3": 0.02734375, "f_4": 0.1083984375}, "sample54": {"f_0": 0.5, "f_1": 0.556640625, "f_2": 0.3173828125, "f_3": 0.0791015625, "f_4": 0.080078125}, "sample55": {"f_0": 0.47265625, "f_1": 0.6171875, "f_2": 0.6025390625, "f_3": 0.2705078125, "f_4": 0.044921875}}