{"sample0": {"f_0": 1.0, "f_1": 0.7421875, "f_2": 0.2744140625, "f_3": 0.1875, "f_4": 0.2880859375}, "sample1": {"f_0": 1.0, "f_1": 0.6259765625, "f_2": 0.333984375, "f_3": 0.2353515625, "f_4": 0.32421875}, "sample2": {"f_0": 1.0, "f_1": 0.826171875, "f_2": 0.4521484375, "f_3": 0.2294921875, "f_4": 0.2421875}, "sample3": {"f_0": 1.0, "f_1": 0.76953125, "f_2": 0.4228515625, "f_3": 0.2109375, "f_4": 0.2978515625}, "sample4": {"f_0": 1.0, "f_1": 0.544921875, "f_2": 0.2333984375, "f_3": 0.2646484375, "f_4": 0.2939453125}, "sample5": {"f_0": 1.0, "f_1": 0.9091796875, "f_2": 0.75390625, "f_3": 0.431640625, "f_4": 0.2138671875}, "sample6": {"f_0": 1.0, "f_1": 0.6416015625, "f_2": 0.2294921875, "f_3": 0.2275390625, "f_4": 0.2060546875}, "sample7": {"f_0": 1.0, "f_1": 0.904296875, "f_2": 0.67578125, "f_3": 0.41015625, "f_4": 0.259765625}, "sample8": {"f_0": 1.0, "f_1": 0.873046875, "f_2": 0.638671875, "f_3": 0.267578125, "f_4": 0.2568359375}, "sample9": {"f_0": 1.0, "f_1": 0.7666015625, "f_2": 0.3603515625, "f_3": 0.25, "f_4": 0.333984375}, "sample10": {"f_0": 1.0, "f_1": 0.7763671875, "f_2": 0.3486328125, "f_3": 0.193359375, "f_4": 0.318359375}, "sample11": {"f_0": 1.0, "f_1": 0.642578125, "f_2": 0.2451171875, "f_3": 0.552734375, "f_4": 0.9267578125}, "sample12": {"f_0": 1.0, "f_1": 0.6416015625, "f_2": 0.251953125, "f_3": 0.2314453125, "f_4": 0.2744140625}, "sample13": {"f_0": 1.0, "f_1": 0.919921875, "f_2": 0.7470703125, "f_3": 0.6005859375, "f_4": 0.427734375}, "sample14": {"f_0": 1.0, "f_1": 0.80078125, "f_2": 0.4345703125, "f_3": 0.224609375, "f_4": 0.181640625}, "sample15": {"f_0": 1.0, "f_1": 0.4375, "f_2": 0.171875, "f_3": 0.25390625, "f_4": 0.2255859375}, "sample16": {"f_0": 1.0, "f_1": 0.703125, "f_2": 0.23046875, "f_3": 0.08984375, "f_4": 0.216796875}, "sample17": {"f_0": 1.0, "f_1": 0.76171875, "f_2": 0.345703125, "f_3": 0.2001953125, "f_4": 0.3330078125}, "sample18": {"f_0": 1.0, "f_1": 0.716796875, "f_2": 0.3359375, "f_3": 0.1884765625, "f_4": 0.1640625}, "sample19": {"f_0": 1.0, "f_1": 0.986328125, "f_2": 0.962890625, "f_3": 0.9091796875, "f_4": 0.8466796875}, "sample20": {"f_0": 1.0, "f_1": 0.8134765625, "f_2": 0.5615234375, "f_3": 0.3505859375, "f_4": 0.181640625}, "sample21": {"f_0": 1.0, "f_1": 0.98046875, "f_2": 0.9228515625, "f_3": 0.8623046875, "f_4": 0.783203125}, "sample22": {"f_0": 1.0, "f_1": 0.70703125, "f_2": 0.3046875, "f_3": 0.4013671875, "f_4": 0.8505859375}, "sample23": {"f_0": 1.0, "f_1": 0.6943359375, "f_2": 0.32421875, "f_3": 0.2587890625, "f_4": 0.42578125}, "sample24": {"f_0": 1.0, "f_1": 0.98828125, "f_2": 0.9638671875, "f_3": 0.9189453125, "f_4": 0.8603515625}, "sample25": {"f_0": 1.0, "f_1": 0.880859375, "f_2": 0.611328125, "f_3": 0.3994140625, "f_4": 0.2890625}, "sample26": {"f_0": 1.0, "f_1": 0.7998046875, "f_2": 0.3974609375, "f_3": 0.1923828125, "f_4": 0.2333984375}, "sample27": {"f_0": 1.0, "f_1": 0.349609375, "f_2": 0.228515625, "f_3": 0.39453125, "f_4": 0.8330078125}, "sample28": {"f_0": 1.0, "f_1": 0.859375, "f_2": 0.5751953125, "f_3": 0.3369140625, "f_4": 0.2080078125}, "sample29": {"f_0": 1.0, "f_1": 0.615234375, "f_2": 0.244140625, "f_3": 0.341796875, "f_4": 0.6630859375}, "sample30": {"f_0": 1.0, "f_1": 0.7724609375, "f_2": 0.5126953125, "f_3": 0.2421875, "f_4": 0.1767578125}, "sample31": {"f_0": 1.0, "f_1": 0.5810546875, "f_2": 0.189453125, "f_3": 0.2412109375, "f_4": 0.1376953125}, "sample32": {"f_0": 1.0, "f_1": 0.783203125, "f_2": 0.408203125, "f_3": 0.205078125, "f_4": 0.353515625}, "sample33": {"f_0": 1.0, "f_1": 0.564453125, "f_2": 0.21484375, "f_3": 0.337890625, "f_4": 0.1630859375}, "sample34": {"f_0": 1.0, "f_1": 0.693359375, "f_2": 0.2822265625, "f_3": 0.2216796875, "f_4": 0.3408203125}, "sample35": {"f_0": 1.0, "f_1": 0.654296875, "f_2": 0.2607421875, "f_3": 0.2109375, "f_4": 0.267578125}, "sample36": {"f_0": 1.0, "f_1": 0.7978515625, "f_2": 0.4296875, "f_3": 0.3193359375, "f_4": 0.5185546875}, "sample37": {"f_0": 1.0, "f_1": 0.6240234375, "f_2": 0.2548828125, "f_3": 0.22265625, "f_4": 0.33203125}, "sample38": {"f_0": 1.0, "f_1": 0.794921875, "f_2": 0.5341796875, "f_3": 0.2421875, "f_4": 0.146484375}, "sample39": {"f_0": 1.0, "f_1": 0.78125, "f_2": 0.4169921875, "f_3": 0.328125, "f_4": 0.4306640625}, "sample40": {"f_0": 1.0, "f_1": 0.8681640625, "f_2": 0.6611328125, "f_3": 0.3681640625, "f_4": 0.240234375}, "sample41": {"f_0": 1.0, "f_1": 0.6826171875, "f_2": 0.2958984375, "f_3": 0.181640625, "f_4": 0.126953125}, "sample42": {"f_0": 1.0, "f_1": 0.494140625, "f_2": 0.173828125, "f_3": 0.2890625, "f_4": 0.408203125}, "sample43": {"f_0": 1.0, "f_1": 0.4921875, "f_2": 0.22265625, "f_3": 0.326171875, "f_4": 0.2763671875}, "sample44": {"f_0": 1.0, "f_1": 0.693359375, "f_2": 0.4462890625, "f_3": 0.197265625, "f_4": 0.2734375}, "sample45": {"f_0": 1.0, "f_1": 0.765625, "f_2": 0.341796875, "f_3": 0.2451171875, "f_4": 0.4853515625}, "sample46": {"f_0": 1.0, "f_1": 0.537109375, "f_2": 0.2412109375, "f_3": 0.25390625, "f_4": 0.224609375}, "sample47": {"f_0": 1.0, "f_1": 0.98828125, "f_2": 0.9677734375, "f_3": 0.908203125, "f_4": 0.8173828125}, "sample48": {"f_0": 1.0, "f_1": 0.8310546875, "f_2": 0.5888671875, "f_3": 0.4140625, "f_4": 0.4638671875}, "sample49": {"f_0": 1.0, "f_1": 0.861328125, "f_2": 0.5888671875, "f_3": 0.29296875, "f_4": 0.25}, "sample50": {"f_0": 1.0, "f_1": 0.9619140625, "f_2": 0.837890625, "f_3": 0.669921875, "f_4": 0.494140625}, "sample51": {"f_0": 1.0, "f_1": 0.82421875, "f_2": 0.4794921875, "f_3": 0.23046875, "f_4": 0.21875}, "sample52": {"f_0": 1.0, "f_1": 0.64453125, "f_2": 0.23828125, "f_3": 0.431640625, "f_4": 0.908203125}, "sample53": {"f_0": 1.0, "f_1": 0.8857421875, "f_2": 0.669921875, "f_3": 0.4140625, "f_4": 0.1796875}, "sample54": {"f_0": 1.0, "f_1": 0.708984375, "f_2": 0.275390625, "f_3": 0.2978515625, "f_4": 0.568359375}, "sample55": {"f_0": 1.0, "f_1": 0.810546875, "f_2": 0.55078125, "f_3": 0.400390625, "f_4": 0.4423828125}}