{"sample0": {"f_0": 0.4599609375, "f_1": 0.134765625, "f_2": 0.0771484375, "f_3": 0.19921875, "f_4": 0.255859375}, "sample1": {"f_0": 0.4736328125, "f_1": 0.283203125, "f_2": 0.2421875, "f_3": 0.2021484375, "f_4": 0.2783203125}, "sample2": {"f_0": 0.451171875, "f_1": 0.2783203125, "f_2": 0.14453125, "f_3": 0.248046875, "f_4": 0.4267578125}, "sample3": {"f_0": 0.4697265625, "f_1": 0.3544921875, "f_2": 0.203125, "f_3": 0.197265625, "f_4": 0.1533203125}, "sample4": {"f_0": 0.486328125, "f_1": 0.58984375, "f_2": 0.3095703125, "f_3": 0.248046875, "f_4": 0.1171875}, "sample5": {"f_0": 0.46875, "f_1": 0.3544921875, "f_2": 0.224609375, "f_3": 0.1396484375, "f_4": 0.21484375}, "sample6": {"f_0": 0.4619140625, "f_1": 0.6416015625, "f_2": 0.4326171875, "f_3": 0.21875, "f_4": 0.236328125}, "sample7": {"f_0": 0.486328125, "f_1": 0.5888671875, "f_2": 0.6298828125, "f_3": 0.5263671875, "f_4": 0.3505859375}, "sample8": {"f_0": 0.46875, "f_1": 0.44921875, "f_2": 0.4248046875, "f_3": 0.314453125, "f_4": 0.16796875}, "sample9": {"f_0": 0.4755859375, "f_1": 0.359375, "f_2": 0.21484375, "f_3": 0.220703125, "f_4": 0.30078125}, "sample10": {"f_0": 0.4990234375, "f_1": 0.15234375, "f_2": 0.0693359375, "f_3": 0.1904296875, "f_4": 0.2080078125}, "sample11": {"f_0": 0.447265625, "f_1": 0.515625, "f_2": 0.216796875, "f_3": 0.0859375, "f_4": 0.2978515625}, "sample12": {"f_0": 0.458984375, "f_1": 0.6552734375, "f_2": 0.404296875, "f_3": 0.2412109375, "f_4": 0.17578125}, "sample13": {"f_0": 0.4609375, "f_1": 0.5, "f_2": 0.4814453125, "f_3": 0.4580078125, "f_4": 0.4541015625}, "sample14": {"f_0": 0.48828125, "f_1": 0.4873046875, "f_2": 0.353515625, "f_3": 0.185546875, "f_4": 0.15234375}, "sample15": {"f_0": 0.4775390625, "f_1": 0.591796875, "f_2": 0.2314453125, "f_3": 0.2451171875, "f_4": 0.2255859375}, "sample16": {"f_0": 0.4638671875, "f_1": 0.6083984375, "f_2": 0.48046875, "f_3": 0.220703125, "f_4": 0.1669921875}, "sample17": {"f_0": 0.4619140625, "f_1": 0.501953125, "f_2": 0.32421875, "f_3": 0.1240234375, "f_4": 0.0458984375}, "sample18": {"f_0": 0.4814453125, "f_1": 0.4404296875, "f_2": 0.2685546875, "f_3": 0.154296875, "f_4": 0.1806640625}, "sample19": {"f_0": 0.4794921875, "f_1": 0.4267578125, "f_2": 0.3818359375, "f_3": 0.34375, "f_4": 0.267578125}, "sample20": {"f_0": 0.482421875, "f_1": 0.2119140625, "f_2": 0.1591796875, "f_3": 0.123046875, "f_4": 0.2021484375}, "sample21": {"f_0": 0.470703125, "f_1": 0.423828125, "f_2": 0.4150390625, "f_3": 0.396484375, "f_4": 0.353515625}, "sample22": {"f_0": 0.4462890625, "f_1": 0.5625, "f_2": 0.3134765625, "f_3": 0.10546875, "f_4": 0.2763671875}, "sample23": {"f_0": 0.48046875, "f_1": 0.6416015625, "f_2": 0.5791015625, "f_3": 0.3544921875, "f_4": 0.30859375}, "sample24": {"f_0": 0.4853515625, "f_1": 0.4072265625, "f_2": 0.365234375, "f_3": 0.2919921875, "f_4": 0.25390625}, "sample25": {"f_0": 0.455078125, "f_1": 0.5849609375, "f_2": 0.583984375, "f_3": 0.49609375, "f_4": 0.427734375}, "sample26": {"f_0": 0.4736328125, "f_1": 0.1748046875, "f_2": 0.0498046875, "f_3": 0.142578125, "f_4": 0.2177734375}, "sample27": {"f_0": 0.47265625, "f_1": 0.5361328125, "f_2": 0.197265625, "f_3": 0.216796875, "f_4": 0.322265625}, "sample28": {"f_0": 0.4765625, "f_1": 0.607421875, "f_2": 0.6337890625, "f_3": 0.5078125, "f_4": 0.3203125}, "sample29": {"f_0": 0.486328125, "f_1": 0.2958984375, "f_2": 0.1982421875, "f_3": 0.322265625, "f_4": 0.6015625}, "sample30": {"f_0": 0.4921875, "f_1": 0.2568359375, "f_2": 0.1630859375, "f_3": 0.1591796875, "f_4": 0.3056640625}, "sample31": {"f_0": 0.435546875, "f_1": 0.6142578125, "f_2": 0.33203125, "f_3": 0.208984375, "f_4": 0.2197265625}, "sample32": {"f_0": 0.4599609375, "f_1": 0.40625, "f_2": 0.2939453125, "f_3": 0.224609375, "f_4": 0.2744140625}, "sample33": {"f_0": 0.494140625, "f_1": 0.6064453125, "f_2": 0.306640625, "f_3": 0.28125, "f_4": 0.2705078125}, "sample34": {"f_0": 0.4755859375, "f_1": 0.1259765625, "f_2": 0.0869140625, "f_3": 0.205078125, "f_4": 0.2685546875}, "sample35": {"f_0": 0.470703125, "f_1": 0.208984375, "f_2": 0.2109375, "f_3": 0.376953125, "f_4": 0.3310546875}, "sample36": {"f_0": 0.4697265625, "f_1": 0.51171875, "f_2": 0.330078125, "f_3": 0.16796875, "f_4": 0.1162109375}, "sample37": {"f_0": 0.4560546875, "f_1": 0.3623046875, "f_2": 0.2294921875, "f_3": 0.2255859375, "f_4": 0.4638671875}, "sample38": {"f_0": 0.45703125, "f_1": 0.2177734375, "f_2": 0.0859375, "f_3": 0.0849609375, "f_4": 0.3154296875}, "sample39": {"f_0": 0.4716796875, "f_1": 0.2392578125, "f_2": 0.177734375, "f_3": 0.3115234375, "f_4": 0.380859375}, "sample40": {"f_0": 0.4775390625, "f_1": 0.4541015625, "f_2": 0.376953125, "f_3": 0.283203125, "f_4": 0.20703125}, "sample41": {"f_0": 0.47265625, "f_1": 0.4091796875, "f_2": 0.2470703125, "f_3": 0.1279296875, "f_4": 0.1845703125}, "sample42": {"f_0": 0.4580078125, "f_1": 0.60546875, "f_2": 0.26953125, "f_3": 0.2470703125, "f_4": 0.205078125}, "sample43": {"f_0": 0.46484375, "f_1": 0.5390625, "f_2": 0.267578125, "f_3": 0.201171875, "f_4": 0.263671875}, "sample44": {"f_0": 0.4892578125, "f_1": 0.501953125, "f_2": 0.3857421875, "f_3": 0.294921875, "f_4": 0.0673828125}, "sample45": {"f_0": 0.4501953125, "f_1": 0.203125, "f_2": 0.158203125, "f_3": 0.3720703125, "f_4": 0.6357421875}, "sample46": {"f_0": 0.482421875, "f_1": 0.578125, "f_2": 0.3525390625, "f_3": 0.236328125, "f_4": 0.1943359375}, "sample47": {"f_0": 0.48828125, "f_1": 0.4677734375, "f_2": 0.48828125, "f_3": 0.533203125, "f_4": 0.505859375}, "sample48": {"f_0": 0.4912109375, "f_1": 0.2236328125, "f_2": 0.080078125, "f_3": 0.0625, "f_4": 0.2177734375}, "sample49": {"f_0": 0.447265625, "f_1": 0.595703125, "f_2": 0.5732421875, "f_3": 0.4091796875, "f_4": 0.23046875}, "sample50": {"f_0": 0.48046875, "f_1": 0.5361328125, "f_2": 0.5849609375, "f_3": 0.615234375, "f_4": 0.5244140625}, "sample51": {"f_0": 0.4765625, "f_1": 0.615234375, "f_2": 0.5712890625, "f_3": 0.4052734375, "f_4": 0.267578125}, "sample52": {"f_0": 0.4541015625, "f_1": 0.11328125, "f_2": 0.1669921875, "f_3": 0.4755859375, "f_4": 0.4736328125}, "sample53": {"f_0": 0.4716796875, "f_1": 0.2431640625, "f_2": 0.0986328125, "f_3": 0.037109375, "f_4": 0.1181640625}, "sample54": {"f_0": 0.447265625, "f_1": 0.509765625, "f_2": 0.28125, "f_3": 0.076171875, "f_4": 0.0869140625}, "sample55": {"f_0": 0.478515625, "f_1": 0.5439453125, "f_2": 0.5341796875, "f_3": 0.2470703125, "f_4": 0.0576171875}}