{"sample_id":{"0":0,"1":1,"2":2,"3":3,"4":4,"5":5,"6":6,"7":7,"8":8,"9":9,"10":10,"11":11,"12":12,"13":13,"14":14,"15":15,"16":16,"17":17,"18":18,"19":19,"20":20,"21":21,"22":22,"23":23,"24":24,"25":25,"26":26,"27":27,"28":28,"29":29,"30":30,"31":31,"32":32,"33":33,"34":34,"35":35,"36":36,"37":37,"38":38,"39":39,"40":40,"41":41,"42":42,"43":43,"44":44,"45":45,"46":46,"47":47,"48":48,"49":49,"50":50,"51":51,"52":52,"53":53,"54":54,"55":55,"56":56,"57":57,"58":58,"59":59,"60":60,"61":61,"62":62,"63":63,"64":64,"65":65,"66":66,"67":67,"68":68,"69":69,"70":70,"71":71,"72":72,"73":73,"74":74,"75":75,"76":76,"77":77,"78":78,"79":79,"80":80,"81":81,"82":82,"83":83,"84":84,"85":85,"86":86,"87":87,"88":88,"89":89,"90":90,"91":91,"92":92,"93":93,"94":94},"f_0 Re":{"0":1.0,"1":1.0,"2":1.0,"3":1.0,"4":1.0,"5":1.0,"6":1.0,"7":1.0,"8":1.0,"9":1.0,"10":1.0,"11":1.0,"12":1.0,"13":1.0,"14":1.0,"15":1.0,"16":1.0,"17":1.0,"18":1.0,"19":1.0,"20":1.0,"21":1.0,"22":1.0,"23":1.0,"24":1.0,"25":1.0,"26":1.0,"27":1.0,"28":1.0,"29":1.0,"30":1.0,"31":1.0,"32":1.0,"33":1.0,"34":1.0,"35":1.0,"36":1.0,"37":1.0,"38":1.0,"39":1.0,"40":1.0,"41":1.0,"42":1.0,"43":1.0,"44":1.0,"45":1.0,"46":1.0,"47":1.0,"48":1.0,"49":1.0,"50":1.0,"51":1.0,"52":1.0,"53":1.0,"54":1.0,"55":1.0,"56":1.0,"57":1.0,"58":1.0,"59":1.0,"60":1.0,"61":1.0,"62":1.0,"63":1.0,"64":1.0,"65":1.0,"66":1.0,"67":1.0,"68":1.0,"69":1.0,"70":1.0,"71":1.0,"72":1.0,"73":1.0,"74":1.0,"75":1.0,"76":1.0,"77":1.0,"78":1.0,"79":1.0,"80":1.0,"81":1.0,"82":1.0,"83":1.0,"84":1.0,"85":1.0,"86":1.0,"87":1.0,"88":1.0,"89":1.0,"90":1.0,"91":1.0,"92":1.0,"93":1.0,"94":1.0},"f_1 Re":{"0":0.9979879797,"1":0.9973679447,"2":0.9952763106,"3":0.9986566684,"4":0.9957136283,"5":0.999079968,"6":0.9988230678,"7":0.9970660216,"8":0.9979641711,"9":0.9996118414,"10":0.9979270092,"11":0.9995096054,"12":0.9946767544,"13":0.999392846,"14":0.9975229655,"15":0.9974919237,"16":0.997976433,"17":0.9977100418,"18":0.9977655697,"19":0.9933363904,"20":0.9999145621,"21":0.9969338837,"22":0.9989342261,"23":0.9999044168,"24":0.9999678941,"25":0.9969491079,"26":0.9993214437,"27":0.9982443871,"28":0.9957601827,"29":0.9956170661,"30":0.9986766968,"31":0.9977546194,"32":0.9972450171,"33":0.996560922,"34":0.9960107001,"35":0.9969965299,"36":0.9938951353,"37":0.9995557811,"38":0.9886104657,"39":0.9936563944,"40":0.9992002133,"41":0.991134877,"42":0.9978633631,"43":0.986764084,"44":0.9983958251,"45":0.9947445267,"46":0.999475556,"47":0.9994616678,"48":0.9973512642,"49":0.9959767454,"50":0.997592738,"51":0.9884664038,"52":0.9991555908,"53":0.9909943437,"54":0.9942550996,"55":0.9893782093,"56":0.9998196082,"57":0.9967089867,"58":0.9833596182,"59":0.9841278485,"60":0.9967732475,"61":0.9962402706,"62":0.9998053002,"63":0.9947537896,"64":0.9853220385,"65":0.9971875635,"66":0.9943819891,"67":0.9926261865,"68":0.9952904069,"69":0.9997247529,"70":0.9991136747,"71":0.9960511548,"72":0.9974125376,"73":0.9961651019,"74":0.9923410745,"75":0.9913914975,"76":0.9989062591,"77":0.9983309211,"78":0.9999429817,"79":0.9929125227,"80":0.9947998406,"81":0.9946379997,"82":0.9937957962,"83":0.9975950482,"84":0.999924369,"85":0.9967110467,"86":0.9954742361,"87":0.9970703593,"88":0.9965537136,"89":0.9989218602,"90":0.9983145613,"91":0.9990948494,"92":0.9935558091,"93":0.9984237159,"94":0.9980043586},"f_1 Im":{"0":-0.0553148143,"1":-0.069610552,"2":-0.0688513725,"3":0.0278371886,"4":0.0563225227,"5":-0.000621609,"6":0.0079549553,"7":0.0618950187,"8":-0.0201796602,"9":0.0262618654,"10":0.0489616946,"11":-0.0177396829,"12":0.1028703451,"13":0.0155635337,"14":-0.0629658129,"15":-0.0315888771,"16":0.0301589681,"17":-0.0178926621,"18":0.0653808325,"19":0.0900469068,"20":0.0066349527,"21":0.0591632691,"22":0.0387758544,"23":-0.0108170539,"24":0.0076563868,"25":-0.0481519216,"26":0.0266851722,"27":0.0014711383,"28":-0.0870317821,"29":0.0735287669,"30":0.019108173,"31":-0.0592323057,"32":0.0736699127,"33":-0.0474272775,"34":0.0761005288,"35":-0.0748827119,"36":0.103345953,"37":0.0011539267,"38":-0.1304386827,"39":0.1087651004,"40":0.007099145,"41":-0.1221335252,"42":0.0449858319,"43":0.1521354879,"44":-0.0550945372,"45":-0.0972983923,"46":0.0217944076,"47":0.0118662269,"48":0.0248472285,"49":0.0559572135,"50":-0.0684053515,"51":0.1354801875,"52":-0.0310645027,"53":-0.1226504299,"54":0.0822954769,"55":-0.1324789588,"56":-0.0175869298,"57":0.0679809874,"58":0.1639297453,"59":-0.1683814384,"60":-0.0386740943,"61":0.0547824702,"62":-0.0197194162,"63":-0.0957559101,"64":0.1597064686,"65":0.0602259327,"66":0.1010949773,"67":-0.1054609769,"68":-0.0959433782,"69":0.0231066179,"70":0.0306461914,"71":0.0806296225,"72":-0.0486076446,"73":0.0835285799,"74":-0.121888646,"75":0.1237680385,"76":-0.0100548795,"77":0.0224606422,"78":-0.0024212338,"79":-0.1142739638,"80":0.0995320175,"81":-0.1002588709,"82":-0.1103764952,"83":-0.0226501862,"84":-0.0092253769,"85":0.0291788609,"86":0.0841086161,"87":0.0205382359,"88":-0.041141048,"89":-0.005514312,"90":-0.0544911366,"91":-0.0199396876,"92":0.1133206847,"93":0.009170307,"94":0.0175550094},"f_2 Re":{"0":0.9919701532,"1":0.9894878904,"2":0.9811704905,"3":0.9946407086,"4":0.9829386264,"5":0.9963226621,"6":0.9953014295,"7":0.9882933713,"8":0.9918812222,"9":0.9984477502,"10":0.9917296556,"11":0.998039647,"12":0.9787643934,"13":0.9975730206,"14":0.9901115939,"15":0.9899934331,"16":0.9919244916,"17":0.9908535928,"18":0.9910729098,"19":0.9734763057,"20":0.9996589471,"21":0.9877813806,"22":0.9957418911,"23":0.9996183795,"24":0.9998715944,"25":0.9878299553,"26":0.997289284,"27":0.9929916939,"28":0.983092605,"29":0.9825403989,"30":0.9947148357,"31":0.9910377756,"32":0.9889958034,"33":0.9862755216,"34":0.9841079324,"35":0.9880102095,"36":0.9756926885,"37":0.9982260564,"38":0.955152448,"39":0.9747227941,"40":0.9968037497,"41":0.9649010699,"42":0.9915198895,"43":0.9475497069,"44":0.9935906581,"45":0.9790409118,"46":0.9979103851,"47":0.9978502994,"48":0.9894487866,"49":0.983983404,"50":0.9903836774,"51":0.9542590738,"52":0.9966254441,"53":0.9643015127,"54":0.9772014812,"55":0.9577879602,"56":0.99927881,"57":0.9868846648,"58":0.9342695258,"59":0.9371962353,"60":0.9871767431,"61":0.9850881397,"62":0.9992212787,"63":0.9791000888,"64":0.9418739776,"65":0.9887848266,"66":0.9776192382,"67":0.9707517357,"68":0.9812093372,"69":0.9988991805,"70":0.9964644147,"71":0.9842728502,"72":0.9896874888,"73":0.9846933639,"74":0.9694946173,"75":0.9657998328,"76":0.9956426103,"77":0.9933619204,"78":0.9997720714,"79":0.9717908466,"80":0.979271992,"81":0.9786167977,"82":0.9752618056,"83":0.9903967709,"84":0.9996976777,"85":0.9868958191,"86":0.9820327436,"87":0.9883701974,"88":0.9862774648,"89":0.9957030849,"90":0.9932785552,"91":0.9963878848,"92":0.974306392,"93":0.9937066528,"94":0.9920365489},"f_2 Im":{"0":-0.1102942445,"1":-0.1388217684,"2":-0.1366873285,"3":0.055467331,"4":0.1114964849,"5":-0.0012818107,"6":0.0157757766,"7":0.1232800597,"8":-0.040019281,"9":0.0525007353,"10":0.097574336,"11":-0.0354582421,"12":0.2046388012,"13":0.0310762012,"14":-0.1255230191,"15":-0.0628756283,"16":0.0600386917,"17":-0.0355947347,"18":0.1304662857,"19":0.1783627535,"20":0.0132589305,"21":0.1176880116,"22":0.0774197215,"23":-0.021623598,"24":0.0153125938,"25":-0.0960851389,"26":0.0532850487,"27":0.0028873691,"28":-0.1731683215,"29":0.1459710334,"30":0.038108976,"31":-0.1180656639,"32":0.1469268869,"33":-0.0943803376,"34":0.1512436702,"35":-0.1492475085,"36":0.2051114362,"37":0.0023092057,"38":-0.2557587426,"39":0.2159863228,"40":0.0142116192,"41":-0.2410965046,"42":0.0893148274,"43":0.2993053608,"44":-0.1099859122,"45":-0.1934774452,"46":0.0434826545,"47":0.0236882202,"48":0.0498996584,"49":0.1108791934,"50":-0.1364643204,"51":0.2668002894,"52":-0.0620439158,"53":-0.2421556584,"54":0.162635055,"55":-0.2616443144,"56":-0.0351644081,"57":0.135241986,"58":0.3206278769,"59":-0.3303838109,"60":-0.076417004,"61":0.108259739,"62":-0.0394311235,"63":-0.1902409513,"64":0.3137147175,"65":0.1198442283,"66":0.200821758,