{"sample_id":{"0":0,"1":1,"2":2,"3":3,"4":4,"5":5,"6":6,"7":7,"8":8,"9":9,"10":10,"11":11,"12":12,"13":13,"14":14,"15":15,"16":16,"17":17,"18":18,"19":19,"20":20,"21":21,"22":22,"23":23,"24":24,"25":25,"26":26,"27":27,"28":28,"29":29,"30":30,"31":31,"32":32,"33":33,"34":34,"35":35,"36":36,"37":37,"38":38,"39":39,"40":40,"41":41,"42":42,"43":43,"44":44,"45":45,"46":46,"47":47,"48":48,"49":49,"50":50,"51":51,"52":52,"53":53,"54":54,"55":55,"56":56,"57":57,"58":58,"59":59,"60":60,"61":61,"62":62,"63":63,"64":64,"65":65,"66":66,"67":67,"68":68,"69":69,"70":70,"71":71,"72":72,"73":73,"74":74,"75":75,"76":76,"77":77,"78":78,"79":79,"80":80,"81":81,"82":82,"83":83,"84":84,"85":85,"86":86,"87":87,"88":88,"89":89,"90":90,"91":91,"92":92,"93":93,"94":94},"f_0 Re":{"0":1.0,"1":1.0,"2":1.0,"3":1.0,"4":1.0,"5":1.0,"6":1.0,"7":1.0,"8":1.0,"9":1.0,"10":1.0,"11":1.0,"12":1.0,"13":1.0,"14":1.0,"15":1.0,"16":1.0,"17":1.0,"18":1.0,"19":1.0,"20":1.0,"21":1.0,"22":1.0,"23":1.0,"24":1.0,"25":1.0,"26":1.0,"27":1.0,"28":1.0,"29":1.0,"30":1.0,"31":1.0,"32":1.0,"33":1.0,"34":1.0,"35":1.0,"36":1.0,"37":1.0,"38":1.0,"39":1.0,"40":1.0,"41":1.0,"42":1.0,"43":1.0,"44":1.0,"45":1.0,"46":1.0,"47":1.0,"48":1.0,"49":1.0,"50":1.0,"51":1.0,"52":1.0,"53":1.0,"54":1.0,"55":1.0,"56":1.0,"57":1.0,"58":1.0,"59":1.0,"60":1.0,"61":1.0,"62":1.0,"63":1.0,"64":1.0,"65":1.0,"66":1.0,"67":1.0,"68":1.0,"69":1.0,"70":1.0,"71":1.0,"72":1.0,"73":1.0,"74":1.0,"75":1.0,"76":1.0,"77":1.0,"78":1.0,"79":1.0,"80":1.0,"81":1.0,"82":1.0,"83":1.0,"84":1.0,"85":1.0,"86":1.0,"87":1.0,"88":1.0,"89":1.0,"90":1.0,"91":1.0,"92":1.0,"93":1.0,"94":1.0},"f_1 Re":{"0":0.9996419054,"1":0.9961778664,"2":0.9960551055,"3":0.9978285021,"4":0.9917630434,"5":1.0011289053,"6":0.9976032783,"7":0.9982035666,"8":0.9963240957,"9":0.9994419141,"10":0.9957940911,"11":0.9985437713,"12":0.9950172179,"13":1.000596007,"14":0.9997817609,"15":0.9976838564,"16":1.0008833743,"17":1.0019761518,"18":0.9958750412,"19":0.9940208857,"20":0.9999983239,"21":0.9987173487,"22":0.9993277708,"23":1.0003425388,"24":1.0001048472,"25":0.994694309,"26":0.9999596191,"27":1.0021276372,"28":0.9952731856,"29":0.9959986624,"30":0.997612251,"31":0.9982111855,"32":0.9966773323,"33":0.9961386384,"34":0.9958723185,"35":1.0004702695,"36":0.9948237266,"37":0.9992702949,"38":0.9893708858,"39":1.0005639691,"40":1.0001000887,"41":0.9867129163,"42":0.9991741723,"43":0.9813791477,"44":0.996527303,"45":0.9964280444,"46":1.0001092738,"47":0.9999892558,"48":0.9970247503,"49":0.994128824,"50":0.9947893925,"51":0.9889533454,"52":1.0001742175,"53":0.9941809675,"54":0.9930215942,"55":0.9950491154,"56":0.9997424163,"57":0.9986631366,"58":0.9833375638,"59":0.9785871539,"60":0.9958853682,"61":0.9992946681,"62":1.0006292557,"63":0.9968770519,"64":0.990766151,"65":0.9972643842,"66":0.9964630041,"67":0.9916776086,"68":0.9964591216,"69":0.9993655472,"70":1.0003911195,"71":0.9975594453,"72":0.9948924448,"73":0.9982655862,"74":0.989234666,"75":0.9929878376,"76":0.9969200831,"77":0.9969575721,"78":1.0003500606,"79":0.9938484039,"80":0.9950455031,"81":0.9968166939,"82":0.9927697253,"83":0.994575303,"84":1.0000419777,"85":0.9942240612,"86":0.9963480928,"87":0.9972812896,"88":0.9968419778,"89":0.9964117997,"90":0.999000829,"91":0.9983809618,"92":0.9962017909,"93":0.9999778351,"94":0.9935872329},"f_1 Im":{"0":-0.0473491285,"1":-0.1020322149,"2":-0.0766755509,"3":-0.0216835729,"4":0.0242377791,"5":-0.0055395806,"6":-0.0310243692,"7":0.0569262226,"8":-0.0340925428,"9":0.0413751947,"10":0.0700875392,"11":-0.0327652274,"12":0.1000898786,"13":0.0106400645,"14":-0.0495419567,"15":-0.0034774508,"16":0.0591494773,"17":-0.0180231835,"18":0.0866988632,"19":0.0689886302,"20":-0.0026771074,"21":0.0421869302,"22":0.055743613,"23":0.0079047895,"24":-0.0171693994,"25":-0.0584823377,"26":0.0315791267,"27":-0.0046089805,"28":-0.1109781548,"29":0.0588829509,"30":0.0046316534,"31":-0.0778134689,"32":0.0835378456,"33":-0.0487423839,"34":0.0881425976,"35":-0.0191002633,"36":0.0970161479,"37":0.0074848328,"38":-0.1650979985,"39":0.0577241597,"40":0.0210830839,"41":-0.134839596,"42":0.063086021,"43":0.1492613679,"44":-0.1035300329,"45":-0.0722890801,"46":0.0496015289,"47":-0.0099365934,"48":0.0219296178,"49":0.0623288935,"50":-0.1050654486,"51":0.1382674478,"52":-0.0091405213,"53":-0.1043455529,"54":0.0862903026,"55":-0.064060234,"56":-0.0299427929,"57":0.0678463713,"58":0.1560959264,"59":-0.1930093958,"60":-0.0085835193,"61":0.0962182531,"62":0.0205760579,"63":-0.0657138068,"64":0.1419358233,"65":0.0576598348,"66":0.0854729321,"67":-0.0975326024,"68":-0.0841013296,"69":0.0369306181,"70":0.006808159,"71":0.0777393344,"72":-0.0720870183,"73":0.0706519526,"74":-0.1465625433,"75":0.1026367254,"76":-0.0328872166,"77":0.04458869,"78":-0.0398688879,"79":-0.115903413,"80":0.1023742797,"81":-0.0798769096,"82":-0.1200980074,"83":-0.0389837747,"84":0.0379726449,"85":-0.0001942999,"86":0.0623901947,"87":-0.0041199482,"88":-0.040576084,"89":-0.00069106,"90":-0.0179104474,"91":-0.0399033122,"92":0.0896859533,"93":0.0397340077,"94":-0.0116545299},"f_2 Re":{"0":0.9933541749,"1":0.9905921213,"2":0.976402994,"3":0.9913452599,"4":0.9860228011,"5":1.0042302341,"6":0.9965416246,"7":0.9869089419,"8":0.9949808328,"9":0.9985146598,"10":0.9936241141,"11":0.9989821821,"12":0.9763134811,"13":0.9974562633,"14":0.9850757737,"15":0.9766180939,"16":0.9895640035,"17":0.99262558,"18":0.9877884124,"19":0.9750573902,"20":1.000264594,"21":0.991189006,"22":0.9936123475,"23":1.0009903305,"24":0.9999646745,"25":0.9941317329,"26":0.9959883446,"27":0.9980163463,"28":0.9815215455,"29":0.9840280243,"30":0.9924996013,"31":0.9914643146,"32":0.9874888674,"33":0.9940538881,"34":0.9832888179,"35":0.9889565871,"36":0.9804849303,"37":0.9983625679,"38":0.9475348593,"39":0.960462262,"40":0.9951316478,"41":0.9810064066,"42":0.9907274513,"43":0.9461810285,"44":0.995324475,"45":0.9828664976,"46":0.9983197486,"47":0.9998951947,"48":0.9950408039,"49":0.9905942885,"50":0.9888308208,"51":0.9520106145,"52":0.9970603342,"53":0.9556098677,"54":0.9746136085,"55":0.9560347998,"56":0.998929043,"57":0.9843340346,"58":0.9370503195,"59":0.9357561244,"60":0.9890946531,"61":0.9935363808,"62":0.9996040038,"63":0.979909494,"64":0.9328854341,"65":0.9936038483,"66":0.9760292886,"67":0.9712396589,"68":0.9730643325,"69":0.9978872056,"70":1.0011881692,"71":0.9901336795,"72":0.9882256136,"73":0.977014434,"74":0.980029354,"75":0.9687472423,"76":0.9999618512,"77":0.9864751942,"78":0.9986935244,"79":0.9634598904,"80":0.9812874744,"81":0.9778731721,"82":0.9759883654,"83":0.9917466716,"84":0.9999422815,"85":0.99183426,"86":0.9819482237,"87":0.9952642086,"88":0.9883300248,"89":0.9927521069,"90":0.9913886382,"91":0.9982908088,"92":0.9755568879,"93":0.9956531382,"94":0.9956244735},"f_2 Im":{"0":-0.1019514084,"1":-0.1344643375,"2":-0.1582141009,"3":0.080911975,"4":0.089734662,"5":-0.0422840497,"6":0.0271019855,"7":0.086154943,"8":-0.0430523504,"9":0.0319392785,"10":0.0663097814,"11":-0.0215604268,"12":0.2163607789,"13":0.0425317087,"14":-0.1623821681,"15":-0.0621568063,"16":0.0750154515,"17":0.0010943685,"18":0.1505370025,"19":0.1656852455,"20":0.0239413777,"21":0.131141796,"22":0.0683739804,"23":0.0060276907,"24":0.0086292836,"25":-0.0826309158,"26":0.0416635937,"27":-0.027705775,"28":-0.1495228108,"29":0.1315287391,"30":0.0281766188,"31":-0.1104173643,"32":0.1607554018,"33":-0.0773510657,"34":0.1463966529,"35":-0.1371499701,"36":0.184256745,"37":0.0100131047,"38":-0.2688919648,"39":0.2641244634,"40":0.0250659524,"41":-0.1918620302,"42":0.1027749669,"43":0.3208500255,"44":-0.0859117741,"45":-0.1582204311,"46":0.0611251851,"47":0.0045576423,"48":0.0452223274,"49":0.1042795086,"50":-0.1493618934,"51":0.2809704303,"52":-0.0748384937,"53":-0.2813985689,"54":0.1174003081,"55":-0.2444312223,"56":-0.0618308054,"57":0.1673731449,"58":0.2990640279,"59":-0.3401823055,"60":-0.074407824,"61":0.1232651836,"62":-0.0301202628,"63":-0.1859463466,"64":0.3571539899,"65":0.1259909615,"66":0.2192849702,