{"sample_id":{"0":0,"1":1,"2":2,"3":3,"4":4,"5":5,"6":6,"7":7,"8":8,"9":9,"10":10,"11":11,"12":12,"13":13,"14":14,"15":15,"16":16,"17":17,"18":18,"19":19,"20":20,"21":21,"22":22,"23":23,"24":24,"25":25,"26":26,"27":27,"28":28,"29":29,"30":30,"31":31,"32":32,"33":33,"34":34,"35":35,"36":36,"37":37,"38":38,"39":39,"40":40,"41":41,"42":42,"43":43,"44":44,"45":45,"46":46,"47":47,"48":48,"49":49,"50":50,"51":51,"52":52,"53":53,"54":54,"55":55,"56":56,"57":57,"58":58,"59":59,"60":60,"61":61,"62":62,"63":63,"64":64,"65":65,"66":66,"67":67,"68":68,"69":69,"70":70,"71":71,"72":72,"73":73,"74":74,"75":75,"76":76,"77":77,"78":78,"79":79,"80":80,"81":81,"82":82,"83":83,"84":84,"85":85,"86":86,"87":87,"88":88,"89":89,"90":90,"91":91,"92":92,"93":93,"94":94},"f_0 Re":{"0":0.876953125,"1":0.87890625,"2":0.8740234375,"3":0.8583984375,"4":0.8662109375,"5":0.869140625,"6":0.8798828125,"7":0.8740234375,"8":0.8564453125,"9":0.875,"10":0.87109375,"11":0.8681640625,"12":0.8564453125,"13":0.8623046875,"14":0.87890625,"15":0.869140625,"16":0.888671875,"17":0.8818359375,"18":0.8916015625,"19":0.8818359375,"20":0.8681640625,"21":0.873046875,"22":0.876953125,"23":0.87890625,"24":0.853515625,"25":0.8759765625,"26":0.88671875,"27":0.875,"28":0.8525390625,"29":0.853515625,"30":0.8798828125,"31":0.873046875,"32":0.8837890625,"33":0.8828125,"34":0.86328125,"35":0.880859375,"36":0.8642578125,"37":0.876953125,"38":0.865234375,"39":0.87890625,"40":0.88671875,"41":0.8701171875,"42":0.8798828125,"43":0.8857421875,"44":0.8720703125,"45":0.8525390625,"46":0.8671875,"47":0.880859375,"48":0.87109375,"49":0.888671875,"50":0.8740234375,"51":0.884765625,"52":0.8837890625,"53":0.8837890625,"54":0.8779296875,"55":0.861328125,"56":0.859375,"57":0.8662109375,"58":0.869140625,"59":0.8798828125,"60":0.87890625,"61":0.8740234375,"62":0.8720703125,"63":0.85546875,"64":0.857421875,"65":0.884765625,"66":0.8798828125,"67":0.8623046875,"68":0.857421875,"69":0.865234375,"70":0.875,"71":0.876953125,"72":0.876953125,"73":0.8818359375,"74":0.876953125,"75":0.87890625,"76":0.8623046875,"77":0.875,"78":0.8994140625,"79":0.8740234375,"80":0.869140625,"81":0.8818359375,"82":0.8896484375,"83":0.8828125,"84":0.890625,"85":0.8671875,"86":0.888671875,"87":0.861328125,"88":0.8720703125,"89":0.884765625,"90":0.859375,"91":0.8798828125,"92":0.8701171875,"93":0.890625,"94":0.8798828125},"f_1 Re":{"0":0.7770194817,"1":0.746556504,"2":0.7802412401,"3":0.7800505429,"4":0.7616081984,"5":0.7808031413,"6":0.7616149035,"7":0.7802961342,"8":0.7758708299,"9":0.7662603356,"10":0.7613237661,"11":0.7839060657,"12":0.7939631178,"13":0.7781202978,"14":0.7931200415,"15":0.7466330351,"16":0.7734201031,"17":0.785011026,"18":0.7757852001,"19":0.7541774937,"20":0.7665752582,"21":0.7622950492,"22":0.7640925059,"23":0.7540675248,"24":0.7489716145,"25":0.7749154909,"26":0.7665231272,"27":0.7631858184,"28":0.7770845733,"29":0.7617569525,"30":0.7845572322,"31":0.7386115507,"32":0.7786637047,"33":0.7661499595,"34":0.7592505993,"35":0.793069368,"36":0.7648411715,"37":0.7655907982,"38":0.7308661049,"39":0.753922628,"40":0.782312525,"41":0.7334554196,"42":0.795994752,"43":0.7333990481,"44":0.791681846,"45":0.752556221,"46":0.773442019,"47":0.7759933728,"48":0.7749547612,"49":0.7942219814,"50":0.7599541549,"51":0.7731196829,"52":0.7837415869,"53":0.7695289673,"54":0.7767287474,"55":0.7631027943,"56":0.7665905087,"57":0.7555919653,"58":0.775773964,"59":0.7965759232,"60":0.759172963,"61":0.7573156036,"62":0.7648466707,"63":0.7805082698,"64":0.7479444826,"65":0.7731274331,"66":0.7550041549,"67":0.7588277231,"68":0.7532937434,"69":0.7838691637,"70":0.7620991848,"71":0.7719360107,"72":0.7557211717,"73":0.7655640466,"74":0.7716472826,"75":0.7735721346,"76":0.7810999556,"77":0.7652175536,"78":0.7626242562,"79":0.7575510023,"80":0.7746343514,"81":0.7601805072,"82":0.7774027224,"83":0.796390081,"84":0.7812474075,"85":0.7949888914,"86":0.7764458197,"87":0.7473647799,"88":0.7552940931,"89":0.7654436121,"90":0.7658702717,"91":0.7859549886,"92":0.7905699949,"93":0.7845781167,"94":0.7644354727},"f_1 Im":{"0":-0.0486570689,"1":-0.0486296482,"2":-0.0638711082,"3":0.0413477296,"4":0.0447366553,"5":-0.0422291187,"6":0.031171735,"7":0.0630080337,"8":-0.0205052853,"9":-0.0309504315,"10":0.0497165219,"11":-0.0009288278,"12":0.0790614855,"13":-0.0193209669,"14":-0.0358596878,"15":-0.0358797462,"16":0.0650218882,"17":0.0010253953,"18":0.0313142264,"19":0.0987829118,"20":-0.0074557355,"21":0.0529873885,"22":0.0456709677,"23":0.0009707885,"24":0.0117756412,"25":-0.0647291127,"26":0.0605712249,"27":0.0151032731,"28":-0.0779015453,"29":0.0722192383,"30":0.0019437591,"31":-0.0334105003,"32":0.035079837,"33":-0.0397500435,"34":0.0615880042,"35":-0.0731683489,"36":0.0820538932,"37":0.0129524094,"38":-0.0830946516,"39":0.0945507449,"40":0.0373524014,"41":-0.1088915593,"42":0.0401250715,"43":0.1163506122,"44":-0.0704707011,"45":-0.060187951,"46":0.0012620232,"47":-0.0272298754,"48":-0.0045348769,"49":0.0143278518,"50":-0.0647231102,"51":0.0882339134,"52":0.0034213822,"53":-0.11124536,"54":0.0490540233,"55":-0.0891781969,"56":-0.0050527881,"57":0.0610551537,"58":0.0968742798,"59":-0.1427977287,"60":-0.0619863085,"61":0.0347117164,"62":-0.0459096072,"63":-0.068378024,"64":0.1263266506,"65":0.0258158619,"66":0.066599034,"67":-0.1014614038,"68":-0.0503381161,"69":-0.0138647418,"70":0.0327130436,"71":0.0512772095,"72":-0.0398247545,"73":0.0961101479,"74":-0.0761556016,"75":0.1258728131,"76":-0.0093060376,"77":0.0067682801,"78":0.0119463745,"79":-0.0700442001,"80":0.0900197085,"81":-0.0620771947,"82":-0.087285564,"83":-0.0185066852,"84":-0.002804555,"85":0.0462015635,"86":0.0623775639,"87":-0.014304594,"88":-0.0333710527,"89":-0.0043899343,"90":-0.0909573524,"91":-0.0257103978,"92":0.0480409069,"93":0.0115795434,"94":0.0011797204},"f_2 Re":{"0":0.767142268,"1":0.7716652097,"2":0.7723726444,"3":0.7696855121,"4":0.7518988813,"5":0.7719946006,"6":0.7501420907,"7":0.7628280112,"8":0.7635304412,"9":0.7834301512,"10":0.7631440885,"11":0.7840101452,"12":0.7379556976,"13":0.7458436193,"14":0.7549636952,"15":0.7871923201,"16":0.7904594709,"17":0.7698049965,"18":0.7709460527,"19":0.7584200459,"20":0.7442172374,"21":0.759329308,"22":0.7808828754,"23":0.7911500365,"24":0.7888839716,"25":0.7622431012,"26":0.7790799991,"27":0.7844135411,"28":0.7826771772,"29":0.7587661513,"30":0.764239857,"31":0.7848478773,"32":0.7717746545,"33":0.7808392144,"34":0.7699215279,"35":0.7847011429,"36":0.7442948753,"37":0.7868020997,"38":0.7370602714,"39":0.7619535315,"40":0.7873207925,"41":0.7526617602,"42":0.7788019763,"43":0.7207696735,"44":0.758789182,"45":0.7523337395,"46":0.7530995591,"47":0.7843359045,"48":0.7793615435,"49":0.7515621382,"50":0.773167182,"51":0.7576108748,"52":0.7567169201,"53":0.7348739984,"54":0.7414022669,"55":0.7446678532,"56":0.7743681511,"57":0.7686306944,"58":0.7282285313,"59":0.7198248806,"60":0.7692516154,"61":0.7879238022,"62":0.7728715861,"63":0.7364478695,"64":0.765755447,"65":0.7510556546,"66":0.7513381338,"67":0.7633115819,"68":0.7639448512,"69":0.7766002095,"70":0.7444063453,"71":0.7665745777,"72":0.7467985639,"73":0.7435949952,"74":0.7447485979,"75":0.7093077917,"76":0.7897016645,"77":0.7916810095,"78":0.7682541356,"79":0.7413429792,"80":0.7603252562,"81":0.7481556425,"82":0.7673989844,"83":0.7873923192,"84":0.7471260094,"85":0.761383828,"86":0.7810303574,"87":0.7701998717,"88":0.7640991696,"89":0.7680599013,"90":0.7615740273,"91":0.7821716721,"92":0.7384792866,"93":0.7818186282,"94":0.7788183545},"f_2 Im":{"0":-0.0803243408,"1":-0.1353425069,"2":-0.0876952246,"3":0.0234583085,"4":0.072255971,"5":-0.008066128,"6":0.0085964973,"7":0.1244982436,"8":-0.0401994021,"9":0.0353868356,"10":0.0507904226,"11":-0.0361168369,"12":0.1635383231,"13":0.0375730039,"14":-0.1074748959,"15":-0.0839904853,"16":0.0823692616,"17":-0.0387086361,"18":0.1113609233,"19":0.1040030895,"20":0.0048272645,"21":0.0942167918,"22":0.0595891649,"23":0.0132110009,"24":0.0210446971,"25":-0.1129612777,