{"sample_id":{"0":0,"1":1,"2":2,"3":3,"4":4,"5":5,"6":6,"7":7,"8":8,"9":9,"10":10,"11":11,"12":12,"13":13,"14":14,"15":15,"16":16,"17":17,"18":18,"19":19,"20":20,"21":21,"22":22,"23":23,"24":24,"25":25,"26":26,"27":27,"28":28,"29":29,"30":30,"31":31,"32":32,"33":33,"34":34,"35":35,"36":36,"37":37,"38":38,"39":39,"40":40,"41":41,"42":42,"43":43,"44":44,"45":45,"46":46,"47":47,"48":48,"49":49,"50":50,"51":51,"52":52,"53":53,"54":54,"55":55,"56":56,"57":57,"58":58,"59":59,"60":60,"61":61,"62":62,"63":63,"64":64,"65":65,"66":66,"67":67,"68":68,"69":69,"70":70,"71":71,"72":72,"73":73,"74":74,"75":75,"76":76,"77":77,"78":78,"79":79,"80":80,"81":81,"82":82,"83":83,"84":84,"85":85,"86":86,"87":87,"88":88,"89":89,"90":90,"91":91,"92":92,"93":93,"94":94},"f_0 Re":{"0":1.0,"1":1.0,"2":1.0,"3":1.0,"4":1.0,"5":1.0,"6":1.0,"7":1.0,"8":1.0,"9":1.0,"10":1.0,"11":1.0,"12":1.0,"13":1.0,"14":1.0,"15":1.0,"16":1.0,"17":1.0,"18":1.0,"19":1.0,"20":1.0,"21":1.0,"22":1.0,"23":1.0,"24":1.0,"25":1.0,"26":1.0,"27":1.0,"28":1.0,"29":1.0,"30":1.0,"31":1.0,"32":1.0,"33":1.0,"34":1.0,"35":1.0,"36":1.0,"37":1.0,"38":1.0,"39":1.0,"40":1.0,"41":1.0,"42":1.0,"43":1.0,"44":1.0,"45":1.0,"46":1.0,"47":1.0,"48":1.0,"49":1.0,"50":1.0,"51":1.0,"52":1.0,"53":1.0,"54":1.0,"55":1.0,"56":1.0,"57":1.0,"58":1.0,"59":1.0,"60":1.0,"61":1.0,"62":1.0,"63":1.0,"64":1.0,"65":1.0,"66":1.0,"67":1.0,"68":1.0,"69":1.0,"70":1.0,"71":1.0,"72":1.0,"73":1.0,"74":1.0,"75":1.0,"76":1.0,"77":1.0,"78":1.0,"79":1.0,"80":1.0,"81":1.0,"82":1.0,"83":1.0,"84":1.0,"85":1.0,"86":1.0,"87":1.0,"88":1.0,"89":1.0,"90":1.0,"91":1.0,"92":1.0,"93":1.0,"94":1.0},"f_1 Re":{"0":0.9938858074,"1":0.9799471162,"2":0.9946782851,"3":0.9936723346,"4":0.9742076476,"5":0.9952953114,"6":0.9965935534,"7":0.9769342989,"8":0.9954066197,"9":0.9756726182,"10":0.965247429,"11":0.9954186105,"12":0.9970318923,"13":0.9970746694,"14":0.9967049266,"15":0.9985884169,"16":0.9879614609,"17":0.9957453068,"18":0.9773413239,"19":0.9831748642,"20":0.9967378209,"21":0.9896777354,"22":0.9980809116,"23":0.9954103636,"24":0.995629955,"25":0.9875433048,"26":0.9903541695,"27":0.9746535187,"28":0.9893445736,"29":0.9916105394,"30":0.9939589096,"31":0.9945275942,"32":0.9481803612,"33":0.9907209554,"34":0.9770018965,"35":0.9998348177,"36":0.9738736701,"37":0.9924606585,"38":0.9914247707,"39":0.9997469824,"40":0.9900351443,"41":0.9896498745,"42":0.9840585216,"43":0.9890095488,"44":0.9979449013,"45":0.9757762898,"46":0.9696678937,"47":0.9698732349,"48":0.997288363,"49":0.996918591,"50":0.9810747299,"51":0.981386162,"52":0.9865400329,"53":0.9719368768,"54":0.9776587555,"55":0.9921394787,"56":0.9521614742,"57":0.9766075058,"58":0.9735175192,"59":0.9786442156,"60":0.9836709002,"61":0.985581939,"62":0.9805292833,"63":0.9760739151,"64":0.9909418343,"65":0.9779970603,"66":0.9978054958,"67":0.9999914216,"68":0.9758150571,"69":0.9905886652,"70":0.9968926404,"71":0.9977117454,"72":0.9928241955,"73":0.9885400351,"74":0.9892571626,"75":0.9872874511,"76":0.9763243817,"77":0.9870605556,"78":0.9891272311,"79":0.9644651081,"80":0.9793190093,"81":0.9994228583,"82":0.9963158792,"83":0.9954716259,"84":0.9951401771,"85":0.953644129,"86":0.9752957382,"87":0.9945759777,"88":0.985283724,"89":0.9913496233,"90":0.9943158667,"91":0.9855437687,"92":0.9999679397,"93":0.986831165,"94":0.978511576},"f_1 Im":{"0":-0.10873894,"1":-0.153726684,"2":0.0507414425,"3":-0.1047523869,"4":0.2016820109,"5":-0.0953679867,"6":-0.071404249,"7":0.1547051039,"8":0.001154236,"9":-0.1906409543,"10":0.2165576377,"11":0.095134362,"12":-0.0766123352,"13":-0.07384829,"14":-0.0558653725,"15":0.0396685454,"16":-0.1057945414,"17":0.020324432,"18":0.1924849925,"19":-0.1436761924,"20":-0.0801955376,"21":0.1369320271,"22":0.0076174992,"23":-0.0337958295,"24":-0.0420648985,"25":-0.1433944696,"26":0.1061608862,"27":0.200932183,"28":-0.0689065369,"29":-0.0736709692,"30":0.0908596548,"31":0.0838601579,"32":-0.2903889507,"33":0.0466783832,"34":0.154668265,"35":-0.0088024153,"36":0.1889584082,"37":-0.1063701275,"38":0.0677920391,"39":0.0071838592,"40":0.1327448286,"41":0.0009434097,"42":-0.1387830222,"43":-0.1059637097,"44":-0.0423591029,"45":0.1653178467,"46":-0.2065898742,"47":0.2013630707,"48":0.0083191651,"49":-0.0760682509,"50":0.1487022564,"51":-0.147804274,"52":0.1556743098,"53":-0.2007921431,"54":-0.1524234709,"55":0.0705401941,"56":0.2707738753,"57":-0.2009740439,"58":-0.1789080495,"59":0.1652146771,"60":0.131267104,"61":0.1461062004,"62":-0.1497689757,"63":0.169182094,"64":0.0855683478,"65":0.2062746239,"66":-0.0290265018,"67":0.0041355294,"68":-0.2016278367,"69":-0.0685079481,"70":0.0745421731,"71":0.0039262983,"72":-0.0207407911,"73":-0.137418969,"74":0.0321508112,"75":-0.0567614779,"76":-0.1776639983,"77":0.0664338301,"78":0.1119753432,"79":-0.2169852843,"80":0.1796590088,"81":0.0069113121,"82":0.0812441994,"83":0.0822435653,"84":-0.0586700209,"85":0.2841193202,"86":0.2189178954,"87":-0.0853183677,"88":-0.1350535648,"89":-0.053170195,"90":-0.0320283729,"91":0.1596379556,"92":0.007880429,"93":-0.0759791741,"94":-0.1906168524},"f_2 Re":{"0":0.9756217354,"1":0.9208810246,"2":0.9788694801,"3":0.9747912299,"4":0.8991296656,"5":0.9812535206,"6":0.9864133946,"7":0.9106255211,"8":0.9817328231,"9":0.9052816544,"10":0.8657532525,"11":0.9817170543,"12":0.9881493622,"13":0.9883184769,"14":0.9868721493,"15":0.9943733852,"16":0.9526090222,"17":0.9831394398,"18":0.9111479601,"19":0.9343117311,"20":0.9869730123,"21":0.9590543128,"22":0.992396715,"23":0.9817429164,"24":0.9827104524,"25":0.950693491,"26":0.9619302404,"27":0.9003113945,"28":0.9582212025,"29":0.9667278357,"30":0.975937725,"31":0.9782332638,"32":0.8027521279,"33":0.9639930428,"34":0.9103510557,"35":0.9993406125,"36":0.8974497185,"37":0.9701196991,"38":0.9660353184,"39":0.9989929301,"40":0.9603877008,"41":0.9588283023,"42":0.9381242474,"43":0.9563928193,"44":0.9917908391,"45":0.9048382799,"46":0.8815242758,"47":0.8830174721,"48":0.9891811633,"49":0.9877132444,"50":0.9258325825,"51":0.9266490497,"52":0.9466578995,"53":0.8897778151,"54":0.9131814361,"55":0.9689492245,"56":0.8151240265,"57":0.9077809631,"58":0.8979619343,"59":0.9180287567,"60":0.9364891109,"61":0.9430628515,"62":0.9234990189,"63":0.9058768379,"64":0.9640843687,"65":0.9130566945,"66":0.9912688408,"67":0.9999656877,"68":0.9060983952,"69":0.9625986732,"70":0.9875982935,"71":0.9909629539,"72":0.9716203176,"73":0.9546133477,"74":0.9573562429,"75":0.94968562,"76":0.9079150175,"77":0.9487996692,"78":0.9573810785,"79":0.8631536568,"80":0.9188290105,"81":0.9977101119,"82":0.9853007417,"83":0.982017401,"84":0.9807737841,"85":0.8203287519,"86":0.9024333407,"87":0.9784604672,"88":0.9419233848,"89":0.9667391688,"90":0.9781231767,"91":0.942755807,"92":0.9998717838,"93":0.948105643,"94":0.9155929944},"f_2 Im":{"0":-0.2161409275,"1":-0.2996979684,"2":0.1004049677,"3":-0.2080294981,"4":0.3886407699,"5":-0.1897229453,"6":-0.1423907363,"7":0.2940502077,"8":0.0015749713,"9":-0.3667374757,"10":0.4085281816,"11":0.1893922638,"12":-0.1527499596,"13":-0.1472682196,"14":-0.1115508578,"15":0.0790909441,"16":-0.205900241,"17":0.0409648266,"18":0.3729471035,"19":-0.2777128275,"20":-0.1598606856,"21":0.2703846461,"22":0.0156289808,"23":-0.0663491117,"24":-0.082992146,"25":-0.2819557023,"26":0.2080606284,"27":0.3890875129,"28":-0.1328018553,"29":-0.1443085239,"30":0.1804089504,"31":0.1661399775,"32":-0.5393343628,"33":0.0876882509,"34":0.2953150173,"35":-0.0175966251,"36":0.3642606389,"37":-0.2101085297,"38":0.1329808422,"39":0.0143084332,"40":0.2624890012,"41":0.0024158309,"42":-0.2677122322,"43":-0.2090424441,"44":-0.0844729587,"45":0.3189818619,"46":-0.3950576033,"47":0.3827727528,"48":0.0168317481,"49":-0.1515619884,"50":0.2874136154,"51":-0.2867182059,"52":0.306384099,"53":-0.387469622,"54":-0.2903426298,"55":0.1378748901,"56":0.5072953263,"57":-0.3910299608,"58":-0.3388574,"59":0.315443447,"60":0.2524599667,"61":0.2859412961,"62":-0.2894906958,"63":0.3268208833,"64":0.1701606761,"65":0.4030689472,"66":-0.0576917979,