{
    "sample0": {
        "f_0": 0.01025390625,
        "f_1": 0.17529296875,
        "f_2": 0.3203125,
        "f_3": 0.2568359375,
        "f_4": 0.2060546875,
        "f_5": 0.244140625,
        "f_6": 0.169921875,
        "f_7": 0.036865234375,
        "f_8": 0.10009765625,
        "f_9": 0.28857421875,
        "f_10": 0.209716796875
    },
    "sample1": {
        "f_0": 0.010009765625,
        "f_1": 0.17236328125,
        "f_2": 0.390380859375,
        "f_3": 0.33642578125,
        "f_4": 0.13427734375,
        "f_5": 0.114990234375,
        "f_6": 0.18896484375,
        "f_7": 0.176025390625,
        "f_8": 0.218505859375,
        "f_9": 0.32568359375,
        "f_10": 0.2548828125
    },
    "sample2": {
        "f_0": 0.010986328125,
        "f_1": 0.0341796875,
        "f_2": 0.1064453125,
        "f_3": 0.242431640625,
        "f_4": 0.211669921875,
        "f_5": 0.105224609375,
        "f_6": 0.083251953125,
        "f_7": 0.1083984375,
        "f_8": 0.21826171875,
        "f_9": 0.371826171875,
        "f_10": 0.390380859375
    },
    "sample3": {
        "f_0": 0.009765625,
        "f_1": 0.08349609375,
        "f_2": 0.19580078125,
        "f_3": 0.3447265625,
        "f_4": 0.402587890625,
        "f_5": 0.204345703125,
        "f_6": 0.072998046875,
        "f_7": 0.083984375,
        "f_8": 0.26708984375,
        "f_9": 0.40234375,
        "f_10": 0.38427734375
    },
    "sample4": {
        "f_0": 0.010986328125,
        "f_1": 0.023681640625,
        "f_2": 0.051513671875,
        "f_3": 0.0625,
        "f_4": 0.0791015625,
        "f_5": 0.10107421875,
        "f_6": 0.135009765625,
        "f_7": 0.195556640625,
        "f_8": 0.233154296875,
        "f_9": 0.283203125,
        "f_10": 0.28173828125
    },
    "sample5": {
        "f_0": 0.010498046875,
        "f_1": 0.189697265625,
        "f_2": 0.2919921875,
        "f_3": 0.186767578125,
        "f_4": 0.196044921875,
        "f_5": 0.193603515625,
        "f_6": 0.08349609375,
        "f_7": 0.14404296875,
        "f_8": 0.28125,
        "f_9": 0.1337890625,
        "f_10": 0.0478515625
    },
    "sample6": {
        "f_0": 0.0087890625,
        "f_1": 0.157958984375,
        "f_2": 0.3232421875,
        "f_3": 0.250732421875,
        "f_4": 0.275634765625,
        "f_5": 0.349609375,
        "f_6": 0.207763671875,
        "f_7": 0.04150390625,
        "f_8": 0.13818359375,
        "f_9": 0.236572265625,
        "f_10": 0.17333984375
    },
    "sample7": {
        "f_0": 0.0107421875,
        "f_1": 0.045166015625,
        "f_2": 0.09375,
        "f_3": 0.123779296875,
        "f_4": 0.175537109375,
        "f_5": 0.39453125,
        "f_6": 0.49267578125,
        "f_7": 0.388427734375,
        "f_8": 0.272705078125,
        "f_9": 0.336669921875,
        "f_10": 0.2099609375
    },
    "sample8": {
        "f_0": 0.00830078125,
        "f_1": 0.05615234375,
        "f_2": 0.132080078125,
        "f_3": 0.2626953125,
        "f_4": 0.34423828125,
        "f_5": 0.388671875,
        "f_6": 0.35400390625,
        "f_7": 0.277099609375,
        "f_8": 0.18115234375,
        "f_9": 0.1103515625,
        "f_10": 0.063232421875
    },
    "sample9": {
        "f_0": 0.01025390625,
        "f_1": 0.0546875,
        "f_2": 0.13671875,
        "f_3": 0.13720703125,
        "f_4": 0.134521484375,
        "f_5": 0.310302734375,
        "f_6": 0.507568359375,
        "f_7": 0.401123046875,
        "f_8": 0.30810546875,
        "f_9": 0.309814453125,
        "f_10": 0.235595703125
    },
    "sample10": {
        "f_0": 0.008056640625,
        "f_1": 0.02392578125,
        "f_2": 0.0546875,
        "f_3": 0.056640625,
        "f_4": 0.094970703125,
        "f_5": 0.1650390625,
        "f_6": 0.251953125,
        "f_7": 0.297119140625,
        "f_8": 0.265380859375,
        "f_9": 0.259765625,
        "f_10": 0.30908203125
    },
    "sample11": {
        "f_0": 0.0078125,
        "f_1": 0.10107421875,
        "f_2": 0.271728515625,
        "f_3": 0.29638671875,
        "f_4": 0.171630859375,
        "f_5": 0.1396484375,
        "f_6": 0.21533203125,
        "f_7": 0.352783203125,
        "f_8": 0.323974609375,
        "f_9": 0.22119140625,
        "f_10": 0.169189453125
    },
    "sample12": {
        "f_0": 0.00732421875,
        "f_1": 0.1640625,
        "f_2": 0.333984375,
        "f_3": 0.242431640625,
        "f_4": 0.24951171875,
        "f_5": 0.268310546875,
        "f_6": 0.09814453125,
        "f_7": 0.064697265625,
        "f_8": 0.240234375,
        "f_9": 0.227783203125,
        "f_10": 0.10302734375
    },
    "sample13": {
        "f_0": 0.00732421875,
        "f_1": 0.121826171875,
        "f_2": 0.278564453125,
        "f_3": 0.31689453125,
        "f_4": 0.177001953125,
        "f_5": 0.13623046875,
        "f_6": 0.18310546875,
        "f_7": 0.1787109375,
        "f_8": 0.144287109375,
        "f_9": 0.12353515625,
        "f_10": 0.2353515625
    },
    "sample14": {
        "f_0": 0.008056640625,
        "f_1": 0.142578125,
        "f_2": 0.31103515625,
        "f_3": 0.35546875,
        "f_4": 0.25537109375,
        "f_5": 0.189208984375,
        "f_6": 0.203125,
        "f_7": 0.185302734375,
        "f_8": 0.105712890625,
        "f_9": 0.11572265625,
        "f_10": 0.269775390625
    },
    "sample15": {
        "f_0": 0.0087890625,
        "f_1": 0.02685546875,
        "f_2": 0.072998046875,
        "f_3": 0.172607421875,
        "f_4": 0.26416015625,
        "f_5": 0.277099609375,
        "f_6": 0.14794921875,
        "f_7": 0.094970703125,
        "f_8": 0.09765625,
        "f_9": 0.137939453125,
        "f_10": 0.1865234375
    },
    "sample16": {
        "f_0": 0.008544921875,
        "f_1": 0.02099609375,
        "f_2": 0.05615234375,
        "f_3": 0.0810546875,
        "f_4": 0.0986328125,
        "f_5": 0.144775390625,
        "f_6": 0.272705078125,
        "f_7": 0.399658203125,
        "f_8": 0.410888671875,
        "f_9": 0.327392578125,
        "f_10": 0.310302734375
    },
    "sample17": {
        "f_0": 0.0078125,
        "f_1": 0.073974609375,
        "f_2": 0.2451171875,
        "f_3": 0.41943359375,
        "f_4": 0.3583984375,
        "f_5": 0.20654296875,
        "f_6": 0.099365234375,
        "f_7": 0.1123046875,
        "f_8": 0.130615234375,
        "f_9": 0.12841796875,
        "f_10": 0.156005859375
    },
    "sample18": {
        "f_0": 0.01025390625,
        "f_1": 0.033935546875,
        "f_2": 0.077392578125,
        "f_3": 0.096923828125,
        "f_4": 0.127685546875,
        "f_5": 0.162841796875,
        "f_6": 0.192138671875,
        "f_7": 0.2451171875,
        "f_8": 0.330078125,
        "f_9": 0.3232421875,
        "f_10": 0.323974609375
    },
    "sample19": {
        "f_0": 0.009033203125,
        "f_1": 0.0498046875,
        "f_2": 0.10302734375,
        "f_3": 0.11328125,
        "f_4": 0.125244140625,
        "f_5": 0.207275390625,
        "f_6": 0.3544921875,
        "f_7": 0.38916015625,
        "f_8": 0.27490234375,
        "f_9": 0.13720703125,
        "f_10": 0.1728515625
    },
    "sample20": {
        "f_0": 0.01025390625,
        "f_1": 0.041748046875,
        "f_2": 0.111328125,
        "f_3": 0.20947265625,
        "f_4": 0.265869140625,
        "f_5": 0.2705078125,
        "f_6": 0.254150390625,
        "f_7": 0.2353515625,
        "f_8": 0.14794921875,
        "f_9": 0.1083984375,
        "f_10": 0.071533203125
    },
    "sample21": {
        "f_0": 0.00830078125,
        "f_1": 0.0703125,
        "f_2": 0.224365234375,
        "f_3": 0.246337890625,
        "f_4": 0.20068359375,
        "f_5": 0.126220703125,
        "f_6": 0.13427734375,
        "f_7": 0.25439453125,
        "f_8": 0.401123046875,
        "f_9": 0.492431640625,
        "f_10": 0.403564453125
    },
    "sample22": {
        "f_0": 0.009033203125,
        "f_1": 0.071533203125,
        "f_2": 0.1728515625,
        "f_3": 0.13037109375,
        "f_4": 0.0400390625,
        "f_5": 0.08447265625,
        "f_6": 0.30615234375,