{
    "sample0": {
        "f_0": 0.505859375,
        "f_1": 0.673583984375,
        "f_2": 0.429443359375,
        "f_3": 0.219970703125,
        "f_4": 0.183349609375,
        "f_5": 0.113525390625,
        "f_6": 0.07275390625,
        "f_7": 0.310791015625,
        "f_8": 0.466552734375,
        "f_9": 0.291748046875,
        "f_10": 0.117431640625
    },
    "sample1": {
        "f_0": 0.5048828125,
        "f_1": 0.640869140625,
        "f_2": 0.369873046875,
        "f_3": 0.128662109375,
        "f_4": 0.18798828125,
        "f_5": 0.3564453125,
        "f_6": 0.40087890625,
        "f_7": 0.308349609375,
        "f_8": 0.2373046875,
        "f_9": 0.13330078125,
        "f_10": 0.0634765625
    },
    "sample2": {
        "f_0": 0.48681640625,
        "f_1": 0.343994140625,
        "f_2": 0.2041015625,
        "f_3": 0.146240234375,
        "f_4": 0.130126953125,
        "f_5": 0.181640625,
        "f_6": 0.2861328125,
        "f_7": 0.2236328125,
        "f_8": 0.1259765625,
        "f_9": 0.068115234375,
        "f_10": 0.070556640625
    },
    "sample3": {
        "f_0": 0.510986328125,
        "f_1": 0.586669921875,
        "f_2": 0.420654296875,
        "f_3": 0.193603515625,
        "f_4": 0.057861328125,
        "f_5": 0.0771484375,
        "f_6": 0.194580078125,
        "f_7": 0.321044921875,
        "f_8": 0.3857421875,
        "f_9": 0.296630859375,
        "f_10": 0.162353515625
    },
    "sample4": {
        "f_0": 0.4921875,
        "f_1": 0.533447265625,
        "f_2": 0.565185546875,
        "f_3": 0.5517578125,
        "f_4": 0.523681640625,
        "f_5": 0.523681640625,
        "f_6": 0.501953125,
        "f_7": 0.5126953125,
        "f_8": 0.456298828125,
        "f_9": 0.36865234375,
        "f_10": 0.294921875
    },
    "sample5": {
        "f_0": 0.50537109375,
        "f_1": 0.078857421875,
        "f_2": 0.143310546875,
        "f_3": 0.25048828125,
        "f_4": 0.256103515625,
        "f_5": 0.38623046875,
        "f_6": 0.376708984375,
        "f_7": 0.1298828125,
        "f_8": 0.258544921875,
        "f_9": 0.4912109375,
        "f_10": 0.268798828125
    },
    "sample6": {
        "f_0": 0.501708984375,
        "f_1": 0.702392578125,
        "f_2": 0.47265625,
        "f_3": 0.291259765625,
        "f_4": 0.31396484375,
        "f_5": 0.1806640625,
        "f_6": 0.0673828125,
        "f_7": 0.3017578125,
        "f_8": 0.483154296875,
        "f_9": 0.33935546875,
        "f_10": 0.26513671875
    },
    "sample7": {
        "f_0": 0.498046875,
        "f_1": 0.517822265625,
        "f_2": 0.432861328125,
        "f_3": 0.344970703125,
        "f_4": 0.37109375,
        "f_5": 0.33984375,
        "f_6": 0.20068359375,
        "f_7": 0.1044921875,
        "f_8": 0.08056640625,
        "f_9": 0.094970703125,
        "f_10": 0.06005859375
    },
    "sample8": {
        "f_0": 0.513916015625,
        "f_1": 0.6201171875,
        "f_2": 0.583251953125,
        "f_3": 0.508544921875,
        "f_4": 0.397216796875,
        "f_5": 0.26025390625,
        "f_6": 0.125244140625,
        "f_7": 0.04638671875,
        "f_8": 0.083740234375,
        "f_9": 0.150146484375,
        "f_10": 0.218017578125
    },
    "sample9": {
        "f_0": 0.5068359375,
        "f_1": 0.24658203125,
        "f_2": 0.199462890625,
        "f_3": 0.3046875,
        "f_4": 0.206787109375,
        "f_5": 0.151611328125,
        "f_6": 0.2958984375,
        "f_7": 0.3798828125,
        "f_8": 0.302490234375,
        "f_9": 0.2900390625,
        "f_10": 0.35400390625
    },
    "sample10": {
        "f_0": 0.49951171875,
        "f_1": 0.487548828125,
        "f_2": 0.42333984375,
        "f_3": 0.3525390625,
        "f_4": 0.376953125,
        "f_5": 0.3916015625,
        "f_6": 0.333740234375,
        "f_7": 0.298583984375,
        "f_8": 0.244384765625,
        "f_9": 0.295654296875,
        "f_10": 0.335205078125
    },
    "sample11": {
        "f_0": 0.498779296875,
        "f_1": 0.18603515625,
        "f_2": 0.0576171875,
        "f_3": 0.1650390625,
        "f_4": 0.253662109375,
        "f_5": 0.201416015625,
        "f_6": 0.11083984375,
        "f_7": 0.16650390625,
        "f_8": 0.274658203125,
        "f_9": 0.31396484375,
        "f_10": 0.243408203125
    },
    "sample12": {
        "f_0": 0.487548828125,
        "f_1": 0.099365234375,
        "f_2": 0.126220703125,
        "f_3": 0.23583984375,
        "f_4": 0.214111328125,
        "f_5": 0.408203125,
        "f_6": 0.482421875,
        "f_7": 0.242919921875,
        "f_8": 0.078369140625,
        "f_9": 0.252197265625,
        "f_10": 0.23193359375
    },
    "sample13": {
        "f_0": 0.50830078125,
        "f_1": 0.682861328125,
        "f_2": 0.53515625,
        "f_3": 0.294677734375,
        "f_4": 0.16455078125,
        "f_5": 0.226806640625,
        "f_6": 0.267578125,
        "f_7": 0.1787109375,
        "f_8": 0.170166015625,
        "f_9": 0.241455078125,
        "f_10": 0.2763671875
    },
    "sample14": {
        "f_0": 0.516845703125,
        "f_1": 0.69873046875,
        "f_2": 0.537109375,
        "f_3": 0.2626953125,
        "f_4": 0.13330078125,
        "f_5": 0.15673828125,
        "f_6": 0.17578125,
        "f_7": 0.1533203125,
        "f_8": 0.213623046875,
        "f_9": 0.350341796875,
        "f_10": 0.431640625
    },
    "sample15": {
        "f_0": 0.50634765625,
        "f_1": 0.496337890625,
        "f_2": 0.37451171875,
        "f_3": 0.32080078125,
        "f_4": 0.2822265625,
        "f_5": 0.30126953125,
        "f_6": 0.309326171875,
        "f_7": 0.383056640625,
        "f_8": 0.473388671875,
        "f_9": 0.466796875,
        "f_10": 0.358154296875
    },
    "sample16": {
        "f_0": 0.50390625,
        "f_1": 0.369140625,
        "f_2": 0.272216796875,
        "f_3": 0.27783203125,
        "f_4": 0.249267578125,
        "f_5": 0.17578125,
        "f_6": 0.115966796875,
        "f_7": 0.136962890625,
        "f_8": 0.18115234375,
        "f_9": 0.174072265625,
        "f_10": 0.1064453125
    },
    "sample17": {
        "f_0": 0.488525390625,
        "f_1": 0.21533203125,
        "f_2": 0.13330078125,
        "f_3": 0.31396484375,
        "f_4": 0.39990234375,
        "f_5": 0.355712890625,
        "f_6": 0.27587890625,
        "f_7": 0.302734375,
        "f_8": 0.354736328125,
        "f_9": 0.370849609375,
        "f_10": 0.232177734375
    },
    "sample18": {
        "f_0": 0.512451171875,
        "f_1": 0.569091796875,
        "f_2": 0.590087890625,
        "f_3": 0.531494140625,
        "f_4": 0.48583984375,
        "f_5": 0.449462890625,
        "f_6": 0.4404296875,
        "f_7": 0.4228515625,
        "f_8": 0.345947265625,
        "f_9": 0.218017578125,
        "f_10": 0.141845703125
    },
    "sample19": {
        "f_0": 0.513427734375,
        "f_1": 0.273193359375,
        "f_2": 0.15966796875,
        "f_3": 0.201171875,
        "f_4": 0.178466796875,
        "f_5": 0.1337890625,
        "f_6": 0.230224609375,
        "f_7": 0.460693359375,
        "f_8": 0.57080078125,
        "f_9": 0.44091796875,
        "f_10": 0.441650390625
    },
    "sample20": {
        "f_0": 0.50830078125,
        "f_1": 0.60546875,
        "f_2": 0.66015625,
        "f_3": 0.62841796875,
        "f_4": 0.524169921875,
        "f_5": 0.399169921875,
        "f_6": 0.27197265625,
        "f_7": 0.173583984375,
        "f_8": 0.17919921875,
        "f_9": 0.19091796875,
        "f_10": 0.219970703125
    },
    "sample21": {
        "f_0": 0.5029296875,
        "f_1": 0.64306640625,
        "f_2": 0.628173828125,
        "f_3": 0.47607421875,
        "f_4": 0.2958984375,
        "f_5": 0.2783203125,
        "f_6": 0.417724609375,
        "f_7": 0.527099609375,
        "f_8": 0.527587890625,
        "f_9": 0.380859375,
        "f_10": 0.196044921875
    },
    "sample22": {
        "f_0": 0.497314453125,
        "f_1": 0.197021484375,
        "f_2": 0.168701171875,
        "f_3": 0.3642578125,
        "f_4": 0.35693359375,