{"sample0": {"f_0": 0, "f_1": 0.15935899111815802, "f_2": 0.3423834806959829, "f_3": 0.2832919574827336, "f_4": 0.23555543131671627, "f_5": 0.30365799771982205, "f_6": 0.2071972995103101, "f_7": 0.019798289194368303, "f_8": 0.11569145468240095, "f_9": 0.33990357755270895, "f_10": 0.28520646048374887}, "sample1": {"f_0": 0, "f_1": 0.18808349189858614, "f_2": 0.4278639528420197, "f_3": 0.2924637959198284, "f_4": 0.09352478746467942, "f_5": 0.15957589064323022, "f_6": 0.20891716092686485, "f_7": 0.18843457256384458, "f_8": 0.33326832975756016, "f_9": 0.48639960514189035, "f_10": 0.26414960654502356}, "sample2": {"f_0": 0, "f_1": 0.015319087115584253, "f_2": 0.11430272796426431, "f_3": 0.23848519620820227, "f_4": 0.22069595461270533, "f_5": 0.11625117295568352, "f_6": 0.06594605086752825, "f_7": 0.10580556265663386, "f_8": 0.2830096280061721, "f_9": 0.5132805005820263, "f_10": 0.5628890562831016}, "sample3": {"f_0": 0, "f_1": 0.06612528391011047, "f_2": 0.22414352534818588, "f_3": 0.3557273153568242, "f_4": 0.33224304346404165, "f_5": 0.1609214226234872, "f_6": 0.02778267213908502, "f_7": 0.10602955144505483, "f_8": 0.331624848909002, "f_9": 0.4587743828355555, "f_10": 0.3531895494040701}, "sample4": {"f_0": 0, "f_1": 0.003549954409351506, "f_2": 0.012510372697733488, "f_3": 0.02354119075464565, "f_4": 0.03541678174197791, "f_5": 0.05146318420949452, "f_6": 0.07782292445731649, "f_7": 0.11802115586500635, "f_8": 0.16825508886664925, "f_9": 0.21851477750061324, "f_10": 0.2600955874273843}, "sample5": {"f_0": 0, "f_1": 0.1885226107115312, "f_2": 0.33237902702756494, "f_3": 0.21061425516044113, "f_4": 0.22269608625340268, "f_5": 0.24410289705014135, "f_6": 0.07560855578012171, "f_7": 0.13586514511260492, "f_8": 0.33257749046739943, "f_9": 0.17182971419640916, "f_10": 0.01651946074591921}, "sample6": {"f_0": 0, "f_1": 0.1357068950588516, "f_2": 0.2898083288442381, "f_3": 0.26529624046334344, "f_4": 0.29526392603072893, "f_5": 0.3895444966453141, "f_6": 0.25898107183585617, "f_7": 0.03953423090427809, "f_8": 0.08202338021296895, "f_9": 0.2252351788170724, "f_10": 0.2160163973167801}, "sample7": {"f_0": 0, "f_1": 0.025588892090185982, "f_2": 0.06413493344188399, "f_3": 0.08855651082495963, "f_4": 0.18917179226357553, "f_5": 0.38648629970574355, "f_6": 0.4907008918109824, "f_7": 0.4673611209393279, "f_8": 0.4968222097623559, "f_9": 0.5081811817148109, "f_10": 0.3490772925356256}, "sample8": {"f_0": 0, "f_1": 0.029961553818737337, "f_2": 0.12307264988238324, "f_3": 0.26357475848830786, "f_4": 0.39038353367185935, "f_5": 0.4337048498440488, "f_6": 0.37857227384819536, "f_7": 0.26984758097521616, "f_8": 0.15767261731779475, "f_9": 0.06505615680188877, "f_10": 0.010303397725797648}, "sample9": {"f_0": 0, "f_1": 0.03362948712811476, "f_2": 0.09462481751555561, "f_3": 0.10343673800048664, "f_4": 0.14553730338981516, "f_5": 0.3602806496194302, "f_6": 0.5382329888430325, "f_7": 0.4988053001643531, "f_8": 0.47115022400947953, "f_9": 0.4935126004329158, "f_10": 0.34280574784827794}, "sample10": {"f_0": 0, "f_1": 0.0030589942378764982, "f_2": 0.015010468064222125, "f_3": 0.0316555641009991, "f_4": 0.06058581858296923, "f_5": 0.13554025886424725, "f_6": 0.2393502400251991, "f_7": 0.299959457152981, "f_8": 0.3195382306267463, "f_9": 0.35817128463050907, "f_10": 0.38452889535412565}, "sample11": {"f_0": 0, "f_1": 0.08408453323397234, "f_2": 0.2350263754037058, "f_3": 0.2794701446066445, "f_4": 0.19055750457845033, "f_5": 0.10842207216274027, "f_6": 0.14647035934702743, "f_7": 0.25006505284557373, "f_8": 0.289492459911828, "f_9": 0.24324724264243508, "f_10": 0.21262049998513594}, "sample12": {"f_0": 0, "f_1": 0.16053280668430744, "f_2": 0.3191848435735063, "f_3": 0.2485025878166423, "f_4": 0.2482294254440123, "f_5": 0.30450473423942603, "f_6": 0.14194150613541798, "f_7": 0.012020866665425132, "f_8": 0.16097253962067792, "f_9": 0.23262692950932248, "f_10": 0.1067860455065314}, "sample13": {"f_0": 0, "f_1": 0.10815291541517588, "f_2": 0.289883463336576, "f_3": 0.3212604888704744, "f_4": 0.20609318639488305, "f_5": 0.13735343438306205, "f_6": 0.19166889916622645, "f_7": 0.23613158569708181, "f_8": 0.17891034444795204, "f_9": 0.14322086773928883, "f_10": 0.2634538333862402}, "sample14": {"f_0": 0, "f_1": 0.12251160544574115, "f_2": 0.3364465557321497, "f_3": 0.38829560048866635, "f_4": 0.2689292873515704, "f_5": 0.19525449599913047, "f_6": 0.2409326695415094, "f_7": 0.2334232608154359, "f_8": 0.11574161259843421, "f_9": 0.10640399455973551, "f_10": 0.3166286032801957}, "sample15": {"f_0": 0, "f_1": 0.008224031410541809, "f_2": 0.06512819239299018, "f_3": 0.18707261904058745, "f_4": 0.2899130339061896, "f_5": 0.27977454198380436, "f_6": 0.18425408800195225, "f_7": 0.10798938375613631, "f_8": 0.09680523197545235, "f_9": 0.1337513377036831, "f_10": 0.2293488378634399}, "sample16": {"f_0": 0, "f_1": 0.007650339018739627, "f_2": 0.03372394267719206, "f_3": 0.06302184901086935, "f_4": 0.08621101308250283, "f_5": 0.16074470955087894, "f_6": 0.31807028832580325, "f_7": 0.4512494700219577, "f_8": 0.4591637304573569, "f_9": 0.4160885984622284, "f_10": 0.42586840370490564}, "sample17": {"f_0": 0, "f_1": 0.06077373455468581, "f_2": 0.2667195315269887, "f_3": 0.44134810247731904, "f_4": 0.34991025421323474, "f_5": 0.15905492646101344, "f_6": 0.09478950264309756, "f_7": 0.12056713311260657, "f_8": 0.14639401140631203, "f_9": 0.12110820815162177, "f_10": 0.14274393891594356}, "sample18": {"f_0": 0, "f_1": 0.012347598925158463, "f_2": 0.04129491812151075, "f_3": 0.07021887370040332, "f_4": 0.0901042507033889, "f_5": 0.10935489990899833, "f_6": 0.14727881648438496, "f_7": 0.2153740108201159, "f_8": 0.30232535789308645, "f_9": 0.37726889212464754, "f_10": 0.4110723248914211}, "sample19": {"f_0": 0, "f_1": 0.04140719654702972, "f_2": 0.09956345087623002, "f_3": 0.10188577053701019, "f_4": 0.1186082438478346, "f_5": 0.24569351363878644, "f_6": 0.4012153843300093, "f_7": 0.4166557514346281, "f_8": 0.30815268597139117, "f_9": 0.2509874124906498, "f_10": 0.27928096319322654}, "sample20": {"f_0": 0, "f_1": 0.025854895462615397, "f_2": 0.09484137503770952, "f_3": 0.1842252951419958, "f_4": 0.26503866388625347, "f_5": 0.3120785166695217, "f_6": 0.3124085487816219, "f_7": 0.26936143241746957, "f_8": 0.20070169436887048, "f_9": 0.13174920721989483, "f_10": 0.08609223663495151}, "sample21": {"f_0": 0, "f_1": 0.045538650404039996, "f_2": 0.1411519131657539, "f_3": 0.20275487682101567, "f_4": 0.18357005531064635, "f_5": 0.12061867336637774, "f_6": 0.10293016143128557, "f_7": 0.189351881743596, "f_8": 0.35062050585177396, "f_9": 0.488722351344551, "f_10": 0.5168102229493277}, "sample22": {"f_0": 0, "f_1": 0.06890615114284772, "f_2": 0.15692668906007212, "f_3": 0.11231084875745696, "f_4": 0.023499908537767383, "f_5": 0.08942616594122708, "f_6": 0.27403287473135396, "f_7": 0.33151241518682123, "f_8": 0.20401670243653383, "f_9": 0.13382215330737673, "f_10": 0.26868184187298344}, "sample23": {"f_0": 0, "f_1": 0.011359473979913813, "f_2": 0.04213131537931501, "f_3": 0.0852491736155412, "f_4": 0.13580418998611637, "f_5": 0.1944680139484134, "f_6": 0.2649791563599317, "f_7": 0.3476187318231006, "f_8": 0.4345083818118175, "f_9": 0.5114452768793071, "f_10": 0.5655891478260049}, "sample24": {"f_0": 0, "f_1": 0.01991232652621821, "f_2": 0.13030154220329793, "f_3": 0.16183395479663723, "f_4": 0.1277923386034904, "f_5": 0.236746410474579, "f_6": 0.2265558249430849, "f_7": 0.08868980061520756, "f_8": 0.04539427115494251, "f_9": 0.14740793395261131, "f_10": 0.40630953954854104}, "sample25": {"f_0": 0, "f_1": 0.0024143943631296117, "f_2": 0.017070156078294565, "f_3": 0.050995361038012416, "f_4": 0.09013736540309672, "f_5": 0.1106702721698669, "f_6": 0.1137498598474997, "f_7": 0.13476131304815434, "f_8": 0.2047106737825885, "f_9": 0.30534941639907326, "f_10": 0.37560246845660267}, "sample26": {"f_0": 0, "f_1": 0.022647723703780175, "f_2": 0.0779174830641809, "f_3": 0.14079909118359585, "f_4": 0.19905609275627603,