{"sample0": {"f_0": 0.4999999999999998, "f_1": 0.099485561067601, "f_2": 0.09963593311579855, "f_3": 0.2721401065349974, "f_4": 0.28061107143510233, "f_5": 0.39823884797878306, "f_6": 0.636958269792223, "f_7": 0.5053428755828993, "f_8": 0.13746419595762055, "f_9": 0.15527438175911054, "f_10": 0.40856674277372956}, "sample1": {"f_0": 0.4999999999999998, "f_1": 0.07565902932791285, "f_2": 0.16335577290868003, "f_3": 0.4176981392615989, "f_4": 0.3114546569516675, "f_5": 0.14413227873434228, "f_6": 0.17487295677549014, "f_7": 0.18705879469872597, "f_8": 0.17540312514282483, "f_9": 0.45503923262352103, "f_10": 0.6834715008153421}, "sample2": {"f_0": 0.4999999999999998, "f_1": 0.4912809911173773, "f_2": 0.4326221247599082, "f_3": 0.41195124620915197, "f_4": 0.35582784160054765, "f_5": 0.3020977642283116, "f_6": 0.31197480779475756, "f_7": 0.3611033078401722, "f_8": 0.48625875893591536, "f_9": 0.618449754625179, "f_10": 0.5417781604918772}, "sample3": {"f_0": 0.4999999999999998, "f_1": 0.20866824093294095, "f_2": 0.10487755976612442, "f_3": 0.34557063987143694, "f_4": 0.6859237799205412, "f_5": 0.7526122795958362, "f_6": 0.4818161235277655, "f_7": 0.17675664680131634, "f_8": 0.13667146311693285, "f_9": 0.3379502771978484, "f_10": 0.5190240185193482}, "sample4": {"f_0": 0.4999999999999998, "f_1": 0.4311693055955143, "f_2": 0.36210443527649067, "f_3": 0.3087480772605763, "f_4": 0.26943697299499025, "f_5": 0.2307120314487446, "f_6": 0.18439800178253513, "f_7": 0.13858386572926978, "f_8": 0.11137247375727555, "f_9": 0.11385982781898217, "f_10": 0.13986180014959754}, "sample5": {"f_0": 0.4999999999999998, "f_1": 0.7150286030440179, "f_2": 0.37526397032280273, "f_3": 0.21333574523477078, "f_4": 0.24462932196064896, "f_5": 0.118326291103722, "f_6": 0.209023493801701, "f_7": 0.40199448080409755, "f_8": 0.19288009022770908, "f_9": 0.08727628606567918, "f_10": 0.42143180421173737}, "sample6": {"f_0": 0.4999999999999998, "f_1": 0.12332001844877258, "f_2": 0.06964300725049156, "f_3": 0.15965138682885235, "f_4": 0.16611277500598984, "f_5": 0.3189505105085627, "f_6": 0.5662547526234104, "f_7": 0.48408026289135, "f_8": 0.1799788479504591, "f_9": 0.10139605120868977, "f_10": 0.15089269497407645}, "sample7": {"f_0": 0.4999999999999998, "f_1": 0.3016289814718573, "f_2": 0.22632010794555074, "f_3": 0.21086629632365422, "f_4": 0.13271389844458892, "f_5": 0.18725251058517062, "f_6": 0.3752503362239576, "f_7": 0.44842558691237283, "f_8": 0.47206872920945503, "f_9": 0.5745320374502805, "f_10": 0.5772755443324559}, "sample8": {"f_0": 0.4999999999999998, "f_1": 0.30436809107114693, "f_2": 0.12760062150466367, "f_3": 0.059969329677757574, "f_4": 0.12428165852546365, "f_5": 0.2782174249954303, "f_6": 0.46570432428860287, "f_7": 0.6376001250074437, "f_8": 0.7347740670357277, "f_9": 0.699902709983549, "f_10": 0.5322498048061028}, "sample9": {"f_0": 0.4999999999999998, "f_1": 0.5353679051049479, "f_2": 0.34672263499268313, "f_3": 0.2614399161826533, "f_4": 0.3398232922319586, "f_5": 0.38803413351103744, "f_6": 0.3085408767760924, "f_7": 0.23410691374168446, "f_8": 0.2686276555775269, "f_9": 0.24660366714735302, "f_10": 0.14548169466434238}, "sample10": {"f_0": 0.4999999999999998, "f_1": 0.42497063081957714, "f_2": 0.3678761005506436, "f_3": 0.34043299577803615, "f_4": 0.2709659189366184, "f_5": 0.18175992933093213, "f_6": 0.15348046219047967, "f_7": 0.16200232460968658, "f_8": 0.13965239837125754, "f_9": 0.10467741345711921, "f_10": 0.09872910870903667}, "sample11": {"f_0": 0.4999999999999998, "f_1": 0.7059334556655211, "f_2": 0.6251433531422355, "f_3": 0.3787084962726414, "f_4": 0.23975006382792538, "f_5": 0.3089567617455033, "f_6": 0.4289068442033076, "f_7": 0.41973273183680054, "f_8": 0.3031504194944603, "f_9": 0.228907160157965, "f_10": 0.2411403817379448}, "sample12": {"f_0": 0.4999999999999998, "f_1": 0.7277469030804092, "f_2": 0.46646905791626103, "f_3": 0.26539859028358254, "f_4": 0.26848489187490654, "f_5": 0.13392072140632963, "f_6": 0.11053072293221629, "f_7": 0.42783793389067026, "f_8": 0.5398793787392471, "f_9": 0.28977905001538123, "f_10": 0.26531519523842784}, "sample13": {"f_0": 0.4999999999999998, "f_1": 0.15692272410857677, "f_2": 0.05584291639500677, "f_3": 0.2120204293763832, "f_4": 0.3324084622503256, "f_5": 0.2780147763167175, "f_6": 0.21983246358381187, "f_7": 0.290614385567114, "f_8": 0.3508703890107577, "f_9": 0.2645785028694898, "f_10": 0.19828537709505195}, "sample14": {"f_0": 0.4999999999999998, "f_1": 0.13960171913652902, "f_2": 0.0549110629373721, "f_3": 0.24414161841181012, "f_4": 0.3661883845807358, "f_5": 0.3070603970992841, "f_6": 0.27998785115936, "f_7": 0.36450536923341886, "f_8": 0.3593818079937755, "f_9": 0.1805028279805262, "f_10": 0.07120275244269887}, "sample15": {"f_0": 0.4999999999999998, "f_1": 0.3802484149130807, "f_2": 0.23459089946446704, "f_3": 0.17322956213779772, "f_4": 0.18512438808476278, "f_5": 0.19149685953731255, "f_6": 0.1750603134432405, "f_7": 0.16737714470211487, "f_8": 0.15786426509055973, "f_9": 0.12100802177206245, "f_10": 0.10718209625134588}, "sample16": {"f_0": 0.4999999999999998, "f_1": 0.5111049230896565, "f_2": 0.40917978148262396, "f_3": 0.31982162887761684, "f_4": 0.3225268259603202, "f_5": 0.39307987039730136, "f_6": 0.45652206274459006, "f_7": 0.4543064737175045, "f_8": 0.4223329838766042, "f_9": 0.4531974382037748, "f_10": 0.524258385648119}, "sample17": {"f_0": 0.4999999999999998, "f_1": 0.5757801531017914, "f_2": 0.42517856780861374, "f_3": 0.23579514210074118, "f_4": 0.11159961192020436, "f_5": 0.15623709646678205, "f_6": 0.26450307779941973, "f_7": 0.23811292700957384, "f_8": 0.15707119322279928, "f_9": 0.1762873670060069, "f_10": 0.3192423086612443}, "sample18": {"f_0": 0.4999999999999998, "f_1": 0.3735551958961509, "f_2": 0.260429565318226, "f_3": 0.19549528195839105, "f_4": 0.17087122016652162, "f_5": 0.15255747845565792, "f_6": 0.12052290486084428, "f_7": 0.0926810402816276, "f_8": 0.10885982877937986, "f_9": 0.1901148505486218, "f_10": 0.31357408482649823}, "sample19": {"f_0": 0.4999999999999998, "f_1": 0.6089669781915861, "f_2": 0.49559950972384237, "f_3": 0.3926914559543784, "f_4": 0.4332932527399198, "f_5": 0.4435654485065074, "f_6": 0.28825065271172706, "f_7": 0.10563855718603651, "f_8": 0.05259293175333313, "f_9": 0.06958183960893331, "f_10": 0.049830736118665356}, "sample20": {"f_0": 0.4999999999999998, "f_1": 0.32909885222053686, "f_2": 0.17473056231051548, "f_3": 0.07727333938873779, "f_4": 0.05685702118057727, "f_5": 0.10767270313679983, "f_6": 0.20152283888157818, "f_7": 0.2990547350194719, "f_8": 0.3643075424821252, "f_9": 0.3770889136215636, "f_10": 0.33869658117976104}, "sample21": {"f_0": 0.4999999999999998, "f_1": 0.268153099131772, "f_2": 0.11022083136940268, "f_3": 0.09296086348971004, "f_4": 0.16364616748972025, "f_5": 0.21062691532671052, "f_6": 0.1694580875425946, "f_7": 0.07770267296500012, "f_8": 0.03275397448221418, "f_9": 0.09673336816785373, "f_10": 0.2380217824106286}, "sample22": {"f_0": 0.4999999999999998, "f_1": 0.6140762496265092, "f_2": 0.3811132495154815, "f_3": 0.200888290604583, "f_4": 0.3504576231732575, "f_5": 0.5448678377809176, "f_6": 0.4435847237047434, "f_7": 0.18755474188190246, "f_8": 0.11395247532281597, "f_9": 0.22013772916921967, "f_10": 0.24511620516391772}, "sample23": {"f_0": 0.4999999999999998, "f_1": 0.5993720031982085, "f_2": 0.6744275512790404, "f_3": 0.7242484596063368, "f_4": 0.7578828716781667, "f_5": 0.7848443625105181, "f_6": 0.8055286460590325, "f_7": 0.8094555574788834, "f_8": 0.7829833892535536, "f_9": 0.7204326932222425, "f_10": 0.6297558725502509}, "sample24": {"f_0": 0.4999999999999998, "f_1": 0.40969356962146886, "f_2": 0.22469765124543192, "f_3": 0.20508521918684172, "f_4": 0.441513162843961, "f_5": 0.7516674541827939, "f_6": 0.6692373669546612, "f_7": 0.42254408443102937, "f_8": 0.3800295708882578, "f_9": 0.38909122620820047, "f_10": 0.3982168569555902}, "sample25": {"f_0": 0.4999999999999998, "f_1": 0.4999392591132049,