{"sample_id":{"0":0,"1":1,"2":2,"3":3,"4":4,"5":5,"6":6,"7":7,"8":8,"9":9,"10":10,"11":11,"12":12,"13":13,"14":14,"15":15,"16":16,"17":17,"18":18,"19":19,"20":20,"21":21,"22":22,"23":23,"24":24,"25":25,"26":26,"27":27,"28":28,"29":29,"30":30,"31":31,"32":32,"33":33,"34":34,"35":35,"36":36,"37":37,"38":38,"39":39},"f_0 Re":{"0":1.0,"1":1.0,"2":1.0,"3":1.0,"4":1.0,"5":1.0,"6":1.0,"7":1.0,"8":1.0,"9":1.0,"10":1.0,"11":1.0,"12":1.0,"13":1.0,"14":1.0,"15":1.0,"16":1.0,"17":1.0,"18":1.0,"19":1.0,"20":1.0,"21":1.0,"22":1.0,"23":1.0,"24":1.0,"25":1.0,"26":1.0,"27":1.0,"28":1.0,"29":1.0,"30":1.0,"31":1.0,"32":1.0,"33":1.0,"34":1.0,"35":1.0,"36":1.0,"37":1.0,"38":1.0,"39":1.0},"f_1 Re":{"0":0.9943109995,"1":0.9752139811,"2":0.9982975005,"3":0.9976574067,"4":0.9903171035,"5":0.9950227185,"6":0.9995874873,"7":0.9950388937,"8":0.9907464604,"9":0.9985680268,"10":0.9952241941,"11":0.9968077218,"12":0.9917768403,"13":0.9991320398,"14":0.9894905505,"15":0.995658659,"16":0.9937894515,"17":1.0004563382,"18":0.9978786783,"19":0.9959026451,"20":0.9994268847,"21":0.9937505203,"22":0.9987938447,"23":0.9976253142,"24":0.9956607008,"25":0.9884218109,"26":0.9928380928,"27":0.9973283605,"28":0.9887835934,"29":1.0000665469,"30":1.0019332796,"31":0.9985703586,"32":0.9953542003,"33":0.980923537,"34":0.9894919448,"35":0.9834442449,"36":0.9968809192,"37":0.9859003439,"38":0.9995606561,"39":0.9989071115},"f_1 Im":{"0":-0.1081198999,"1":-0.1689928918,"2":0.066286663,"3":-0.0545130093,"4":0.0300710346,"5":0.0996913879,"6":-0.0600480595,"7":-0.0901953986,"8":-0.0073917182,"9":0.0563106237,"10":0.0978546555,"11":-0.0806950727,"12":-0.1065944279,"13":-0.0340602621,"14":-0.0440872203,"15":0.0428986598,"16":0.0009861712,"17":-0.0018964147,"18":-0.0241788574,"19":0.0391743065,"20":-0.0560870502,"21":-0.0179845509,"22":-0.0447087076,"23":0.0166636016,"24":-0.0468488059,"25":-0.0394107552,"26":0.1170198324,"27":-0.0273324094,"28":0.0155819295,"29":-0.0020568962,"30":-0.0426423568,"31":-0.0545218621,"32":0.0401260988,"33":-0.0083810249,"34":0.0160526794,"35":-0.1143059105,"36":-0.06545144,"37":-0.0962677891,"38":-0.0325382722,"39":0.0541503756},"f_2 Re":{"0":0.9781750602,"1":0.9097485565,"2":0.9772339291,"3":0.9872218255,"4":0.9694047663,"5":0.9690177012,"6":0.9929866478,"7":0.9712971297,"8":0.9843406029,"9":0.9918277879,"10":0.9852714283,"11":0.9789961596,"12":0.9623189267,"13":0.9972722866,"14":0.9697654877,"15":0.9915270605,"16":0.9799167721,"17":0.994258618,"18":0.9976564242,"19":0.9817072613,"20":0.978417713,"21":0.9766636728,"22":0.9868601832,"23":0.9809241299,"24":0.9517458088,"25":0.9628558813,"26":0.9763506235,"27":0.9899043062,"28":0.9738054742,"29":1.000926581,"30":0.9986305905,"31":0.9931609784,"32":0.9853101274,"33":0.945157827,"34":0.9693977853,"35":0.9517370252,"36":0.9915687832,"37":0.9293379951,"38":0.990157103,"39":0.9906828827},"f_2 Im":{"0":-0.2102667422,"1":-0.3342812165,"2":0.1094553643,"3":-0.1524800347,"4":0.0566011844,"5":0.2469488085,"6":-0.1044259478,"7":-0.1769584267,"8":-0.0251454426,"9":0.1289260082,"10":0.1697466349,"11":-0.2060862839,"12":-0.247114898,"13":-0.0300462091,"14":-0.0775173976,"15":0.0380454005,"16":0.0007892243,"17":-0.1061177323,"18":-0.0532658714,"19":0.1026727852,"20":-0.0590551074,"21":-0.0519765007,"22":-0.07208825,"23":0.0298999448,"24":-0.0019034028,"25":-0.0588710692,"26":0.2166711962,"27":-0.0483505003,"28":0.0111951075,"29":-0.0382847194,"30":-0.007744668,"31":-0.0882124291,"32":0.1315956324,"33":-0.1338411184,"34":0.0912942783,"35":-0.2720411659,"36":-0.1074352118,"37":-0.1601392789,"38":-0.0128988452,"39":0.1262955693},"f_3 Re":{"0":0.9442510561,"1":0.8164363722,"2":0.937011897,"3":0.9673120973,"4":0.9500591704,"5":0.9275574898,"6":0.9897728088,"7":0.9293498599,"8":0.9668142778,"9":0.9850902211,"10":0.9672549753,"11":0.9627460987,"12":0.9217889964,"13":0.984430147,"14":0.9162656262,"15":0.9653408618,"16":0.9424132499,"17":0.992339188,"18":0.9915252802,"19":0.9819047932,"20":0.9564175978,"21":0.9597693065,"22":0.9726251578,"23":0.9587740252,"24":0.9086860905,"25":0.9513184331,"26":0.9398819388,"27":0.9828181774,"28":0.9271478243,"29":0.9978684723,"30":0.9727732055,"31":0.9746921623,"32":0.9634148657,"33":0.9019751877,"34":0.9298596054,"35":0.874070384,"36":0.9780572209,"37":0.8754025248,"38":0.9862789549,"39":0.9759282487},"f_3 Im":{"0":-0.3264481968,"1":-0.4478595116,"2":0.1683668511,"3":-0.2364493534,"4":0.1106375554,"5":0.3764127379,"6":-0.1585262009,"7":-0.250082338,"8":-0.0482852167,"9":0.1730169269,"10":0.2592271727,"11":-0.2811971389,"12":-0.3411521039,"13":-0.1081789385,"14":-0.0505994728,"15":0.0791851468,"16":-0.0353300429,"17":-0.127434291,"18":-0.0771822138,"19":0.1152718469,"20":-0.030245541,"21":-0.100665311,"22":-0.0815147261,"23":0.0376324629,"24":-0.0227955702,"25":-0.1491925135,"26":0.273667538,"27":-0.1052349216,"28":0.0775972917,"29":-0.0130791398,"30":0.0133335284,"31":-0.2125583874,"32":0.2179137413,"33":-0.1372558759,"34":0.1237016606,"35":-0.3540950808,"36":-0.1659192877,"37":-0.3118740585,"38":-0.0315945491,"39":0.2032060312},"f_4 Re":{"0":0.8935761021,"1":0.6564058021,"2":0.9092170286,"3":0.9358901525,"4":0.9059312341,"5":0.8741679694,"6":0.9436626901,"7":0.8817879537,"8":0.9248706202,"9":0.9625123619,"10":0.9208002513,"11":0.9348922047,"12":0.8822693644,"13":0.9878520831,"14":0.9185140606,"15":0.9456361696,"16":0.9046948168,"17":0.9890150288,"18":0.9856527764,"19":0.9605390436,"20":0.9390244797,"21":0.9391544451,"22":0.9708353158,"23":0.9276062417,"24":0.8791797413,"25":0.9087849592,"26":0.8917618133,"27":0.966062909,"28":0.8604546265,"29":0.9983684634,"30":0.9515343089,"31":0.9655811155,"32":0.9418484622,"33":0.8248021237,"34":0.904838799,"35":0.8073155996,"36":0.9489080739,"37":0.8097688538,"38":0.9563196866,"39":0.9692952699},"f_4 Im":{"0":-0.4428039246,"1":-0.5569536803,"2":0.234476298,"3":-0.3288846934,"4":0.1420242954,"5":0.4897975061,"6":-0.2896307801,"7":-0.3174364982,"8":-0.0421635534,"9":0.2686393459,"10":0.3880660979,"11":-0.3543509253,"12":-0.4482264936,"13":-0.1188091245,"14":-0.1633952785,"15":0.0628668649,"16":-0.0115200478,"17":-0.1417181064,"18":-0.0881153096,"19":0.131008018,"20":-0.0572961292,"21":-0.1147922463,"22":-0.0865340146,"23":0.0200440263,"24":-0.0574250504,"25":-0.1660313074,"26":0.3677160894,"27":-0.1366090726,"28":0.1127835904,"29":-0.0395813802,"30":0.0997141405,"31":-0.2542448668,"32":0.2986361779,"33":-0.1905104864,"34":0.1777932846,"35":-0.4994338673,"36":-0.1967969664,"37":-0.3855169893,"38":-0.0444052026,"39":0.2400316513},"expected_value":{"0":0.2854403315,"1":1.4390682468,"2":3.9328492764,"3":0.4910688795,"4":3.3793070266,"5":4.6661254136,"6":0.6171002329,"7":0.8081007857,"8":1.8055772536,"9":2.2799671623,"10":3.4572977954,"11":0.3539225838,"12":0.4784477695,"13":0.7604668353,"14":1.4027753685,"15":2.4429237702,"16":1.8325875155,"17":0.5973704757,"18":0.8784979365,"19":1.9147828542,"20":1.2352942387,"21":1.349801856,"22":1.0184705111,"23":2.3015382594,"24":2.04235444,"25":1.1034830289,"26":4.0383838469,"27":0.8902389436,"28":2.5881677938,"29":0.9451085695,"30":1.3337625055,"31":0.4673265369,"32":2.9969701354,"33":1.4251745495,"34":2.6554488831,"35":0.8759471111,"36":0.6543945713,"37":1.0533589665,"38":1.277211214,"39":2.2581287146}}