{"sample0": {"f_0": 0.5, "f_1": 0.4833984375, "f_2": 0.4716796875, "f_3": 0.474609375, "f_4": 0.458984375}, "sample1": {"f_0": 0.4990234375, "f_1": 0.4287109375, "f_2": 0.3486328125, "f_3": 0.2978515625, "f_4": 0.248046875}, "sample2": {"f_0": 0.4873046875, "f_1": 0.5439453125, "f_2": 0.5634765625, "f_3": 0.58984375, "f_4": 0.6494140625}, "sample3": {"f_0": 0.513671875, "f_1": 0.5029296875, "f_2": 0.4677734375, "f_3": 0.4453125, "f_4": 0.4013671875}, "sample4": {"f_0": 0.4921875, "f_1": 0.546875, "f_2": 0.5849609375, "f_3": 0.626953125, "f_4": 0.650390625}, "sample5": {"f_0": 0.498046875, "f_1": 0.501953125, "f_2": 0.5322265625, "f_3": 0.5458984375, "f_4": 0.5498046875}, "sample6": {"f_0": 0.4970703125, "f_1": 0.5224609375, "f_2": 0.5625, "f_3": 0.5791015625, "f_4": 0.5673828125}, "sample7": {"f_0": 0.501953125, "f_1": 0.4697265625, "f_2": 0.3896484375, "f_3": 0.365234375, "f_4": 0.291015625}, "sample8": {"f_0": 0.494140625, "f_1": 0.4521484375, "f_2": 0.3701171875, "f_3": 0.30859375, "f_4": 0.2529296875}, "sample9": {"f_0": 0.486328125, "f_1": 0.484375, "f_2": 0.484375, "f_3": 0.4990234375, "f_4": 0.48046875}, "sample10": {"f_0": 0.48828125, "f_1": 0.4970703125, "f_2": 0.4765625, "f_3": 0.501953125, "f_4": 0.4951171875}, "sample11": {"f_0": 0.5029296875, "f_1": 0.4814453125, "f_2": 0.4697265625, "f_3": 0.4453125, "f_4": 0.453125}, "sample12": {"f_0": 0.50390625, "f_1": 0.470703125, "f_2": 0.4443359375, "f_3": 0.3916015625, "f_4": 0.3740234375}, "sample13": {"f_0": 0.4970703125, "f_1": 0.462890625, "f_2": 0.4912109375, "f_3": 0.44921875, "f_4": 0.4404296875}, "sample14": {"f_0": 0.5, "f_1": 0.4296875, "f_2": 0.3896484375, "f_3": 0.341796875, "f_4": 0.2265625}, "sample15": {"f_0": 0.4873046875, "f_1": 0.5390625, "f_2": 0.6123046875, "f_3": 0.642578125, "f_4": 0.64453125}, "sample16": {"f_0": 0.4736328125, "f_1": 0.46875, "f_2": 0.392578125, "f_3": 0.29296875, "f_4": 0.26953125}, "sample17": {"f_0": 0.5009765625, "f_1": 0.513671875, "f_2": 0.46484375, "f_3": 0.4736328125, "f_4": 0.4873046875}, "sample18": {"f_0": 0.5048828125, "f_1": 0.533203125, "f_2": 0.5400390625, "f_3": 0.5517578125, "f_4": 0.6171875}, "sample19": {"f_0": 0.4921875, "f_1": 0.4755859375, "f_2": 0.4521484375, "f_3": 0.41015625, "f_4": 0.3740234375}, "sample20": {"f_0": 0.494140625, "f_1": 0.42578125, "f_2": 0.3955078125, "f_3": 0.3525390625, "f_4": 0.302734375}, "sample21": {"f_0": 0.51953125, "f_1": 0.46484375, "f_2": 0.4013671875, "f_3": 0.3349609375, "f_4": 0.3056640625}, "sample22": {"f_0": 0.494140625, "f_1": 0.4482421875, "f_2": 0.423828125, "f_3": 0.3974609375, "f_4": 0.373046875}, "sample23": {"f_0": 0.49609375, "f_1": 0.546875, "f_2": 0.5888671875, "f_3": 0.6279296875, "f_4": 0.6103515625}, "sample24": {"f_0": 0.5078125, "f_1": 0.42578125, "f_2": 0.396484375, "f_3": 0.3291015625, "f_4": 0.24609375}, "sample25": {"f_0": 0.4697265625, "f_1": 0.4423828125, "f_2": 0.376953125, "f_3": 0.326171875, "f_4": 0.271484375}, "sample26": {"f_0": 0.51171875, "f_1": 0.568359375, "f_2": 0.564453125, "f_3": 0.576171875, "f_4": 0.6201171875}, "sample27": {"f_0": 0.501953125, "f_1": 0.462890625, "f_2": 0.4521484375, "f_3": 0.412109375, "f_4": 0.353515625}, "sample28": {"f_0": 0.5009765625, "f_1": 0.412109375, "f_2": 0.349609375, "f_3": 0.3125, "f_4": 0.2509765625}, "sample29": {"f_0": 0.5029296875, "f_1": 0.50390625, "f_2": 0.4580078125, "f_3": 0.4658203125, "f_4": 0.4560546875}, "sample30": {"f_0": 0.51171875, "f_1": 0.4345703125, "f_2": 0.419921875, "f_3": 0.390625, "f_4": 0.400390625}, "sample31": {"f_0": 0.4921875, "f_1": 0.498046875, "f_2": 0.5029296875, "f_3": 0.48046875, "f_4": 0.4697265625}, "sample32": {"f_0": 0.490234375, "f_1": 0.5078125, "f_2": 0.505859375, "f_3": 0.57421875, "f_4": 0.572265625}, "sample33": {"f_0": 0.51953125, "f_1": 0.4521484375, "f_2": 0.3310546875, "f_3": 0.2705078125, "f_4": 0.1884765625}, "sample34": {"f_0": 0.4921875, "f_1": 0.423828125, "f_2": 0.388671875, "f_3": 0.3388671875, "f_4": 0.2998046875}, "sample35": {"f_0": 0.50390625, "f_1": 0.4560546875, "f_2": 0.380859375, "f_3": 0.3583984375, "f_4": 0.259765625}, "sample36": {"f_0": 0.5078125, "f_1": 0.45703125, "f_2": 0.453125, "f_3": 0.40234375, "f_4": 0.41015625}, "sample37": {"f_0": 0.48828125, "f_1": 0.4609375, "f_2": 0.38671875, "f_3": 0.2666015625, "f_4": 0.22265625}, "sample38": {"f_0": 0.5, "f_1": 0.4443359375, "f_2": 0.4345703125, "f_3": 0.3603515625, "f_4": 0.3203125}, "sample39": {"f_0": 0.4736328125, "f_1": 0.4931640625, "f_2": 0.47265625, "f_3": 0.4658203125, "f_4": 0.44921875}}