{"sample_id":{"0":0,"1":1,"2":2,"3":3,"4":4,"5":5,"6":6,"7":7,"8":8,"9":9,"10":10,"11":11,"12":12,"13":13,"14":14,"15":15,"16":16,"17":17,"18":18,"19":19,"20":20,"21":21,"22":22,"23":23,"24":24,"25":25,"26":26,"27":27,"28":28,"29":29,"30":30,"31":31,"32":32,"33":33,"34":34,"35":35,"36":36,"37":37,"38":38,"39":39},"f_0 Re":{"0":1.0,"1":1.0,"2":1.0,"3":1.0,"4":1.0,"5":1.0,"6":1.0,"7":1.0,"8":1.0,"9":1.0,"10":1.0,"11":1.0,"12":1.0,"13":1.0,"14":1.0,"15":1.0,"16":1.0,"17":1.0,"18":1.0,"19":1.0,"20":1.0,"21":1.0,"22":1.0,"23":1.0,"24":1.0,"25":1.0,"26":1.0,"27":1.0,"28":1.0,"29":1.0,"30":1.0,"31":1.0,"32":1.0,"33":1.0,"34":1.0,"35":1.0,"36":1.0,"37":1.0,"38":1.0,"39":1.0},"f_1 Re":{"0":0.9946611554,"1":0.9826918345,"2":0.9955490012,"3":0.995883054,"4":0.9933975868,"5":0.9925482982,"6":0.9998429993,"7":0.9927993189,"8":0.9939484025,"9":0.9976305953,"10":0.9917493856,"11":0.9978859133,"12":0.9910302288,"13":0.9990992555,"14":0.9972592501,"15":1.0026339665,"16":0.9956932985,"17":0.9996713236,"18":0.9985748619,"19":0.9958537362,"20":0.9972382434,"21":1.0010677109,"22":0.9975760254,"23":0.9977357351,"24":0.9932173541,"25":0.9949623534,"26":0.9941914559,"27":1.0015774366,"28":0.9993631779,"29":1.0000382423,"30":0.9989355217,"31":0.9980730713,"32":0.9952452594,"33":0.9828922843,"34":0.9851400193,"35":0.9866820684,"36":0.9978372404,"37":0.9836982447,"38":0.9957655116,"39":0.996363256},"f_1 Im":{"0":-0.1042293756,"1":-0.177126281,"2":0.1083704883,"3":-0.0749672441,"4":0.0474869985,"5":0.1141623118,"6":-0.0404210593,"7":-0.0599418035,"8":0.0302059323,"9":0.0689712785,"10":0.1308754552,"11":-0.065107317,"12":-0.1564318051,"13":-0.0233181246,"14":-0.0562341668,"15":0.0306630829,"16":-0.0076496067,"17":-0.0262978532,"18":-0.0281446854,"19":0.049960681,"20":-0.0386183925,"21":-0.0439849273,"22":-0.0388946844,"23":0.0303698647,"24":-0.0235390126,"25":-0.050763406,"26":0.0750494593,"27":-0.038931256,"28":-0.0025998547,"29":0.0008726546,"30":-0.0115211483,"31":-0.0212650596,"32":0.1124180305,"33":-0.0425179367,"34":0.0864745558,"35":-0.1036525467,"36":-0.0722902385,"37":-0.0855738633,"38":0.0092934665,"39":0.0852966643},"f_2 Re":{"0":0.9792176663,"1":0.9139052912,"2":0.976850203,"3":0.9873595051,"4":0.9815633646,"5":0.9670242622,"6":0.9796744958,"7":0.9727877686,"8":0.9801602429,"9":0.9958549305,"10":0.9840517598,"11":0.9867683216,"12":0.9687571726,"13":0.997504756,"14":0.9784232017,"15":0.9765070988,"16":0.9786800631,"17":0.9984971333,"18":0.9892194376,"19":0.9859125384,"20":0.9755061518,"21":0.9790209844,"22":0.9902693288,"23":0.9825439891,"24":0.9667310145,"25":0.9656165591,"26":0.9750307001,"27":0.9923140373,"28":0.9723800024,"29":0.9970399291,"30":0.9940467177,"31":0.9931413719,"32":0.9824974709,"33":0.9656112911,"34":0.9732682491,"35":0.943580986,"36":0.9954807467,"37":0.9525447777,"38":0.9875156613,"39":0.9886228595},"f_2 Im":{"0":-0.193583231,"1":-0.3081705897,"2":0.120235022,"3":-0.1632656413,"4":0.0668428728,"5":0.2565088102,"6":-0.1624897812,"7":-0.1525117676,"8":-0.0140248136,"9":0.1018804395,"10":0.1754776631,"11":-0.1430797671,"12":-0.2330803845,"13":-0.0681314371,"14":-0.089047575,"15":0.0224069163,"16":0.0065165995,"17":-0.0555042557,"18":-0.0777064719,"19":0.1014941712,"20":-0.023965231,"21":-0.0291121474,"22":-0.0659263679,"23":0.0276626583,"24":-0.0725982694,"25":-0.0821454127,"26":0.2068000296,"27":-0.0726649675,"28":0.0260654747,"29":-0.0393365751,"30":0.0349900399,"31":-0.1107581167,"32":0.163714069,"33":-0.1203682956,"34":0.0578010059,"35":-0.2608107947,"36":-0.1064817943,"37":-0.2177174271,"38":-0.015227053,"39":0.1388226306},"f_3 Re":{"0":0.9422367455,"1":0.8227398687,"2":0.960834475,"3":0.9635049408,"4":0.9532256426,"5":0.9204029511,"6":0.9741256889,"7":0.9230434741,"8":0.9557781055,"9":0.9774525713,"10":0.962421,"11":0.9478203702,"12":0.926102249,"13":0.988148471,"14":0.941744385,"15":0.9694463582,"16":0.9412902526,"17":0.9866008024,"18":0.9864304799,"19":0.9819484553,"20":0.9436421284,"21":0.9717356106,"22":0.9813496596,"23":0.9544534174,"24":0.9495138998,"25":0.9280948727,"26":0.9481002865,"27":0.982732148,"28":0.9501570001,"29":0.9963262982,"30":0.9931967014,"31":0.9782751248,"32":0.9720048121,"33":0.8838735479,"34":0.9598467903,"35":0.8586947535,"36":0.972189404,"37":0.8577075456,"38":0.9913901193,"39":0.9709642824},"f_3 Im":{"0":-0.3410883461,"1":-0.4447199263,"2":0.2075502232,"3":-0.2940152194,"4":0.0861360245,"5":0.3956568701,"6":-0.2089235881,"7":-0.2688236285,"8":-0.055676607,"9":0.2113379248,"10":0.2740856151,"11":-0.3189738407,"12":-0.3329529246,"13":-0.0876362213,"14":-0.0918504127,"15":0.0703244284,"16":0.0054369398,"17":-0.186727571,"18":-0.0960625319,"19":0.0908578235,"20":-0.0359280244,"21":-0.0600251507,"22":-0.0725544997,"23":0.011548452,"24":-0.0886112327,"25":-0.1136656641,"26":0.2597475695,"27":-0.1042621558,"28":0.0355386073,"29":0.0064156057,"30":-0.0095192618,"31":-0.1854503988,"32":0.2206109876,"33":-0.1299210028,"34":0.1031685735,"35":-0.4184379237,"36":-0.1668437742,"37":-0.2827620446,"38":-0.0175916167,"39":0.2231040063},"f_4 Re":{"0":0.8946032669,"1":0.7087575301,"2":0.8984237162,"3":0.9472294002,"4":0.8996207052,"5":0.8840398894,"6":0.9421610224,"7":0.8614796589,"8":0.9126968685,"9":0.9668652448,"10":0.9288499001,"11":0.9296911524,"12":0.87830521,"13":0.985590206,"14":0.9036977843,"15":0.9366493518,"16":0.9009316116,"17":0.9814983604,"18":0.9796161061,"19":0.9779583236,"20":0.9200589908,"21":0.9388313424,"22":0.9589578713,"23":0.9556113974,"24":0.909687326,"25":0.8951214248,"26":0.9128715616,"27":0.9660098137,"28":0.8839780208,"29":0.9963790661,"30":0.986978855,"31":0.9671132317,"32":0.9493877671,"33":0.823316381,"34":0.9114173638,"35":0.7894134122,"36":0.9589967994,"37":0.7914091133,"38":0.9398331925,"39":0.9693083131},"f_4 Im":{"0":-0.4484048049,"1":-0.5519584726,"2":0.2523728688,"3":-0.2881586927,"4":0.148736541,"5":0.4695986798,"6":-0.2748000314,"7":-0.3230920613,"8":-0.0176014865,"9":0.2342353385,"10":0.3724089172,"11":-0.3691172164,"12":-0.4253548634,"13":-0.1735283134,"14":-0.1485587757,"15":0.0634140597,"16":0.0157215017,"17":-0.1998277204,"18":-0.1087341598,"19":0.0927493302,"20":-0.0870426451,"21":-0.0868296187,"22":-0.104356575,"23":0.0427081388,"24":-0.1261536638,"25":-0.184385463,"26":0.3340178618,"27":-0.1444821921,"28":0.0932335411,"29":-0.0386810082,"30":-0.011114549,"31":-0.2455903743,"32":0.3014661489,"33":-0.166141674,"34":0.1552556219,"35":-0.4757344911,"36":-0.169570771,"37":-0.3989972992,"38":-0.028689149,"39":0.236943517},"expected_value":{"0":0.2854403315,"1":1.4390682468,"2":3.9328492764,"3":0.4910688795,"4":3.3793070266,"5":4.6661254136,"6":0.6171002329,"7":0.8081007857,"8":1.8055772536,"9":2.2799671623,"10":3.4572977954,"11":0.3539225838,"12":0.4784477695,"13":0.7604668353,"14":1.4027753685,"15":2.4429237702,"16":1.8325875155,"17":0.5973704757,"18":0.8784979365,"19":1.9147828542,"20":1.2352942387,"21":1.349801856,"22":1.0184705111,"23":2.3015382594,"24":2.04235444,"25":1.1034830289,"26":4.0383838469,"27":0.8902389436,"28":2.5881677938,"29":0.9451085695,"30":1.3337625055,"31":0.4673265369,"32":2.9969701354,"33":1.4251745495,"34":2.6554488831,"35":0.8759471111,"36":0.6543945713,"37":1.0533589665,"38":1.277211214,"39":2.2581287146}}