{"sample0": {"f_0": 0.490234375, "f_1": 0.5068359375, "f_2": 0.4912109375, "f_3": 0.4609375, "f_4": 0.45703125}, "sample1": {"f_0": 0.48828125, "f_1": 0.43359375, "f_2": 0.3876953125, "f_3": 0.3017578125, "f_4": 0.24609375}, "sample2": {"f_0": 0.501953125, "f_1": 0.5654296875, "f_2": 0.580078125, "f_3": 0.6240234375, "f_4": 0.662109375}, "sample3": {"f_0": 0.533203125, "f_1": 0.4970703125, "f_2": 0.4619140625, "f_3": 0.3994140625, "f_4": 0.4150390625}, "sample4": {"f_0": 0.484375, "f_1": 0.5361328125, "f_2": 0.5791015625, "f_3": 0.6279296875, "f_4": 0.65234375}, "sample5": {"f_0": 0.5244140625, "f_1": 0.5107421875, "f_2": 0.53515625, "f_3": 0.5537109375, "f_4": 0.54296875}, "sample6": {"f_0": 0.4990234375, "f_1": 0.5341796875, "f_2": 0.5380859375, "f_3": 0.5478515625, "f_4": 0.5615234375}, "sample7": {"f_0": 0.5224609375, "f_1": 0.4638671875, "f_2": 0.4248046875, "f_3": 0.330078125, "f_4": 0.298828125}, "sample8": {"f_0": 0.4697265625, "f_1": 0.4775390625, "f_2": 0.3798828125, "f_3": 0.310546875, "f_4": 0.2724609375}, "sample9": {"f_0": 0.470703125, "f_1": 0.5068359375, "f_2": 0.4921875, "f_3": 0.498046875, "f_4": 0.474609375}, "sample10": {"f_0": 0.4990234375, "f_1": 0.4970703125, "f_2": 0.4853515625, "f_3": 0.4892578125, "f_4": 0.49609375}, "sample11": {"f_0": 0.4677734375, "f_1": 0.486328125, "f_2": 0.5029296875, "f_3": 0.4267578125, "f_4": 0.4287109375}, "sample12": {"f_0": 0.5166015625, "f_1": 0.4375, "f_2": 0.4228515625, "f_3": 0.4072265625, "f_4": 0.361328125}, "sample13": {"f_0": 0.5205078125, "f_1": 0.4765625, "f_2": 0.4560546875, "f_3": 0.4560546875, "f_4": 0.3974609375}, "sample14": {"f_0": 0.48828125, "f_1": 0.42578125, "f_2": 0.3623046875, "f_3": 0.306640625, "f_4": 0.2431640625}, "sample15": {"f_0": 0.50390625, "f_1": 0.5361328125, "f_2": 0.5810546875, "f_3": 0.615234375, "f_4": 0.619140625}, "sample16": {"f_0": 0.4921875, "f_1": 0.44140625, "f_2": 0.3798828125, "f_3": 0.328125, "f_4": 0.267578125}, "sample17": {"f_0": 0.509765625, "f_1": 0.4921875, "f_2": 0.490234375, "f_3": 0.45703125, "f_4": 0.4482421875}, "sample18": {"f_0": 0.509765625, "f_1": 0.5341796875, "f_2": 0.5302734375, "f_3": 0.548828125, "f_4": 0.5810546875}, "sample19": {"f_0": 0.470703125, "f_1": 0.47265625, "f_2": 0.4521484375, "f_3": 0.39453125, "f_4": 0.35546875}, "sample20": {"f_0": 0.5068359375, "f_1": 0.4423828125, "f_2": 0.40625, "f_3": 0.3720703125, "f_4": 0.291015625}, "sample21": {"f_0": 0.521484375, "f_1": 0.4443359375, "f_2": 0.435546875, "f_3": 0.3623046875, "f_4": 0.3349609375}, "sample22": {"f_0": 0.494140625, "f_1": 0.44921875, "f_2": 0.4169921875, "f_3": 0.3955078125, "f_4": 0.359375}, "sample23": {"f_0": 0.5029296875, "f_1": 0.5498046875, "f_2": 0.5859375, "f_3": 0.603515625, "f_4": 0.6376953125}, "sample24": {"f_0": 0.5009765625, "f_1": 0.4228515625, "f_2": 0.3544921875, "f_3": 0.2890625, "f_4": 0.1923828125}, "sample25": {"f_0": 0.517578125, "f_1": 0.435546875, "f_2": 0.40625, "f_3": 0.3515625, "f_4": 0.2666015625}, "sample26": {"f_0": 0.521484375, "f_1": 0.5244140625, "f_2": 0.5556640625, "f_3": 0.5830078125, "f_4": 0.5927734375}, "sample27": {"f_0": 0.4951171875, "f_1": 0.4580078125, "f_2": 0.4404296875, "f_3": 0.3828125, "f_4": 0.3583984375}, "sample28": {"f_0": 0.49609375, "f_1": 0.4228515625, "f_2": 0.3720703125, "f_3": 0.287109375, "f_4": 0.2294921875}, "sample29": {"f_0": 0.474609375, "f_1": 0.4873046875, "f_2": 0.48046875, "f_3": 0.501953125, "f_4": 0.4541015625}, "sample30": {"f_0": 0.5048828125, "f_1": 0.4541015625, "f_2": 0.458984375, "f_3": 0.373046875, "f_4": 0.3486328125}, "sample31": {"f_0": 0.482421875, "f_1": 0.5419921875, "f_2": 0.474609375, "f_3": 0.4814453125, "f_4": 0.466796875}, "sample32": {"f_0": 0.513671875, "f_1": 0.54296875, "f_2": 0.5732421875, "f_3": 0.5654296875, "f_4": 0.5791015625}, "sample33": {"f_0": 0.5068359375, "f_1": 0.416015625, "f_2": 0.328125, "f_3": 0.2734375, "f_4": 0.1923828125}, "sample34": {"f_0": 0.5263671875, "f_1": 0.470703125, "f_2": 0.3837890625, "f_3": 0.322265625, "f_4": 0.28125}, "sample35": {"f_0": 0.51953125, "f_1": 0.458984375, "f_2": 0.388671875, "f_3": 0.3076171875, "f_4": 0.279296875}, "sample36": {"f_0": 0.5185546875, "f_1": 0.462890625, "f_2": 0.4326171875, "f_3": 0.41796875, "f_4": 0.416015625}, "sample37": {"f_0": 0.51171875, "f_1": 0.45703125, "f_2": 0.3564453125, "f_3": 0.283203125, "f_4": 0.1962890625}, "sample38": {"f_0": 0.4736328125, "f_1": 0.4697265625, "f_2": 0.4296875, "f_3": 0.37109375, "f_4": 0.3427734375}, "sample39": {"f_0": 0.5078125, "f_1": 0.49609375, "f_2": 0.4912109375, "f_3": 0.4970703125, "f_4": 0.4609375}}