{"sample0": {"f_0": 1.0, "f_1": 1.0, "f_2": 0.998046875, "f_3": 0.9990234375, "f_4": 0.99609375}, "sample1": {"f_0": 1.0, "f_1": 0.9931640625, "f_2": 0.9541015625, "f_3": 0.90625, "f_4": 0.8515625}, "sample2": {"f_0": 1.0, "f_1": 0.99609375, "f_2": 0.9833984375, "f_3": 0.9541015625, "f_4": 0.8984375}, "sample3": {"f_0": 1.0, "f_1": 0.998046875, "f_2": 0.9970703125, "f_3": 0.9951171875, "f_4": 0.986328125}, "sample4": {"f_0": 1.0, "f_1": 0.990234375, "f_2": 0.9697265625, "f_3": 0.939453125, "f_4": 0.87890625}, "sample5": {"f_0": 1.0, "f_1": 0.9990234375, "f_2": 0.9990234375, "f_3": 0.998046875, "f_4": 0.998046875}, "sample6": {"f_0": 1.0, "f_1": 0.9990234375, "f_2": 0.994140625, "f_3": 0.9931640625, "f_4": 0.9775390625}, "sample7": {"f_0": 1.0, "f_1": 0.994140625, "f_2": 0.9775390625, "f_3": 0.9423828125, "f_4": 0.8828125}, "sample8": {"f_0": 1.0, "f_1": 0.9951171875, "f_2": 0.970703125, "f_3": 0.9267578125, "f_4": 0.8818359375}, "sample9": {"f_0": 1.0, "f_1": 1.0, "f_2": 1.0, "f_3": 1.0, "f_4": 0.9970703125}, "sample10": {"f_0": 1.0, "f_1": 1.0, "f_2": 0.9990234375, "f_3": 1.0, "f_4": 1.0}, "sample11": {"f_0": 1.0, "f_1": 1.0, "f_2": 0.9970703125, "f_3": 0.994140625, "f_4": 0.99609375}, "sample12": {"f_0": 1.0, "f_1": 0.998046875, "f_2": 0.990234375, "f_3": 0.970703125, "f_4": 0.9599609375}, "sample13": {"f_0": 1.0, "f_1": 0.9990234375, "f_2": 0.9970703125, "f_3": 0.98828125, "f_4": 0.98828125}, "sample14": {"f_0": 1.0, "f_1": 0.994140625, "f_2": 0.9677734375, "f_3": 0.9267578125, "f_4": 0.865234375}, "sample15": {"f_0": 1.0, "f_1": 0.998046875, "f_2": 0.974609375, "f_3": 0.9423828125, "f_4": 0.9130859375}, "sample16": {"f_0": 1.0, "f_1": 0.994140625, "f_2": 0.9658203125, "f_3": 0.9189453125, "f_4": 0.865234375}, "sample17": {"f_0": 1.0, "f_1": 1.0, "f_2": 1.0, "f_3": 1.0, "f_4": 0.9990234375}, "sample18": {"f_0": 1.0, "f_1": 1.0, "f_2": 0.994140625, "f_3": 0.98828125, "f_4": 0.9794921875}, "sample19": {"f_0": 1.0, "f_1": 0.998046875, "f_2": 0.9892578125, "f_3": 0.982421875, "f_4": 0.962890625}, "sample20": {"f_0": 1.0, "f_1": 0.994140625, "f_2": 0.9736328125, "f_3": 0.94140625, "f_4": 0.896484375}, "sample21": {"f_0": 1.0, "f_1": 0.9970703125, "f_2": 0.98046875, "f_3": 0.9609375, "f_4": 0.931640625}, "sample22": {"f_0": 1.0, "f_1": 0.9970703125, "f_2": 0.984375, "f_3": 0.97265625, "f_4": 0.9462890625}, "sample23": {"f_0": 1.0, "f_1": 0.994140625, "f_2": 0.97265625, "f_3": 0.94140625, "f_4": 0.9248046875}, "sample24": {"f_0": 1.0, "f_1": 0.98828125, "f_2": 0.9521484375, "f_3": 0.908203125, "f_4": 0.83203125}, "sample25": {"f_0": 1.0, "f_1": 0.9912109375, "f_2": 0.9609375, "f_3": 0.908203125, "f_4": 0.87890625}, "sample26": {"f_0": 1.0, "f_1": 0.99609375, "f_2": 0.98828125, "f_3": 0.9775390625, "f_4": 0.966796875}, "sample27": {"f_0": 1.0, "f_1": 1.0, "f_2": 0.9921875, "f_3": 0.978515625, "f_4": 0.9541015625}, "sample28": {"f_0": 1.0, "f_1": 0.9912109375, "f_2": 0.955078125, "f_3": 0.90625, "f_4": 0.8447265625}, "sample29": {"f_0": 1.0, "f_1": 1.0, "f_2": 0.998046875, "f_3": 0.9970703125, "f_4": 0.998046875}, "sample30": {"f_0": 1.0, "f_1": 0.9970703125, "f_2": 0.9931640625, "f_3": 0.9775390625, "f_4": 0.958984375}, "sample31": {"f_0": 1.0, "f_1": 0.998046875, "f_2": 0.9990234375, "f_3": 0.99609375, "f_4": 0.9951171875}, "sample32": {"f_0": 1.0, "f_1": 0.9990234375, "f_2": 0.990234375, "f_3": 0.9921875, "f_4": 0.982421875}, "sample33": {"f_0": 1.0, "f_1": 0.98046875, "f_2": 0.9462890625, "f_3": 0.8603515625, "f_4": 0.7939453125}, "sample34": {"f_0": 1.0, "f_1": 0.9921875, "f_2": 0.9619140625, "f_3": 0.939453125, "f_4": 0.88671875}, "sample35": {"f_0": 1.0, "f_1": 0.9921875, "f_2": 0.9716796875, "f_3": 0.91796875, "f_4": 0.876953125}, "sample36": {"f_0": 1.0, "f_1": 0.998046875, "f_2": 0.9970703125, "f_3": 0.98046875, "f_4": 0.974609375}, "sample37": {"f_0": 1.0, "f_1": 0.986328125, "f_2": 0.951171875, "f_3": 0.8779296875, "f_4": 0.8212890625}, "sample38": {"f_0": 1.0, "f_1": 0.9951171875, "f_2": 0.9794921875, "f_3": 0.982421875, "f_4": 0.931640625}, "sample39": {"f_0": 1.0, "f_1": 1.0, "f_2": 0.998046875, "f_3": 0.9970703125, "f_4": 0.998046875}}