{"sample_id":{"0":0,"1":1,"2":2,"3":3,"4":4,"5":5,"6":6,"7":7,"8":8,"9":9,"10":10,"11":11,"12":12,"13":13,"14":14,"15":15,"16":16,"17":17,"18":18,"19":19},"f_0 Re":{"0":1.0,"1":1.0,"2":1.0,"3":1.0,"4":1.0,"5":1.0,"6":1.0,"7":1.0,"8":1.0,"9":1.0,"10":1.0,"11":1.0,"12":1.0,"13":1.0,"14":1.0,"15":1.0,"16":1.0,"17":1.0,"18":1.0,"19":1.0},"f_1 Re":{"0":0.7637908669,"1":0.9354358943,"2":0.956193585,"3":0.9366325147,"4":0.9195942374,"5":0.9626333309,"6":0.878672994,"7":0.9095486275,"8":0.936578292,"9":0.8651410684,"10":0.9765883792,"11":0.9476444037,"12":0.9544020451,"13":0.9112786495,"14":0.9873839137,"15":0.9234208665,"16":0.9060373133,"17":0.9557390416,"18":0.9312416043,"19":0.990111062},"f_1 Im":{"0":-0.506905029,"1":0.1988478315,"2":-0.2608188457,"3":0.114339464,"4":0.3889712309,"5":-0.2351781722,"6":0.0929128487,"7":-0.2740814026,"8":-0.0295954079,"9":0.1794365671,"10":0.2128073309,"11":0.3183681836,"12":-0.2914477033,"13":-0.3645713551,"14":-0.1069330261,"15":-0.1150556713,"16":0.3071881774,"17":0.0559990694,"18":-0.0136086724,"19":-0.1370089889},"f_2 Re":{"0":0.2040996696,"1":0.7631062216,"2":0.8305441226,"3":0.7621877323,"4":0.6917305395,"5":0.8551167493,"6":0.5902802609,"7":0.6637329132,"8":0.7774546927,"9":0.5332321454,"10":0.9075101648,"11":0.79612707,"12":0.8220874974,"13":0.6645360894,"14":0.9509447891,"15":0.72357185,"16":0.657809556,"17":0.8324286567,"18":0.7544639379,"19":0.9606564236},"f_2 Im":{"0":-0.7084616194,"1":0.3478766286,"2":-0.496296131,"3":0.1781179205,"4":0.7151298141,"5":-0.4548133106,"6":0.0664481146,"7":-0.4682253228,"8":-0.016550411,"9":0.2102619692,"10":0.4156717167,"11":0.6033996076,"12":-0.5559987296,"13":-0.6570570948,"14":-0.2095921658,"15":-0.1651583621,"16":0.532095826,"17":0.083276149,"18":0.0201948932,"19":-0.2712796643},"f_3 Re":{"0":-0.3297010893,"1":0.5379989368,"2":0.6393545988,"3":0.5194000507,"4":0.3540421728,"5":0.6898020563,"6":0.3082232361,"7":0.3319281255,"8":0.5971433265,"9":0.1797913579,"10":0.7961634736,"11":0.5614741447,"12":0.6159773835,"13":0.3132027682,"14":0.8945686277,"15":0.4768242338,"16":0.3421856806,"17":0.6561899953,"18":0.5430919504,"19":0.9122671771},"f_3 Im":{"0":-0.4845782889,"1":0.4142292576,"2":-0.6835901905,"3":0.1557620846,"4":0.9256826502,"5":-0.6429676119,"6":-0.0996263883,"7":-0.5255415312,"8":0.04925372,"9":0.0380520187,"10":0.5990858828,"11":0.8252147182,"12":-0.7691617502,"13":-0.8195625993,"14":-0.304112078,"15":-0.1167428333,"16":0.6193544985,"17":0.0613336915,"18":0.1160527805,"19":-0.4001260139},"f_4 Re":{"0":-0.513966168,"1":0.3257768965,"2":0.4066873115,"3":0.2665398861,"4":-0.0382020831,"5":0.4834912454,"6":0.1835656411,"7":0.0076842432,"8":0.4697449697,"9":-0.0186416437,"10":0.6479826321,"11":0.2684199343,"12":0.3559807012,"13":-0.0682964079,"14":0.8236927571,"15":0.2724942103,"16":0.0635624484,"17":0.4634848775,"18":0.377551361,"19":0.8459772656},"f_4 Im":{"0":0.0241332969,"1":0.3922349411,"2":-0.8048268683,"3":0.0374281747,"4":0.9865724553,"5":-0.7843931951,"6":-0.3051587995,"7":-0.4285966577,"8":0.137007008,"9":-0.2615298631,"10":0.7544111734,"11":0.9605385503,"12":-0.9111283124,"13":-0.8203697314,"14":-0.3873983258,"15":0.0164206869,"16":0.5589531014,"17":-0.0160493341,"18":0.2425764071,"19":-0.5209661505},"expected_value":{"0":0.0193422372,"1":0.2408195082,"2":0.0327182121,"3":0.4154210859,"4":0.9030636003,"5":0.0174840365,"6":0.2081738086,"7":0.1061758707,"8":0.1629624045,"9":0.3376330443,"10":0.8897051113,"11":0.9098812897,"12":0.0171681655,"13":0.0180375636,"14":0.0764095497,"15":0.1683278461,"16":0.3926149421,"17":0.3228559699,"18":0.3171982431,"19":0.1463007913}}