{"sample_id":{"0":0,"1":1,"2":2,"3":3,"4":4,"5":5,"6":6,"7":7,"8":8,"9":9,"10":10,"11":11,"12":12,"13":13,"14":14,"15":15,"16":16,"17":17,"18":18,"19":19},"f_0 Re":{"0":0.9962610006,"1":0.9970074296,"2":1.0,"3":0.9970712662,"4":0.9970210195,"5":0.9990441985,"6":0.9960519075,"7":0.997197926,"8":0.9955527782,"9":0.9950200319,"10":0.9982616901,"11":0.9955878258,"12":0.9952745438,"13":0.9977381229,"14":0.996683836,"15":0.9935218692,"16":0.9967437387,"17":0.997815008,"18":0.9967460632,"19":0.9967363477},"f_1 Re":{"0":0.6879658429,"1":0.8818601561,"2":0.8615154265,"3":0.9003819435,"4":0.8708385234,"5":0.8891800872,"6":0.8215679852,"7":0.8437278443,"8":0.8785057765,"9":0.8232040257,"10":0.9110160361,"11":0.9152518762,"12":0.8891516617,"13":0.8393575739,"14":0.9035402276,"15":0.8428793128,"16":0.8621135207,"17":0.867603175,"18":0.8862498728,"19":0.9234940541},"f_1 Im":{"0":-0.4704965845,"1":0.1706486869,"2":-0.3294561785,"3":0.0948974078,"4":0.3013813232,"5":-0.2598775721,"6":0.1272958943,"7":-0.326688491,"8":-0.1078978331,"9":0.1457343229,"10":0.1508428736,"11":0.2159274428,"12":-0.3019263128,"13":-0.4374970898,"14":-0.1737072947,"15":-0.1607304015,"16":0.2307346328,"17":-0.0041428894,"18":-0.1055326152,"19":-0.214170199},"f_2 Re":{"0":0.2151541002,"1":0.710701826,"2":0.7214404224,"3":0.7068451966,"4":0.6546313392,"5":0.7867174151,"6":0.5041139835,"7":0.6004794013,"8":0.6834799035,"9":0.4703463086,"10":0.8508837007,"11":0.7998131993,"12":0.7235569119,"13":0.5798100657,"14":0.8701157415,"15":0.6821984928,"16":0.6244312028,"17":0.7838613768,"18":0.6870225831,"19":0.8954779536},"f_2 Im":{"0":-0.5728127498,"1":0.2553654919,"2":-0.5185345017,"3":0.15645176,"4":0.651464756,"5":-0.4300287827,"6":0.1148925702,"7":-0.5086670222,"8":-0.1038604912,"9":0.2157941256,"10":0.3350664943,"11":0.4973604545,"12":-0.5925444262,"13":-0.6398652191,"14":-0.27822252,"15":-0.2462725027,"16":0.4305005484,"17":0.0372933072,"18":-0.0877805698,"19":-0.3005542125},"f_3 Re":{"0":-0.0564025595,"1":0.462840884,"2":0.543902382,"3":0.4662941868,"4":0.3890624833,"5":0.6790271632,"6":0.0712756618,"7":0.3028455403,"8":0.4099760991,"9":0.0558634966,"10":0.7901619925,"11":0.5588781702,"12":0.5004308739,"13":0.2676180193,"14":0.8198730483,"15":0.3766994332,"16":0.3342304522,"17":0.5909985455,"18":0.3965231943,"19":0.7996877632},"f_3 Im":{"0":-0.301097954,"1":0.3027120644,"2":-0.6499191658,"3":0.1469624807,"4":0.8343041245,"5":-0.5445592773,"6":0.0215794523,"7":-0.4384718411,"8":-0.0769902396,"9":0.0594364173,"10":0.4905328385,"11":0.7415912583,"12":-0.7793367495,"13":-0.7394635497,"14":-0.3634520289,"15":-0.1741460376,"16":0.4816246185,"17":0.0725017416,"18":-0.059910457,"19":-0.4555075688},"f_4 Re":{"0":0.0742327809,"1":0.2171879389,"2":0.2982575207,"3":0.1863507909,"4":0.0058356027,"5":0.4665755461,"6":-0.3357272027,"7":0.0827798327,"8":0.1177825223,"9":-0.2606931588,"10":0.6427506016,"11":0.3068302033,"12":0.3413270149,"13":-0.0061429985,"14":0.7493760428,"15":0.0501182537,"16":0.0920577156,"17":0.3489160338,"18":0.0537919653,"19":0.7947240119},"f_4 Im":{"0":0.0950389927,"1":0.2475250822,"2":-0.7405202884,"3":0.0931861104,"4":0.917455437,"5":-0.6369128538,"6":-0.1354964329,"7":-0.2651218541,"8":-0.0244352572,"9":-0.2347904609,"10":0.6738150259,"11":0.8825782486,"12":-0.8132291842,"13":-0.6682111569,"14":-0.3964729595,"15":-0.017675991,"16":0.3111215798,"17":0.061577061,"18":-0.0106620773,"19":-0.4486355283},"expected_value":{"0":0.0193422372,"1":0.2408195082,"2":0.0327182121,"3":0.4154210859,"4":0.9030636003,"5":0.0174840365,"6":0.2081738086,"7":0.1061758707,"8":0.1629624045,"9":0.3376330443,"10":0.8897051113,"11":0.9098812897,"12":0.0171681655,"13":0.0180375636,"14":0.0764095497,"15":0.1683278461,"16":0.3926149421,"17":0.3228559699,"18":0.3171982431,"19":0.1463007913}}