{"sample_id":{"0":0,"1":1,"2":2,"3":3,"4":4,"5":5,"6":6,"7":7,"8":8,"9":9,"10":10,"11":11,"12":12,"13":13,"14":14,"15":15,"16":16,"17":17,"18":18,"19":19},"f_0 Re":{"0":0.9716796875,"1":0.9765625,"2":0.97265625,"3":0.978515625,"4":0.974609375,"5":0.97265625,"6":0.97265625,"7":0.97265625,"8":0.96875,"9":0.970703125,"10":0.9736328125,"11":0.9755859375,"12":0.966796875,"13":0.9697265625,"14":0.9697265625,"15":0.97265625,"16":0.970703125,"17":0.974609375,"18":0.9677734375,"19":0.96484375},"f_1 Re":{"0":0.707273276,"1":0.8615520495,"2":0.8923798369,"3":0.9011940039,"4":0.8676543269,"5":0.9013086324,"6":0.8346741143,"7":0.851811396,"8":0.8960094456,"9":0.7908966251,"10":0.9175570226,"11":0.8876012324,"12":0.8858972209,"13":0.8546285137,"14":0.9222416126,"15":0.8463775254,"16":0.8525818879,"17":0.8992338208,"18":0.8576964609,"19":0.9330588195},"f_1 Im":{"0":-0.4260209264,"1":0.1972449918,"2":-0.2179488167,"3":0.1083383233,"4":0.3551034096,"5":-0.2273560056,"6":0.0955991971,"7":-0.2730700702,"8":-0.0575564194,"9":0.154353702,"10":0.1753533391,"11":0.2995741894,"12":-0.3028981327,"13":-0.3158582433,"14":-0.1273434597,"15":-0.1092721863,"16":0.2809996958,"17":0.071735407,"18":-0.0272594944,"19":-0.0915682093},"f_2 Re":{"0":0.2387558229,"1":0.7154350154,"2":0.7628131308,"3":0.6958323344,"4":0.6647475479,"5":0.8129371832,"6":0.5061107013,"7":0.6392179033,"8":0.6969229806,"9":0.4623321865,"10":0.8393624028,"11":0.7624272134,"12":0.790791786,"13":0.6252105003,"14":0.8919421301,"15":0.6417136861,"16":0.6035104894,"17":0.7466162889,"18":0.6826886463,"19":0.8986750475},"f_2 Im":{"0":-0.5552954673,"1":0.343918147,"2":-0.4794986878,"3":0.1614955275,"4":0.6480310717,"5":-0.3957667789,"6":0.1349293854,"7":-0.3911341183,"8":-0.0517017331,"9":0.2381026367,"10":0.4040898855,"11":0.5438845992,"12":-0.4957411293,"13":-0.5723056581,"14":-0.1996684115,"15":-0.1944833978,"16":0.4696062532,"17":0.1110670238,"18":-0.0564947748,"19":-0.2516508211},"f_3 Re":{"0":-0.0117483292,"1":0.456237533,"2":0.58899418,"3":0.4903413998,"4":0.3311010401,"5":0.6284959592,"6":0.0969409501,"7":0.3347222145,"8":0.458916279,"9":0.0867758285,"10":0.7597556767,"11":0.5436719861,"12":0.5779559582,"13":0.3393894153,"14":0.8289894966,"15":0.3327745392,"16":0.3251637356,"17":0.5440755075,"18":0.4269166992,"19":0.8545510561},"f_3 Im":{"0":-0.2396407016,"1":0.3612305725,"2":-0.6302174456,"3":0.1813515114,"4":0.8643680502,"5":-0.580253979,"6":0.0189099651,"7":-0.3949379027,"8":-0.018722046,"9":0.0743546771,"10":0.5378518048,"11":0.772148964,"12":-0.7018121417,"13":-0.695491872,"14":-0.2717053143,"15":-0.1663595173,"16":0.4524526239,"17":0.1360070207,"18":-0.0340227112,"19":-0.3701397378},"f_4 Re":{"0":0.0712167346,"1":0.2436458421,"2":0.3951303438,"3":0.2095286015,"4":-0.0186227543,"5":0.4612247606,"6":-0.3384212038,"7":0.0842151997,"8":0.1033016685,"9":-0.2425917878,"10":0.6281547814,"11":0.2514982291,"12":0.3469089852,"13":0.0475857218,"14":0.7358560973,"15":0.0434698258,"16":0.0879078059,"17":0.3560677533,"18":0.0581298015,"19":0.7951975351},"f_4 Im":{"0":0.106345853,"1":0.2662168702,"2":-0.6960616207,"3":0.09053198,"4":0.9046054765,"5":-0.6751700797,"6":-0.1653615689,"7":-0.2137563244,"8":-0.0402694328,"9":-0.2721290703,"10":0.6966652927,"11":0.8839784968,"12":-0.8145568848,"13":-0.6550009356,"14":-0.3815131954,"15":-0.0371425605,"16":0.3006065482,"17":0.138113987,"18":-0.0139064792,"19":-0.4848732386},"expected_value":{"0":0.0193422372,"1":0.2408195082,"2":0.0327182121,"3":0.4154210859,"4":0.9030636003,"5":0.0174840365,"6":0.2081738086,"7":0.1061758707,"8":0.1629624045,"9":0.3376330443,"10":0.8897051113,"11":0.9098812897,"12":0.0171681655,"13":0.0180375636,"14":0.0764095497,"15":0.1683278461,"16":0.3926149421,"17":0.3228559699,"18":0.3171982431,"19":0.1463007913}}