{"sample_id":{"0":0,"1":1,"2":2,"3":3,"4":4,"5":5,"6":6,"7":7,"8":8,"9":9,"10":10,"11":11,"12":12,"13":13,"14":14,"15":15,"16":16,"17":17,"18":18,"19":19,"20":20,"21":21,"22":22,"23":23,"24":24,"25":25,"26":26,"27":27,"28":28,"29":29,"30":30,"31":31,"32":32,"33":33,"34":34,"35":35,"36":36,"37":37,"38":38,"39":39,"40":40,"41":41,"42":42,"43":43,"44":44,"45":45,"46":46,"47":47,"48":48,"49":49,"50":50,"51":51,"52":52,"53":53,"54":54,"55":55,"56":56,"57":57,"58":58,"59":59,"60":60,"61":61,"62":62,"63":63,"64":64,"65":65,"66":66,"67":67,"68":68,"69":69,"70":70,"71":71,"72":72,"73":73,"74":74,"75":75,"76":76,"77":77,"78":78,"79":79,"80":80,"81":81,"82":82,"83":83,"84":84,"85":85,"86":86,"87":87,"88":88,"89":89,"90":90,"91":91,"92":92,"93":93,"94":94},"f_0 Re":{"0":1.0,"1":1.0,"2":1.0,"3":1.0,"4":1.0,"5":1.0,"6":1.0,"7":1.0,"8":1.0,"9":1.0,"10":1.0,"11":1.0,"12":1.0,"13":1.0,"14":1.0,"15":1.0,"16":1.0,"17":1.0,"18":1.0,"19":1.0,"20":1.0,"21":1.0,"22":1.0,"23":1.0,"24":1.0,"25":1.0,"26":1.0,"27":1.0,"28":1.0,"29":1.0,"30":1.0,"31":1.0,"32":1.0,"33":1.0,"34":1.0,"35":1.0,"36":1.0,"37":1.0,"38":1.0,"39":1.0,"40":1.0,"41":1.0,"42":1.0,"43":1.0,"44":1.0,"45":1.0,"46":1.0,"47":1.0,"48":1.0,"49":1.0,"50":1.0,"51":1.0,"52":1.0,"53":1.0,"54":1.0,"55":1.0,"56":1.0,"57":1.0,"58":1.0,"59":1.0,"60":1.0,"61":1.0,"62":1.0,"63":1.0,"64":1.0,"65":1.0,"66":1.0,"67":1.0,"68":1.0,"69":1.0,"70":1.0,"71":1.0,"72":1.0,"73":1.0,"74":1.0,"75":1.0,"76":1.0,"77":1.0,"78":1.0,"79":1.0,"80":1.0,"81":1.0,"82":1.0,"83":1.0,"84":1.0,"85":1.0,"86":1.0,"87":1.0,"88":1.0,"89":1.0,"90":1.0,"91":1.0,"92":1.0,"93":1.0,"94":1.0},"f_1 Re":{"0":0.9921342601,"1":0.9983652069,"2":0.9978799637,"3":0.99695719,"4":0.9996330993,"5":0.9980287413,"6":0.9989441309,"7":0.9995422129,"8":0.9985818275,"9":0.9981707525,"10":0.992427504,"11":0.9958616878,"12":0.9996948711,"13":0.9977712288,"14":0.9972690033,"15":0.9985019326,"16":0.9996272211,"17":0.9994404842,"18":0.9990810489,"19":0.9928263286,"20":0.998012877,"21":0.992123965,"22":0.9994286912,"23":0.9996512038,"24":0.9995490904,"25":0.9956289354,"26":0.991761041,"27":0.9961569379,"28":0.9948522846,"29":0.9976645064,"30":0.9994277463,"31":0.995012893,"32":0.9902375656,"33":0.9964264501,"34":0.998268497,"35":0.9969774019,"36":0.9988737304,"37":0.9995982946,"38":0.9951998827,"39":0.9998668285,"40":0.9972987784,"41":0.9995609285,"42":0.9993702072,"43":0.9934097833,"44":0.9977123999,"45":0.9965617825,"46":0.9989168971,"47":0.9974679983,"48":0.9930698067,"49":0.9907905467,"50":0.9986820075,"51":0.998291897,"52":0.9925518557,"53":0.9993438282,"54":0.997748489,"55":0.9996197264,"56":0.9985962593,"57":0.9994511332,"58":0.9979508771,"59":0.9979509466,"60":0.9953642437,"61":0.9932031861,"62":0.9990047445,"63":0.9982620254,"64":0.9994716578,"65":0.9902191196,"66":0.9962527019,"67":0.9970062631,"68":0.99950458,"69":0.9993552176,"70":0.9911529501,"71":0.9977571932,"72":0.9996688177,"73":0.9979628004,"74":0.9940029647,"75":0.9959577206,"76":0.9903791863,"77":0.9917486502,"78":0.9980204555,"79":0.9991827118,"80":0.9982717983,"81":0.9991193692,"82":0.9989368243,"83":0.9977124268,"84":0.9991781336,"85":0.9998736577,"86":0.9950483353,"87":0.9965078763,"88":0.9957960337,"89":0.9978514592,"90":0.990626778,"91":0.999767023,"92":0.9991898615,"93":0.9954273183,"94":0.999047484},"f_1 Im":{"0":-0.1143398605,"1":0.0402842042,"2":-0.0272408429,"3":0.0512768599,"4":0.0259099618,"5":-0.043485909,"6":-0.0079897143,"7":-0.0175741311,"8":0.0464949985,"9":0.0316982623,"10":-0.1202732897,"11":0.0691956704,"12":0.0039754616,"13":0.0640169709,"14":-0.0611802632,"15":-0.0157308336,"16":-0.0262015973,"17":0.0267857814,"18":0.0109943699,"19":-0.105024487,"20":0.0529379824,"21":0.1181589176,"22":-0.0337976705,"23":0.0243636563,"24":-0.0166159337,"25":-0.0792022789,"26":-0.1128915875,"27":0.0868945295,"28":0.093207929,"29":0.0538574525,"30":-0.0250713314,"31":-0.0946467845,"32":0.1287871364,"33":-0.0709037109,"34":-0.0587561304,"35":0.0534694179,"36":-0.0444110093,"37":-0.0000347363,"38":0.0802469005,"39":0.0160697951,"40":-0.0707239846,"41":-0.0182913272,"42":-0.0044253771,"43":-0.1043152009,"44":-0.0628554485,"45":0.0541965131,"46":-0.0269961115,"47":0.0559718112,"48":-0.1076705639,"49":0.1328111562,"50":0.0025325882,"51":-0.05282621,"52":-0.1120435346,"53":-0.0073051254,"54":0.0620788781,"55":-0.0275288969,"56":0.0529619586,"57":-0.0129805895,"58":0.0279420987,"59":-0.0525224263,"60":-0.0849946896,"61":0.1045738012,"62":-0.0112562202,"63":-0.0400043667,"64":-0.032502048,"65":-0.1261194542,"66":0.0618040289,"67":-0.0602533296,"68":0.0020490109,"69":0.0341442846,"70":-0.1200201965,"71":0.0580399129,"72":-0.0140500825,"73":0.0413981559,"74":-0.0993817344,"75":-0.088218027,"76":0.1347126227,"77":0.1276895669,"78":0.0510875274,"79":0.0083689803,"80":0.0311132176,"81":-0.039371832,"82":0.0071958248,"83":0.0638173829,"84":0.0306056875,"85":0.0049915277,"86":0.0932913096,"87":-0.0803227645,"88":-0.0688731498,"89":-0.0478524606,"90":-0.1283091821,"91":0.0065795906,"92":-0.0380709478,"93":0.0879890854,"94":-0.016519599},"f_2 Re":{"0":0.96869338,"1":0.9934733786,"2":0.9915346477,"3":0.9878711887,"4":0.9985331461,"5":0.9921353346,"6":0.9957844174,"7":0.9981726141,"8":0.9943342053,"9":0.9926968072,"10":0.9698426458,"11":0.9835207117,"12":0.9987802288,"13":0.9910966767,"14":0.9890963605,"15":0.9940139632,"16":0.9985096237,"17":0.9977634754,"18":0.996329099,"19":0.9715218923,"20":0.9920661668,"21":0.9686418956,"22":0.9977154176,"23":0.9986052282,"24":0.9981975279,"25":0.9825995404,"26":0.96729164,"27":0.9846590784,"28":0.9794871134,"29":0.9906877737,"30":0.9977124187,"31":0.9801244548,"32":0.9611816659,"33":0.9857437046,"34":0.9930801079,"35":0.9879616998,"36":0.9954992872,"37":0.9983998879,"38":0.9808928951,"39":0.999467369,"40":0.9892183628,"41":0.9982472153,"42":0.9974846521,"43":0.9737632707,"44":0.9908629419,"45":0.9862889733,"46":0.9956734581,"47":0.9898893657,"48":0.9724473995,"49":0.963363954,"50":0.9947433434,"51":0.9931749255,"52":0.9704060742,"53":0.9973764753,"54":0.9910115699,"55":0.9984791986,"56":0.9943889821,"57":0.9978127493,"58":0.9918357613,"59":0.9918324958,"60":0.9815172689,"61":0.9729279861,"62":0.9960235062,"63":0.993064379,"64":0.9978871896,"65":0.9611761199,"66":0.9850842097,"67":0.9880488869,"68":0.998019519,"69":0.9974236828,"70":0.9649217723,"71":0.9910438515,"72":0.9986763465,"73":0.9918625323,"74":0.9761261109,"75":0.9838751489,"76":0.9617585542,"77":0.9671368824,"78":0.9921048004,"79":0.9967361268,"80":0.9931062573,"81":0.9964830902,"82":0.995765761,"83":0.9908617165,"84":0.9967146282,"85":0.9994956324,"86":0.9802655643,"87":0.9860584945,"88":0.9832956541,"89":0.9914319179,"90":0.9627281258,"91":0.9990689033,"92":0.9967609937,"93":0.9817632268,"94":0.9961957852},"f_2 Im":{"0":-0.2265067035,"1":0.0802862869,"2":-0.054284469,"3":0.1018578031,"4":0.0517937691,"5":-0.0865923517,"6":-0.0158484447,"7":-0.0350797608,"8":0.0928004327,"9":0.0631974427,"10":-0.2385773592,"11":0.1373197136,"12":0.007960077,"13":0.1277179997,"14":-0.1219270604,"15":-0.0314209986,"16":-0.0523772096,"17":0.0535197011,"18":0.0218921589,"19":-0.2076996575,"20":0.1055453462,"21":0.2342053117,"22":-0.0675567227,"23":0.0487066423,"24":-0.0331871496,"25":-0.1572568118,"26":-0.2230528921,"27":0.1731006232,"28":0.1851919481,"29":0.1072284651,"30":-0.0500871372,"31":-0.188139327,"32":0.2546304117,"33":-0.1410852438,"34":-0.1173074576,"35":0.1061918218,"36":-0.0886909905,"37":0.0000130126,"38":0.1592023577,"39":0.0321348173,"40":-0.140986494,"41":-0.0365142038,"42":-0.0088988504,"43":-0.2068497505,"44":-0.1253735697,"45":0.1077068868,"46":-0.0539800279,"47":0.1116148039,"48":-0.2132937927,"49":0.262972357,"50":0.0052573743,"51":-0.1054471633,"52":-0.2217996866,"53":-0.0145818056,"54":0.1237812452,"55":-0.0550367471,"56":0.1057751735,"57":-0.0258448809,"58":0.055435252,"59":-0.1046126253,"60":-0.1689686491,"61":0.2074333411,"62":-0.0224203629,"63":-0.0796779234,"64":-0.0649697499,"65":-0.2489327746,"66":0.1225766264,