{"sample_id":{"0":0,"1":1,"2":2,"3":3,"4":4,"5":5,"6":6,"7":7,"8":8,"9":9,"10":10,"11":11,"12":12,"13":13,"14":14,"15":15,"16":16,"17":17,"18":18,"19":19,"20":20,"21":21,"22":22,"23":23,"24":24,"25":25,"26":26,"27":27,"28":28,"29":29,"30":30,"31":31,"32":32,"33":33,"34":34,"35":35,"36":36,"37":37,"38":38,"39":39,"40":40,"41":41,"42":42,"43":43,"44":44,"45":45,"46":46,"47":47,"48":48,"49":49,"50":50,"51":51,"52":52,"53":53,"54":54,"55":55,"56":56,"57":57,"58":58,"59":59,"60":60,"61":61,"62":62,"63":63,"64":64,"65":65,"66":66,"67":67,"68":68,"69":69,"70":70,"71":71,"72":72,"73":73,"74":74,"75":75,"76":76,"77":77,"78":78,"79":79,"80":80,"81":81,"82":82,"83":83,"84":84,"85":85,"86":86,"87":87,"88":88,"89":89,"90":90,"91":91,"92":92,"93":93,"94":94},"f_0 Re":{"0":1.0,"1":1.0,"2":1.0,"3":1.0,"4":1.0,"5":1.0,"6":1.0,"7":1.0,"8":1.0,"9":1.0,"10":1.0,"11":1.0,"12":1.0,"13":1.0,"14":1.0,"15":1.0,"16":1.0,"17":1.0,"18":1.0,"19":1.0,"20":1.0,"21":1.0,"22":1.0,"23":1.0,"24":1.0,"25":1.0,"26":1.0,"27":1.0,"28":1.0,"29":1.0,"30":1.0,"31":1.0,"32":1.0,"33":1.0,"34":1.0,"35":1.0,"36":1.0,"37":1.0,"38":1.0,"39":1.0,"40":1.0,"41":1.0,"42":1.0,"43":1.0,"44":1.0,"45":1.0,"46":1.0,"47":1.0,"48":1.0,"49":1.0,"50":1.0,"51":1.0,"52":1.0,"53":1.0,"54":1.0,"55":1.0,"56":1.0,"57":1.0,"58":1.0,"59":1.0,"60":1.0,"61":1.0,"62":1.0,"63":1.0,"64":1.0,"65":1.0,"66":1.0,"67":1.0,"68":1.0,"69":1.0,"70":1.0,"71":1.0,"72":1.0,"73":1.0,"74":1.0,"75":1.0,"76":1.0,"77":1.0,"78":1.0,"79":1.0,"80":1.0,"81":1.0,"82":1.0,"83":1.0,"84":1.0,"85":1.0,"86":1.0,"87":1.0,"88":1.0,"89":1.0,"90":1.0,"91":1.0,"92":1.0,"93":1.0,"94":1.0},"f_1 Re":{"0":0.9951518788,"1":0.9990254165,"2":0.9982837479,"3":0.9956002835,"4":1.0005508789,"5":0.9981294174,"6":0.9962453343,"7":0.9991087726,"8":0.9985775737,"9":1.0006795032,"10":0.9920701517,"11":0.9946054515,"12":0.9987879037,"13":0.9986677242,"14":0.9959817197,"15":0.9990230677,"16":0.999448363,"17":0.9999639414,"18":1.0001060109,"19":0.9917338479,"20":0.9979466004,"21":0.9910438935,"22":0.9994917362,"23":0.9995258472,"24":1.0000958973,"25":0.9934483331,"26":0.9941346963,"27":0.9985463449,"28":0.9940138781,"29":0.9925548848,"30":0.9989091792,"31":0.9954595986,"32":0.995259239,"33":0.9951672232,"34":0.9973384565,"35":0.9961007947,"36":0.9973561349,"37":0.9985092419,"38":0.9956516182,"39":1.0000804407,"40":0.9914747705,"41":0.9991382162,"42":0.9996705686,"43":0.9905688523,"44":0.997532588,"45":0.9947295201,"46":1.000633878,"47":0.9993585212,"48":0.9950689456,"49":0.9919687722,"50":0.995650071,"51":0.9983579224,"52":0.994323544,"53":1.0001950354,"54":0.9981043367,"55":1.0002299243,"56":0.998504831,"57":0.9970179167,"58":0.9979051118,"59":0.9977833486,"60":0.9963852232,"61":0.9929387719,"62":1.0010505704,"63":0.9975878954,"64":0.9994764897,"65":0.9855743397,"66":0.9969574856,"67":0.9992941025,"68":1.0002570394,"69":0.9989756374,"70":0.9915517989,"71":0.9992991201,"72":0.9989484352,"73":0.99854464,"74":0.9931383773,"75":0.9942435427,"76":0.9894340942,"77":0.9951367585,"78":0.9968408231,"79":0.9987720802,"80":1.0015751174,"81":0.9990590464,"82":0.9970841593,"83":0.998173873,"84":0.9979482434,"85":1.0002351965,"86":0.9967472615,"87":0.9971607442,"88":0.9963824649,"89":0.9958423289,"90":0.9907722239,"91":1.0000661064,"92":0.9972925779,"93":0.9941157627,"94":0.9993184842},"f_1 Im":{"0":-0.077183048,"1":0.0085611647,"2":-0.0404201669,"3":0.0620142296,"4":0.0006214593,"5":-0.0471106841,"6":-0.0117318638,"7":-0.0085807765,"8":0.0558430049,"9":0.0217599133,"10":-0.1305096775,"11":0.0543084073,"12":0.0224696342,"13":0.0520529216,"14":-0.0647116451,"15":-0.0082734376,"16":-0.0390325522,"17":0.0087138216,"18":0.0203600346,"19":-0.114352629,"20":0.0666347017,"21":0.1419889919,"22":-0.0319387544,"23":0.0405377535,"24":-0.0072344139,"25":-0.0707170969,"26":-0.1004168426,"27":0.0638235698,"28":0.0836785472,"29":0.1151698705,"30":-0.0262651615,"31":-0.1032633243,"32":0.0874311447,"33":-0.0494065086,"34":-0.0754816064,"35":0.0011064825,"36":-0.0737693097,"37":-0.0322859304,"38":0.1102754448,"39":0.0005320103,"40":-0.106782955,"41":-0.0203798284,"42":-0.003487555,"43":-0.1250964101,"44":-0.0838773058,"45":0.0658573233,"46":-0.052546324,"47":0.0589899299,"48":-0.0792441463,"49":0.1191929301,"50":0.0350424207,"51":-0.0727972086,"52":-0.1200798807,"53":-0.0274992316,"54":0.0699298258,"55":-0.0066777386,"56":0.0546722608,"57":-0.0453503391,"58":0.0134502534,"59":-0.0853445375,"60":-0.0370712582,"61":0.1218325247,"62":0.00998947,"63":-0.0588410241,"64":-0.0323534613,"65":-0.1610339247,"66":0.0795518418,"67":-0.0655451106,"68":-0.0059305583,"69":0.045251252,"70":-0.1181734352,"71":0.0534023139,"72":-0.0473218021,"73":0.0661103974,"74":-0.0996596111,"75":-0.1161798291,"76":0.1440495868,"77":0.0998921611,"78":0.0905985248,"79":0.008819038,"80":-0.0391617147,"81":-0.0502563992,"82":0.0066266841,"83":0.0529074237,"84":0.0264832392,"85":0.01820966,"86":0.0844960386,"87":-0.0780449914,"88":-0.0838184152,"89":-0.0812670319,"90":-0.1175805624,"91":-0.0022609778,"92":-0.0816302838,"93":0.1025196864,"94":0.0404744242},"f_2 Re":{"0":0.9703708142,"1":0.9932227714,"2":0.9914190811,"3":0.9888356064,"4":0.9961306299,"5":0.9954708996,"6":0.9963994848,"7":0.9980315144,"8":0.9987464073,"9":0.9974028043,"10":0.980579395,"11":0.9825134539,"12":0.9973153163,"13":0.9929977391,"14":0.987333683,"15":1.00077362,"16":0.9970711523,"17":0.9978500041,"18":0.9998330246,"19":0.968355315,"20":0.9947485592,"21":0.9785000526,"22":0.9987613109,"23":0.9990926176,"24":0.9968219838,"25":0.9812871459,"26":0.9642037593,"27":0.9840879377,"28":0.9773150481,"29":0.9907877903,"30":1.0003350741,"31":0.9846550964,"32":0.9644357738,"33":0.9843361764,"34":0.9942780907,"35":0.9791589266,"36":0.9971793715,"37":0.9963483218,"38":0.9729609018,"39":0.9997276252,"40":0.9856777415,"41":0.9985158284,"42":1.001317868,"43":0.9732914598,"44":0.9906186067,"45":0.9892670343,"46":0.9961172667,"47":0.992458216,"48":0.9718350849,"49":0.9588784782,"50":0.9992174193,"51":0.9911130223,"52":0.9665543189,"53":0.9968627909,"54":0.9929539018,"55":0.9988148043,"56":0.9919292726,"57":0.9952965342,"58":0.9922115962,"59":0.9923825089,"60":0.9856172459,"61":0.9770668492,"62":0.9952412557,"63":0.9981749865,"64":0.9953170589,"65":0.9579225738,"66":0.9811058752,"67":0.9864143019,"68":1.0022309587,"69":0.9982002096,"70":0.9671133033,"71":0.996068767,"72":1.0002440913,"73":0.9938300791,"74":0.9796888382,"75":0.9830121633,"76":0.9749654441,"77":0.9683957307,"78":0.992143017,"79":0.9912014906,"80":0.9952571104,"81":0.9968199539,"82":0.9965324031,"83":0.9964476955,"84":0.9936124092,"85":1.0007038104,"86":0.9792057354,"87":0.9900436245,"88":0.9854841591,"89":0.9905195956,"90":0.9658645887,"91":0.9974516271,"92":0.9967450987,"93":0.9813562727,"94":0.9926951741},"f_2 Im":{"0":-0.2335952467,"1":0.1284531147,"2":-0.0392607558,"3":0.09679174,"4":0.0909564981,"5":-0.1010669189,"6":-0.0588068564,"7":-0.0611280573,"8":0.0608949688,"9":0.0517545055,"10":-0.1859485776,"11":0.1464756255,"12":0.0067398517,"13":0.1224501589,"14":-0.1418537729,"15":-0.0537107038,"16":-0.0711701972,"17":0.0213065507,"18":0.0310378462,"19":-0.1927930396,"20":0.0804414418,"21":0.1902391772,"22":-0.0521534706,"23":0.0117210096,"24":-0.0350365888,"25":-0.130108469,"26":-0.2238918207,"27":0.1784559965,"28":0.2005075394,"29":0.112954205,"30":-0.0340984095,"31":-0.1529862108,"32":0.2245803614,"33":-0.1227914062,"34":-0.1069341861,"35":0.1116849807,"36":-0.0841655496,"37":-0.0410288969,"38":0.1775826518,"39":0.0235214484,"40":-0.1419441628,"41":-0.0417441757,"42":0.0262477265,"43":-0.212885856,"44":-0.1097532956,"45":0.1083802606,"46":-0.034882204,"47":0.1217441968,"48":-0.2428840948,"49":0.2691027097,"50":-0.0207286411,"51":-0.1169737966,"52":-0.2387804663,"53":0.031777832,"54":0.11915135,"55":-0.0494594211,"56":0.1285997534,"57":-0.0524958943,"58":0.0370818782,"59":-0.1012059541,"60":-0.1458904274,"61":0.1662447467,"62":-0.0351299865,"63":-0.0649604072,"64":-0.1046282888,"65":-0.240409466,"66":0.1199961383,