{"sample0": {"f_0": 0.4990234375, "f_1": 0.177734375, "f_2": 0.076171875, "f_3": 0.251953125, "f_4": 0.3291015625, "f_5": 0.240234375, "f_6": 0.123046875, "f_7": 0.142578125, "f_8": 0.3193359375, "f_9": 0.4541015625}, "sample1": {"f_0": 0.515625, "f_1": 0.5751953125, "f_2": 0.5576171875, "f_3": 0.408203125, "f_4": 0.271484375, "f_5": 0.1220703125, "f_6": 0.0439453125, "f_7": 0.037109375, "f_8": 0.0537109375, "f_9": 0.1484375}, "sample2": {"f_0": 0.4833984375, "f_1": 0.5341796875, "f_2": 0.5322265625, "f_3": 0.41015625, "f_4": 0.26953125, "f_5": 0.1611328125, "f_6": 0.0673828125, "f_7": 0.0283203125, "f_8": 0.0185546875, "f_9": 0.0419921875}, "sample3": {"f_0": 0.498046875, "f_1": 0.4326171875, "f_2": 0.3466796875, "f_3": 0.2861328125, "f_4": 0.208984375, "f_5": 0.17578125, "f_6": 0.1748046875, "f_7": 0.1455078125, "f_8": 0.1640625, "f_9": 0.1494140625}, "sample4": {"f_0": 0.51171875, "f_1": 0.6767578125, "f_2": 0.650390625, "f_3": 0.5126953125, "f_4": 0.486328125, "f_5": 0.357421875, "f_6": 0.2587890625, "f_7": 0.1318359375, "f_8": 0.25, "f_9": 0.47265625}, "sample5": {"f_0": 0.4833984375, "f_1": 0.7119140625, "f_2": 0.771484375, "f_3": 0.6103515625, "f_4": 0.4013671875, "f_5": 0.3037109375, "f_6": 0.23828125, "f_7": 0.267578125, "f_8": 0.337890625, "f_9": 0.349609375}, "sample6": {"f_0": 0.4951171875, "f_1": 0.5048828125, "f_2": 0.52734375, "f_3": 0.490234375, "f_4": 0.4482421875, "f_5": 0.369140625, "f_6": 0.3583984375, "f_7": 0.28515625, "f_8": 0.22265625, "f_9": 0.2158203125}, "sample7": {"f_0": 0.5107421875, "f_1": 0.4697265625, "f_2": 0.4169921875, "f_3": 0.3779296875, "f_4": 0.3642578125, "f_5": 0.333984375, "f_6": 0.2783203125, "f_7": 0.2783203125, "f_8": 0.23046875, "f_9": 0.224609375}, "sample8": {"f_0": 0.4794921875, "f_1": 0.5712890625, "f_2": 0.3798828125, "f_3": 0.21875, "f_4": 0.2841796875, "f_5": 0.3984375, "f_6": 0.41796875, "f_7": 0.2783203125, "f_8": 0.2109375, "f_9": 0.2041015625}, "sample9": {"f_0": 0.5048828125, "f_1": 0.650390625, "f_2": 0.7802734375, "f_3": 0.7666015625, "f_4": 0.7314453125, "f_5": 0.5693359375, "f_6": 0.5126953125, "f_7": 0.40625, "f_8": 0.2529296875, "f_9": 0.2490234375}, "sample10": {"f_0": 0.46484375, "f_1": 0.1982421875, "f_2": 0.0478515625, "f_3": 0.0673828125, "f_4": 0.267578125, "f_5": 0.431640625, "f_6": 0.6923828125, "f_7": 0.7041015625, "f_8": 0.6611328125, "f_9": 0.341796875}, "sample11": {"f_0": 0.5009765625, "f_1": 0.6513671875, "f_2": 0.66015625, "f_3": 0.5126953125, "f_4": 0.4482421875, "f_5": 0.3095703125, "f_6": 0.25, "f_7": 0.0654296875, "f_8": 0.1044921875, "f_9": 0.2060546875}, "sample12": {"f_0": 0.5224609375, "f_1": 0.6181640625, "f_2": 0.703125, "f_3": 0.7236328125, "f_4": 0.77734375, "f_5": 0.7890625, "f_6": 0.775390625, "f_7": 0.70703125, "f_8": 0.6025390625, "f_9": 0.5029296875}, "sample13": {"f_0": 0.521484375, "f_1": 0.5380859375, "f_2": 0.6298828125, "f_3": 0.6591796875, "f_4": 0.7578125, "f_5": 0.7587890625, "f_6": 0.791015625, "f_7": 0.8134765625, "f_8": 0.8349609375, "f_9": 0.8466796875}, "sample14": {"f_0": 0.4912109375, "f_1": 0.2958984375, "f_2": 0.1357421875, "f_3": 0.0498046875, "f_4": 0.056640625, "f_5": 0.0869140625, "f_6": 0.1220703125, "f_7": 0.1357421875, "f_8": 0.1220703125, "f_9": 0.103515625}, "sample15": {"f_0": 0.4609375, "f_1": 0.5869140625, "f_2": 0.392578125, "f_3": 0.1318359375, "f_4": 0.1259765625, "f_5": 0.3720703125, "f_6": 0.4345703125, "f_7": 0.326171875, "f_8": 0.1748046875, "f_9": 0.1337890625}, "sample16": {"f_0": 0.5283203125, "f_1": 0.2412109375, "f_2": 0.0576171875, "f_3": 0.0390625, "f_4": 0.19921875, "f_5": 0.3291015625, "f_6": 0.49609375, "f_7": 0.5126953125, "f_8": 0.447265625, "f_9": 0.23828125}, "sample17": {"f_0": 0.4873046875, "f_1": 0.6513671875, "f_2": 0.658203125, "f_3": 0.568359375, "f_4": 0.505859375, "f_5": 0.4296875, "f_6": 0.4443359375, "f_7": 0.5205078125, "f_8": 0.5400390625, "f_9": 0.5087890625}, "sample18": {"f_0": 0.4853515625, "f_1": 0.712890625, "f_2": 0.748046875, "f_3": 0.47265625, "f_4": 0.3330078125, "f_5": 0.185546875, "f_6": 0.0458984375, "f_7": 0.08984375, "f_8": 0.08984375, "f_9": 0.3701171875}, "sample19": {"f_0": 0.4970703125, "f_1": 0.1884765625, "f_2": 0.0341796875, "f_3": 0.0771484375, "f_4": 0.1591796875, "f_5": 0.283203125, "f_6": 0.2509765625, "f_7": 0.2294921875, "f_8": 0.21484375, "f_9": 0.2626953125}, "sample20": {"f_0": 0.513671875, "f_1": 0.37109375, "f_2": 0.318359375, "f_3": 0.26953125, "f_4": 0.2890625, "f_5": 0.2724609375, "f_6": 0.2685546875, "f_7": 0.23046875, "f_8": 0.2138671875, "f_9": 0.2275390625}, "sample21": {"f_0": 0.4755859375, "f_1": 0.2626953125, "f_2": 0.1279296875, "f_3": 0.095703125, "f_4": 0.095703125, "f_5": 0.224609375, "f_6": 0.2392578125, "f_7": 0.2529296875, "f_8": 0.1669921875, "f_9": 0.1376953125}, "sample22": {"f_0": 0.5009765625, "f_1": 0.7373046875, "f_2": 0.5537109375, "f_3": 0.248046875, "f_4": 0.2744140625, "f_5": 0.439453125, "f_6": 0.40234375, "f_7": 0.1943359375, "f_8": 0.1083984375, "f_9": 0.3203125}, "sample23": {"f_0": 0.498046875, "f_1": 0.736328125, "f_2": 0.4072265625, "f_3": 0.2197265625, "f_4": 0.2353515625, "f_5": 0.2138671875, "f_6": 0.2646484375, "f_7": 0.33203125, "f_8": 0.2080078125, "f_9": 0.2705078125}, "sample24": {"f_0": 0.5, "f_1": 0.2578125, "f_2": 0.0927734375, "f_3": 0.0361328125, "f_4": 0.056640625, "f_5": 0.1220703125, "f_6": 0.1904296875, "f_7": 0.1826171875, "f_8": 0.1962890625, "f_9": 0.1298828125}, "sample25": {"f_0": 0.525390625, "f_1": 0.1123046875, "f_2": 0.041015625, "f_3": 0.3564453125, "f_4": 0.546875, "f_5": 0.4697265625, "f_6": 0.19140625, "f_7": 0.0595703125, "f_8": 0.1357421875, "f_9": 0.3369140625}, "sample26": {"f_0": 0.5068359375, "f_1": 0.19140625, "f_2": 0.1337890625, "f_3": 0.41796875, "f_4": 0.6181640625, "f_5": 0.4658203125, "f_6": 0.19140625, "f_7": 0.166015625, "f_8": 0.421875, "f_9": 0.619140625}, "sample27": {"f_0": 0.50390625, "f_1": 0.6455078125, "f_2": 0.6572265625, "f_3": 0.5078125, "f_4": 0.4306640625, "f_5": 0.3046875, "f_6": 0.326171875, "f_7": 0.2607421875, "f_8": 0.23828125, "f_9": 0.2392578125}, "sample28": {"f_0": 0.5107421875, "f_1": 0.3349609375, "f_2": 0.1689453125, "f_3": 0.0849609375, "f_4": 0.021484375, "f_5": 0.02734375, "f_6": 0.0595703125, "f_7": 0.169921875, "f_8": 0.3095703125, "f_9": 0.4052734375}, "sample29": {"f_0": 0.515625, "f_1": 0.7392578125, "f_2": 0.619140625, "f_3": 0.3623046875, "f_4": 0.29296875, "f_5": 0.2509765625, "f_6": 0.220703125, "f_7": 0.1875, "f_8": 0.220703125, "f_9": 0.283203125}, "sample30": {"f_0": 0.517578125, "f_1": 0.1318359375, "f_2": 0.044921875, "f_3": 0.1123046875, "f_4": 0.1806640625, "f_5": 0.2744140625, "f_6": 0.2841796875, "f_7": 0.2490234375, "f_8": 0.3359375, "f_9": 0.3994140625}, "sample31": {"f_0": 0.529296875, "f_1": 0.70703125, "f_2": 0.787109375, "f_3": 0.720703125, "f_4": 0.4853515625, "f_5": 0.3203125, "f_6": 0.30859375, "f_7": 0.2998046875, "f_8": 0.3447265625, "f_9": 0.3642578125}, "sample32": {"f_0": 0.4892578125, "f_1": 0.1435546875, "f_2": 0.033203125, "f_3": 0.064453125, "f_4": 0.2060546875, "f_5": 0.2431640625, "f_6": 0.255859375, "f_7": 0.251953125, "f_8": 0.228515625, "f_9": 0.2041015625}, "sample33": {"f_0": 0.4912109375, "f_1": 0.5546875, "f_2": 0.5693359375, "f_3": 0.57421875, "f_4": 0.623046875, "f_5": 0.607421875, "f_6": 0.576171875, "f_7": 0.5615234375, "f_8": 0.509765625, "f_9": 0.4697265625}, "sample34": {"f_0": 0.509765625, "f_1": 0.6962890625, "f_2": 0.6533203125, "f_3": 0.45703125, "f_4": 0.44921875, "f_5": 0.466796875, "f_6": 0.419921875, "f_7": 0.2021484375, "f_8": 0.15234375, "f_9": 0.2626953125}, "sample35": {"f_0": 0.4921875, "f_1": 0.27734375, "f_2": 0.138671875, "f_3": 0.16796875, "f_4": 0.111328125, "f_5": 0.2158203125, "f_6": 0.236328125, "f_7": 0.390625, "f_8": 0.4853515625, "f_9": 0.384765625}, "sample36": {"f_0": 0.5078125, "f_1": 0.466796875, "f_2": 0.4287109375, "f_3": 0.3603515625, "f_4": 0.328125, "f_5": 0.29296875, "f_6": 0.2119140625, "f_7": 0.18359375, "f_8": 0.15234375, "f_9": 0.130859375},