{"sample0": {"f_0": 0.0058556608855724335, "f_1": 0.11521042883396149, "f_2": 0.25399523973464966, "f_3": 0.3155656158924103, "f_4": 0.1939367949962616, "f_5": 0.1366962492465973, "f_6": 0.20099852979183197, "f_7": 0.31328797340393066, "f_8": 0.30933186411857605, "f_9": 0.23049502074718475}, "sample1": {"f_0": 0.0045667472295463085, "f_1": 0.047076258808374405, "f_2": 0.12471505254507065, "f_3": 0.20959408581256866, "f_4": 0.3392622768878937, "f_5": 0.4237917959690094, "f_6": 0.43728384375572205, "f_7": 0.43809330463409424, "f_8": 0.3622452914714813, "f_9": 0.25462570786476135}, "sample2": {"f_0": 0.003579416312277317, "f_1": 0.04264243692159653, "f_2": 0.06323263794183731, "f_3": 0.1145617663860321, "f_4": 0.17910054326057434, "f_5": 0.31829947233200073, "f_6": 0.3660282790660858, "f_7": 0.4082777202129364, "f_8": 0.36443835496902466, "f_9": 0.34797096252441406}, "sample3": {"f_0": 0.00538573507219553, "f_1": 0.0661877989768982, "f_2": 0.05588680878281593, "f_3": 0.08803025633096695, "f_4": 0.08023615926504135, "f_5": 0.09479932487010956, "f_6": 0.14389938116073608, "f_7": 0.12404993921518326, "f_8": 0.14189067482948303, "f_9": 0.14823293685913086}, "sample4": {"f_0": 0.005043271463364363, "f_1": 0.1930122822523117, "f_2": 0.2759413719177246, "f_3": 0.3138188421726227, "f_4": 0.3593161106109619, "f_5": 0.36891570687294006, "f_6": 0.28298652172088623, "f_7": 0.13529060781002045, "f_8": 0.0936710387468338, "f_9": 0.284935861825943}, "sample5": {"f_0": 0.008076624013483524, "f_1": 0.2894590497016907, "f_2": 0.463882178068161, "f_3": 0.5217065811157227, "f_4": 0.4547593891620636, "f_5": 0.3023739159107208, "f_6": 0.14843715727329254, "f_7": 0.1771216243505478, "f_8": 0.2307261973619461, "f_9": 0.3306083679199219}, "sample6": {"f_0": 0.006142821162939072, "f_1": 0.030617324635386467, "f_2": 0.047386832535266876, "f_3": 0.06108446791768074, "f_4": 0.10933975130319595, "f_5": 0.1750510185956955, "f_6": 0.1787676364183426, "f_7": 0.20903563499450684, "f_8": 0.2250194102525711, "f_9": 0.21409496665000916}, "sample7": {"f_0": 0.0035407161340117455, "f_1": 0.04049494117498398, "f_2": 0.034669481217861176, "f_3": 0.05025961622595787, "f_4": 0.045188579708337784, "f_5": 0.039225075393915176, "f_6": 0.06633089482784271, "f_7": 0.05308700352907181, "f_8": 0.04390857741236687, "f_9": 0.07212543487548828}, "sample8": {"f_0": 0.0030056992545723915, "f_1": 0.18843354284763336, "f_2": 0.18912284076213837, "f_3": 0.1424224078655243, "f_4": 0.08408575505018234, "f_5": 0.1262742429971695, "f_6": 0.3228689432144165, "f_7": 0.3032684922218323, "f_8": 0.25550514459609985, "f_9": 0.15125320851802826}, "sample9": {"f_0": 0.004888270515948534, "f_1": 0.16457927227020264, "f_2": 0.30885669589042664, "f_3": 0.43253445625305176, "f_4": 0.501499354839325, "f_5": 0.5093978047370911, "f_6": 0.4686015844345093, "f_7": 0.39477378129959106, "f_8": 0.29120534658432007, "f_9": 0.28539156913757324}, "sample10": {"f_0": 0.006767192855477333, "f_1": 0.1130802109837532, "f_2": 0.29893454909324646, "f_3": 0.5416257381439209, "f_4": 0.5838424563407898, "f_5": 0.5338326692581177, "f_6": 0.3184698224067688, "f_7": 0.17546002566814423, "f_8": 0.09654025733470917, "f_9": 0.07030200958251953}, "sample11": {"f_0": 0.005942298099398613, "f_1": 0.07499244064092636, "f_2": 0.18452893197536469, "f_3": 0.17250405251979828, "f_4": 0.3078669309616089, "f_5": 0.419004887342453, "f_6": 0.4874687194824219, "f_7": 0.4615420401096344, "f_8": 0.26412275433540344, "f_9": 0.19438044726848602}, "sample12": {"f_0": 0.0028956972528249025, "f_1": 0.09792324900627136, "f_2": 0.19016553461551666, "f_3": 0.298458993434906, "f_4": 0.3715806305408478, "f_5": 0.45941999554634094, "f_6": 0.5969243049621582, "f_7": 0.6508659720420837, "f_8": 0.6420297026634216, "f_9": 0.5929515957832336}, "sample13": {"f_0": 0.0016914221923798323, "f_1": 0.07211687415838242, "f_2": 0.09597629308700562, "f_3": 0.21020156145095825, "f_4": 0.24051015079021454, "f_5": 0.30325978994369507, "f_6": 0.4664098024368286, "f_7": 0.4894070625305176, "f_8": 0.5407427549362183, "f_9": 0.606799304485321}, "sample14": {"f_0": 0.002018097322434187, "f_1": 0.08453255146741867, "f_2": 0.1929382085800171, "f_3": 0.35249388217926025, "f_4": 0.38576561212539673, "f_5": 0.36417901515960693, "f_6": 0.28553536534309387, "f_7": 0.26393306255340576, "f_8": 0.2945731282234192, "f_9": 0.30836912989616394}, "sample15": {"f_0": 0.002393389353528619, "f_1": 0.1383104920387268, "f_2": 0.2190011739730835, "f_3": 0.2127750664949417, "f_4": 0.0848810002207756, "f_5": 0.0386955589056015, "f_6": 0.13846687972545624, "f_7": 0.21798230707645416, "f_8": 0.20491354167461395, "f_9": 0.08002859354019165}, "sample16": {"f_0": 0.001862918958067894, "f_1": 0.13213340938091278, "f_2": 0.28283289074897766, "f_3": 0.5195067524909973, "f_4": 0.5428454875946045, "f_5": 0.4504695534706116, "f_6": 0.24411819875240326, "f_7": 0.13434657454490662, "f_8": 0.08031012862920761, "f_9": 0.09017921984195709}, "sample17": {"f_0": 0.004046866204589605, "f_1": 0.17728005349636078, "f_2": 0.2676689922809601, "f_3": 0.3826351463794708, "f_4": 0.34109047055244446, "f_5": 0.29803335666656494, "f_6": 0.2565547525882721, "f_7": 0.29238298535346985, "f_8": 0.375125527381897, "f_9": 0.3928869366645813}, "sample18": {"f_0": 0.003380183596163988, "f_1": 0.2853132486343384, "f_2": 0.47478199005126953, "f_3": 0.5974622964859009, "f_4": 0.5413293242454529, "f_5": 0.37645193934440613, "f_6": 0.11455504596233368, "f_7": 0.07166123390197754, "f_8": 0.1200876235961914, "f_9": 0.18726584315299988}, "sample19": {"f_0": 0.002324456349015236, "f_1": 0.15493188798427582, "f_2": 0.3493061363697052, "f_3": 0.49566298723220825, "f_4": 0.46319830417633057, "f_5": 0.35062289237976074, "f_6": 0.22156105935573578, "f_7": 0.22009500861167908, "f_8": 0.2616136074066162, "f_9": 0.3128175437450409}, "sample20": {"f_0": 0.002014791825786233, "f_1": 0.03905661404132843, "f_2": 0.0678585022687912, "f_3": 0.16067683696746826, "f_4": 0.18394704163074493, "f_5": 0.1976526975631714, "f_6": 0.18684621155261993, "f_7": 0.195827916264534, "f_8": 0.20619185268878937, "f_9": 0.2058113068342209}, "sample21": {"f_0": 0.0035822850186377764, "f_1": 0.07758350670337677, "f_2": 0.16117532551288605, "f_3": 0.2546384632587433, "f_4": 0.28804945945739746, "f_5": 0.23757591843605042, "f_6": 0.18698817491531372, "f_7": 0.1366095244884491, "f_8": 0.17068953812122345, "f_9": 0.2175479680299759}, "sample22": {"f_0": 0.0035875323228538036, "f_1": 0.3283930718898773, "f_2": 0.45984113216400146, "f_3": 0.25081485509872437, "f_4": 0.1396781951189041, "f_5": 0.23178863525390625, "f_6": 0.33309903740882874, "f_7": 0.20773759484291077, "f_8": 0.1291579008102417, "f_9": 0.20377866923809052}, "sample23": {"f_0": 0.00015621956845279783, "f_1": 0.3442215919494629, "f_2": 0.4842437505722046, "f_3": 0.2955838143825531, "f_4": 0.18582983314990997, "f_5": 0.18843941390514374, "f_6": 0.16695159673690796, "f_7": 0.24767088890075684, "f_8": 0.18670164048671722, "f_9": 0.18524464964866638}, "sample24": {"f_0": 0.007417656946927309, "f_1": 0.08876854181289673, "f_2": 0.23184065520763397, "f_3": 0.4352717399597168, "f_4": 0.4694593846797943, "f_5": 0.4377918243408203, "f_6": 0.28747880458831787, "f_7": 0.24312707781791687, "f_8": 0.22625483572483063, "f_9": 0.2852863371372223}, "sample25": {"f_0": 0.004446862731128931, "f_1": 0.23665814101696014, "f_2": 0.4660281240940094, "f_3": 0.42048388719558716, "f_4": 0.1977844536304474, "f_5": 0.1029711589217186, "f_6": 0.3232152462005615, "f_7": 0.4524484872817993, "f_8": 0.4922775626182556, "f_9": 0.2445477545261383}, "sample26": {"f_0": 0.0009420249843969941, "f_1": 0.034591346979141235, "f_2": 0.14454059302806854, "f_3": 0.2316623032093048, "f_4": 0.2104768306016922, "f_5": 0.08621975034475327, "f_6": 0.06335441768169403, "f_7": 0.15961487591266632, "f_8": 0.27860939502716064, "f_9": 0.27192533016204834}, "sample27": {"f_0": 0.0032177502289414406, "f_1": 0.08770940452814102, "f_2": 0.19178879261016846, "f_3": 0.16859643161296844,