{"sample0": {"f_0": 0.4999999999999999, "f_1": 0.18720580444181212, "f_2": 0.1116498105256556, "f_3": 0.2837662953631977, "f_4": 0.3514305731296854, "f_5": 0.21926854818772504, "f_6": 0.09864352873010737, "f_7": 0.18307279691289174, "f_8": 0.38844481585764107, "f_9": 0.4450581462377647}, "sample1": {"f_0": 0.4999999999999999, "f_1": 0.5760860657361414, "f_2": 0.5158487639683519, "f_3": 0.3801629544335616, "f_4": 0.21569696914812672, "f_5": 0.07889089741730457, "f_6": 0.03616360772451222, "f_7": 0.09492852456524994, "f_8": 0.19380981593164065, "f_9": 0.2728303981081249}, "sample2": {"f_0": 0.4999999999999999, "f_1": 0.5502157105658088, "f_2": 0.5112578512046863, "f_3": 0.4090949487712933, "f_4": 0.27498449210923426, "f_5": 0.14888598602221803, "f_6": 0.06139182305703933, "f_7": 0.021895308782819436, "f_8": 0.024092924993832567, "f_9": 0.05573340153354952}, "sample3": {"f_0": 0.4999999999999999, "f_1": 0.44051845479749396, "f_2": 0.3525992295507341, "f_3": 0.2678364705195173, "f_4": 0.20807112430035737, "f_5": 0.1782851388804707, "f_6": 0.17200512950386032, "f_7": 0.17829509878271832, "f_8": 0.18692959225526012, "f_9": 0.19115950499818019}, "sample4": {"f_0": 0.4999999999999999, "f_1": 0.6790896692701294, "f_2": 0.5797406513924841, "f_3": 0.46734331222106756, "f_4": 0.5336710925654209, "f_5": 0.5510899704667112, "f_6": 0.33540103739060195, "f_7": 0.13563694400549076, "f_8": 0.2018177684802161, "f_9": 0.35440530622261046}, "sample5": {"f_0": 0.4999999999999999, "f_1": 0.712544551504026, "f_2": 0.7370164123905876, "f_3": 0.5829427771759064, "f_4": 0.3668463783133927, "f_5": 0.2300864496925882, "f_6": 0.23039664612354496, "f_7": 0.30460960076573423, "f_8": 0.33552204089778637, "f_9": 0.26359018641407095}, "sample6": {"f_0": 0.4999999999999999, "f_1": 0.4979064025387991, "f_2": 0.43919058445276465, "f_3": 0.43386325419232785, "f_4": 0.44977149418538787, "f_5": 0.45878532876912315, "f_6": 0.4322721172447892, "f_7": 0.3642484568632316, "f_8": 0.3253396376676711, "f_9": 0.3136225160581338}, "sample7": {"f_0": 0.4999999999999999, "f_1": 0.469624278379426, "f_2": 0.43444861503121524, "f_3": 0.3966477068903029, "f_4": 0.35780318017852136, "f_5": 0.3189286912387734, "f_6": 0.2818053071235769, "f_7": 0.24802490575475636, "f_8": 0.2175043064620015, "f_9": 0.18940266735535563}, "sample8": {"f_0": 0.4999999999999999, "f_1": 0.5705633911391309, "f_2": 0.353345819062987, "f_3": 0.1915446705398176, "f_4": 0.29463686101371256, "f_5": 0.4613457623803138, "f_6": 0.42054279785968524, "f_7": 0.23968776812952536, "f_8": 0.16970060441036094, "f_9": 0.24941957634427403}, "sample9": {"f_0": 0.4999999999999999, "f_1": 0.6691940636617092, "f_2": 0.7330076009081006, "f_3": 0.7398593621591092, "f_4": 0.7025447598300316, "f_5": 0.630544930007445, "f_6": 0.5586192624780232, "f_7": 0.4941832998681416, "f_8": 0.41946486726665205, "f_9": 0.3310424264440699}, "sample10": {"f_0": 0.4999999999999999, "f_1": 0.22553992099100495, "f_2": 0.04874589816318097, "f_3": 0.08708575139108898, "f_4": 0.29209741655304017, "f_5": 0.529970899541215, "f_6": 0.6788929385462187, "f_7": 0.6549387222118193, "f_8": 0.45433808859636704, "f_9": 0.19857975722557697}, "sample11": {"f_0": 0.4999999999999999, "f_1": 0.6523135667242902, "f_2": 0.5427896151870957, "f_3": 0.4560245888820306, "f_4": 0.5249358319542768, "f_5": 0.5520390544339601, "f_6": 0.41535846334569015, "f_7": 0.22723799788242058, "f_8": 0.11061515536693332, "f_9": 0.10012437307279133}, "sample12": {"f_0": 0.4999999999999999, "f_1": 0.6178515800782804, "f_2": 0.6951283176213517, "f_3": 0.736820235093914, "f_4": 0.7596054013777174, "f_5": 0.7696028582529728, "f_6": 0.7576295153121481, "f_7": 0.7126043237672433, "f_8": 0.6348780029591369, "f_9": 0.5367519025683278}, "sample13": {"f_0": 0.4999999999999999, "f_1": 0.5632391861825113, "f_2": 0.6205343863715779, "f_3": 0.6715106182647578, "f_4": 0.7160517428146466, "f_5": 0.7535238539663329, "f_6": 0.7829569022451798, "f_7": 0.8039136081620964, "f_8": 0.8170656121127485, "f_9": 0.8236033976277141}, "sample14": {"f_0": 0.4999999999999999, "f_1": 0.28549913055725656, "f_2": 0.12273167752030552, "f_3": 0.06015937043081624, "f_4": 0.0730283881463214, "f_5": 0.11080308417675734, "f_6": 0.13769360885902884, "f_7": 0.13591988784266437, "f_8": 0.10351655485312278, "f_9": 0.0644146777135827}, "sample15": {"f_0": 0.4999999999999999, "f_1": 0.6051158026034428, "f_2": 0.3857229051278325, "f_3": 0.13271906521214355, "f_4": 0.1479697083702444, "f_5": 0.36297683103039563, "f_6": 0.4649703398122194, "f_7": 0.31925572869993724, "f_8": 0.13199910351099833, "f_9": 0.14679554310272203}, "sample16": {"f_0": 0.4999999999999999, "f_1": 0.22725754314386443, "f_2": 0.046848197922515454, "f_3": 0.06043877339161543, "f_4": 0.21654623931908232, "f_5": 0.3961248990711331, "f_6": 0.4978448325356203, "f_7": 0.4555484363466878, "f_8": 0.2798759677401547, "f_9": 0.08636362515231918}, "sample17": {"f_0": 0.4999999999999999, "f_1": 0.6292695857820745, "f_2": 0.6504465027077285, "f_3": 0.5721826177379032, "f_4": 0.46463868584654666, "f_5": 0.4103735317453827, "f_6": 0.4458877694539135, "f_7": 0.5359233272735804, "f_8": 0.5993863235315348, "f_9": 0.5683971347813239}, "sample18": {"f_0": 0.4999999999999999, "f_1": 0.696704965213853, "f_2": 0.6536426461777567, "f_3": 0.41329278903622174, "f_4": 0.13679294685126048, "f_5": 0.019269255554757714, "f_6": 0.12324414214440714, "f_7": 0.3683005477643892, "f_8": 0.585301088438225, "f_9": 0.6146557868850152}, "sample19": {"f_0": 0.4999999999999999, "f_1": 0.19112263184576658, "f_2": 0.033778064936777194, "f_3": 0.0899642792521393, "f_4": 0.21222743460259863, "f_5": 0.2604908716823855, "f_6": 0.2313555510346217, "f_7": 0.2059175006472468, "f_8": 0.23878256487953467, "f_9": 0.3126012561859564}, "sample20": {"f_0": 0.4999999999999999, "f_1": 0.39504476604056393, "f_2": 0.2911250247691855, "f_3": 0.2792352887052782, "f_4": 0.30633614488157374, "f_5": 0.3015394685815692, "f_6": 0.256313371168114, "f_7": 0.21733484323840085, "f_8": 0.197861718723116, "f_9": 0.1862373814183402}, "sample21": {"f_0": 0.4999999999999999, "f_1": 0.26626041416552415, "f_2": 0.17886018281304725, "f_3": 0.1538477370047169, "f_4": 0.09716851299417192, "f_5": 0.12663760476537073, "f_6": 0.22887612168186952, "f_7": 0.27071103563795695, "f_8": 0.27027737321133727, "f_9": 0.2909366745074222}, "sample22": {"f_0": 0.4999999999999999, "f_1": 0.7221752897356097, "f_2": 0.4926115078978374, "f_3": 0.21673148481488963, "f_4": 0.2816870525145264, "f_5": 0.45128337491650616, "f_6": 0.3468482731673746, "f_7": 0.13488052228140165, "f_8": 0.17675042163001936, "f_9": 0.3317665748779274}, "sample23": {"f_0": 0.4999999999999999, "f_1": 0.6873406533965972, "f_2": 0.4043858552346346, "f_3": 0.2181012885340826, "f_4": 0.21336208856675956, "f_5": 0.2806611112239276, "f_6": 0.2482475886722798, "f_7": 0.3136571995307396, "f_8": 0.29531270155348904, "f_9": 0.20889058741778352}, "sample24": {"f_0": 0.4999999999999999, "f_1": 0.26769181175884577, "f_2": 0.09245507651215466, "f_3": 0.04084624686479164, "f_4": 0.08739104041378654, "f_5": 0.1576080000911347, "f_6": 0.1930135389931883, "f_7": 0.178177808365406, "f_8": 0.13279717862511103, "f_9": 0.0945606502538753}, "sample25": {"f_0": 0.4999999999999999, "f_1": 0.10867143204616335, "f_2": 0.08735047072555903, "f_3": 0.374039144673376, "f_4": 0.5311799506123457, "f_5": 0.3521040743883873, "f_6": 0.09000725081352363, "f_7": 0.0945972045708741, "f_8": 0.27451986839216225, "f_9": 0.33534942019417413}, "sample26": {"f_0": 0.4999999999999999, "f_1": 0.18413852864029315, "f_2": 0.14083590497338186, "f_3": 0.43431724009039613, "f_4": 0.64314779070171, "f_5": 0.4696727225826841, "f_6": 0.1686240210520814, "f_7": 0.1721338095416853, "f_8": 0.46742944821391436, "f_9": 0.6280776048531803}, "sample27": {"f_0": 0.4999999999999999, "f_1": 0.6390172384310666, "f_2": 0.5536416133540842, "f_3": 0.4453393951156943, "f_4": 0.4510275538427896, "f_5": 0.45947750202906706, "f_6": 0.36730022319615363, "f_7": 0.2736056706171287,