{"sample0": {"f_0": 0.4999999999999999, "f_1": 0.6295047700776331, "f_2": 0.4499686629242138, "f_3": 0.21885028286999977, "f_4": 0.1953691546449219, "f_5": 0.37609207224554336, "f_6": 0.4830056266590259, "f_7": 0.36448275946191117, "f_8": 0.17596091452681772, "f_9": 0.11089388494907042}, "sample1": {"f_0": 0.4999999999999999, "f_1": 0.2917443092433782, "f_2": 0.12532666850367552, "f_3": 0.14985421142578617, "f_4": 0.3335561048874527, "f_5": 0.5465806864369712, "f_6": 0.6832538084233585, "f_7": 0.6786923256423203, "f_8": 0.529225388894278, "f_9": 0.3313530102788284}, "sample2": {"f_0": 0.4999999999999999, "f_1": 0.3685372043418757, "f_2": 0.22919372214013334, "f_3": 0.16904498924977004, "f_4": 0.2271118153822824, "f_5": 0.3842148410691115, "f_6": 0.576165253283132, "f_7": 0.726812666064804, "f_8": 0.7764882237184558, "f_9": 0.7027973532522857}, "sample3": {"f_0": 0.4999999999999999, "f_1": 0.5140520210485059, "f_2": 0.49470233781444617, "f_3": 0.46508933721944534, "f_4": 0.43671450951299745, "f_5": 0.4095606552036266, "f_6": 0.38291819064197913, "f_7": 0.3596207541581007, "f_8": 0.3440861685960846, "f_9": 0.3390691329742654}, "sample4": {"f_0": 0.4999999999999999, "f_1": 0.20154431888667051, "f_2": 0.09178844919891366, "f_3": 0.1219937273896877, "f_4": 0.0888863080665241, "f_5": 0.06930547471232205, "f_6": 0.22247940789421355, "f_7": 0.40114817001429953, "f_8": 0.37419319949443974, "f_9": 0.23251875207941536}, "sample5": {"f_0": 0.4999999999999999, "f_1": 0.21752357699252337, "f_2": 0.044834671538350204, "f_3": 0.06319902983930269, "f_4": 0.19156759856020336, "f_5": 0.2848606652844073, "f_6": 0.2704712848116964, "f_7": 0.20094393726955176, "f_8": 0.18670807683192475, "f_9": 0.2823653796287507}, "sample6": {"f_0": 0.4999999999999999, "f_1": 0.4008274213063609, "f_2": 0.32509028975158566, "f_3": 0.25886254074940523, "f_4": 0.19468001694807083, "f_5": 0.1515620236563341, "f_6": 0.13344044596408206, "f_7": 0.16011951511420233, "f_8": 0.1847610806994994, "f_9": 0.19531753524624776}, "sample7": {"f_0": 0.4999999999999999, "f_1": 0.5252592125803647, "f_2": 0.5472488844149803, "f_3": 0.5673730120436342, "f_4": 0.5861663498064504, "f_5": 0.6050974818856962, "f_6": 0.6256299422767848, "f_7": 0.646803050855234, "f_8": 0.6663735243387443, "f_9": 0.6833852852133387}, "sample8": {"f_0": 0.4999999999999999, "f_1": 0.23840187952414293, "f_2": 0.2023808105778611, "f_3": 0.3871089667530759, "f_4": 0.4054079992534467, "f_5": 0.21096185413828608, "f_6": 0.12918545873767626, "f_7": 0.2620920519851834, "f_8": 0.35370886428461185, "f_9": 0.2715418049980872}, "sample9": {"f_0": 0.4999999999999999, "f_1": 0.2834208151274615, "f_2": 0.13150041450538222, "f_3": 0.053227701703673455, "f_4": 0.02858375439041876, "f_5": 0.04534532117389254, "f_6": 0.07937468325905785, "f_7": 0.12135534726297675, "f_8": 0.17807207852012885, "f_9": 0.24222877403609117}, "sample10": {"f_0": 0.4999999999999999, "f_1": 0.6870485008284656, "f_2": 0.6966781010844522, "f_3": 0.5461178464644294, "f_4": 0.30457111505463036, "f_5": 0.09455761831554849, "f_6": 0.04532957019902947, "f_7": 0.1770562405461477, "f_8": 0.38732028961395676, "f_9": 0.5548473841406646}, "sample11": {"f_0": 0.4999999999999999, "f_1": 0.21002506628817774, "f_2": 0.10616145538841136, "f_3": 0.12281267309683144, "f_4": 0.07886620926754832, "f_5": 0.08933348560408695, "f_6": 0.24079057244794802, "f_7": 0.405569310554842, "f_8": 0.4848178311653266, "f_9": 0.4709137144008079}, "sample12": {"f_0": 0.4999999999999999, "f_1": 0.3620986072293727, "f_2": 0.23600438037272606, "f_3": 0.13984074487598666, "f_4": 0.07276284767481932, "f_5": 0.03046495018147949, "f_6": 0.01680034301306966, "f_7": 0.038639331438817384, "f_8": 0.0948354922835983, "f_9": 0.1737381390137087}, "sample13": {"f_0": 0.4999999999999999, "f_1": 0.4325435726101437, "f_2": 0.36394560823767375, "f_3": 0.2974836946033431, "f_4": 0.2356997900569249, "f_5": 0.18020312508786437, "f_6": 0.13192873662037322, "f_7": 0.09144997039654096, "f_8": 0.05905951510635902, "f_9": 0.03484147824016571}, "sample14": {"f_0": 0.4999999999999999, "f_1": 0.6652125360408895, "f_2": 0.7106809562357397, "f_3": 0.6471100955595254, "f_4": 0.5388003171780341, "f_5": 0.44565594470360725, "f_6": 0.3976954552872749, "f_7": 0.40674831774249204, "f_8": 0.4709443872848065, "f_9": 0.5569998792652526}, "sample15": {"f_0": 0.4999999999999999, "f_1": 0.21473866138373496, "f_2": 0.15904236744180372, "f_3": 0.4187977666121655, "f_4": 0.6260837456522285, "f_5": 0.499566930960345, "f_6": 0.23605549520686847, "f_7": 0.20266714485774512, "f_8": 0.4206288169423018, "f_9": 0.5640918069671804}, "sample16": {"f_0": 0.4999999999999999, "f_1": 0.6975209363569002, "f_2": 0.7335279416620255, "f_3": 0.6046846765775712, "f_4": 0.3660299115489803, "f_5": 0.15131300646442328, "f_6": 0.1087135932983027, "f_7": 0.26945287763346587, "f_8": 0.5307916692157456, "f_9": 0.7546679827259131}, "sample17": {"f_0": 0.4999999999999999, "f_1": 0.32077503299752236, "f_2": 0.17545540287439126, "f_3": 0.11680921758790219, "f_4": 0.13502278168623513, "f_5": 0.1727693440668655, "f_6": 0.17333061697192106, "f_7": 0.12479283747839304, "f_8": 0.0675791618309655, "f_9": 0.06079695333386551}, "sample18": {"f_0": 0.4999999999999999, "f_1": 0.19215848155121376, "f_2": 0.04090143370148361, "f_3": 0.17785398428142546, "f_4": 0.4952147467052834, "f_5": 0.7473567770170445, "f_6": 0.7109092691677813, "f_7": 0.4255992772401626, "f_8": 0.13907770795651905, "f_9": 0.046982358888317206}, "sample19": {"f_0": 0.4999999999999999, "f_1": 0.7225913130076396, "f_2": 0.7161659820097667, "f_3": 0.5325867291922171, "f_4": 0.3351421688710202, "f_5": 0.25050663576403615, "f_6": 0.27170595279701715, "f_7": 0.30668135073024294, "f_8": 0.28639292948010836, "f_9": 0.21808562930001504}, "sample20": {"f_0": 0.4999999999999999, "f_1": 0.4586609788729455, "f_2": 0.3388674934570769, "f_3": 0.251523485974438, "f_4": 0.20841458683805344, "f_5": 0.21132897455008282, "f_6": 0.24954538502529505, "f_7": 0.28567112854386756, "f_8": 0.3087893811245852, "f_9": 0.32559567369273207}, "sample21": {"f_0": 0.4999999999999999, "f_1": 0.6102390025291812, "f_2": 0.5382232340047156, "f_3": 0.5310135974115144, "f_4": 0.5427080951419956, "f_5": 0.4172228759519423, "f_6": 0.2749617513272202, "f_7": 0.251959598234644, "f_8": 0.26396200762936195, "f_9": 0.2638281103568074}, "sample22": {"f_0": 0.4999999999999999, "f_1": 0.11518464790868574, "f_2": 0.09139323846919452, "f_3": 0.2865655224841037, "f_4": 0.2548618829132293, "f_5": 0.1096550715156938, "f_6": 0.21079216034746817, "f_7": 0.4176718552597893, "f_8": 0.3701531304808033, "f_9": 0.19046966915241437}, "sample23": {"f_0": 0.4999999999999999, "f_1": 0.05496411345606433, "f_2": 0.13691247951578323, "f_3": 0.2914243201266818, "f_4": 0.3134872385507151, "f_5": 0.22607280504648342, "f_6": 0.26347490936784057, "f_7": 0.20044342252343916, "f_8": 0.2087547586884517, "f_9": 0.2952678780536774}, "sample24": {"f_0": 0.4999999999999999, "f_1": 0.675491037973631, "f_2": 0.7228918404111502, "f_3": 0.649083816008247, "f_4": 0.5119427733897557, "f_5": 0.3829126058851194, "f_6": 0.3178454726286474, "f_7": 0.3347330104911626, "f_8": 0.4071747261601668, "f_9": 0.4800329874504889}, "sample25": {"f_0": 0.4999999999999999, "f_1": 0.72727694817934, "f_2": 0.5307271561719229, "f_3": 0.19465226947926964, "f_4": 0.08673498145219163, "f_5": 0.34732925508961926, "f_6": 0.6082077250960414, "f_7": 0.5005202848438772, "f_8": 0.2499593405611017, "f_9": 0.1793888820650949}, "sample26": {"f_0": 0.4999999999999999, "f_1": 0.6342043651647046, "f_2": 0.39855812050461276, "f_3": 0.12046231805270874, "f_4": 0.1612155065789581, "f_5": 0.4291180553279429, "f_6": 0.5387936392962294, "f_7": 0.3423577390519009, "f_8": 0.10007685726066577, "f_9": 0.11336360419511667}, "sample27": {"f_0": 0.4999999999999999, "f_1": 0.23421464113797302, "f_2": 0.11227583572850991, "f_3": 0.1277014789827271, "f_4": 0.11727306192786667, "f_5": 0.10409718760379053, "f_6": 0.1726893942014098, "f_7": 0.24198457397932163,