{"sample0": {"f_0": 0.6071094274520874, "f_1": 0.20040176808834076, "f_2": 0.08217265456914902, "f_3": 0.23627835512161255, "f_4": 0.28416287899017334, "f_5": 0.24407334625720978, "f_6": 0.10120575875043869, "f_7": 0.14178568124771118, "f_8": 0.21926510334014893, "f_9": 0.35174447298049927}, "sample1": {"f_0": 0.592648983001709, "f_1": 0.5062735676765442, "f_2": 0.4840777516365051, "f_3": 0.33499592542648315, "f_4": 0.241943359375, "f_5": 0.19198589026927948, "f_6": 0.1113346517086029, "f_7": 0.08813841640949249, "f_8": 0.07571922242641449, "f_9": 0.09939565509557724}, "sample2": {"f_0": 0.5971812009811401, "f_1": 0.48691776394844055, "f_2": 0.4650438129901886, "f_3": 0.3035881519317627, "f_4": 0.2267303168773651, "f_5": 0.17086338996887207, "f_6": 0.09379254281520844, "f_7": 0.08285146206617355, "f_8": 0.06667082756757736, "f_9": 0.07966665923595428}, "sample3": {"f_0": 0.5997751355171204, "f_1": 0.6443949937820435, "f_2": 0.5399002432823181, "f_3": 0.4836127758026123, "f_4": 0.4016910195350647, "f_5": 0.32877177000045776, "f_6": 0.32649558782577515, "f_7": 0.2583356201648712, "f_8": 0.2147616147994995, "f_9": 0.24380411207675934}, "sample4": {"f_0": 0.6101839542388916, "f_1": 0.7369664311408997, "f_2": 0.676152229309082, "f_3": 0.5156878232955933, "f_4": 0.4510081112384796, "f_5": 0.3007732331752777, "f_6": 0.15631268918514252, "f_7": 0.20133572816848755, "f_8": 0.4108869433403015, "f_9": 0.5071950554847717}, "sample5": {"f_0": 0.6106816530227661, "f_1": 0.8398391604423523, "f_2": 0.7683489322662354, "f_3": 0.40209829807281494, "f_4": 0.23497390747070312, "f_5": 0.1465587019920349, "f_6": 0.21411392092704773, "f_7": 0.2717803418636322, "f_8": 0.28814858198165894, "f_9": 0.1810690462589264}, "sample6": {"f_0": 0.6062114238739014, "f_1": 0.5098845362663269, "f_2": 0.5110408663749695, "f_3": 0.3659645617008209, "f_4": 0.35226428508758545, "f_5": 0.30035728216171265, "f_6": 0.28882113099098206, "f_7": 0.2413657307624817, "f_8": 0.2184814214706421, "f_9": 0.17314688861370087}, "sample7": {"f_0": 0.6201514601707458, "f_1": 0.5802126526832581, "f_2": 0.5599581003189087, "f_3": 0.5630550980567932, "f_4": 0.5292336940765381, "f_5": 0.49430352449417114, "f_6": 0.4965549409389496, "f_7": 0.4515177607536316, "f_8": 0.431554913520813, "f_9": 0.4652571976184845}, "sample8": {"f_0": 0.6159600019454956, "f_1": 0.709154486656189, "f_2": 0.44666728377342224, "f_3": 0.2768518328666687, "f_4": 0.4055076837539673, "f_5": 0.46105244755744934, "f_6": 0.36785373091697693, "f_7": 0.2180192768573761, "f_8": 0.1804187297821045, "f_9": 0.2051064670085907}, "sample9": {"f_0": 0.6133164763450623, "f_1": 0.7979786992073059, "f_2": 0.8320316672325134, "f_3": 0.7309633493423462, "f_4": 0.5941886305809021, "f_5": 0.45154547691345215, "f_6": 0.2835600972175598, "f_7": 0.2162887156009674, "f_8": 0.14751848578453064, "f_9": 0.12748883664608002}, "sample10": {"f_0": 0.6202173233032227, "f_1": 0.20557643473148346, "f_2": 0.06253093481063843, "f_3": 0.14335684478282928, "f_4": 0.33123061060905457, "f_5": 0.5221846103668213, "f_6": 0.6787033677101135, "f_7": 0.6765693426132202, "f_8": 0.5620374083518982, "f_9": 0.19667690992355347}, "sample11": {"f_0": 0.6058977246284485, "f_1": 0.6430351138114929, "f_2": 0.6429178714752197, "f_3": 0.4659908711910248, "f_4": 0.45639702677726746, "f_5": 0.3264165222644806, "f_6": 0.3400344252586365, "f_7": 0.14579956233501434, "f_8": 0.09628386050462723, "f_9": 0.12100085616111755}, "sample12": {"f_0": 0.6230998039245605, "f_1": 0.7571960091590881, "f_2": 0.8077950477600098, "f_3": 0.7856704592704773, "f_4": 0.7771949172019958, "f_5": 0.7260046005249023, "f_6": 0.5692936778068542, "f_7": 0.46664729714393616, "f_8": 0.3574463725090027, "f_9": 0.256157249212265}, "sample13": {"f_0": 0.629062831401825, "f_1": 0.7247777581214905, "f_2": 0.7542503476142883, "f_3": 0.8035739660263062, "f_4": 0.8276251554489136, "f_5": 0.83786940574646, "f_6": 0.7959734797477722, "f_7": 0.7798582315444946, "f_8": 0.7445966601371765, "f_9": 0.5694143772125244}, "sample14": {"f_0": 0.6234703063964844, "f_1": 0.2711721360683441, "f_2": 0.10779299587011337, "f_3": 0.06253769248723984, "f_4": 0.10868029296398163, "f_5": 0.1449650377035141, "f_6": 0.20006725192070007, "f_7": 0.17819474637508392, "f_8": 0.18109023571014404, "f_9": 0.14427132904529572}, "sample15": {"f_0": 0.6311923265457153, "f_1": 0.6718690991401672, "f_2": 0.4284580945968628, "f_3": 0.15581968426704407, "f_4": 0.20800244808197021, "f_5": 0.3573691248893738, "f_6": 0.5088165402412415, "f_7": 0.33811819553375244, "f_8": 0.1529902070760727, "f_9": 0.2118954062461853}, "sample16": {"f_0": 0.6033841967582703, "f_1": 0.20898698270320892, "f_2": 0.07230081409215927, "f_3": 0.12224268168210983, "f_4": 0.26262757182121277, "f_5": 0.37277454137802124, "f_6": 0.5364069938659668, "f_7": 0.49507805705070496, "f_8": 0.4229797124862671, "f_9": 0.19206109642982483}, "sample17": {"f_0": 0.6262549161911011, "f_1": 0.7865764498710632, "f_2": 0.7427348494529724, "f_3": 0.5637531876564026, "f_4": 0.46215108036994934, "f_5": 0.42103782296180725, "f_6": 0.3382326662540436, "f_7": 0.3753613233566284, "f_8": 0.3640578091144562, "f_9": 0.2401784211397171}, "sample18": {"f_0": 0.6138663291931152, "f_1": 0.8640697598457336, "f_2": 0.7529082894325256, "f_3": 0.3520353436470032, "f_4": 0.1627628207206726, "f_5": 0.12898291647434235, "f_6": 0.15415194630622864, "f_7": 0.19076795876026154, "f_8": 0.1582290679216385, "f_9": 0.45674848556518555}, "sample19": {"f_0": 0.6163329482078552, "f_1": 0.1708015501499176, "f_2": 0.04164687171578407, "f_3": 0.16725048422813416, "f_4": 0.29946663975715637, "f_5": 0.3235246241092682, "f_6": 0.2520941197872162, "f_7": 0.21228569746017456, "f_8": 0.20391152799129486, "f_9": 0.2628881633281708}, "sample20": {"f_0": 0.6138713955879211, "f_1": 0.40101197361946106, "f_2": 0.2825723886489868, "f_3": 0.22004932165145874, "f_4": 0.249958336353302, "f_5": 0.22649045288562775, "f_6": 0.22842314839363098, "f_7": 0.22118034958839417, "f_8": 0.19320422410964966, "f_9": 0.19261504709720612}, "sample21": {"f_0": 0.623724102973938, "f_1": 0.27170124650001526, "f_2": 0.13357959687709808, "f_3": 0.0732998251914978, "f_4": 0.13743658363819122, "f_5": 0.22045636177062988, "f_6": 0.2480623424053192, "f_7": 0.19623595476150513, "f_8": 0.14841876924037933, "f_9": 0.08656799793243408}, "sample22": {"f_0": 0.618116021156311, "f_1": 0.7676118612289429, "f_2": 0.47715893387794495, "f_3": 0.15559379756450653, "f_4": 0.2597843408584595, "f_5": 0.383939653635025, "f_6": 0.19735918939113617, "f_7": 0.11835874617099762, "f_8": 0.1959153115749359, "f_9": 0.30991238355636597}, "sample23": {"f_0": 0.6033284068107605, "f_1": 0.7179645895957947, "f_2": 0.3674473762512207, "f_3": 0.16234005987644196, "f_4": 0.2071063071489334, "f_5": 0.23315763473510742, "f_6": 0.25444960594177246, "f_7": 0.2851237952709198, "f_8": 0.2042572796344757, "f_9": 0.22250151634216309}, "sample24": {"f_0": 0.6264429092407227, "f_1": 0.24367643892765045, "f_2": 0.09049432724714279, "f_3": 0.07499100267887115, "f_4": 0.144875630736351, "f_5": 0.2008838951587677, "f_6": 0.27008479833602905, "f_7": 0.24077869951725006, "f_8": 0.19456006586551666, "f_9": 0.13989238440990448}, "sample25": {"f_0": 0.6117866635322571, "f_1": 0.08900449424982071, "f_2": 0.08929935842752457, "f_3": 0.385826051235199, "f_4": 0.45343756675720215, "f_5": 0.35912343859672546, "f_6": 0.07339522242546082, "f_7": 0.11356119066476822, "f_8": 0.21091091632843018, "f_9": 0.3892449140548706}, "sample26": {"f_0": 0.620931088924408, "f_1": 0.36772844195365906, "f_2": 0.20621217787265778, "f_3": 0.38871222734451294, "f_4": 0.6132293939590454, "f_5": 0.6009959578514099, "f_6": 0.36614981293678284, "f_7": 0.2101716250181198, "f_8": 0.33037835359573364, "f_9": 0.4520553946495056}, "sample27": {"f_0": 0.6147617101669312, "f_1": 0.6802304983139038, "f_2": 0.6974813342094421, "f_3": 0.4464568495750427, "f_4": 0.4087215065956116, "f_5": 0.3199930191040039, "f_6": 0.3356195092201233, "f_7": 0.27221158146858215,