{"sample0": {"f_0": 0.876953125, "f_1": 0.5234375, "f_2": 0.259521484375, "f_3": 0.130615234375, "f_4": 0.205322265625, "f_5": 0.244384765625, "f_6": 0.201171875, "f_7": 0.105224609375, "f_8": 0.097412109375, "f_9": 0.161376953125}, "sample1": {"f_0": 0.870849609375, "f_1": 0.591552734375, "f_2": 0.3974609375, "f_3": 0.2109375, "f_4": 0.123291015625, "f_5": 0.09619140625, "f_6": 0.1318359375, "f_7": 0.1611328125, "f_8": 0.186279296875, "f_9": 0.1884765625}, "sample2": {"f_0": 0.875732421875, "f_1": 0.638671875, "f_2": 0.513427734375, "f_3": 0.33740234375, "f_4": 0.214599609375, "f_5": 0.138427734375, "f_6": 0.1484375, "f_7": 0.175537109375, "f_8": 0.205078125, "f_9": 0.160888671875}, "sample3": {"f_0": 0.87646484375, "f_1": 0.609619140625, "f_2": 0.562255859375, "f_3": 0.43017578125, "f_4": 0.3857421875, "f_5": 0.351318359375, "f_6": 0.2666015625, "f_7": 0.260986328125, "f_8": 0.247314453125, "f_9": 0.214111328125}, "sample4": {"f_0": 0.880126953125, "f_1": 0.495849609375, "f_2": 0.333251953125, "f_3": 0.20361328125, "f_4": 0.152099609375, "f_5": 0.116455078125, "f_6": 0.12548828125, "f_7": 0.244140625, "f_8": 0.35400390625, "f_9": 0.232177734375}, "sample5": {"f_0": 0.879638671875, "f_1": 0.455078125, "f_2": 0.255615234375, "f_3": 0.069580078125, "f_4": 0.08154296875, "f_5": 0.138671875, "f_6": 0.22216796875, "f_7": 0.193359375, "f_8": 0.1416015625, "f_9": 0.08935546875}, "sample6": {"f_0": 0.873046875, "f_1": 0.679931640625, "f_2": 0.5712890625, "f_3": 0.427978515625, "f_4": 0.328369140625, "f_5": 0.2373046875, "f_6": 0.226318359375, "f_7": 0.163330078125, "f_8": 0.159912109375, "f_9": 0.133056640625}, "sample7": {"f_0": 0.888427734375, "f_1": 0.684814453125, "f_2": 0.685546875, "f_3": 0.60595703125, "f_4": 0.600341796875, "f_5": 0.5908203125, "f_6": 0.530517578125, "f_7": 0.52392578125, "f_8": 0.510986328125, "f_9": 0.450439453125}, "sample8": {"f_0": 0.878662109375, "f_1": 0.43994140625, "f_2": 0.282958984375, "f_3": 0.284912109375, "f_4": 0.376220703125, "f_5": 0.326904296875, "f_6": 0.13671875, "f_7": 0.125244140625, "f_8": 0.13623046875, "f_9": 0.20703125}, "sample9": {"f_0": 0.88818359375, "f_1": 0.595947265625, "f_2": 0.4326171875, "f_3": 0.235107421875, "f_4": 0.15087890625, "f_5": 0.08935546875, "f_6": 0.0673828125, "f_7": 0.087158203125, "f_8": 0.122314453125, "f_9": 0.136962890625}, "sample10": {"f_0": 0.883056640625, "f_1": 0.595947265625, "f_2": 0.39697265625, "f_3": 0.109375, "f_4": 0.053466796875, "f_5": 0.081298828125, "f_6": 0.295654296875, "f_7": 0.422119140625, "f_8": 0.47265625, "f_9": 0.40234375}, "sample11": {"f_0": 0.880859375, "f_1": 0.6064453125, "f_2": 0.406494140625, "f_3": 0.3095703125, "f_4": 0.201416015625, "f_5": 0.102294921875, "f_6": 0.075439453125, "f_7": 0.120361328125, "f_8": 0.226318359375, "f_9": 0.261474609375}, "sample12": {"f_0": 0.87451171875, "f_1": 0.6220703125, "f_2": 0.5634765625, "f_3": 0.4228515625, "f_4": 0.321044921875, "f_5": 0.247802734375, "f_6": 0.095458984375, "f_7": 0.06591796875, "f_8": 0.048095703125, "f_9": 0.05908203125}, "sample13": {"f_0": 0.88232421875, "f_1": 0.658203125, "f_2": 0.6376953125, "f_3": 0.532958984375, "f_4": 0.486083984375, "f_5": 0.43896484375, "f_6": 0.271240234375, "f_7": 0.252685546875, "f_8": 0.206787109375, "f_9": 0.115234375}, "sample14": {"f_0": 0.88720703125, "f_1": 0.659423828125, "f_2": 0.488037109375, "f_3": 0.255126953125, "f_4": 0.16650390625, "f_5": 0.1357421875, "f_6": 0.151123046875, "f_7": 0.1630859375, "f_8": 0.146484375, "f_9": 0.131591796875}, "sample15": {"f_0": 0.869384765625, "f_1": 0.478515625, "f_2": 0.253662109375, "f_3": 0.222900390625, "f_4": 0.4521484375, "f_5": 0.564208984375, "f_6": 0.373046875, "f_7": 0.21875, "f_8": 0.21240234375, "f_9": 0.36376953125}, "sample16": {"f_0": 0.8798828125, "f_1": 0.591064453125, "f_2": 0.4091796875, "f_3": 0.1171875, "f_4": 0.059326171875, "f_5": 0.085693359375, "f_6": 0.283447265625, "f_7": 0.369384765625, "f_8": 0.415283203125, "f_9": 0.427490234375}, "sample17": {"f_0": 0.885498046875, "f_1": 0.53759765625, "f_2": 0.400146484375, "f_3": 0.188720703125, "f_4": 0.174072265625, "f_5": 0.177734375, "f_6": 0.156005859375, "f_7": 0.14892578125, "f_8": 0.126220703125, "f_9": 0.07080078125}, "sample18": {"f_0": 0.884521484375, "f_1": 0.4677734375, "f_2": 0.255615234375, "f_3": 0.043212890625, "f_4": 0.086181640625, "f_5": 0.123291015625, "f_6": 0.396728515625, "f_7": 0.366455078125, "f_8": 0.256103515625, "f_9": 0.2490234375}, "sample19": {"f_0": 0.880859375, "f_1": 0.5830078125, "f_2": 0.344970703125, "f_3": 0.097900390625, "f_4": 0.0859375, "f_5": 0.12353515625, "f_6": 0.193603515625, "f_7": 0.165771484375, "f_8": 0.145263671875, "f_9": 0.108642578125}, "sample20": {"f_0": 0.883056640625, "f_1": 0.60546875, "f_2": 0.450439453125, "f_3": 0.24267578125, "f_4": 0.214111328125, "f_5": 0.19873046875, "f_6": 0.18212890625, "f_7": 0.173828125, "f_8": 0.151123046875, "f_9": 0.154541015625}, "sample21": {"f_0": 0.87744140625, "f_1": 0.614013671875, "f_2": 0.453857421875, "f_3": 0.248779296875, "f_4": 0.151123046875, "f_5": 0.1640625, "f_6": 0.18212890625, "f_7": 0.244140625, "f_8": 0.226806640625, "f_9": 0.17724609375}, "sample22": {"f_0": 0.87451171875, "f_1": 0.362548828125, "f_2": 0.10986328125, "f_3": 0.157958984375, "f_4": 0.248779296875, "f_5": 0.193115234375, "f_6": 0.09033203125, "f_7": 0.161376953125, "f_8": 0.2509765625, "f_9": 0.140869140625}, "sample23": {"f_0": 0.882568359375, "f_1": 0.320556640625, "f_2": 0.09814453125, "f_3": 0.155029296875, "f_4": 0.2255859375, "f_5": 0.188720703125, "f_6": 0.19873046875, "f_7": 0.13818359375, "f_8": 0.174560546875, "f_9": 0.15625}, "sample24": {"f_0": 0.875732421875, "f_1": 0.641845703125, "f_2": 0.470947265625, "f_3": 0.184814453125, "f_4": 0.110595703125, "f_5": 0.0927734375, "f_6": 0.123291015625, "f_7": 0.1650390625, "f_8": 0.16455078125, "f_9": 0.131103515625}, "sample25": {"f_0": 0.890625, "f_1": 0.476806640625, "f_2": 0.167236328125, "f_3": 0.13037109375, "f_4": 0.296875, "f_5": 0.37646484375, "f_6": 0.263916015625, "f_7": 0.1279296875, "f_8": 0.08251953125, "f_9": 0.19970703125}, "sample26": {"f_0": 0.8974609375, "f_1": 0.56982421875, "f_2": 0.29150390625, "f_3": 0.199951171875, "f_4": 0.3701171875, "f_5": 0.5283203125, "f_6": 0.373779296875, "f_7": 0.199462890625, "f_8": 0.1416015625, "f_9": 0.200927734375}, "sample27": {"f_0": 0.9013671875, "f_1": 0.6328125, "f_2": 0.435302734375, "f_3": 0.305419921875, "f_4": 0.2109375, "f_5": 0.1572265625, "f_6": 0.135986328125, "f_7": 0.124755859375, "f_8": 0.138671875, "f_9": 0.126220703125}, "sample28": {"f_0": 0.89599609375, "f_1": 0.65673828125, "f_2": 0.543701171875, "f_3": 0.287109375, "f_4": 0.192626953125, "f_5": 0.114501953125, "f_6": 0.056884765625, "f_7": 0.061279296875, "f_8": 0.114501953125, "f_9": 0.223388671875}, "sample29": {"f_0": 0.89208984375, "f_1": 0.366943359375, "f_2": 0.1357421875, "f_3": 0.1142578125, "f_4": 0.137451171875, "f_5": 0.162841796875, "f_6": 0.145263671875, "f_7": 0.173828125, "f_8": 0.164306640625, "f_9": 0.162109375}, "sample30": {"f_0": 0.89306640625, "f_1": 0.509033203125, "f_2": 0.25244140625, "f_3": 0.140869140625, "f_4": 0.127197265625, "f_5": 0.172607421875, "f_6": 0.16357421875, "f_7": 0.17138671875, "f_8": 0.203369140625, "f_9": 0.26806640625}, "sample31": {"f_0": 0.89453125, "f_1": 0.564697265625, "f_2": 0.34375, "f_3": 0.190673828125, "f_4": 0.08935546875, "f_5": 0.13916015625, "f_6": 0.13330078125, "f_7": 0.122802734375, "f_8": 0.111572265625, "f_9": 0.0966796875}, "sample32": {"f_0": 0.88916015625, "f_1": 0.55908203125, "f_2": 0.28662109375, "f_3": 0.106689453125, "f_4": 0.087646484375, "f_5": 0.156494140625, "f_6": 0.12744140625, "f_7": 0.15478515625, "f_8": 0.135986328125, "f_9": 0.105712890625}, "sample33": {"f_0": 0.892333984375, "f_1": 0.62353515625, "f_2": 0.5693359375, "f_3": 0.42041015625, "f_4": 0.35791015625, "f_5": 0.2919921875, "f_6": 0.14111328125, "f_7": 0.11669921875, "f_8": 0.0986328125, "f_9": 0.05908203125}, "sample34": {"f_0": 0.893798828125,