{"sample0": {"f_0": 0.451171875, "f_1": 0.47265625, "f_2": 0.410400390625, "f_3": 0.17041015625, "f_4": 0.12548828125, "f_5": 0.17919921875, "f_6": 0.26220703125, "f_7": 0.23388671875, "f_8": 0.163818359375, "f_9": 0.0673828125}, "sample1": {"f_0": 0.440673828125, "f_1": 0.264892578125, "f_2": 0.139404296875, "f_3": 0.13232421875, "f_4": 0.168212890625, "f_5": 0.2451171875, "f_6": 0.3564453125, "f_7": 0.412353515625, "f_8": 0.38623046875, "f_9": 0.298095703125}, "sample2": {"f_0": 0.447021484375, "f_1": 0.325927734375, "f_2": 0.227783203125, "f_3": 0.20166015625, "f_4": 0.1806640625, "f_5": 0.231201171875, "f_6": 0.355712890625, "f_7": 0.3994140625, "f_8": 0.4111328125, "f_9": 0.362548828125}, "sample3": {"f_0": 0.434326171875, "f_1": 0.213623046875, "f_2": 0.216796875, "f_3": 0.162109375, "f_4": 0.16015625, "f_5": 0.178466796875, "f_6": 0.14208984375, "f_7": 0.16650390625, "f_8": 0.190673828125, "f_9": 0.13427734375}, "sample4": {"f_0": 0.447021484375, "f_1": 0.092041015625, "f_2": 0.044189453125, "f_3": 0.071533203125, "f_4": 0.094970703125, "f_5": 0.156005859375, "f_6": 0.217529296875, "f_7": 0.208251953125, "f_8": 0.1259765625, "f_9": 0.0546875}, "sample5": {"f_0": 0.4560546875, "f_1": 0.06689453125, "f_2": 0.038330078125, "f_3": 0.17236328125, "f_4": 0.263671875, "f_5": 0.270263671875, "f_6": 0.17431640625, "f_7": 0.11181640625, "f_8": 0.115478515625, "f_9": 0.1845703125}, "sample6": {"f_0": 0.445556640625, "f_1": 0.3193359375, "f_2": 0.240966796875, "f_3": 0.236328125, "f_4": 0.164306640625, "f_5": 0.140380859375, "f_6": 0.1357421875, "f_7": 0.14697265625, "f_8": 0.175048828125, "f_9": 0.164306640625}, "sample7": {"f_0": 0.446533203125, "f_1": 0.29052734375, "f_2": 0.296630859375, "f_3": 0.26025390625, "f_4": 0.27734375, "f_5": 0.283203125, "f_6": 0.227783203125, "f_7": 0.25439453125, "f_8": 0.254150390625, "f_9": 0.173095703125}, "sample8": {"f_0": 0.46044921875, "f_1": 0.077392578125, "f_2": 0.100341796875, "f_3": 0.16650390625, "f_4": 0.15185546875, "f_5": 0.11669921875, "f_6": 0.095703125, "f_7": 0.172607421875, "f_8": 0.201171875, "f_9": 0.17041015625}, "sample9": {"f_0": 0.44873046875, "f_1": 0.1318359375, "f_2": 0.04541015625, "f_3": 0.0537109375, "f_4": 0.074462890625, "f_5": 0.13623046875, "f_6": 0.207275390625, "f_7": 0.2470703125, "f_8": 0.23779296875, "f_9": 0.246826171875}, "sample10": {"f_0": 0.46240234375, "f_1": 0.521728515625, "f_2": 0.55810546875, "f_3": 0.373046875, "f_4": 0.222900390625, "f_5": 0.123779296875, "f_6": 0.033203125, "f_7": 0.0869140625, "f_8": 0.145751953125, "f_9": 0.3203125}, "sample11": {"f_0": 0.457763671875, "f_1": 0.218994140625, "f_2": 0.091796875, "f_3": 0.1064453125, "f_4": 0.096435546875, "f_5": 0.16259765625, "f_6": 0.177001953125, "f_7": 0.32373046875, "f_8": 0.344482421875, "f_9": 0.319091796875}, "sample12": {"f_0": 0.448974609375, "f_1": 0.179931640625, "f_2": 0.1142578125, "f_3": 0.056884765625, "f_4": 0.05322265625, "f_5": 0.049072265625, "f_6": 0.13330078125, "f_7": 0.17919921875, "f_8": 0.250244140625, "f_9": 0.287841796875}, "sample13": {"f_0": 0.46337890625, "f_1": 0.2041015625, "f_2": 0.168701171875, "f_3": 0.101318359375, "f_4": 0.089111328125, "f_5": 0.06005859375, "f_6": 0.042724609375, "f_7": 0.04833984375, "f_8": 0.053955078125, "f_9": 0.10986328125}, "sample14": {"f_0": 0.450927734375, "f_1": 0.523193359375, "f_2": 0.55810546875, "f_3": 0.450439453125, "f_4": 0.371337890625, "f_5": 0.292724609375, "f_6": 0.201904296875, "f_7": 0.205322265625, "f_8": 0.22802734375, "f_9": 0.233642578125}, "sample15": {"f_0": 0.44677734375, "f_1": 0.10888671875, "f_2": 0.112060546875, "f_3": 0.275146484375, "f_4": 0.37060546875, "f_5": 0.346923828125, "f_6": 0.110595703125, "f_7": 0.116455078125, "f_8": 0.25927734375, "f_9": 0.27880859375}, "sample16": {"f_0": 0.444580078125, "f_1": 0.526611328125, "f_2": 0.538818359375, "f_3": 0.38671875, "f_4": 0.258544921875, "f_5": 0.135986328125, "f_6": 0.055419921875, "f_7": 0.11376953125, "f_8": 0.166748046875, "f_9": 0.373046875}, "sample17": {"f_0": 0.44921875, "f_1": 0.100830078125, "f_2": 0.058837890625, "f_3": 0.05322265625, "f_4": 0.093505859375, "f_5": 0.10302734375, "f_6": 0.094482421875, "f_7": 0.09326171875, "f_8": 0.1083984375, "f_9": 0.17724609375}, "sample18": {"f_0": 0.453369140625, "f_1": 0.064453125, "f_2": 0.035400390625, "f_3": 0.233154296875, "f_4": 0.353271484375, "f_5": 0.3095703125, "f_6": 0.3583984375, "f_7": 0.2587890625, "f_8": 0.222900390625, "f_9": 0.0615234375}, "sample19": {"f_0": 0.43017578125, "f_1": 0.562744140625, "f_2": 0.546630859375, "f_3": 0.32861328125, "f_4": 0.201416015625, "f_5": 0.142578125, "f_6": 0.157958984375, "f_7": 0.200439453125, "f_8": 0.204345703125, "f_9": 0.153564453125}, "sample20": {"f_0": 0.451416015625, "f_1": 0.349609375, "f_2": 0.29345703125, "f_3": 0.214111328125, "f_4": 0.173583984375, "f_5": 0.16259765625, "f_6": 0.1591796875, "f_7": 0.168212890625, "f_8": 0.162353515625, "f_9": 0.156982421875}, "sample21": {"f_0": 0.439208984375, "f_1": 0.463623046875, "f_2": 0.4814453125, "f_3": 0.3779296875, "f_4": 0.286376953125, "f_5": 0.176025390625, "f_6": 0.15380859375, "f_7": 0.1953125, "f_8": 0.250244140625, "f_9": 0.265869140625}, "sample22": {"f_0": 0.439697265625, "f_1": 0.03857421875, "f_2": 0.111083984375, "f_3": 0.243896484375, "f_4": 0.148193359375, "f_5": 0.081787109375, "f_6": 0.18310546875, "f_7": 0.24462890625, "f_8": 0.197265625, "f_9": 0.08349609375}, "sample23": {"f_0": 0.455322265625, "f_1": 0.03759765625, "f_2": 0.160400390625, "f_3": 0.254638671875, "f_4": 0.2021484375, "f_5": 0.172607421875, "f_6": 0.14892578125, "f_7": 0.111083984375, "f_8": 0.18310546875, "f_9": 0.140869140625}, "sample24": {"f_0": 0.453369140625, "f_1": 0.5185546875, "f_2": 0.55517578125, "f_3": 0.43994140625, "f_4": 0.341064453125, "f_5": 0.24853515625, "f_6": 0.154296875, "f_7": 0.164306640625, "f_8": 0.197265625, "f_9": 0.2333984375}, "sample25": {"f_0": 0.453857421875, "f_1": 0.559326171875, "f_2": 0.44384765625, "f_3": 0.123779296875, "f_4": 0.11279296875, "f_5": 0.1904296875, "f_6": 0.41455078125, "f_7": 0.360107421875, "f_8": 0.28369140625, "f_9": 0.09130859375}, "sample26": {"f_0": 0.465087890625, "f_1": 0.3154296875, "f_2": 0.248291015625, "f_3": 0.106201171875, "f_4": 0.06689453125, "f_5": 0.163818359375, "f_6": 0.165771484375, "f_7": 0.167724609375, "f_8": 0.111328125, "f_9": 0.041259765625}, "sample27": {"f_0": 0.44873046875, "f_1": 0.19921875, "f_2": 0.0908203125, "f_3": 0.105224609375, "f_4": 0.108642578125, "f_5": 0.126953125, "f_6": 0.1181640625, "f_7": 0.14404296875, "f_8": 0.17578125, "f_9": 0.150146484375}, "sample28": {"f_0": 0.439697265625, "f_1": 0.5703125, "f_2": 0.60107421875, "f_3": 0.56298828125, "f_4": 0.51416015625, "f_5": 0.440673828125, "f_6": 0.2685546875, "f_7": 0.1845703125, "f_8": 0.11474609375, "f_9": 0.0625}, "sample29": {"f_0": 0.446044921875, "f_1": 0.041015625, "f_2": 0.095947265625, "f_3": 0.17529296875, "f_4": 0.1875, "f_5": 0.200439453125, "f_6": 0.208740234375, "f_7": 0.20361328125, "f_8": 0.1708984375, "f_9": 0.154541015625}, "sample30": {"f_0": 0.455810546875, "f_1": 0.5439453125, "f_2": 0.447509765625, "f_3": 0.27099609375, "f_4": 0.205322265625, "f_5": 0.15869140625, "f_6": 0.143798828125, "f_7": 0.134765625, "f_8": 0.13232421875, "f_9": 0.183837890625}, "sample31": {"f_0": 0.443603515625, "f_1": 0.114013671875, "f_2": 0.041015625, "f_3": 0.070556640625, "f_4": 0.150146484375, "f_5": 0.173828125, "f_6": 0.172607421875, "f_7": 0.150146484375, "f_8": 0.17333984375, "f_9": 0.213134765625}, "sample32": {"f_0": 0.458251953125, "f_1": 0.55126953125, "f_2": 0.52685546875, "f_3": 0.33642578125, "f_4": 0.18701171875, "f_5": 0.16796875, "f_6": 0.1279296875, "f_7": 0.14892578125, "f_8": 0.151123046875, "f_9": 0.140380859375}, "sample33": {"f_0": 0.451904296875, "f_1": 0.1689453125, "f_2": 0.135009765625, "f_3": 0.06298828125, "f_4": 0.043212890625, "f_5": 0.039794921875, "f_6": 0.066162109375, "f_7": 0.08203125, "f_8": 0.09814453125, "f_9": 0.16015625},