{"sample0": {"f_0": 0, "f_1": 0.072265625, "f_2": 0.2041015625, "f_3": 0.2587890625, "f_4": 0.18359375, "f_5": 0.16015625, "f_6": 0.2294921875, "f_7": 0.3515625, "f_8": 0.3466796875, "f_9": 0.306640625}, "sample1": {"f_0": 0, "f_1": 0.03125, "f_2": 0.115234375, "f_3": 0.2646484375, "f_4": 0.3876953125, "f_5": 0.443359375, "f_6": 0.37890625, "f_7": 0.31640625, "f_8": 0.2294921875, "f_9": 0.0908203125}, "sample2": {"f_0": 0, "f_1": 0.0087890625, "f_2": 0.0634765625, "f_3": 0.13671875, "f_4": 0.2119140625, "f_5": 0.33984375, "f_6": 0.4033203125, "f_7": 0.3759765625, "f_8": 0.3251953125, "f_9": 0.255859375}, "sample3": {"f_0": 0, "f_1": 0.0009765625, "f_2": 0.0068359375, "f_3": 0.0458984375, "f_4": 0.07421875, "f_5": 0.0830078125, "f_6": 0.138671875, "f_7": 0.1650390625, "f_8": 0.203125, "f_9": 0.1748046875}, "sample4": {"f_0": 0, "f_1": 0.060546875, "f_2": 0.201171875, "f_3": 0.208984375, "f_4": 0.2412109375, "f_5": 0.3203125, "f_6": 0.3798828125, "f_7": 0.2158203125, "f_8": 0.05859375, "f_9": 0.0341796875}, "sample5": {"f_0": 0, "f_1": 0.0810546875, "f_2": 0.2412109375, "f_3": 0.384765625, "f_4": 0.4306640625, "f_5": 0.3720703125, "f_6": 0.255859375, "f_7": 0.20703125, "f_8": 0.2421875, "f_9": 0.38671875}, "sample6": {"f_0": 0, "f_1": 0.0078125, "f_2": 0.03125, "f_3": 0.048828125, "f_4": 0.12890625, "f_5": 0.2080078125, "f_6": 0.234375, "f_7": 0.283203125, "f_8": 0.2548828125, "f_9": 0.29296875}, "sample7": {"f_0": 0, "f_1": 0, "f_2": 0.0029296875, "f_3": 0.0078125, "f_4": 0.01171875, "f_5": 0.017578125, "f_6": 0.0263671875, "f_7": 0.044921875, "f_8": 0.0517578125, "f_9": 0.0693359375}, "sample8": {"f_0": 0, "f_1": 0.033203125, "f_2": 0.11328125, "f_3": 0.1279296875, "f_4": 0.0458984375, "f_5": 0.0830078125, "f_6": 0.1884765625, "f_7": 0.3154296875, "f_8": 0.3232421875, "f_9": 0.2158203125}, "sample9": {"f_0": 0, "f_1": 0.0400390625, "f_2": 0.1435546875, "f_3": 0.251953125, "f_4": 0.369140625, "f_5": 0.474609375, "f_6": 0.466796875, "f_7": 0.4931640625, "f_8": 0.41796875, "f_9": 0.43359375}, "sample10": {"f_0": 0, "f_1": 0.06640625, "f_2": 0.234375, "f_3": 0.423828125, "f_4": 0.5400390625, "f_5": 0.53515625, "f_6": 0.3447265625, "f_7": 0.1826171875, "f_8": 0.078125, "f_9": 0.0185546875}, "sample11": {"f_0": 0, "f_1": 0.0791015625, "f_2": 0.1953125, "f_3": 0.2431640625, "f_4": 0.36328125, "f_5": 0.46484375, "f_6": 0.5615234375, "f_7": 0.4013671875, "f_8": 0.158203125, "f_9": 0.0693359375}, "sample12": {"f_0": 0, "f_1": 0.0166015625, "f_2": 0.0556640625, "f_3": 0.1259765625, "f_4": 0.2060546875, "f_5": 0.322265625, "f_6": 0.4150390625, "f_7": 0.515625, "f_8": 0.5986328125, "f_9": 0.654296875}, "sample13": {"f_0": 0, "f_1": 0.0078125, "f_2": 0.0146484375, "f_3": 0.0302734375, "f_4": 0.068359375, "f_5": 0.083984375, "f_6": 0.1513671875, "f_7": 0.19140625, "f_8": 0.2109375, "f_9": 0.251953125}, "sample14": {"f_0": 0, "f_1": 0.0537109375, "f_2": 0.126953125, "f_3": 0.23828125, "f_4": 0.2509765625, "f_5": 0.27734375, "f_6": 0.279296875, "f_7": 0.3037109375, "f_8": 0.30078125, "f_9": 0.322265625}, "sample15": {"f_0": 0, "f_1": 0.05078125, "f_2": 0.1748046875, "f_3": 0.18359375, "f_4": 0.107421875, "f_5": 0.005859375, "f_6": 0.0380859375, "f_7": 0.16015625, "f_8": 0.21484375, "f_9": 0.115234375}, "sample16": {"f_0": 0, "f_1": 0.06640625, "f_2": 0.232421875, "f_3": 0.40625, "f_4": 0.49609375, "f_5": 0.4501953125, "f_6": 0.2861328125, "f_7": 0.150390625, "f_8": 0.0654296875, "f_9": 0.0556640625}, "sample17": {"f_0": 0, "f_1": 0.0263671875, "f_2": 0.0693359375, "f_3": 0.1494140625, "f_4": 0.1552734375, "f_5": 0.134765625, "f_6": 0.1171875, "f_7": 0.16796875, "f_8": 0.2216796875, "f_9": 0.3203125}, "sample18": {"f_0": 0, "f_1": 0.076171875, "f_2": 0.2900390625, "f_3": 0.5126953125, "f_4": 0.5703125, "f_5": 0.4375, "f_6": 0.3076171875, "f_7": 0.185546875, "f_8": 0.22265625, "f_9": 0.044921875}, "sample19": {"f_0": 0, "f_1": 0.0947265625, "f_2": 0.2783203125, "f_3": 0.4384765625, "f_4": 0.4501953125, "f_5": 0.3515625, "f_6": 0.298828125, "f_7": 0.283203125, "f_8": 0.3056640625, "f_9": 0.3603515625}, "sample20": {"f_0": 0, "f_1": 0.0068359375, "f_2": 0.0400390625, "f_3": 0.130859375, "f_4": 0.17578125, "f_5": 0.1904296875, "f_6": 0.2109375, "f_7": 0.2255859375, "f_8": 0.2509765625, "f_9": 0.2265625}, "sample21": {"f_0": 0, "f_1": 0.04296875, "f_2": 0.1318359375, "f_3": 0.1572265625, "f_4": 0.23046875, "f_5": 0.232421875, "f_6": 0.1826171875, "f_7": 0.1201171875, "f_8": 0.1748046875, "f_9": 0.1650390625}, "sample22": {"f_0": 0, "f_1": 0.1513671875, "f_2": 0.359375, "f_3": 0.2958984375, "f_4": 0.12109375, "f_5": 0.1875, "f_6": 0.4619140625, "f_7": 0.4375, "f_8": 0.251953125, "f_9": 0.1435546875}, "sample23": {"f_0": 0, "f_1": 0.24609375, "f_2": 0.4248046875, "f_3": 0.310546875, "f_4": 0.1875, "f_5": 0.2177734375, "f_6": 0.1689453125, "f_7": 0.259765625, "f_8": 0.220703125, "f_9": 0.2060546875}, "sample24": {"f_0": 0, "f_1": 0.0458984375, "f_2": 0.17578125, "f_3": 0.3291015625, "f_4": 0.3916015625, "f_5": 0.3876953125, "f_6": 0.3056640625, "f_7": 0.2890625, "f_8": 0.2646484375, "f_9": 0.3037109375}, "sample25": {"f_0": 0, "f_1": 0.140625, "f_2": 0.4091796875, "f_3": 0.4501953125, "f_4": 0.2763671875, "f_5": 0.1337890625, "f_6": 0.08203125, "f_7": 0.25390625, "f_8": 0.375, "f_9": 0.3515625}, "sample26": {"f_0": 0, "f_1": 0.078125, "f_2": 0.2119140625, "f_3": 0.2177734375, "f_4": 0.09375, "f_5": 0.0029296875, "f_6": 0.091796875, "f_7": 0.2294921875, "f_8": 0.2607421875, "f_9": 0.1201171875}, "sample27": {"f_0": 0, "f_1": 0.0458984375, "f_2": 0.193359375, "f_3": 0.2255859375, "f_4": 0.291015625, "f_5": 0.353515625, "f_6": 0.3359375, "f_7": 0.3544921875, "f_8": 0.2978515625, "f_9": 0.3125}, "sample28": {"f_0": 0, "f_1": 0.0322265625, "f_2": 0.1123046875, "f_3": 0.185546875, "f_4": 0.31640625, "f_5": 0.4306640625, "f_6": 0.5, "f_7": 0.556640625, "f_8": 0.556640625, "f_9": 0.4970703125}, "sample29": {"f_0": 0, "f_1": 0.16015625, "f_2": 0.3486328125, "f_3": 0.3134765625, "f_4": 0.3271484375, "f_5": 0.283203125, "f_6": 0.3193359375, "f_7": 0.24609375, "f_8": 0.2451171875, "f_9": 0.26953125}, "sample30": {"f_0": 0, "f_1": 0.11328125, "f_2": 0.265625, "f_3": 0.330078125, "f_4": 0.337890625, "f_5": 0.275390625, "f_6": 0.263671875, "f_7": 0.2587890625, "f_8": 0.2890625, "f_9": 0.193359375}, "sample31": {"f_0": 0, "f_1": 0.072265625, "f_2": 0.236328125, "f_3": 0.3271484375, "f_4": 0.396484375, "f_5": 0.3505859375, "f_6": 0.3291015625, "f_7": 0.291015625, "f_8": 0.3154296875, "f_9": 0.3642578125}, "sample32": {"f_0": 0, "f_1": 0.1103515625, "f_2": 0.3291015625, "f_3": 0.3779296875, "f_4": 0.4140625, "f_5": 0.279296875, "f_6": 0.3310546875, "f_7": 0.25390625, "f_8": 0.27734375, "f_9": 0.2666015625}, "sample33": {"f_0": 0, "f_1": 0.0029296875, "f_2": 0.0068359375, "f_3": 0.03515625, "f_4": 0.0517578125, "f_5": 0.0888671875, "f_6": 0.126953125, "f_7": 0.1884765625, "f_8": 0.2099609375, "f_9": 0.2333984375}, "sample34": {"f_0": 0, "f_1": 0.0927734375, "f_2": 0.2109375, "f_3": 0.2197265625, "f_4": 0.2265625, "f_5": 0.298828125, "f_6": 0.4150390625, "f_7": 0.34765625, "f_8": 0.2021484375, "f_9": 0.11328125}, "sample35": {"f_0": 0, "f_1": 0.03515625, "f_2": 0.0947265625, "f_3": 0.1162109375, "f_4": 0.2529296875, "f_5": 0.384765625, "f_6": 0.466796875, "f_7": 0.4716796875, "f_8": 0.3251953125, "f_9": 0.23046875}, "sample36": {"f_0": 0, "f_1": 0.001953125, "f_2": 0.0126953125, "f_3": 0.025390625, "f_4": 0.029296875, "f_5": 0.06640625, "f_6": 0.0771484375, "f_7": 0.1005859375, "f_8": 0.126953125, "f_9": 0.16015625}, "sample37": {"f_0": 0, "f_1": 0.015625, "f_2": 0.0634765625, "f_3": 0.189453125, "f_4": 0.2861328125, "f_5": 0.2685546875, "f_6": 0.4189453125, "f_7": 0.3779296875, "f_8": 0.3017578125, "f_9": 0.400390625}, "sample38": {"f_0": 0, "f_1": 0.0546875, "f_2": 0.1591796875, "f_3": 0.2490234375, "f_4": 0.291015625, "f_5": 0.3759765625, "f_6": 0.4501953125, "f_7": 0.53125, "f_8": 0.498046875, "f_9": 0.4853515625}, "sample39": {"f_0": 0, "f_1": 0.04296875, "f_2": 0.1533203125,