{"sample0": {"f_0": 0.0029296875, "f_1": 0.1103515625, "f_2": 0.181640625, "f_3": 0.203125, "f_4": 0.158203125, "f_5": 0.115234375, "f_6": 0.1591796875, "f_7": 0.2421875, "f_8": 0.21875, "f_9": 0.1982421875}, "sample1": {"f_0": 0.0048828125, "f_1": 0.046875, "f_2": 0.140625, "f_3": 0.2275390625, "f_4": 0.2880859375, "f_5": 0.3203125, "f_6": 0.23828125, "f_7": 0.1884765625, "f_8": 0.1533203125, "f_9": 0.1181640625}, "sample2": {"f_0": 0.005859375, "f_1": 0.0419921875, "f_2": 0.0732421875, "f_3": 0.12109375, "f_4": 0.15625, "f_5": 0.240234375, "f_6": 0.2548828125, "f_7": 0.26171875, "f_8": 0.2412109375, "f_9": 0.1904296875}, "sample3": {"f_0": 0.0029296875, "f_1": 0.041015625, "f_2": 0.0380859375, "f_3": 0.060546875, "f_4": 0.099609375, "f_5": 0.115234375, "f_6": 0.1142578125, "f_7": 0.1162109375, "f_8": 0.1748046875, "f_9": 0.146484375}, "sample4": {"f_0": 0.0029296875, "f_1": 0.0908203125, "f_2": 0.1552734375, "f_3": 0.1552734375, "f_4": 0.193359375, "f_5": 0.2294921875, "f_6": 0.24609375, "f_7": 0.169921875, "f_8": 0.09375, "f_9": 0.068359375}, "sample5": {"f_0": 0.0068359375, "f_1": 0.0888671875, "f_2": 0.201171875, "f_3": 0.279296875, "f_4": 0.3515625, "f_5": 0.2744140625, "f_6": 0.197265625, "f_7": 0.15234375, "f_8": 0.1826171875, "f_9": 0.240234375}, "sample6": {"f_0": 0.0009765625, "f_1": 0.0546875, "f_2": 0.052734375, "f_3": 0.0947265625, "f_4": 0.1220703125, "f_5": 0.169921875, "f_6": 0.171875, "f_7": 0.1865234375, "f_8": 0.1865234375, "f_9": 0.173828125}, "sample7": {"f_0": 0.001953125, "f_1": 0.046875, "f_2": 0.033203125, "f_3": 0.07421875, "f_4": 0.0556640625, "f_5": 0.06640625, "f_6": 0.091796875, "f_7": 0.08984375, "f_8": 0.083984375, "f_9": 0.095703125}, "sample8": {"f_0": 0.0048828125, "f_1": 0.05859375, "f_2": 0.1015625, "f_3": 0.107421875, "f_4": 0.064453125, "f_5": 0.0732421875, "f_6": 0.1552734375, "f_7": 0.1962890625, "f_8": 0.208984375, "f_9": 0.1630859375}, "sample9": {"f_0": 0.0029296875, "f_1": 0.076171875, "f_2": 0.1328125, "f_3": 0.2109375, "f_4": 0.283203125, "f_5": 0.33984375, "f_6": 0.298828125, "f_7": 0.3359375, "f_8": 0.28125, "f_9": 0.2421875}, "sample10": {"f_0": 0.0068359375, "f_1": 0.1005859375, "f_2": 0.205078125, "f_3": 0.3095703125, "f_4": 0.359375, "f_5": 0.3544921875, "f_6": 0.244140625, "f_7": 0.150390625, "f_8": 0.0888671875, "f_9": 0.080078125}, "sample11": {"f_0": 0.00390625, "f_1": 0.0693359375, "f_2": 0.1923828125, "f_3": 0.197265625, "f_4": 0.2373046875, "f_5": 0.310546875, "f_6": 0.3544921875, "f_7": 0.26171875, "f_8": 0.130859375, "f_9": 0.0927734375}, "sample12": {"f_0": 0.0029296875, "f_1": 0.06640625, "f_2": 0.0859375, "f_3": 0.140625, "f_4": 0.181640625, "f_5": 0.255859375, "f_6": 0.302734375, "f_7": 0.3369140625, "f_8": 0.3642578125, "f_9": 0.35546875}, "sample13": {"f_0": 0.00390625, "f_1": 0.046875, "f_2": 0.056640625, "f_3": 0.0732421875, "f_4": 0.0810546875, "f_5": 0.1123046875, "f_6": 0.15234375, "f_7": 0.1533203125, "f_8": 0.16796875, "f_9": 0.193359375}, "sample14": {"f_0": 0.0029296875, "f_1": 0.05078125, "f_2": 0.1435546875, "f_3": 0.1845703125, "f_4": 0.2138671875, "f_5": 0.2421875, "f_6": 0.1875, "f_7": 0.2177734375, "f_8": 0.1904296875, "f_9": 0.203125}, "sample15": {"f_0": 0.001953125, "f_1": 0.0703125, "f_2": 0.1376953125, "f_3": 0.154296875, "f_4": 0.1142578125, "f_5": 0.0556640625, "f_6": 0.08203125, "f_7": 0.12890625, "f_8": 0.1552734375, "f_9": 0.111328125}, "sample16": {"f_0": 0.0087890625, "f_1": 0.068359375, "f_2": 0.1923828125, "f_3": 0.2958984375, "f_4": 0.326171875, "f_5": 0.326171875, "f_6": 0.2041015625, "f_7": 0.126953125, "f_8": 0.0869140625, "f_9": 0.076171875}, "sample17": {"f_0": 0.0029296875, "f_1": 0.0380859375, "f_2": 0.09375, "f_3": 0.125, "f_4": 0.119140625, "f_5": 0.1357421875, "f_6": 0.126953125, "f_7": 0.1279296875, "f_8": 0.1943359375, "f_9": 0.2373046875}, "sample18": {"f_0": 0.0029296875, "f_1": 0.103515625, "f_2": 0.1962890625, "f_3": 0.3271484375, "f_4": 0.4052734375, "f_5": 0.333984375, "f_6": 0.224609375, "f_7": 0.1494140625, "f_8": 0.1484375, "f_9": 0.06640625}, "sample19": {"f_0": 0.005859375, "f_1": 0.09765625, "f_2": 0.251953125, "f_3": 0.283203125, "f_4": 0.3330078125, "f_5": 0.291015625, "f_6": 0.19140625, "f_7": 0.1943359375, "f_8": 0.1982421875, "f_9": 0.201171875}, "sample20": {"f_0": 0.0009765625, "f_1": 0.0341796875, "f_2": 0.06640625, "f_3": 0.1162109375, "f_4": 0.13671875, "f_5": 0.146484375, "f_6": 0.158203125, "f_7": 0.1494140625, "f_8": 0.16796875, "f_9": 0.1845703125}, "sample21": {"f_0": 0.0029296875, "f_1": 0.072265625, "f_2": 0.1376953125, "f_3": 0.1416015625, "f_4": 0.1875, "f_5": 0.1787109375, "f_6": 0.1484375, "f_7": 0.087890625, "f_8": 0.109375, "f_9": 0.1376953125}, "sample22": {"f_0": 0.001953125, "f_1": 0.1328125, "f_2": 0.2978515625, "f_3": 0.216796875, "f_4": 0.1015625, "f_5": 0.1513671875, "f_6": 0.2880859375, "f_7": 0.298828125, "f_8": 0.171875, "f_9": 0.1083984375}, "sample23": {"f_0": 0.001953125, "f_1": 0.18359375, "f_2": 0.318359375, "f_3": 0.2158203125, "f_4": 0.1533203125, "f_5": 0.1640625, "f_6": 0.125, "f_7": 0.177734375, "f_8": 0.1572265625, "f_9": 0.1552734375}, "sample24": {"f_0": 0.005859375, "f_1": 0.0673828125, "f_2": 0.14453125, "f_3": 0.2109375, "f_4": 0.2705078125, "f_5": 0.287109375, "f_6": 0.21484375, "f_7": 0.1904296875, "f_8": 0.2041015625, "f_9": 0.2041015625}, "sample25": {"f_0": 0.0009765625, "f_1": 0.1533203125, "f_2": 0.3271484375, "f_3": 0.33203125, "f_4": 0.18359375, "f_5": 0.1298828125, "f_6": 0.0908203125, "f_7": 0.197265625, "f_8": 0.25390625, "f_9": 0.1943359375}, "sample26": {"f_0": 0.001953125, "f_1": 0.10546875, "f_2": 0.1708984375, "f_3": 0.1689453125, "f_4": 0.08984375, "f_5": 0.05078125, "f_6": 0.1025390625, "f_7": 0.1513671875, "f_8": 0.1875, "f_9": 0.1328125}, "sample27": {"f_0": 0.0068359375, "f_1": 0.0693359375, "f_2": 0.15234375, "f_3": 0.1953125, "f_4": 0.2275390625, "f_5": 0.2607421875, "f_6": 0.2109375, "f_7": 0.21484375, "f_8": 0.1923828125, "f_9": 0.1943359375}, "sample28": {"f_0": 0.0029296875, "f_1": 0.0537109375, "f_2": 0.11328125, "f_3": 0.181640625, "f_4": 0.232421875, "f_5": 0.302734375, "f_6": 0.3349609375, "f_7": 0.3623046875, "f_8": 0.3583984375, "f_9": 0.28125}, "sample29": {"f_0": 0.0029296875, "f_1": 0.1533203125, "f_2": 0.2998046875, "f_3": 0.2412109375, "f_4": 0.2392578125, "f_5": 0.2138671875, "f_6": 0.2158203125, "f_7": 0.1875, "f_8": 0.1572265625, "f_9": 0.146484375}, "sample30": {"f_0": 0.00390625, "f_1": 0.1279296875, "f_2": 0.2353515625, "f_3": 0.23046875, "f_4": 0.2294921875, "f_5": 0.20703125, "f_6": 0.1884765625, "f_7": 0.15625, "f_8": 0.203125, "f_9": 0.140625}, "sample31": {"f_0": 0.0009765625, "f_1": 0.0927734375, "f_2": 0.1953125, "f_3": 0.2255859375, "f_4": 0.294921875, "f_5": 0.24609375, "f_6": 0.1826171875, "f_7": 0.1552734375, "f_8": 0.216796875, "f_9": 0.2353515625}, "sample32": {"f_0": 0.00390625, "f_1": 0.0966796875, "f_2": 0.2802734375, "f_3": 0.2861328125, "f_4": 0.271484375, "f_5": 0.1904296875, "f_6": 0.1806640625, "f_7": 0.1748046875, "f_8": 0.1728515625, "f_9": 0.1796875}, "sample33": {"f_0": 0.001953125, "f_1": 0.052734375, "f_2": 0.0595703125, "f_3": 0.0703125, "f_4": 0.0849609375, "f_5": 0.1123046875, "f_6": 0.1181640625, "f_7": 0.1103515625, "f_8": 0.162109375, "f_9": 0.169921875}, "sample34": {"f_0": 0.005859375, "f_1": 0.1044921875, "f_2": 0.1865234375, "f_3": 0.150390625, "f_4": 0.171875, "f_5": 0.23046875, "f_6": 0.2626953125, "f_7": 0.236328125, "f_8": 0.1640625, "f_9": 0.10546875}, "sample35": {"f_0": 0.0048828125, "f_1": 0.0673828125, "f_2": 0.099609375, "f_3": 0.1240234375, "f_4": 0.1650390625, "f_5": 0.26171875, "f_6": 0.287109375, "f_7": 0.2744140625, "f_8": 0.2001953125, "f_9": 0.171875}, "sample36": {"f_0": 0.005859375, "f_1": 0.03515625, "f_2": 0.0390625, "f_3": 0.0595703125, "f_4": 0.078125, "f_5": 0.0693359375, "f_6": 0.123046875, "f_7": 0.11328125, "f_8": 0.119140625, "f_9": 0.1533203125}, "sample37": {"f_0": 0, "f_1": 0.0458984375, "f_2": 0.08203125, "f_3": 0.1572265625, "f_4": 0.220703125, "f_5": 0.1875,