{"sample0": {"f_0": 1, "f_1": 0.7265349626541138, "f_2": 0.35651835799217224, "f_3": 0.17584563791751862, "f_4": 0.2816850543022156, "f_5": 0.33815866708755493, "f_6": 0.27714967727661133, "f_7": 0.1409146934747696, "f_8": 0.13125930726528168, "f_9": 0.22081394493579865}, "sample1": {"f_0": 1, "f_1": 0.8216046094894409, "f_2": 0.551340639591217, "f_3": 0.29032987356185913, "f_4": 0.1662353277206421, "f_5": 0.12739995121955872, "f_6": 0.1758788526058197, "f_7": 0.21696913242340088, "f_8": 0.254530668258667, "f_9": 0.25759726762771606}, "sample2": {"f_0": 1, "f_1": 0.887297511100769, "f_2": 0.7155818939208984, "f_3": 0.46964699029922485, "f_4": 0.29669737815856934, "f_5": 0.18733911216259003, "f_6": 0.1991027295589447, "f_7": 0.23754820227622986, "f_8": 0.27910369634628296, "f_9": 0.21795590221881866}, "sample3": {"f_0": 1, "f_1": 0.8392444252967834, "f_2": 0.7835899591445923, "f_3": 0.5978288054466248, "f_4": 0.5307874083518982, "f_5": 0.4848586320877075, "f_6": 0.37018224596977234, "f_7": 0.36258581280708313, "f_8": 0.34249070286750793, "f_9": 0.2925921380519867}, "sample4": {"f_0": 1, "f_1": 0.6866264343261719, "f_2": 0.45535945892333984, "f_3": 0.27839991450309753, "f_4": 0.2074236422777176, "f_5": 0.15766280889511108, "f_6": 0.17102256417274475, "f_7": 0.338348388671875, "f_8": 0.491359144449234, "f_9": 0.3164548873901367}, "sample5": {"f_0": 1, "f_1": 0.6237779855728149, "f_2": 0.34959647059440613, "f_3": 0.08915027230978012, "f_4": 0.10700134187936783, "f_5": 0.18913885951042175, "f_6": 0.3075815737247467, "f_7": 0.2665387988090515, "f_8": 0.1938999891281128, "f_9": 0.11921043694019318}, "sample6": {"f_0": 1, "f_1": 0.9484952092170715, "f_2": 0.7967644333839417, "f_3": 0.5953174233436584, "f_4": 0.4570436179637909, "f_5": 0.32853758335113525, "f_6": 0.3142826557159424, "f_7": 0.22573570907115936, "f_8": 0.22086195647716522, "f_9": 0.1818016618490219}, "sample7": {"f_0": 1, "f_1": 0.9535069465637207, "f_2": 0.9460219740867615, "f_3": 0.844613254070282, "f_4": 0.8354370594024658, "f_5": 0.8181888461112976, "f_6": 0.738486647605896, "f_7": 0.722320020198822, "f_8": 0.7096797227859497, "f_9": 0.6251955628395081}, "sample8": {"f_0": 1, "f_1": 0.60800701379776, "f_2": 0.3921741843223572, "f_3": 0.3943045735359192, "f_4": 0.5227963328361511, "f_5": 0.4530966281890869, "f_6": 0.18356148898601532, "f_7": 0.1685301661491394, "f_8": 0.18434178829193115, "f_9": 0.28486770391464233}, "sample9": {"f_0": 1, "f_1": 0.8278464078903198, "f_2": 0.5978277325630188, "f_3": 0.32005056738853455, "f_4": 0.20243555307388306, "f_5": 0.11883004754781723, "f_6": 0.08459435403347015, "f_7": 0.11516066640615463, "f_8": 0.16424253582954407, "f_9": 0.1857421100139618}, "sample10": {"f_0": 1, "f_1": 0.8280810117721558, "f_2": 0.5499736666679382, "f_3": 0.14484089612960815, "f_4": 0.0669596940279007, "f_5": 0.10625910013914108, "f_6": 0.40719178318977356, "f_7": 0.5830072164535522, "f_8": 0.6583557724952698, "f_9": 0.5583459734916687}, "sample11": {"f_0": 1, "f_1": 0.835801362991333, "f_2": 0.5649134516716003, "f_3": 0.42946621775627136, "f_4": 0.27677494287490845, "f_5": 0.13731087744235992, "f_6": 0.09895353019237518, "f_7": 0.16094040870666504, "f_8": 0.31090235710144043, "f_9": 0.3576197028160095}, "sample12": {"f_0": 1, "f_1": 0.8650833964347839, "f_2": 0.7822554111480713, "f_3": 0.5855893492698669, "f_4": 0.4417184591293335, "f_5": 0.340298056602478, "f_6": 0.12373962998390198, "f_7": 0.08417481929063797, "f_8": 0.05832427740097046, "f_9": 0.07315005362033844}, "sample13": {"f_0": 1, "f_1": 0.9060545563697815, "f_2": 0.8880151510238647, "f_3": 0.7416452765464783, "f_4": 0.6741225719451904, "f_5": 0.608288049697876, "f_6": 0.37142711877822876, "f_7": 0.3461206257343292, "f_8": 0.27949023246765137, "f_9": 0.1509256362915039}, "sample14": {"f_0": 1, "f_1": 0.9060298204421997, "f_2": 0.6725893020629883, "f_3": 0.3473389446735382, "f_4": 0.22892114520072937, "f_5": 0.18509311974048615, "f_6": 0.20696459710597992, "f_7": 0.22355513274669647, "f_8": 0.2010793834924698, "f_9": 0.1796121597290039}, "sample15": {"f_0": 1, "f_1": 0.6642085313796997, "f_2": 0.3503856956958771, "f_3": 0.30883342027664185, "f_4": 0.6283153295516968, "f_5": 0.7850585579872131, "f_6": 0.5178361535072327, "f_7": 0.2988942563533783, "f_8": 0.2931455969810486, "f_9": 0.5061526298522949}, "sample16": {"f_0": 1, "f_1": 0.8215523362159729, "f_2": 0.5664723515510559, "f_3": 0.15634387731552124, "f_4": 0.0758877620100975, "f_5": 0.11292881518602371, "f_6": 0.3907111585140228, "f_7": 0.512077808380127, "f_8": 0.5774588584899902, "f_9": 0.5920809507369995}, "sample17": {"f_0": 1, "f_1": 0.7381778359413147, "f_2": 0.5512152314186096, "f_3": 0.25255244970321655, "f_4": 0.2338443547487259, "f_5": 0.2408820241689682, "f_6": 0.207391619682312, "f_7": 0.19876770675182343, "f_8": 0.16622787714004517, "f_9": 0.08784511685371399}, "sample18": {"f_0": 1, "f_1": 0.6421621441841125, "f_2": 0.3492678999900818, "f_3": 0.05238897353410721, "f_4": 0.11429860442876816, "f_5": 0.16659849882125854, "f_6": 0.5516233444213867, "f_7": 0.5096774697303772, "f_8": 0.35502880811691284, "f_9": 0.34379348158836365}, "sample19": {"f_0": 1, "f_1": 0.809391975402832, "f_2": 0.4758625328540802, "f_3": 0.12899082899093628, "f_4": 0.11369388550519943, "f_5": 0.16781805455684662, "f_6": 0.26750385761260986, "f_7": 0.2279440462589264, "f_8": 0.1995251178741455, "f_9": 0.1469058394432068}, "sample20": {"f_0": 1, "f_1": 0.8398693799972534, "f_2": 0.6262047290802002, "f_3": 0.3345927894115448, "f_4": 0.2960090637207031, "f_5": 0.27592429518699646, "f_6": 0.2515186369419098, "f_7": 0.23994402587413788, "f_8": 0.20671994984149933, "f_9": 0.2117837518453598}, "sample21": {"f_0": 1, "f_1": 0.8530719876289368, "f_2": 0.629564106464386, "f_3": 0.34396132826805115, "f_4": 0.20656709372997284, "f_5": 0.22567430138587952, "f_6": 0.249421164393425, "f_7": 0.33858564496040344, "f_8": 0.31396758556365967, "f_9": 0.24233467876911163}, "sample22": {"f_0": 1, "f_1": 0.4922783076763153, "f_2": 0.1450197845697403, "f_3": 0.2157772332429886, "f_4": 0.34433457255363464, "f_5": 0.2662489712238312, "f_6": 0.12131694704294205, "f_7": 0.21951647102832794, "f_8": 0.34809908270835876, "f_9": 0.19200649857521057}, "sample23": {"f_0": 1, "f_1": 0.4384249746799469, "f_2": 0.1303628534078598, "f_3": 0.21048086881637573, "f_4": 0.3094458281993866, "f_5": 0.2600858211517334, "f_6": 0.2707556486129761, "f_7": 0.18842799961566925, "f_8": 0.24144017696380615, "f_9": 0.21248388290405273}, "sample24": {"f_0": 1, "f_1": 0.893213152885437, "f_2": 0.6554774641990662, "f_3": 0.25041958689689636, "f_4": 0.14797742664813995, "f_5": 0.12408322840929031, "f_6": 0.16702431440353394, "f_7": 0.22615252435207367, "f_8": 0.22579963505268097, "f_9": 0.17814496159553528}, "sample25": {"f_0": 1, "f_1": 0.6549546122550964, "f_2": 0.22757674753665924, "f_3": 0.17681971192359924, "f_4": 0.41260579228401184, "f_5": 0.5253435373306274, "f_6": 0.36410149931907654, "f_7": 0.17097629606723785, "f_8": 0.10736338794231415, "f_9": 0.275964617729187}, "sample26": {"f_0": 1, "f_1": 0.7921333909034729, "f_2": 0.39949390292167664, "f_3": 0.2727227807044983, "f_4": 0.5125808119773865, "f_5": 0.734517514705658, "f_6": 0.5180215835571289, "f_7": 0.2738926410675049, "f_8": 0.19214679300785065, "f_9": 0.273519366979599}, "sample27": {"f_0": 1, "f_1": 0.8713895082473755, "f_2": 0.6055382490158081, "f_3": 0.4250626564025879, "f_4": 0.29102832078933716, "f_5": 0.2157532423734665, "f_6": 0.18539521098136902, "f_7": 0.17041891813278198, "f_8": 0.18937215209007263, "f_9": 0.17137722671031952}, "sample28": {"f_0": 1, "f_1": 0.9129908680915833, "f_2": 0.7555003762245178, "f_3": 0.3941446840763092, "f_4": 0.26156261563301086, "f_5": 0.1511540412902832, "f_6": 0.07171206921339035, "f_7": 0.07853274047374725, "f_8": 0.1534624993801117, "f_9": 0.30840712785720825}, "sample29": {"f_0": 1, "f_1": 0.5048311352729797, "f_2": 0.18200118839740753, "f_3": 0.15479779243469238, "f_4": 0.1869998276233673, "f_5": 0.22401489317417145,