{"sample0": {"f_0": 0.445556640625, "f_1": 0.150146484375, "f_2": 0.064697265625, "f_3": 0.1728515625, "f_4": 0.20654296875, "f_5": 0.17822265625, "f_6": 0.0771484375, "f_7": 0.105712890625, "f_8": 0.160400390625, "f_9": 0.25390625}, "sample1": {"f_0": 0.435791015625, "f_1": 0.368896484375, "f_2": 0.350341796875, "f_3": 0.24267578125, "f_4": 0.176513671875, "f_5": 0.14208984375, "f_6": 0.08642578125, "f_7": 0.07080078125, "f_8": 0.06005859375, "f_9": 0.0771484375}, "sample2": {"f_0": 0.4384765625, "f_1": 0.35693359375, "f_2": 0.33642578125, "f_3": 0.219970703125, "f_4": 0.16455078125, "f_5": 0.1259765625, "f_6": 0.07275390625, "f_7": 0.066162109375, "f_8": 0.053955078125, "f_9": 0.0625}, "sample3": {"f_0": 0.4404296875, "f_1": 0.46435546875, "f_2": 0.389892578125, "f_3": 0.349853515625, "f_4": 0.29296875, "f_5": 0.23876953125, "f_6": 0.23583984375, "f_7": 0.189697265625, "f_8": 0.15673828125, "f_9": 0.177734375}, "sample4": {"f_0": 0.448486328125, "f_1": 0.531494140625, "f_2": 0.48583984375, "f_3": 0.37451171875, "f_4": 0.324462890625, "f_5": 0.218017578125, "f_6": 0.1162109375, "f_7": 0.147216796875, "f_8": 0.296875, "f_9": 0.3662109375}, "sample5": {"f_0": 0.44580078125, "f_1": 0.609130859375, "f_2": 0.552001953125, "f_3": 0.29052734375, "f_4": 0.17138671875, "f_5": 0.10888671875, "f_6": 0.156494140625, "f_7": 0.197265625, "f_8": 0.2080078125, "f_9": 0.1328125}, "sample6": {"f_0": 0.4453125, "f_1": 0.372802734375, "f_2": 0.36962890625, "f_3": 0.26513671875, "f_4": 0.254150390625, "f_5": 0.21728515625, "f_6": 0.20849609375, "f_7": 0.175048828125, "f_8": 0.158203125, "f_9": 0.12744140625}, "sample7": {"f_0": 0.455078125, "f_1": 0.419189453125, "f_2": 0.405517578125, "f_3": 0.410400390625, "f_4": 0.381591796875, "f_5": 0.357666015625, "f_6": 0.359130859375, "f_7": 0.328125, "f_8": 0.312744140625, "f_9": 0.3369140625}, "sample8": {"f_0": 0.452880859375, "f_1": 0.509765625, "f_2": 0.32568359375, "f_3": 0.20263671875, "f_4": 0.293701171875, "f_5": 0.3330078125, "f_6": 0.26611328125, "f_7": 0.159423828125, "f_8": 0.133056640625, "f_9": 0.149658203125}, "sample9": {"f_0": 0.45068359375, "f_1": 0.57373046875, "f_2": 0.598388671875, "f_3": 0.525390625, "f_4": 0.427490234375, "f_5": 0.326416015625, "f_6": 0.207763671875, "f_7": 0.16015625, "f_8": 0.1103515625, "f_9": 0.095947265625}, "sample10": {"f_0": 0.451416015625, "f_1": 0.154052734375, "f_2": 0.0517578125, "f_3": 0.108642578125, "f_4": 0.24072265625, "f_5": 0.375, "f_6": 0.48779296875, "f_7": 0.485595703125, "f_8": 0.405517578125, "f_9": 0.14599609375}, "sample11": {"f_0": 0.44482421875, "f_1": 0.4638671875, "f_2": 0.464111328125, "f_3": 0.336181640625, "f_4": 0.329833984375, "f_5": 0.236328125, "f_6": 0.248779296875, "f_7": 0.108642578125, "f_8": 0.07275390625, "f_9": 0.091552734375}, "sample12": {"f_0": 0.45751953125, "f_1": 0.545166015625, "f_2": 0.579833984375, "f_3": 0.564453125, "f_4": 0.55712890625, "f_5": 0.521240234375, "f_6": 0.410400390625, "f_7": 0.337646484375, "f_8": 0.25927734375, "f_9": 0.188232421875}, "sample13": {"f_0": 0.457275390625, "f_1": 0.521240234375, "f_2": 0.54248046875, "f_3": 0.57763671875, "f_4": 0.59375, "f_5": 0.60205078125, "f_6": 0.57275390625, "f_7": 0.560791015625, "f_8": 0.5341796875, "f_9": 0.411376953125}, "sample14": {"f_0": 0.457763671875, "f_1": 0.203125, "f_2": 0.0830078125, "f_3": 0.0498046875, "f_4": 0.082275390625, "f_5": 0.107666015625, "f_6": 0.146240234375, "f_7": 0.130859375, "f_8": 0.1328125, "f_9": 0.107177734375}, "sample15": {"f_0": 0.463134765625, "f_1": 0.489990234375, "f_2": 0.311279296875, "f_3": 0.115966796875, "f_4": 0.154541015625, "f_5": 0.26318359375, "f_6": 0.37060546875, "f_7": 0.246337890625, "f_8": 0.11328125, "f_9": 0.15478515625}, "sample16": {"f_0": 0.44287109375, "f_1": 0.156982421875, "f_2": 0.05908203125, "f_3": 0.093017578125, "f_4": 0.192626953125, "f_5": 0.27001953125, "f_6": 0.385986328125, "f_7": 0.357421875, "f_8": 0.305419921875, "f_9": 0.14306640625}, "sample17": {"f_0": 0.459228515625, "f_1": 0.56640625, "f_2": 0.534912109375, "f_3": 0.406982421875, "f_4": 0.334228515625, "f_5": 0.306396484375, "f_6": 0.247802734375, "f_7": 0.273681640625, "f_8": 0.265869140625, "f_9": 0.17919921875}, "sample18": {"f_0": 0.450927734375, "f_1": 0.619873046875, "f_2": 0.541015625, "f_3": 0.25537109375, "f_4": 0.121337890625, "f_5": 0.096923828125, "f_6": 0.115234375, "f_7": 0.14111328125, "f_8": 0.116943359375, "f_9": 0.330078125}, "sample19": {"f_0": 0.4521484375, "f_1": 0.130126953125, "f_2": 0.03564453125, "f_3": 0.124755859375, "f_4": 0.216552734375, "f_5": 0.23388671875, "f_6": 0.1826171875, "f_7": 0.15380859375, "f_8": 0.148681640625, "f_9": 0.19091796875}, "sample20": {"f_0": 0.450439453125, "f_1": 0.29296875, "f_2": 0.209228515625, "f_3": 0.16162109375, "f_4": 0.1826171875, "f_5": 0.164794921875, "f_6": 0.166015625, "f_7": 0.16064453125, "f_8": 0.14208984375, "f_9": 0.14111328125}, "sample21": {"f_0": 0.457763671875, "f_1": 0.20263671875, "f_2": 0.1025390625, "f_3": 0.05859375, "f_4": 0.1025390625, "f_5": 0.16064453125, "f_6": 0.181884765625, "f_7": 0.143798828125, "f_8": 0.109130859375, "f_9": 0.066162109375}, "sample22": {"f_0": 0.4541015625, "f_1": 0.5517578125, "f_2": 0.3447265625, "f_3": 0.115478515625, "f_4": 0.188720703125, "f_5": 0.277099609375, "f_6": 0.1455078125, "f_7": 0.0888671875, "f_8": 0.143310546875, "f_9": 0.224365234375}, "sample23": {"f_0": 0.443115234375, "f_1": 0.52099609375, "f_2": 0.267822265625, "f_3": 0.119384765625, "f_4": 0.15185546875, "f_5": 0.17138671875, "f_6": 0.185302734375, "f_7": 0.208251953125, "f_8": 0.14892578125, "f_9": 0.1630859375}, "sample24": {"f_0": 0.459716796875, "f_1": 0.180419921875, "f_2": 0.071044921875, "f_3": 0.0595703125, "f_4": 0.107421875, "f_5": 0.14697265625, "f_6": 0.1962890625, "f_7": 0.1748046875, "f_8": 0.143310546875, "f_9": 0.10400390625}, "sample25": {"f_0": 0.44873046875, "f_1": 0.071044921875, "f_2": 0.068359375, "f_3": 0.27783203125, "f_4": 0.326416015625, "f_5": 0.259521484375, "f_6": 0.057861328125, "f_7": 0.086181640625, "f_8": 0.154296875, "f_9": 0.2802734375}, "sample26": {"f_0": 0.4560546875, "f_1": 0.267578125, "f_2": 0.152587890625, "f_3": 0.2802734375, "f_4": 0.440185546875, "f_5": 0.43408203125, "f_6": 0.265625, "f_7": 0.154052734375, "f_8": 0.242431640625, "f_9": 0.326904296875}, "sample27": {"f_0": 0.451416015625, "f_1": 0.494384765625, "f_2": 0.5, "f_3": 0.32177734375, "f_4": 0.2978515625, "f_5": 0.23291015625, "f_6": 0.243896484375, "f_7": 0.197021484375, "f_8": 0.16162109375, "f_9": 0.17138671875}, "sample28": {"f_0": 0.456787109375, "f_1": 0.1767578125, "f_2": 0.10009765625, "f_3": 0.035400390625, "f_4": 0.061279296875, "f_5": 0.116455078125, "f_6": 0.213623046875, "f_7": 0.299072265625, "f_8": 0.347412109375, "f_9": 0.38037109375}, "sample29": {"f_0": 0.4501953125, "f_1": 0.579833984375, "f_2": 0.388916015625, "f_3": 0.19775390625, "f_4": 0.16650390625, "f_5": 0.150146484375, "f_6": 0.1357421875, "f_7": 0.140625, "f_8": 0.135009765625, "f_9": 0.136474609375}, "sample30": {"f_0": 0.455078125, "f_1": 0.093994140625, "f_2": 0.061767578125, "f_3": 0.130859375, "f_4": 0.163330078125, "f_5": 0.192626953125, "f_6": 0.193359375, "f_7": 0.1806640625, "f_8": 0.22021484375, "f_9": 0.171142578125}, "sample31": {"f_0": 0.454345703125, "f_1": 0.552978515625, "f_2": 0.573974609375, "f_3": 0.456787109375, "f_4": 0.296142578125, "f_5": 0.201416015625, "f_6": 0.174072265625, "f_7": 0.200927734375, "f_8": 0.17431640625, "f_9": 0.122802734375}, "sample32": {"f_0": 0.45703125, "f_1": 0.124267578125, "f_2": 0.034912109375, "f_3": 0.1044921875, "f_4": 0.173095703125, "f_5": 0.191162109375, "f_6": 0.1953125, "f_7": 0.158935546875, "f_8": 0.166259765625, "f_9": 0.1474609375}, "sample33": {"f_0": 0.461181640625, "f_1": 0.5380859375, "f_2": 0.55224609375, "f_3": 0.530029296875, "f_4": 0.523681640625, "f_5": 0.493896484375, "f_6": 0.396240234375, "f_7": 0.35009765625, "f_8": 0.298583984375, "f_9": 0.210693359375}, "sample34": {"f_0": 0.454833984375, "f_1": 0.5703125,