{"sample0": {"f_0": 1.0, "f_1": 0.78515625, "f_2": 0.3837890625, "f_3": 0.2080078125, "f_4": 0.2958984375, "f_5": 0.4833984375, "f_6": 0.4521484375, "f_7": 0.3232421875, "f_8": 0.1455078125, "f_9": 0.150390625}, "sample1": {"f_0": 1.0, "f_1": 0.8583984375, "f_2": 0.5849609375, "f_3": 0.2744140625, "f_4": 0.142578125, "f_5": 0.162109375, "f_6": 0.298828125, "f_7": 0.48828125, "f_8": 0.623046875, "f_9": 0.642578125}, "sample2": {"f_0": 1.0, "f_1": 0.9296875, "f_2": 0.748046875, "f_3": 0.556640625, "f_4": 0.3359375, "f_5": 0.2373046875, "f_6": 0.2529296875, "f_7": 0.310546875, "f_8": 0.4150390625, "f_9": 0.498046875}, "sample3": {"f_0": 1.0, "f_1": 0.8046875, "f_2": 0.47265625, "f_3": 0.365234375, "f_4": 0.423828125, "f_5": 0.3466796875, "f_6": 0.216796875, "f_7": 0.3388671875, "f_8": 0.5751953125, "f_9": 0.5791015625}, "sample4": {"f_0": 1.0, "f_1": 0.9658203125, "f_2": 0.8662109375, "f_3": 0.7177734375, "f_4": 0.59375, "f_5": 0.5400390625, "f_6": 0.443359375, "f_7": 0.361328125, "f_8": 0.369140625, "f_9": 0.3544921875}, "sample5": {"f_0": 1.0, "f_1": 0.8310546875, "f_2": 0.541015625, "f_3": 0.423828125, "f_4": 0.4287109375, "f_5": 0.3564453125, "f_6": 0.2021484375, "f_7": 0.1142578125, "f_8": 0.2802734375, "f_9": 0.4560546875}, "sample6": {"f_0": 1.0, "f_1": 0.8720703125, "f_2": 0.6181640625, "f_3": 0.3232421875, "f_4": 0.1708984375, "f_5": 0.1376953125, "f_6": 0.2119140625, "f_7": 0.2548828125, "f_8": 0.23828125, "f_9": 0.19140625}, "sample7": {"f_0": 1.0, "f_1": 0.9111328125, "f_2": 0.7626953125, "f_3": 0.6650390625, "f_4": 0.568359375, "f_5": 0.525390625, "f_6": 0.490234375, "f_7": 0.3642578125, "f_8": 0.3037109375, "f_9": 0.2548828125}, "sample8": {"f_0": 1.0, "f_1": 0.994140625, "f_2": 0.982421875, "f_3": 0.96484375, "f_4": 0.931640625, "f_5": 0.904296875, "f_6": 0.875, "f_7": 0.869140625, "f_8": 0.8466796875, "f_9": 0.7978515625}, "sample9": {"f_0": 1.0, "f_1": 0.787109375, "f_2": 0.470703125, "f_3": 0.4052734375, "f_4": 0.59375, "f_5": 0.6923828125, "f_6": 0.541015625, "f_7": 0.27734375, "f_8": 0.2119140625, "f_9": 0.30859375}, "sample10": {"f_0": 1.0, "f_1": 0.9111328125, "f_2": 0.7744140625, "f_3": 0.607421875, "f_4": 0.5185546875, "f_5": 0.3486328125, "f_6": 0.2734375, "f_7": 0.2080078125, "f_8": 0.1552734375, "f_9": 0.1201171875}, "sample11": {"f_0": 1.0, "f_1": 0.876953125, "f_2": 0.5791015625, "f_3": 0.298828125, "f_4": 0.1171875, "f_5": 0.111328125, "f_6": 0.2822265625, "f_7": 0.5673828125, "f_8": 0.767578125, "f_9": 0.84375}, "sample12": {"f_0": 1.0, "f_1": 0.8544921875, "f_2": 0.5419921875, "f_3": 0.423828125, "f_4": 0.4052734375, "f_5": 0.2841796875, "f_6": 0.1376953125, "f_7": 0.0458984375, "f_8": 0.07421875, "f_9": 0.1767578125}, "sample13": {"f_0": 1.0, "f_1": 0.96875, "f_2": 0.87890625, "f_3": 0.8046875, "f_4": 0.671875, "f_5": 0.580078125, "f_6": 0.474609375, "f_7": 0.3798828125, "f_8": 0.2392578125, "f_9": 0.1396484375}, "sample14": {"f_0": 1.0, "f_1": 0.5322265625, "f_2": 0.19921875, "f_3": 0.2626953125, "f_4": 0.2783203125, "f_5": 0.2763671875, "f_6": 0.1552734375, "f_7": 0.2353515625, "f_8": 0.259765625, "f_9": 0.2060546875}, "sample15": {"f_0": 1.0, "f_1": 0.998046875, "f_2": 0.9677734375, "f_3": 0.943359375, "f_4": 0.919921875, "f_5": 0.8720703125, "f_6": 0.8310546875, "f_7": 0.7548828125, "f_8": 0.6708984375, "f_9": 0.630859375}, "sample16": {"f_0": 1.0, "f_1": 0.931640625, "f_2": 0.7421875, "f_3": 0.5849609375, "f_4": 0.4091796875, "f_5": 0.291015625, "f_6": 0.3076171875, "f_7": 0.3115234375, "f_8": 0.30078125, "f_9": 0.3505859375}, "sample17": {"f_0": 1.0, "f_1": 0.798828125, "f_2": 0.4306640625, "f_3": 0.302734375, "f_4": 0.5185546875, "f_5": 0.767578125, "f_6": 0.7978515625, "f_7": 0.572265625, "f_8": 0.3203125, "f_9": 0.3701171875}, "sample18": {"f_0": 1.0, "f_1": 0.791015625, "f_2": 0.4619140625, "f_3": 0.2529296875, "f_4": 0.17578125, "f_5": 0.1591796875, "f_6": 0.177734375, "f_7": 0.2578125, "f_8": 0.259765625, "f_9": 0.2607421875}, "sample19": {"f_0": 1.0, "f_1": 0.892578125, "f_2": 0.57421875, "f_3": 0.3193359375, "f_4": 0.146484375, "f_5": 0.095703125, "f_6": 0.24609375, "f_7": 0.513671875, "f_8": 0.697265625, "f_9": 0.8095703125}, "sample20": {"f_0": 1.0, "f_1": 0.9306640625, "f_2": 0.77734375, "f_3": 0.5966796875, "f_4": 0.482421875, "f_5": 0.4716796875, "f_6": 0.498046875, "f_7": 0.5283203125, "f_8": 0.5185546875, "f_9": 0.4248046875}, "sample21": {"f_0": 1.0, "f_1": 0.8525390625, "f_2": 0.5166015625, "f_3": 0.1630859375, "f_4": 0.0986328125, "f_5": 0.24609375, "f_6": 0.529296875, "f_7": 0.7451171875, "f_8": 0.759765625, "f_9": 0.6298828125}, "sample22": {"f_0": 1.0, "f_1": 0.857421875, "f_2": 0.521484375, "f_3": 0.2666015625, "f_4": 0.1416015625, "f_5": 0.140625, "f_6": 0.193359375, "f_7": 0.224609375, "f_8": 0.2001953125, "f_9": 0.1494140625}, "sample23": {"f_0": 1.0, "f_1": 0.8662109375, "f_2": 0.6259765625, "f_3": 0.4501953125, "f_4": 0.3544921875, "f_5": 0.328125, "f_6": 0.318359375, "f_7": 0.2919921875, "f_8": 0.26171875, "f_9": 0.2275390625}, "sample24": {"f_0": 1.0, "f_1": 0.533203125, "f_2": 0.1318359375, "f_3": 0.328125, "f_4": 0.29296875, "f_5": 0.0341796875, "f_6": 0.3369140625, "f_7": 0.595703125, "f_8": 0.2470703125, "f_9": 0.11328125}, "sample25": {"f_0": 1.0, "f_1": 0.8701171875, "f_2": 0.65234375, "f_3": 0.5810546875, "f_4": 0.552734375, "f_5": 0.373046875, "f_6": 0.28125, "f_7": 0.3173828125, "f_8": 0.3720703125, "f_9": 0.390625}, "sample26": {"f_0": 1.0, "f_1": 0.7451171875, "f_2": 0.2958984375, "f_3": 0.1865234375, "f_4": 0.3369140625, "f_5": 0.412109375, "f_6": 0.2353515625, "f_7": 0.1123046875, "f_8": 0.2255859375, "f_9": 0.3662109375}, "sample27": {"f_0": 1.0, "f_1": 0.796875, "f_2": 0.490234375, "f_3": 0.265625, "f_4": 0.22265625, "f_5": 0.2119140625, "f_6": 0.2685546875, "f_7": 0.33984375, "f_8": 0.388671875, "f_9": 0.38671875}, "sample28": {"f_0": 1.0, "f_1": 0.5576171875, "f_2": 0.2373046875, "f_3": 0.234375, "f_4": 0.220703125, "f_5": 0.462890625, "f_6": 0.3603515625, "f_7": 0.16796875, "f_8": 0.3251953125, "f_9": 0.306640625}, "sample29": {"f_0": 1.0, "f_1": 0.5849609375, "f_2": 0.2578125, "f_3": 0.1572265625, "f_4": 0.2900390625, "f_5": 0.359375, "f_6": 0.3125, "f_7": 0.3291015625, "f_8": 0.30859375, "f_9": 0.234375}, "sample30": {"f_0": 1.0, "f_1": 0.91796875, "f_2": 0.705078125, "f_3": 0.4912109375, "f_4": 0.2880859375, "f_5": 0.169921875, "f_6": 0.19140625, "f_7": 0.2060546875, "f_8": 0.26953125, "f_9": 0.2724609375}, "sample31": {"f_0": 1.0, "f_1": 0.7373046875, "f_2": 0.279296875, "f_3": 0.0966796875, "f_4": 0.240234375, "f_5": 0.541015625, "f_6": 0.6611328125, "f_7": 0.4482421875, "f_8": 0.1962890625, "f_9": 0.1455078125}, "sample32": {"f_0": 1.0, "f_1": 0.7880859375, "f_2": 0.4736328125, "f_3": 0.2353515625, "f_4": 0.166015625, "f_5": 0.1240234375, "f_6": 0.0966796875, "f_7": 0.0927734375, "f_8": 0.080078125, "f_9": 0.1015625}, "sample33": {"f_0": 1.0, "f_1": 0.77734375, "f_2": 0.4423828125, "f_3": 0.26953125, "f_4": 0.5078125, "f_5": 0.8466796875, "f_6": 0.84375, "f_7": 0.5166015625, "f_8": 0.2333984375, "f_9": 0.2861328125}, "sample34": {"f_0": 1.0, "f_1": 0.83203125, "f_2": 0.599609375, "f_3": 0.41015625, "f_4": 0.3818359375, "f_5": 0.330078125, "f_6": 0.2216796875, "f_7": 0.14453125, "f_8": 0.1513671875, "f_9": 0.2060546875}, "sample35": {"f_0": 1.0, "f_1": 0.951171875, "f_2": 0.8427734375, "f_3": 0.6923828125, "f_4": 0.5419921875, "f_5": 0.4208984375, "f_6": 0.3193359375, "f_7": 0.20703125, "f_8": 0.109375, "f_9": 0.0654296875}, "sample36": {"f_0": 1.0, "f_1": 0.7529296875, "f_2": 0.314453125, "f_3": 0.244140625, "f_4": 0.24609375, "f_5": 0.216796875, "f_6": 0.1474609375, "f_7": 0.1630859375, "f_8": 0.2373046875, "f_9": 0.3212890625}, "sample37": {"f_0": 1.0, "f_1": 0.818359375, "f_2": 0.5048828125, "f_3": 0.3701171875, "f_4": 0.380859375, "f_5": 0.4560546875, "f_6": 0.46484375, "f_7": 0.5859375, "f_8": 0.62890625, "f_9": 0.5048828125}, "sample38": {"f_0": 1.0, "f_1": 0.7373046875, "f_2": 0.427734375, "f_3": 0.2666015625, "f_4": 0.1865234375, "f_5": 0.158203125,