{"sample0": {"f_0": 0.005859375, "f_1": 0.0908203125, "f_2": 0.064453125, "f_3": 0.056640625, "f_4": 0.03515625, "f_5": 0.025390625, "f_6": 0.0205078125, "f_7": 0.0146484375, "f_8": 0.0107421875, "f_9": 0.0087890625}, "sample1": {"f_0": 0.005859375, "f_1": 0.0810546875, "f_2": 0.06640625, "f_3": 0.0380859375, "f_4": 0.0244140625, "f_5": 0.013671875, "f_6": 0.013671875, "f_7": 0.0126953125, "f_8": 0.0087890625, "f_9": 0.009765625}, "sample2": {"f_0": 0.00390625, "f_1": 0.08203125, "f_2": 0.06640625, "f_3": 0.029296875, "f_4": 0.0224609375, "f_5": 0.0234375, "f_6": 0.0166015625, "f_7": 0.01171875, "f_8": 0.009765625, "f_9": 0.009765625}, "sample3": {"f_0": 0.00390625, "f_1": 0.0908203125, "f_2": 0.06640625, "f_3": 0.029296875, "f_4": 0.017578125, "f_5": 0.013671875, "f_6": 0.013671875, "f_7": 0.0087890625, "f_8": 0.009765625, "f_9": 0.0078125}, "sample4": {"f_0": 0.009765625, "f_1": 0.08203125, "f_2": 0.064453125, "f_3": 0.0400390625, "f_4": 0.0380859375, "f_5": 0.0234375, "f_6": 0.0107421875, "f_7": 0.009765625, "f_8": 0.0126953125, "f_9": 0.0068359375}, "sample5": {"f_0": 0.00390625, "f_1": 0.0810546875, "f_2": 0.0771484375, "f_3": 0.0419921875, "f_4": 0.0244140625, "f_5": 0.0224609375, "f_6": 0.0146484375, "f_7": 0.0146484375, "f_8": 0.0068359375, "f_9": 0.0068359375}, "sample6": {"f_0": 0.0078125, "f_1": 0.09375, "f_2": 0.0830078125, "f_3": 0.046875, "f_4": 0.025390625, "f_5": 0.0302734375, "f_6": 0.0234375, "f_7": 0.0068359375, "f_8": 0.0107421875, "f_9": 0.009765625}, "sample7": {"f_0": 0.005859375, "f_1": 0.07421875, "f_2": 0.068359375, "f_3": 0.0498046875, "f_4": 0.0341796875, "f_5": 0.015625, "f_6": 0.015625, "f_7": 0.009765625, "f_8": 0.0078125, "f_9": 0.0048828125}, "sample8": {"f_0": 0.0078125, "f_1": 0.0712890625, "f_2": 0.048828125, "f_3": 0.0595703125, "f_4": 0.03515625, "f_5": 0.021484375, "f_6": 0.0185546875, "f_7": 0.0126953125, "f_8": 0.013671875, "f_9": 0.0078125}, "sample9": {"f_0": 0.009765625, "f_1": 0.08203125, "f_2": 0.0654296875, "f_3": 0.044921875, "f_4": 0.0244140625, "f_5": 0.025390625, "f_6": 0.0205078125, "f_7": 0.0126953125, "f_8": 0.017578125, "f_9": 0.0107421875}, "sample10": {"f_0": 0.005859375, "f_1": 0.0712890625, "f_2": 0.06640625, "f_3": 0.056640625, "f_4": 0.0302734375, "f_5": 0.0234375, "f_6": 0.0244140625, "f_7": 0.017578125, "f_8": 0.0146484375, "f_9": 0.0078125}, "sample11": {"f_0": 0.0048828125, "f_1": 0.0888671875, "f_2": 0.08203125, "f_3": 0.056640625, "f_4": 0.0400390625, "f_5": 0.0205078125, "f_6": 0.0166015625, "f_7": 0.01171875, "f_8": 0.013671875, "f_9": 0.017578125}, "sample12": {"f_0": 0.005859375, "f_1": 0.0859375, "f_2": 0.0625, "f_3": 0.0361328125, "f_4": 0.0263671875, "f_5": 0.021484375, "f_6": 0.015625, "f_7": 0.013671875, "f_8": 0.0078125, "f_9": 0.0068359375}, "sample13": {"f_0": 0.00390625, "f_1": 0.0966796875, "f_2": 0.0927734375, "f_3": 0.056640625, "f_4": 0.025390625, "f_5": 0.01953125, "f_6": 0.01171875, "f_7": 0.0166015625, "f_8": 0.0087890625, "f_9": 0.013671875}, "sample14": {"f_0": 0.0087890625, "f_1": 0.111328125, "f_2": 0.083984375, "f_3": 0.03515625, "f_4": 0.029296875, "f_5": 0.017578125, "f_6": 0.013671875, "f_7": 0.01171875, "f_8": 0.0126953125, "f_9": 0.0087890625}, "sample15": {"f_0": 0.0029296875, "f_1": 0.076171875, "f_2": 0.0703125, "f_3": 0.048828125, "f_4": 0.041015625, "f_5": 0.0283203125, "f_6": 0.02734375, "f_7": 0.017578125, "f_8": 0.015625, "f_9": 0.013671875}, "sample16": {"f_0": 0.009765625, "f_1": 0.0927734375, "f_2": 0.060546875, "f_3": 0.044921875, "f_4": 0.03515625, "f_5": 0.015625, "f_6": 0.025390625, "f_7": 0.0166015625, "f_8": 0.0185546875, "f_9": 0.0087890625}, "sample17": {"f_0": 0.0048828125, "f_1": 0.0849609375, "f_2": 0.064453125, "f_3": 0.037109375, "f_4": 0.03125, "f_5": 0.0224609375, "f_6": 0.0146484375, "f_7": 0.0205078125, "f_8": 0.0126953125, "f_9": 0.0068359375}, "sample18": {"f_0": 0.00390625, "f_1": 0.0869140625, "f_2": 0.0517578125, "f_3": 0.0380859375, "f_4": 0.03515625, "f_5": 0.03125, "f_6": 0.013671875, "f_7": 0.017578125, "f_8": 0.0087890625, "f_9": 0.0087890625}, "sample19": {"f_0": 0.0048828125, "f_1": 0.076171875, "f_2": 0.078125, "f_3": 0.0546875, "f_4": 0.0263671875, "f_5": 0.0244140625, "f_6": 0.0224609375, "f_7": 0.0126953125, "f_8": 0.013671875, "f_9": 0.0068359375}, "sample20": {"f_0": 0.0029296875, "f_1": 0.0947265625, "f_2": 0.072265625, "f_3": 0.046875, "f_4": 0.0322265625, "f_5": 0.03125, "f_6": 0.0234375, "f_7": 0.0126953125, "f_8": 0.01171875, "f_9": 0.0166015625}, "sample21": {"f_0": 0.005859375, "f_1": 0.0869140625, "f_2": 0.078125, "f_3": 0.056640625, "f_4": 0.0380859375, "f_5": 0.0234375, "f_6": 0.013671875, "f_7": 0.0107421875, "f_8": 0.01171875, "f_9": 0.009765625}, "sample22": {"f_0": 0.005859375, "f_1": 0.087890625, "f_2": 0.0908203125, "f_3": 0.05859375, "f_4": 0.037109375, "f_5": 0.0185546875, "f_6": 0.017578125, "f_7": 0.01953125, "f_8": 0.0078125, "f_9": 0.0087890625}, "sample23": {"f_0": 0.0087890625, "f_1": 0.072265625, "f_2": 0.068359375, "f_3": 0.03515625, "f_4": 0.0244140625, "f_5": 0.015625, "f_6": 0.0185546875, "f_7": 0.0126953125, "f_8": 0.0068359375, "f_9": 0.0068359375}, "sample24": {"f_0": 0.0078125, "f_1": 0.119140625, "f_2": 0.0703125, "f_3": 0.03125, "f_4": 0.0263671875, "f_5": 0.0283203125, "f_6": 0.015625, "f_7": 0.01953125, "f_8": 0.0107421875, "f_9": 0.0068359375}, "sample25": {"f_0": 0.0078125, "f_1": 0.0888671875, "f_2": 0.0615234375, "f_3": 0.0458984375, "f_4": 0.029296875, "f_5": 0.01953125, "f_6": 0.0263671875, "f_7": 0.015625, "f_8": 0.01171875, "f_9": 0.009765625}, "sample26": {"f_0": 0.001953125, "f_1": 0.103515625, "f_2": 0.0703125, "f_3": 0.044921875, "f_4": 0.025390625, "f_5": 0.0078125, "f_6": 0.013671875, "f_7": 0.0107421875, "f_8": 0.0087890625, "f_9": 0.005859375}, "sample27": {"f_0": 0.0068359375, "f_1": 0.0869140625, "f_2": 0.0537109375, "f_3": 0.0419921875, "f_4": 0.0244140625, "f_5": 0.021484375, "f_6": 0.0146484375, "f_7": 0.0146484375, "f_8": 0.0068359375, "f_9": 0.0146484375}, "sample28": {"f_0": 0.005859375, "f_1": 0.1259765625, "f_2": 0.0751953125, "f_3": 0.0322265625, "f_4": 0.0205078125, "f_5": 0.01953125, "f_6": 0.0166015625, "f_7": 0.0126953125, "f_8": 0.01171875, "f_9": 0.009765625}, "sample29": {"f_0": 0.0146484375, "f_1": 0.130859375, "f_2": 0.0751953125, "f_3": 0.03515625, "f_4": 0.02734375, "f_5": 0.0126953125, "f_6": 0.009765625, "f_7": 0.0087890625, "f_8": 0.005859375, "f_9": 0.009765625}, "sample30": {"f_0": 0.0068359375, "f_1": 0.087890625, "f_2": 0.0712890625, "f_3": 0.044921875, "f_4": 0.03125, "f_5": 0.0244140625, "f_6": 0.017578125, "f_7": 0.015625, "f_8": 0.01171875, "f_9": 0.0146484375}, "sample31": {"f_0": 0.00390625, "f_1": 0.103515625, "f_2": 0.0888671875, "f_3": 0.0458984375, "f_4": 0.0205078125, "f_5": 0.0263671875, "f_6": 0.0126953125, "f_7": 0.01171875, "f_8": 0.0126953125, "f_9": 0.0107421875}, "sample32": {"f_0": 0.0107421875, "f_1": 0.0771484375, "f_2": 0.064453125, "f_3": 0.0341796875, "f_4": 0.0302734375, "f_5": 0.0146484375, "f_6": 0.013671875, "f_7": 0.01171875, "f_8": 0.01171875, "f_9": 0.01171875}, "sample33": {"f_0": 0.0048828125, "f_1": 0.1083984375, "f_2": 0.0654296875, "f_3": 0.0341796875, "f_4": 0.033203125, "f_5": 0.021484375, "f_6": 0.021484375, "f_7": 0.015625, "f_8": 0.015625, "f_9": 0.0078125}, "sample34": {"f_0": 0.0068359375, "f_1": 0.083984375, "f_2": 0.0693359375, "f_3": 0.0419921875, "f_4": 0.0244140625, "f_5": 0.025390625, "f_6": 0.013671875, "f_7": 0.01171875, "f_8": 0.013671875, "f_9": 0.0107421875}, "sample35": {"f_0": 0.0068359375, "f_1": 0.087890625, "f_2": 0.0712890625, "f_3": 0.0556640625, "f_4": 0.033203125, "f_5": 0.021484375, "f_6": 0.025390625, "f_7": 0.0107421875, "f_8": 0.01171875, "f_9": 0.0068359375}, "sample36": {"f_0": 0.01171875, "f_1": 0.1083984375, "f_2": 0.0869140625, "f_3": 0.0361328125, "f_4": 0.025390625, "f_5": 0.0185546875, "f_6": 0.0224609375, "f_7": 0.009765625, "f_8": 0.0048828125, "f_9": 0.00390625}, "sample37": {"f_0": 0.0068359375, "f_1": 0.0751953125, "f_2": 0.06640625,