{"sample_id":{"0":0,"1":1,"2":2,"3":3,"4":4,"5":5,"6":6,"7":7,"8":8,"9":9,"10":10,"11":11,"12":12,"13":13,"14":14,"15":15,"16":16,"17":17,"18":18,"19":19,"20":20,"21":21,"22":22,"23":23,"24":24,"25":25,"26":26,"27":27,"28":28,"29":29,"30":30,"31":31,"32":32,"33":33,"34":34,"35":35,"36":36,"37":37,"38":38,"39":39},"f_0 Re":{"0":1.0,"1":1.0,"2":1.0,"3":1.0,"4":1.0,"5":1.0,"6":1.0,"7":1.0,"8":1.0,"9":1.0,"10":1.0,"11":1.0,"12":1.0,"13":1.0,"14":1.0,"15":1.0,"16":1.0,"17":1.0,"18":1.0,"19":1.0,"20":1.0,"21":1.0,"22":1.0,"23":1.0,"24":1.0,"25":1.0,"26":1.0,"27":1.0,"28":1.0,"29":1.0,"30":1.0,"31":1.0,"32":1.0,"33":1.0,"34":1.0,"35":1.0,"36":1.0,"37":1.0,"38":1.0,"39":1.0},"f_1 Re":{"0":0.992385142,"1":0.9769681325,"2":0.9884549084,"3":0.9971250528,"4":1.0000307816,"5":0.9924174978,"6":0.9980680562,"7":0.9930950993,"8":0.9991372905,"9":0.9965489435,"10":0.9965527973,"11":0.9944183608,"12":0.9924051042,"13":0.9981375995,"14":0.9940884919,"15":0.9980160836,"16":0.9911600932,"17":1.0002679347,"18":0.998784713,"19":1.0007194365,"20":0.9966607238,"21":0.9964097776,"22":0.9973009523,"23":0.9931564061,"24":0.985761008,"25":0.99254713,"26":0.9903505571,"27":0.9960077056,"28":0.9904307267,"29":1.0000099377,"30":1.0000103702,"31":0.9967315216,"32":0.9967215753,"33":0.9865803046,"34":0.9954900326,"35":0.9794471052,"36":0.9990103868,"37":0.9839467694,"38":0.9955879905,"39":0.9964427515},"f_1 Im":{"0":-0.129517784,"1":-0.1504955121,"2":0.0636269863,"3":-0.068174516,"4":0.0441233938,"5":0.1249480041,"6":-0.0647900909,"7":-0.0911904036,"8":-0.0330657288,"9":0.0835797265,"10":0.0852290556,"11":-0.1010866151,"12":-0.1310784315,"13":-0.0282038947,"14":-0.0270930128,"15":0.0486073831,"16":0.0164192777,"17":-0.00775276,"18":-0.0389291292,"19":0.0298241866,"20":-0.0161436542,"21":-0.048156774,"22":-0.0086067491,"23":-0.0025739049,"24":-0.0086099871,"25":-0.0264494837,"26":0.1032606391,"27":-0.0156474341,"28":0.017799213,"29":0.0038022054,"30":-0.0280878793,"31":-0.096473769,"32":0.0606812772,"33":-0.0284765503,"34":0.0425870762,"35":-0.1513155262,"36":-0.0058871705,"37":-0.1383166943,"38":-0.017145364,"39":0.0843233428},"f_2 Re":{"0":0.9734669858,"1":0.917760537,"2":0.9752837658,"3":0.9856545874,"4":0.9753410443,"5":0.9753559864,"6":0.9855667598,"7":0.9650909223,"8":0.9790578614,"9":0.9931222266,"10":0.9837872626,"11":0.9831641929,"12":0.9723273298,"13":0.9924908978,"14":0.9773765725,"15":0.9866004828,"16":0.9746337281,"17":0.9989035014,"18":1.0002863021,"19":0.9927503202,"20":0.9800232201,"21":0.9958924105,"22":0.9988671281,"23":0.9815397822,"24":0.9683820059,"25":0.9766609542,"26":0.9749998827,"27":0.995296055,"28":0.9423846886,"29":1.0001529578,"30":0.9930727126,"31":0.98900708,"32":0.9864804512,"33":0.943190896,"34":0.976552616,"35":0.9456624794,"36":0.9896850762,"37":0.9265012731,"38":0.9965386388,"39":0.9827725569},"f_2 Im":{"0":-0.2362101925,"1":-0.3555355331,"2":0.1095628835,"3":-0.1474600426,"4":0.0568169474,"5":0.2213361477,"6":-0.1367893959,"7":-0.2102850007,"8":0.0016831486,"9":0.1202327897,"10":0.1814119694,"11":-0.1761011457,"12":-0.1912288437,"13":-0.0466772661,"14":-0.06253878,"15":0.0170424984,"16":0.0206289193,"17":-0.0340015371,"18":-0.041804348,"19":0.066014249,"20":-0.0351682781,"21":-0.1009245463,"22":-0.0632542594,"23":0.0090325028,"24":-0.0662587448,"25":-0.1172214945,"26":0.1921191084,"27":-0.0734676592,"28":0.068018768,"29":0.0017468685,"30":-0.0104385437,"31":-0.1466669101,"32":0.1453566354,"33":-0.1282360196,"34":0.0638752672,"35":-0.2756036029,"36":-0.0957051032,"37":-0.2042639359,"38":-0.0090792757,"39":0.1804167581},"f_3 Re":{"0":0.9470110487,"1":0.8231573892,"2":0.9522489083,"3":0.9666290259,"4":0.9503089653,"5":0.9227740132,"6":0.9726573543,"7":0.9260609141,"8":0.9588578083,"9":0.9877609383,"10":0.9618167531,"11":0.9596234306,"12":0.9246155203,"13":0.9951271789,"14":0.9432121073,"15":0.9663167633,"16":0.9339229172,"17":0.9901757002,"18":0.9807850193,"19":0.9687348836,"20":0.9651680831,"21":0.9832272519,"22":0.9751700464,"23":0.9789336337,"24":0.9367940833,"25":0.9462281536,"26":0.9487603159,"27":0.9760684037,"28":0.9353368747,"29":0.9994672485,"30":0.9928797782,"31":0.9760105121,"32":0.970283193,"33":0.8881493035,"34":0.9296996244,"35":0.8869711607,"36":0.9827490369,"37":0.8826743259,"38":0.9825622677,"39":0.985862197},"f_3 Im":{"0":-0.3201184135,"1":-0.4880843291,"2":0.186703246,"3":-0.2422687769,"4":0.0966575398,"5":0.3882128644,"6":-0.2042667811,"7":-0.2374753216,"8":-0.0149871638,"9":0.1656104364,"10":0.2759429204,"11":-0.2675680458,"12":-0.3782309189,"13":-0.1031979789,"14":-0.0895105011,"15":0.0649997117,"16":0.0215157316,"17":-0.1193759074,"18":-0.0898415454,"19":0.1185295491,"20":-0.043373298,"21":-0.1105760795,"22":-0.0782452186,"23":0.0337447603,"24":-0.058856558,"25":-0.1262936241,"26":0.2529435705,"27":-0.117596346,"28":0.0188598221,"29":-0.0345261899,"30":0.0123150396,"31":-0.1802257977,"32":0.1949793928,"33":-0.1308106093,"34":0.1031712331,"35":-0.3522719002,"36":-0.1874461799,"37":-0.2898298553,"38":-0.013415917,"39":0.1754894906},"f_4 Re":{"0":0.8982649517,"1":0.6765607703,"2":0.9004767979,"3":0.9501639593,"4":0.9098104866,"5":0.8863135692,"6":0.9442008109,"7":0.8847007501,"8":0.9175657738,"9":0.9608859135,"10":0.9291509174,"11":0.9335458143,"12":0.8686288602,"13":0.9872689959,"14":0.8767079043,"15":0.9260041307,"16":0.926028784,"17":0.98491459,"18":0.9782655381,"19":0.9543706334,"20":0.9355333271,"21":0.9395857199,"22":0.9613615667,"23":0.942079337,"24":0.854497034,"25":0.9075713954,"26":0.8816457005,"27":0.9728963178,"28":0.8804131296,"29":0.9990424514,"30":0.9933362573,"31":0.9639983652,"32":0.9346623412,"33":0.8170466998,"34":0.8984444588,"35":0.7981124227,"36":0.9677621182,"37":0.7689058351,"38":0.9728435423,"39":0.9780124794},"f_4 Im":{"0":-0.4330898649,"1":-0.5841408116,"2":0.2442856517,"3":-0.2757686565,"4":0.1490812957,"5":0.4546098209,"6":-0.2974856676,"7":-0.3427349992,"8":-0.0578204777,"9":0.277331639,"10":0.3693354612,"11":-0.3519391568,"12":-0.4602226579,"13":-0.151045207,"14":-0.1109115502,"15":0.0227818465,"16":-0.0136491,"17":-0.1658051678,"18":-0.1307249804,"19":0.1411615648,"20":-0.0593021992,"21":-0.1166971608,"22":-0.0772239219,"23":0.0296795995,"24":-0.0427385857,"25":-0.1693366106,"26":0.4077634066,"27":-0.1112177669,"28":0.0721146184,"29":-0.0317369828,"30":-0.0084187835,"31":-0.2519811759,"32":0.3184546515,"33":-0.1486783545,"34":0.126926411,"35":-0.4600287872,"36":-0.1716278329,"37":-0.3785359561,"38":-0.0418776014,"39":0.2233922476},"expected_value":{"0":0.2854403315,"1":1.4390682468,"2":3.9328492764,"3":0.4910688795,"4":3.3793070266,"5":4.6661254136,"6":0.6171002329,"7":0.8081007857,"8":1.8055772536,"9":2.2799671623,"10":3.4572977954,"11":0.3539225838,"12":0.4784477695,"13":0.7604668353,"14":1.4027753685,"15":2.4429237702,"16":1.8325875155,"17":0.5973704757,"18":0.8784979365,"19":1.9147828542,"20":1.2352942387,"21":1.349801856,"22":1.0184705111,"23":2.3015382594,"24":2.04235444,"25":1.1034830289,"26":4.0383838469,"27":0.8902389436,"28":2.5881677938,"29":0.9451085695,"30":1.3337625055,"31":0.4673265369,"32":2.9969701354,"33":1.4251745495,"34":2.6554488831,"35":0.8759471111,"36":0.6543945713,"37":1.0533589665,"38":1.277211214,"39":2.2581287146}}