{"sample_id":{"0":0,"1":1,"2":2,"3":3,"4":4,"5":5,"6":6,"7":7,"8":8,"9":9,"10":10,"11":11,"12":12,"13":13,"14":14,"15":15,"16":16,"17":17,"18":18,"19":19,"20":20,"21":21,"22":22,"23":23,"24":24,"25":25,"26":26,"27":27,"28":28,"29":29,"30":30,"31":31,"32":32,"33":33,"34":34,"35":35,"36":36,"37":37,"38":38,"39":39},"f_0 Re":{"0":1.0,"1":1.0,"2":1.0,"3":1.0,"4":1.0,"5":1.0,"6":1.0,"7":1.0,"8":1.0,"9":1.0,"10":1.0,"11":1.0,"12":1.0,"13":1.0,"14":1.0,"15":1.0,"16":1.0,"17":1.0,"18":1.0,"19":1.0,"20":1.0,"21":1.0,"22":1.0,"23":1.0,"24":1.0,"25":1.0,"26":1.0,"27":1.0,"28":1.0,"29":1.0,"30":1.0,"31":1.0,"32":1.0,"33":1.0,"34":1.0,"35":1.0,"36":1.0,"37":1.0,"38":1.0,"39":1.0},"f_1 Re":{"0":0.9938862224,"1":0.9776760901,"2":0.9940303249,"3":0.9960174852,"4":0.994183051,"5":0.9926704634,"6":0.9966044364,"7":0.9916832842,"8":0.994043353,"9":0.9978850148,"10":0.9952495937,"11":0.9958654204,"12":0.9918827486,"13":0.9988540618,"14":0.9928808682,"15":0.9959462531,"16":0.9935809432,"17":0.9991085546,"18":0.9986878716,"19":0.9975404139,"20":0.9957729399,"21":0.9961203021,"22":0.9976224322,"23":0.9959771943,"24":0.9914239747,"25":0.9932272861,"26":0.9937006855,"27":0.9975145647,"28":0.9914787111,"29":0.9998539511,"30":0.9981351671,"31":0.9976522273,"32":0.9960387549,"33":0.9879943944,"34":0.9932235812,"35":0.9859595093,"36":0.9975409071,"37":0.9856586189,"38":0.9973037377,"39":0.9978760623},"f_1 Im":{"0":-0.1087267634,"1":-0.1672808716,"2":0.0620391907,"3":-0.0793884488,"4":0.0367910874,"5":0.119629909,"6":-0.0712013083,"7":-0.0859621834,"8":-0.0113308007,"9":0.0642963746,"10":0.097056643,"11":-0.088669484,"12":-0.1126850274,"13":-0.0322719955,"14":-0.0378625525,"15":0.0182507713,"16":-0.0067851928,"17":-0.0412267478,"18":-0.0288507783,"19":0.0335332491,"20":-0.0204403515,"21":-0.0278223666,"22":-0.0234642802,"23":0.0097865143,"24":-0.0241469822,"25":-0.0470974469,"26":0.0935941034,"27":-0.0328840073,"28":0.0167953894,"29":-0.006246265,"30":0.0038214893,"31":-0.0650767227,"32":0.075447425,"33":-0.0572036726,"34":0.0329718755,"35":-0.1311968506,"36":-0.0509864111,"37":-0.1067281979,"38":-0.0059659641,"39":0.0622502576},"f_2 Re":{"0":0.9756283658,"1":0.9126207165,"2":0.976255081,"3":0.984122452,"4":0.976827904,"5":0.9707977164,"6":0.9864581727,"7":0.9670083216,"8":0.976247428,"9":0.9915497618,"10":0.9810446051,"11":0.9835020028,"12":0.9677512222,"13":0.9954214785,"14":0.9716618769,"15":0.9838230868,"16":0.9744073707,"17":0.9964360882,"18":0.9947579151,"19":0.9901823077,"20":0.9831342501,"21":0.9845221793,"22":0.9905056774,"23":0.9839426749,"24":0.9658625541,"25":0.9730515028,"26":0.9749489175,"27":0.9900790447,"28":0.9660696438,"29":0.9994158667,"30":0.9925477323,"31":0.9906237894,"32":0.9842116696,"33":0.952403464,"34":0.9730135084,"35":0.9446036301,"36":0.9901877738,"37":0.9434418466,"38":0.9892298735,"39":0.9915161268},"f_2 Im":{"0":-0.2160443569,"1":-0.3217181507,"2":0.1223361398,"3":-0.1578837291,"4":0.0723968187,"5":0.2374362985,"6":-0.1416759862,"7":-0.1689157886,"8":-0.0222587926,"9":0.1283090384,"10":0.1931799141,"11":-0.1765368805,"12":-0.2227621253,"13":-0.0643893986,"14":-0.0742146969,"15":0.0360693396,"16":-0.0133091325,"17":-0.0823731999,"18":-0.0575224997,"19":0.0666471122,"20":-0.0403788453,"21":-0.0550397832,"22":-0.0466195754,"23":0.0193383923,"24":-0.04707675,"25":-0.0924894437,"26":0.185299689,"27":-0.0653487949,"28":0.0327393276,"29":-0.0124875437,"30":0.0076003056,"31":-0.1297887601,"32":0.1499635492,"33":-0.110656954,"34":0.0646732021,"35":-0.2559190367,"36":-0.1014862815,"37":-0.2067377973,"38":-0.0118357546,"39":0.1241903146},"f_3 Re":{"0":0.9454756249,"1":0.8104152667,"2":0.9470725233,"3":0.9644716843,"4":0.9482198932,"5":0.9347274021,"6":0.9696819803,"7":0.9267915372,"8":0.9468333189,"9":0.9810233017,"10":0.9575232651,"11":0.9630302757,"12":0.928259657,"13":0.9897179205,"14":0.9367552128,"15":0.9637443311,"16":0.9427289721,"17":0.9919882054,"18":0.9882293847,"19":0.9779874516,"20":0.962210929,"21":0.9653280581,"22":0.978697462,"23":0.9639978378,"24":0.9238121744,"25":0.9398964258,"26":0.9441796974,"27":0.9777556113,"28":0.9242342315,"29":0.998685934,"30":0.9832588606,"31":0.9789592205,"32":0.9646878447,"33":0.8944880337,"34":0.9397249755,"35":0.8781867881,"36":0.9780127993,"37":0.8757259208,"38":0.9758230902,"39":0.980955751},"f_3 Im":{"0":-0.3205637121,"1":-0.4515893364,"2":0.1791891206,"3":-0.2346051649,"4":0.1056565012,"5":0.3516254184,"6":-0.2107064621,"7":-0.2459520682,"8":-0.0323892258,"9":0.1917556276,"10":0.2874456294,"11":-0.2628083913,"12":-0.3276982754,"13":-0.096198324,"14":-0.1075841653,"15":0.0530295004,"16":-0.0193161719,"17":-0.123359239,"18":-0.085837021,"19":0.0989260918,"20":-0.0593209244,"21":-0.0810556171,"22":-0.0691595263,"23":0.0284241698,"24":-0.0676076851,"25":-0.1345128691,"26":0.2732734756,"27":-0.0969790525,"28":0.0470048287,"29":-0.0187188526,"30":0.0112940418,"31":-0.1937739187,"32":0.2226309053,"33":-0.1567723202,"34":0.0938636167,"35":-0.3680495018,"36":-0.151017852,"37":-0.2936923437,"38":-0.017514066,"39":0.1855118381},"f_4 Re":{"0":0.9038392299,"1":0.679817794,"2":0.9071361814,"3":0.937324001,"4":0.9088287242,"5":0.8850291421,"6":0.9464754496,"7":0.8723635093,"8":0.9061663463,"9":0.9663539111,"10":0.9249144293,"11":0.9346496754,"12":0.8744771465,"13":0.9817694251,"14":0.8888378379,"15":0.9358983961,"16":0.8989582324,"17":0.9857742327,"18":0.9791342621,"19":0.961058179,"20":0.9332130679,"21":0.9387403666,"22":0.9622769308,"23":0.9363106878,"24":0.8660885434,"25":0.8944574267,"26":0.9021063628,"27":0.9606472606,"28":0.8667317071,"29":0.997664465,"30":0.9703037363,"31":0.9627323915,"32":0.9377462972,"33":0.8162940424,"34":0.8939421662,"35":0.7903275269,"36":0.9611355269,"37":0.7863209261,"38":0.9571575781,"39":0.9662539489},"f_4 Im":{"0":-0.420935658,"1":-0.5473159822,"2":0.2309764988,"3":-0.3086968865,"4":0.1354582887,"5":0.4604625457,"6":-0.277593167,"7":-0.3143586232,"8":-0.0413433301,"9":0.2543564657,"10":0.3789478878,"11":-0.3467067051,"12":-0.4251080758,"13":-0.1275462977,"14":-0.1365740785,"15":0.0687169733,"16":-0.0245617739,"17":-0.1641051042,"18":-0.1136180207,"19":0.1299624315,"20":-0.0767865392,"21":-0.1052897655,"22":-0.0907830047,"23":0.0368186903,"24":-0.084628451,"25":-0.171588253,"26":0.3557615616,"27":-0.1273672541,"28":0.0588132344,"29":-0.0249352133,"30":0.0148608215,"31":-0.2566749705,"32":0.2925594854,"33":-0.1922812904,"34":0.119362474,"35":-0.4621666196,"36":-0.1991088791,"37":-0.3619979537,"38":-0.0229073231,"39":0.2459102181},"expected_value":{"0":0.2854403315,"1":1.4390682468,"2":3.9328492764,"3":0.4910688795,"4":3.3793070266,"5":4.6661254136,"6":0.6171002329,"7":0.8081007857,"8":1.8055772536,"9":2.2799671623,"10":3.4572977954,"11":0.3539225838,"12":0.4784477695,"13":0.7604668353,"14":1.4027753685,"15":2.4429237702,"16":1.8325875155,"17":0.5973704757,"18":0.8784979365,"19":1.9147828542,"20":1.2352942387,"21":1.349801856,"22":1.0184705111,"23":2.3015382594,"24":2.04235444,"25":1.1034830289,"26":4.0383838469,"27":0.8902389436,"28":2.5881677938,"29":0.9451085695,"30":1.3337625055,"31":0.4673265369,"32":2.9969701354,"33":1.4251745495,"34":2.6554488831,"35":0.8759471111,"36":0.6543945713,"37":1.0533589665,"38":1.277211214,"39":2.2581287146}}