{"sample0": {"f_0": 5.004680467665246e-34, "f_1": 9.216695521388807e-05, "f_2": 0.0003685319048934194, "f_3": 0.0008286873015835548, "f_4": 0.001471954567334886}, "sample1": {"f_0": 5.004680467665246e-34, "f_1": 0.004041643232181973, "f_2": 0.015905214848468005, "f_3": 0.034823541665938644, "f_4": 0.059573245643857214}, "sample2": {"f_0": 5.004680467665246e-34, "f_1": 0.002013713012803373, "f_2": 0.007989971409646543, "f_3": 0.017736223681703953, "f_4": 0.030938451348554705}, "sample3": {"f_0": 5.004680467665246e-34, "f_1": 0.0004116608286537114, "f_2": 0.001643931880409281, "f_3": 0.0036886967117100407, "f_4": 0.006532487329198315}, "sample4": {"f_0": 5.004680467665246e-34, "f_1": 0.002561619231497181, "f_2": 0.010141486636593915, "f_3": 0.022428934469416677, "f_4": 0.038920350527172264}, "sample5": {"f_0": 5.004680467665246e-34, "f_1": 7.350898456518168e-05, "f_2": 0.00029394948112773856, "f_3": 0.0006610622199747206, "f_4": 0.0011744154237516655}, "sample6": {"f_0": 5.004680467665246e-34, "f_1": 0.00042749277385230284, "f_2": 0.0017070470942620755, "f_3": 0.003829910957617702, "f_4": 0.00678156422053585}, "sample7": {"f_0": 5.004680467665246e-34, "f_1": 0.002293691731573583, "f_2": 0.00909059057814251, "f_3": 0.02014125668875132, "f_4": 0.03504014091961945}, "sample8": {"f_0": 5.004680467665246e-34, "f_1": 0.0029373563403000563, "f_2": 0.011611376364881812, "f_3": 0.02561440107030374, "f_4": 0.04428832048213629}, "sample9": {"f_0": 5.004680467665246e-34, "f_1": 2.286837590478015e-05, "f_2": 9.146513621725603e-05, "f_3": 0.0002057651817934174, "f_4": 0.00036572669093073334}, "sample10": {"f_0": 5.004680467665246e-34, "f_1": 1.4563567232348766e-05, "f_2": 5.825087536954569e-05, "f_3": 0.00013105174452280309, "f_4": 0.00023294921084648272}, "sample11": {"f_0": 5.004680467665246e-34, "f_1": 9.744675089918058e-05, "f_2": 0.00038963506968854984, "f_3": 0.0008761093915310407, "f_4": 0.0015561112309537023}, "sample12": {"f_0": 5.004680467665246e-34, "f_1": 0.0008676743985661133, "f_2": 0.0034586518524736165, "f_3": 0.007736962364858218, "f_4": 0.013643211047708579}, "sample13": {"f_0": 5.004680467665246e-34, "f_1": 0.0003122703916508414, "f_2": 0.0012475213618433386, "f_3": 0.0028010800915894245, "f_4": 0.004965184494601267}, "sample14": {"f_0": 5.004680467665246e-34, "f_1": 0.0031885021741332583, "f_2": 0.012591343958701807, "f_3": 0.027728829650135574, "f_4": 0.047828704751825844}, "sample15": {"f_0": 5.004680467665246e-34, "f_1": 0.001939492558733956, "f_2": 0.007697784132769674, "f_3": 0.017096184103565365, "f_4": 0.02984304244220313}, "sample16": {"f_0": 5.004680467665246e-34, "f_1": 0.003187717604984884, "f_2": 0.012588285723473439, "f_3": 0.02772224265165504, "f_4": 0.04781770389460086}, "sample17": {"f_0": 5.004680467665246e-34, "f_1": 2.061282518043031e-05, "f_2": 8.244450250473078e-05, "f_3": 0.00018547463956401693, "f_4": 0.00032966925648303115}, "sample18": {"f_0": 5.004680467665246e-34, "f_1": 0.0004475419472286217, "f_2": 0.00178696308820202, "f_3": 0.004008672268590745, "f_4": 0.0070967605595505315}, "sample19": {"f_0": 5.004680467665246e-34, "f_1": 0.0009471609555639042, "f_2": 0.003774290000243703, "f_3": 0.008438543194080009, "f_4": 0.01486923576087979}, "sample20": {"f_0": 5.004680467665246e-34, "f_1": 0.0020046110526489914, "f_2": 0.007954148763037525, "f_3": 0.017657788986327246, "f_4": 0.030804299331437572}, "sample21": {"f_0": 5.004680467665246e-34, "f_1": 0.0017425649273438446, "f_2": 0.0069216751889592375, "f_3": 0.015392931810498382, "f_4": 0.026920147357093645}, "sample22": {"f_0": 5.004680467665246e-34, "f_1": 0.0010497276000444478, "f_2": 0.0041812795516290675, "f_3": 0.009342059430521054, "f_4": 0.01644538862749435}, "sample23": {"f_0": 5.004680467665246e-34, "f_1": 0.0019834131592593005, "f_2": 0.007870709792872037, "f_3": 0.017475058834989083, "f_4": 0.03049167000919037}, "sample24": {"f_0": 5.004680467665246e-34, "f_1": 0.004123856407172251, "f_2": 0.016223326562017408, "f_3": 0.03550006682419225, "f_4": 0.06068216505226385}, "sample25": {"f_0": 5.004680467665246e-34, "f_1": 0.002820347165301074, "f_2": 0.01115411893107915, "f_3": 0.02462524922412014, "f_4": 0.042625845818258026}, "sample26": {"f_0": 5.004680467665246e-34, "f_1": 0.00094977287400646, "f_2": 0.0037846583998306666, "f_3": 0.008461576619499162, "f_4": 0.014909455372068135}, "sample27": {"f_0": 5.004680467665246e-34, "f_1": 0.0009708338330220329, "f_2": 0.0038682550387866836, "f_3": 0.008647256984732806, "f_4": 0.015233605802425158}, "sample28": {"f_0": 5.004680467665246e-34, "f_1": 0.004171970069972116, "f_2": 0.016409394931652572, "f_3": 0.03589540786093794, "f_4": 0.061329287854243124}, "sample29": {"f_0": 5.004680467665246e-34, "f_1": 6.326517954421502e-05, "f_2": 0.00025299667844977635, "f_3": 0.0005690024423591904, "f_4": 0.001010962596690198}, "sample30": {"f_0": 5.004680467665246e-34, "f_1": 0.0009278961177546747, "f_2": 0.0036978086117331905, "f_3": 0.00826861442514062, "f_4": 0.014572453830468634}, "sample31": {"f_0": 5.004680467665246e-34, "f_1": 0.00011376336977331323, "f_2": 0.00045484640542441644, "f_3": 0.0010226282628651821, "f_4": 0.0018160754576572286}, "sample32": {"f_0": 5.004680467665246e-34, "f_1": 0.0005536211964428641, "f_2": 0.0022095808429050414, "f_3": 0.004953210549614766, "f_4": 0.008760207411598846}, "sample33": {"f_0": 5.004680467665246e-34, "f_1": 0.0051487041380976085, "f_2": 0.020170670083563845, "f_3": 0.043828399304786096, "f_4": 0.0741729854283357}, "sample34": {"f_0": 5.004680467665246e-34, "f_1": 0.0031049432817079896, "f_2": 0.012265522362309976, "f_3": 0.02702664798624002, "f_4": 0.04665500082811465}, "sample35": {"f_0": 5.004680467665246e-34, "f_1": 0.0026678080900818324, "f_2": 0.01055735716023924, "f_3": 0.023331882365088794, "f_4": 0.04044610399761525}, "sample36": {"f_0": 5.004680467665246e-34, "f_1": 0.000578131151815303, "f_2": 0.0023071768372020223, "f_3": 0.005171143213382023, "f_4": 0.009143538309478148}, "sample37": {"f_0": 5.004680467665246e-34, "f_1": 0.00427154470955267, "f_2": 0.01679424133091936, "f_3": 0.03671222972806277, "f_4": 0.06266422065357888}, "sample38": {"f_0": 5.004680467665246e-34, "f_1": 0.0013374154909571098, "f_2": 0.005321043080701213, "f_3": 0.011865638525252646, "f_4": 0.020831156331337974}, "sample39": {"f_0": 5.004680467665246e-34, "f_1": 9.206740905785108e-05, "f_2": 0.0003681340137064355, "f_3": 0.0008277931461534713, "f_4": 0.0014703676923929813}}