{"sample0": {"f_0": 0.480224609375, "f_1": 0.3740234375, "f_2": 0.357421875, "f_3": 0.329345703125, "f_4": 0.310546875}, "sample1": {"f_0": 0.449462890625, "f_1": 0.55712890625, "f_2": 0.56689453125, "f_3": 0.562744140625, "f_4": 0.576904296875}, "sample2": {"f_0": 0.45556640625, "f_1": 0.525146484375, "f_2": 0.53271484375, "f_3": 0.543212890625, "f_4": 0.539794921875}, "sample3": {"f_0": 0.456298828125, "f_1": 0.40234375, "f_2": 0.397705078125, "f_3": 0.391845703125, "f_4": 0.394775390625}, "sample4": {"f_0": 0.45166015625, "f_1": 0.536376953125, "f_2": 0.5546875, "f_3": 0.5673828125, "f_4": 0.580810546875}, "sample5": {"f_0": 0.44921875, "f_1": 0.400390625, "f_2": 0.441650390625, "f_3": 0.45361328125, "f_4": 0.482177734375}, "sample6": {"f_0": 0.451171875, "f_1": 0.356689453125, "f_2": 0.376220703125, "f_3": 0.3720703125, "f_4": 0.375244140625}, "sample7": {"f_0": 0.447265625, "f_1": 0.5087890625, "f_2": 0.511474609375, "f_3": 0.510009765625, "f_4": 0.50732421875}, "sample8": {"f_0": 0.451171875, "f_1": 0.427001953125, "f_2": 0.444580078125, "f_3": 0.44677734375, "f_4": 0.44189453125}, "sample9": {"f_0": 0.440673828125, "f_1": 0.54052734375, "f_2": 0.537109375, "f_3": 0.5537109375, "f_4": 0.547119140625}, "sample10": {"f_0": 0.435791015625, "f_1": 0.380126953125, "f_2": 0.334716796875, "f_3": 0.320556640625, "f_4": 0.30126953125}, "sample11": {"f_0": 0.45166015625, "f_1": 0.5302734375, "f_2": 0.537109375, "f_3": 0.5322265625, "f_4": 0.543212890625}, "sample12": {"f_0": 0.45263671875, "f_1": 0.5087890625, "f_2": 0.52783203125, "f_3": 0.5234375, "f_4": 0.5400390625}, "sample13": {"f_0": 0.451171875, "f_1": 0.507568359375, "f_2": 0.501708984375, "f_3": 0.5322265625, "f_4": 0.524658203125}, "sample14": {"f_0": 0.444091796875, "f_1": 0.334228515625, "f_2": 0.324462890625, "f_3": 0.313232421875, "f_4": 0.2958984375}, "sample15": {"f_0": 0.438720703125, "f_1": 0.520263671875, "f_2": 0.529052734375, "f_3": 0.54833984375, "f_4": 0.548095703125}, "sample16": {"f_0": 0.471923828125, "f_1": 0.329833984375, "f_2": 0.325927734375, "f_3": 0.303466796875, "f_4": 0.273193359375}, "sample17": {"f_0": 0.451171875, "f_1": 0.38232421875, "f_2": 0.402099609375, "f_3": 0.392822265625, "f_4": 0.417236328125}, "sample18": {"f_0": 0.451171875, "f_1": 0.40625, "f_2": 0.42529296875, "f_3": 0.4365234375, "f_4": 0.44677734375}, "sample19": {"f_0": 0.432861328125, "f_1": 0.350341796875, "f_2": 0.343017578125, "f_3": 0.335205078125, "f_4": 0.3349609375}, "sample20": {"f_0": 0.452880859375, "f_1": 0.3564453125, "f_2": 0.342529296875, "f_3": 0.324462890625, "f_4": 0.30810546875}, "sample21": {"f_0": 0.45654296875, "f_1": 0.42431640625, "f_2": 0.4326171875, "f_3": 0.468017578125, "f_4": 0.487548828125}, "sample22": {"f_0": 0.447021484375, "f_1": 0.550537109375, "f_2": 0.585205078125, "f_3": 0.61767578125, "f_4": 0.61376953125}, "sample23": {"f_0": 0.448486328125, "f_1": 0.365966796875, "f_2": 0.349609375, "f_3": 0.3173828125, "f_4": 0.319580078125}, "sample24": {"f_0": 0.44189453125, "f_1": 0.387939453125, "f_2": 0.3818359375, "f_3": 0.345703125, "f_4": 0.300048828125}, "sample25": {"f_0": 0.447265625, "f_1": 0.37890625, "f_2": 0.385498046875, "f_3": 0.402099609375, "f_4": 0.423583984375}, "sample26": {"f_0": 0.449951171875, "f_1": 0.457275390625, "f_2": 0.473876953125, "f_3": 0.4443359375, "f_4": 0.4306640625}, "sample27": {"f_0": 0.453369140625, "f_1": 0.40771484375, "f_2": 0.42236328125, "f_3": 0.43798828125, "f_4": 0.46826171875}, "sample28": {"f_0": 0.454833984375, "f_1": 0.4521484375, "f_2": 0.4404296875, "f_3": 0.419189453125, "f_4": 0.365234375}, "sample29": {"f_0": 0.450927734375, "f_1": 0.5078125, "f_2": 0.5009765625, "f_3": 0.5439453125, "f_4": 0.533203125}, "sample30": {"f_0": 0.439208984375, "f_1": 0.36181640625, "f_2": 0.324951171875, "f_3": 0.30224609375, "f_4": 0.259033203125}, "sample31": {"f_0": 0.46044921875, "f_1": 0.38623046875, "f_2": 0.418212890625, "f_3": 0.399658203125, "f_4": 0.420166015625}, "sample32": {"f_0": 0.442626953125, "f_1": 0.506591796875, "f_2": 0.5361328125, "f_3": 0.543701171875, "f_4": 0.553466796875}, "sample33": {"f_0": 0.4482421875, "f_1": 0.49755859375, "f_2": 0.47412109375, "f_3": 0.458984375, "f_4": 0.43408203125}, "sample34": {"f_0": 0.451171875, "f_1": 0.392333984375, "f_2": 0.389892578125, "f_3": 0.39892578125, "f_4": 0.386962890625}, "sample35": {"f_0": 0.44091796875, "f_1": 0.4013671875, "f_2": 0.406982421875, "f_3": 0.40478515625, "f_4": 0.413818359375}, "sample36": {"f_0": 0.447021484375, "f_1": 0.363525390625, "f_2": 0.355224609375, "f_3": 0.31640625, "f_4": 0.313232421875}, "sample37": {"f_0": 0.45703125, "f_1": 0.3837890625, "f_2": 0.39453125, "f_3": 0.4033203125, "f_4": 0.409912109375}, "sample38": {"f_0": 0.44384765625, "f_1": 0.403564453125, "f_2": 0.42626953125, "f_3": 0.449462890625, "f_4": 0.452392578125}, "sample39": {"f_0": 0.447509765625, "f_1": 0.339599609375, "f_2": 0.33203125, "f_3": 0.31494140625, "f_4": 0.303955078125}, "sample40": {"f_0": 0.45458984375, "f_1": 0.39404296875, "f_2": 0.38525390625, "f_3": 0.36376953125, "f_4": 0.35107421875}, "sample41": {"f_0": 0.4580078125, "f_1": 0.494384765625, "f_2": 0.486572265625, "f_3": 0.46923828125, "f_4": 0.443359375}, "sample42": {"f_0": 0.4580078125, "f_1": 0.502197265625, "f_2": 0.491943359375, "f_3": 0.49169921875, "f_4": 0.496337890625}, "sample43": {"f_0": 0.449951171875, "f_1": 0.332763671875, "f_2": 0.312744140625, "f_3": 0.30615234375, "f_4": 0.26611328125}, "sample44": {"f_0": 0.441650390625, "f_1": 0.349853515625, "f_2": 0.330810546875, "f_3": 0.28466796875, "f_4": 0.259521484375}, "sample45": {"f_0": 0.44921875, "f_1": 0.57080078125, "f_2": 0.585693359375, "f_3": 0.611328125, "f_4": 0.6181640625}, "sample46": {"f_0": 0.45068359375, "f_1": 0.389892578125, "f_2": 0.39599609375, "f_3": 0.420654296875, "f_4": 0.419189453125}, "sample47": {"f_0": 0.4306640625, "f_1": 0.353515625, "f_2": 0.373046875, "f_3": 0.38720703125, "f_4": 0.385986328125}, "sample48": {"f_0": 0.449462890625, "f_1": 0.395263671875, "f_2": 0.40576171875, "f_3": 0.4208984375, "f_4": 0.443115234375}, "sample49": {"f_0": 0.443359375, "f_1": 0.348876953125, "f_2": 0.29150390625, "f_3": 0.287353515625, "f_4": 0.239990234375}, "sample50": {"f_0": 0.44970703125, "f_1": 0.37548828125, "f_2": 0.34765625, "f_3": 0.331298828125, "f_4": 0.318359375}, "sample51": {"f_0": 0.447509765625, "f_1": 0.518798828125, "f_2": 0.531982421875, "f_3": 0.529296875, "f_4": 0.548828125}, "sample52": {"f_0": 0.43798828125, "f_1": 0.518310546875, "f_2": 0.536376953125, "f_3": 0.533935546875, "f_4": 0.55419921875}, "sample53": {"f_0": 0.4453125, "f_1": 0.484619140625, "f_2": 0.5166015625, "f_3": 0.505126953125, "f_4": 0.51220703125}, "sample54": {"f_0": 0.457275390625, "f_1": 0.50244140625, "f_2": 0.487060546875, "f_3": 0.472900390625, "f_4": 0.476806640625}, "sample55": {"f_0": 0.443603515625, "f_1": 0.34765625, "f_2": 0.32958984375, "f_3": 0.30859375, "f_4": 0.306640625}, "sample56": {"f_0": 0.4306640625, "f_1": 0.397216796875, "f_2": 0.3798828125, "f_3": 0.380615234375, "f_4": 0.378662109375}, "sample57": {"f_0": 0.4560546875, "f_1": 0.530029296875, "f_2": 0.571044921875, "f_3": 0.57861328125, "f_4": 0.58740234375}, "sample58": {"f_0": 0.463134765625, "f_1": 0.352294921875, "f_2": 0.3095703125, "f_3": 0.279296875, "f_4": 0.24072265625}, "sample59": {"f_0": 0.456787109375, "f_1": 0.5185546875, "f_2": 0.52197265625, "f_3": 0.5263671875, "f_4": 0.542236328125}, "sample60": {"f_0": 0.45947265625, "f_1": 0.402587890625, "f_2": 0.38671875, "f_3": 0.392822265625, "f_4": 0.36376953125}, "sample61": {"f_0": 0.451904296875, "f_1": 0.5654296875, "f_2": 0.588623046875, "f_3": 0.594970703125, "f_4": 0.604248046875}, "sample62": {"f_0": 0.466796875, "f_1": 0.498779296875, "f_2": 0.5205078125, "f_3": 0.540283203125, "f_4": 0.52783203125}, "sample63": {"f_0": 0.445556640625, "f_1": 0.365234375, "f_2": 0.37109375, "f_3": 0.404052734375, "f_4": 0.3916015625}, "sample64": {"f_0": 0.447998046875, "f_1": 0.547119140625,