{"sample0": {"f_0": 0.9999999999999996, "f_1": 0.9961109457497938, "f_2": 0.984535607553205, "f_3": 0.9655463700315211, "f_4": 0.9395870611180454}, "sample1": {"f_0": 0.9999999999999996, "f_1": 0.9977206674113642, "f_2": 0.9909177080868304, "f_3": 0.979695060567971, "f_4": 0.9642221101165233}, "sample2": {"f_0": 0.9999999999999996, "f_1": 0.9987464450090854, "f_2": 0.9949974510020346, "f_3": 0.9887877894773252, "f_4": 0.9801746176289301}, "sample3": {"f_0": 0.9999999999999996, "f_1": 0.9993623420558343, "f_2": 0.997454182032035, "f_3": 0.9942898804772654, "f_4": 0.9898931043070391}, "sample4": {"f_0": 0.9999999999999996, "f_1": 0.9971109769277394, "f_2": 0.9885095799395881, "f_3": 0.9743909536010364, "f_4": 0.9550741563984174}, "sample5": {"f_0": 0.9999999999999996, "f_1": 0.9980312258373887, "f_2": 0.9921471690338495, "f_3": 0.9824141960077585, "f_4": 0.9689414984157272}, "sample6": {"f_0": 0.9999999999999996, "f_1": 0.9983187977309308, "f_2": 0.993331054026751, "f_3": 0.9852011032804902, "f_4": 0.9741922339148055}, "sample7": {"f_0": 0.9999999999999996, "f_1": 0.9999216435843072, "f_2": 0.9996870109484742, "f_3": 0.9992974013266168, "f_4": 0.9987549451326537}, "sample8": {"f_0": 0.9999999999999996, "f_1": 0.9963780297823878, "f_2": 0.9856047361125716, "f_3": 0.9679551982954762, "f_4": 0.9438787391099304}, "sample9": {"f_0": 0.9999999999999996, "f_1": 0.998716112351876, "f_2": 0.9948893448875608, "f_3": 0.9885933344797622, "f_4": 0.9799473693109454}, "sample10": {"f_0": 0.9999999999999996, "f_1": 0.9978960672682095, "f_2": 0.9916083527639605, "f_3": 0.9812086457588618, "f_4": 0.9668150702711014}, "sample11": {"f_0": 0.9999999999999996, "f_1": 0.9969018386155072, "f_2": 0.9876864803592359, "f_3": 0.9725885602515192, "f_4": 0.9519901034689721}, "sample12": {"f_0": 0.9999999999999996, "f_1": 0.9995014782290641, "f_2": 0.9980094911326798, "f_3": 0.9955347147757285, "f_4": 0.9920947485766918}, "sample13": {"f_0": 0.9999999999999996, "f_1": 0.9998887519360596, "f_2": 0.9995553010708927, "f_3": 0.9990005235126301, "f_4": 0.9982258666346665}, "sample14": {"f_0": 0.9999999999999996, "f_1": 0.9987790523832794, "f_2": 0.9951278903246138, "f_3": 0.9890813708611585, "f_4": 0.9806969755746836}, "sample15": {"f_0": 0.9999999999999996, "f_1": 0.9964624980296489, "f_2": 0.9859232961533432, "f_3": 0.9686006756534343, "f_4": 0.9448530419101044}, "sample16": {"f_0": 0.9999999999999996, "f_1": 0.9980524606940295, "f_2": 0.9922320837760474, "f_3": 0.9826051040744743, "f_4": 0.9692803064045603}, "sample17": {"f_0": 0.9999999999999996, "f_1": 0.9989675281845556, "f_2": 0.9958784718987075, "f_3": 0.9907578291856268, "f_4": 0.9836469994491511}, "sample18": {"f_0": 0.9999999999999996, "f_1": 0.9972682057043702, "f_2": 0.9891133238902011, "f_3": 0.9756557895370525, "f_4": 0.9570928183413447}, "sample19": {"f_0": 0.9999999999999996, "f_1": 0.997742161464625, "f_2": 0.991017597704603, "f_3": 0.9799711490468053, "f_4": 0.9648376272201242}, "sample20": {"f_0": 0.9999999999999996, "f_1": 0.9974159552125258, "f_2": 0.9897489159254874, "f_3": 0.9772502222601724, "f_4": 0.9603258450948257}, "sample21": {"f_0": 0.9999999999999996, "f_1": 0.9954181703813186, "f_2": 0.9817857587158276, "f_3": 0.9594386038072505, "f_4": 0.9289252468678367}, "sample22": {"f_0": 0.9999999999999996, "f_1": 0.9907638802240398, "f_2": 0.9636496502170171, "f_3": 0.9203835382736786, "f_4": 0.8636617113425455}, "sample23": {"f_0": 0.9999999999999996, "f_1": 0.9985832567017301, "f_2": 0.9943461124142566, "f_3": 0.9873276211090273, "f_4": 0.9775922015375691}, "sample24": {"f_0": 0.9999999999999996, "f_1": 0.9961521525667381, "f_2": 0.9846900462980904, "f_3": 0.96585616404069, "f_4": 0.9400486061779704}, "sample25": {"f_0": 0.9999999999999996, "f_1": 0.9973088742420582, "f_2": 0.989296202351383, "f_3": 0.9761421066675954, "f_4": 0.9581402301668253}, "sample26": {"f_0": 0.9999999999999996, "f_1": 0.9991834773781951, "f_2": 0.9967415186505504, "f_3": 0.9926968061792513, "f_4": 0.9870866642725553}, "sample27": {"f_0": 0.9999999999999996, "f_1": 0.9947280712001529, "f_2": 0.9791022237104406, "f_3": 0.9536821371008414, "f_4": 0.9193675049691755}, "sample28": {"f_0": 0.9999999999999996, "f_1": 0.995967124290742, "f_2": 0.9839871588833959, "f_3": 0.9644112520380529, "f_4": 0.9378087521277632}, "sample29": {"f_0": 0.9999999999999996, "f_1": 0.9976700751356766, "f_2": 0.9907533200972517, "f_3": 0.9794648476758531, "f_4": 0.9641502913013791}, "sample30": {"f_0": 0.9999999999999996, "f_1": 0.9959323407801074, "f_2": 0.9839206148351369, "f_3": 0.9645232890440383, "f_4": 0.9386217556932636}, "sample31": {"f_0": 0.9999999999999996, "f_1": 0.9997827412862532, "f_2": 0.9991314186206903, "f_3": 0.9980473887093563, "f_4": 0.9965329003890351}, "sample32": {"f_0": 0.9999999999999996, "f_1": 0.9966915514580867, "f_2": 0.9868448565231104, "f_3": 0.9706933246875513, "f_4": 0.9486176013348067}, "sample33": {"f_0": 0.9999999999999996, "f_1": 0.9971490951134787, "f_2": 0.9886761322049376, "f_3": 0.974817464065065, "f_4": 0.9559574577267547}, "sample34": {"f_0": 0.9999999999999996, "f_1": 0.9999426624155288, "f_2": 0.9997708646181537, "f_3": 0.9994852481748986, "f_4": 0.9990868714290411}, "sample35": {"f_0": 0.9999999999999996, "f_1": 0.9975452789694826, "f_2": 0.9902393705789658, "f_3": 0.9782543338020466, "f_4": 0.9618681054058253}, "sample36": {"f_0": 0.9999999999999996, "f_1": 0.9980604789594802, "f_2": 0.9922759922072746, "f_3": 0.9827478141859463, "f_4": 0.9696415904426938}, "sample37": {"f_0": 0.9999999999999996, "f_1": 0.9980842627081573, "f_2": 0.992354692050608, "f_3": 0.9828640269315524, "f_4": 0.9696995519681654}, "sample38": {"f_0": 0.9999999999999996, "f_1": 0.9972578638042197, "f_2": 0.9891404714023634, "f_3": 0.9759684803830359, "f_4": 0.9582554405731898}, "sample39": {"f_0": 0.9999999999999996, "f_1": 0.9973446662321508, "f_2": 0.989426448718779, "f_3": 0.9763875651689232, "f_4": 0.9584613026821873}, "sample40": {"f_0": 0.9999999999999996, "f_1": 0.9990746915046271, "f_2": 0.9963032795536427, "f_3": 0.9916992783316614, "f_4": 0.9852851236372434}, "sample41": {"f_0": 0.9999999999999996, "f_1": 0.998410224189058, "f_2": 0.9936849085214188, "f_3": 0.9859530960568118, "f_4": 0.9754201538123275}, "sample42": {"f_0": 0.9999999999999996, "f_1": 0.9990550540432324, "f_2": 0.9962330887838222, "f_3": 0.9915723346622224, "f_4": 0.9851352350087068}, "sample43": {"f_0": 0.9999999999999996, "f_1": 0.9959274252015423, "f_2": 0.9838353961889399, "f_3": 0.9640945904491923, "f_4": 0.9373019258141211}, "sample44": {"f_0": 0.9999999999999996, "f_1": 0.9968631538890375, "f_2": 0.987506978808709, "f_3": 0.9720929518677707, "f_4": 0.9508849062279038}, "sample45": {"f_0": 0.9999999999999996, "f_1": 0.9924818928355049, "f_2": 0.9702411513041572, "f_3": 0.9342007212286124, "f_4": 0.885840896772551}, "sample46": {"f_0": 0.9999999999999996, "f_1": 0.996735193872067, "f_2": 0.9870268685691118, "f_3": 0.9711280705269928, "f_4": 0.9494436265945824}, "sample47": {"f_0": 0.9999999999999996, "f_1": 0.9985239999644544, "f_2": 0.9941464742662451, "f_3": 0.9870159622670521, "f_4": 0.9773706231000346}, "sample48": {"f_0": 0.9999999999999996, "f_1": 0.9982444107456961, "f_2": 0.9930128045408608, "f_3": 0.9844091374624845, "f_4": 0.9726017050217836}, "sample49": {"f_0": 0.9999999999999996, "f_1": 0.9952192907686301, "f_2": 0.9809885529056513, "f_3": 0.9576388513561654, "f_4": 0.9257117210276488}, "sample50": {"f_0": 0.9999999999999996, "f_1": 0.9967636405849825, "f_2": 0.9871318952188559, "f_3": 0.971333279643976, "f_4": 0.949737286234986}, "sample51": {"f_0": 0.9999999999999996, "f_1": 0.9986573245627896, "f_2": 0.9946519525987236, "f_3": 0.9880510629693277, "f_4": 0.9789640442494469}, "sample52": {"f_0": 0.9999999999999996, "f_1": 0.9986840612071364, "f_2": 0.9947469073048817, "f_3": 0.9882204078145029, "f_4": 0.9791572872482555}, "sample53": {"f_0": 0.9999999999999996, "f_1": 0.9963422617131653, "f_2": 0.985462656162506, "f_3": 0.9676393668379171,