{"sample0": {"f_0": 0.4970703125, "f_1": 0.5126953125, "f_2": 0.5693359375, "f_3": 0.5927734375, "f_4": 0.580078125}, "sample1": {"f_0": 0.51953125, "f_1": 0.5048828125, "f_2": 0.451171875, "f_3": 0.4482421875, "f_4": 0.4150390625}, "sample2": {"f_0": 0.48828125, "f_1": 0.4833984375, "f_2": 0.4677734375, "f_3": 0.453125, "f_4": 0.4443359375}, "sample3": {"f_0": 0.47265625, "f_1": 0.501953125, "f_2": 0.50390625, "f_3": 0.5126953125, "f_4": 0.4921875}, "sample4": {"f_0": 0.4921875, "f_1": 0.4619140625, "f_2": 0.4033203125, "f_3": 0.369140625, "f_4": 0.3486328125}, "sample5": {"f_0": 0.513671875, "f_1": 0.470703125, "f_2": 0.4248046875, "f_3": 0.38671875, "f_4": 0.361328125}, "sample6": {"f_0": 0.4736328125, "f_1": 0.466796875, "f_2": 0.4765625, "f_3": 0.486328125, "f_4": 0.4580078125}, "sample7": {"f_0": 0.5087890625, "f_1": 0.4921875, "f_2": 0.5029296875, "f_3": 0.5048828125, "f_4": 0.51953125}, "sample8": {"f_0": 0.4775390625, "f_1": 0.5048828125, "f_2": 0.42578125, "f_3": 0.443359375, "f_4": 0.3681640625}, "sample9": {"f_0": 0.50390625, "f_1": 0.5068359375, "f_2": 0.4560546875, "f_3": 0.4140625, "f_4": 0.37890625}, "sample10": {"f_0": 0.5048828125, "f_1": 0.513671875, "f_2": 0.56640625, "f_3": 0.5947265625, "f_4": 0.609375}, "sample11": {"f_0": 0.5224609375, "f_1": 0.4765625, "f_2": 0.419921875, "f_3": 0.3896484375, "f_4": 0.3759765625}, "sample12": {"f_0": 0.51171875, "f_1": 0.47265625, "f_2": 0.439453125, "f_3": 0.4296875, "f_4": 0.42578125}, "sample13": {"f_0": 0.5009765625, "f_1": 0.517578125, "f_2": 0.50390625, "f_3": 0.4580078125, "f_4": 0.4921875}, "sample14": {"f_0": 0.48046875, "f_1": 0.548828125, "f_2": 0.54296875, "f_3": 0.57421875, "f_4": 0.5869140625}, "sample15": {"f_0": 0.5009765625, "f_1": 0.4609375, "f_2": 0.453125, "f_3": 0.41015625, "f_4": 0.3779296875}, "sample16": {"f_0": 0.53125, "f_1": 0.5439453125, "f_2": 0.5537109375, "f_3": 0.58203125, "f_4": 0.599609375}, "sample17": {"f_0": 0.5029296875, "f_1": 0.47265625, "f_2": 0.4814453125, "f_3": 0.45703125, "f_4": 0.4443359375}, "sample18": {"f_0": 0.4892578125, "f_1": 0.4912109375, "f_2": 0.4404296875, "f_3": 0.384765625, "f_4": 0.3681640625}, "sample19": {"f_0": 0.51171875, "f_1": 0.498046875, "f_2": 0.517578125, "f_3": 0.5390625, "f_4": 0.5244140625}, "sample20": {"f_0": 0.501953125, "f_1": 0.5087890625, "f_2": 0.5361328125, "f_3": 0.54296875, "f_4": 0.5791015625}, "sample21": {"f_0": 0.5068359375, "f_1": 0.427734375, "f_2": 0.416015625, "f_3": 0.34765625, "f_4": 0.31640625}, "sample22": {"f_0": 0.482421875, "f_1": 0.4560546875, "f_2": 0.3564453125, "f_3": 0.287109375, "f_4": 0.2275390625}, "sample23": {"f_0": 0.4814453125, "f_1": 0.533203125, "f_2": 0.5546875, "f_3": 0.5615234375, "f_4": 0.6005859375}, "sample24": {"f_0": 0.5048828125, "f_1": 0.541015625, "f_2": 0.576171875, "f_3": 0.59375, "f_4": 0.5595703125}, "sample25": {"f_0": 0.51953125, "f_1": 0.47265625, "f_2": 0.4365234375, "f_3": 0.4208984375, "f_4": 0.3505859375}, "sample26": {"f_0": 0.4638671875, "f_1": 0.5078125, "f_2": 0.5146484375, "f_3": 0.5322265625, "f_4": 0.599609375}, "sample27": {"f_0": 0.494140625, "f_1": 0.4248046875, "f_2": 0.380859375, "f_3": 0.34765625, "f_4": 0.2861328125}, "sample28": {"f_0": 0.4951171875, "f_1": 0.5517578125, "f_2": 0.5732421875, "f_3": 0.6435546875, "f_4": 0.6630859375}, "sample29": {"f_0": 0.5078125, "f_1": 0.4658203125, "f_2": 0.4296875, "f_3": 0.3984375, "f_4": 0.375}, "sample30": {"f_0": 0.505859375, "f_1": 0.5478515625, "f_2": 0.5791015625, "f_3": 0.6123046875, "f_4": 0.6220703125}, "sample31": {"f_0": 0.5185546875, "f_1": 0.5009765625, "f_2": 0.4814453125, "f_3": 0.4794921875, "f_4": 0.494140625}, "sample32": {"f_0": 0.5, "f_1": 0.4501953125, "f_2": 0.4140625, "f_3": 0.37109375, "f_4": 0.3359375}, "sample33": {"f_0": 0.501953125, "f_1": 0.509765625, "f_2": 0.5810546875, "f_3": 0.5458984375, "f_4": 0.5947265625}, "sample34": {"f_0": 0.4892578125, "f_1": 0.5068359375, "f_2": 0.5361328125, "f_3": 0.5029296875, "f_4": 0.52734375}, "sample35": {"f_0": 0.513671875, "f_1": 0.4970703125, "f_2": 0.478515625, "f_3": 0.482421875, "f_4": 0.4541015625}, "sample36": {"f_0": 0.458984375, "f_1": 0.5537109375, "f_2": 0.5673828125, "f_3": 0.587890625, "f_4": 0.6064453125}, "sample37": {"f_0": 0.501953125, "f_1": 0.443359375, "f_2": 0.455078125, "f_3": 0.4296875, "f_4": 0.40625}, "sample38": {"f_0": 0.486328125, "f_1": 0.4697265625, "f_2": 0.4482421875, "f_3": 0.3896484375, "f_4": 0.373046875}, "sample39": {"f_0": 0.48828125, "f_1": 0.548828125, "f_2": 0.5224609375, "f_3": 0.5390625, "f_4": 0.5830078125}, "sample40": {"f_0": 0.478515625, "f_1": 0.51953125, "f_2": 0.5400390625, "f_3": 0.509765625, "f_4": 0.57421875}, "sample41": {"f_0": 0.4853515625, "f_1": 0.5498046875, "f_2": 0.556640625, "f_3": 0.5546875, "f_4": 0.5771484375}, "sample42": {"f_0": 0.5, "f_1": 0.4892578125, "f_2": 0.4931640625, "f_3": 0.490234375, "f_4": 0.4951171875}, "sample43": {"f_0": 0.482421875, "f_1": 0.51171875, "f_2": 0.5302734375, "f_3": 0.513671875, "f_4": 0.5595703125}, "sample44": {"f_0": 0.4970703125, "f_1": 0.54296875, "f_2": 0.5888671875, "f_3": 0.6103515625, "f_4": 0.6240234375}, "sample45": {"f_0": 0.49609375, "f_1": 0.4443359375, "f_2": 0.3720703125, "f_3": 0.30859375, "f_4": 0.2392578125}, "sample46": {"f_0": 0.50390625, "f_1": 0.455078125, "f_2": 0.451171875, "f_3": 0.4404296875, "f_4": 0.4326171875}, "sample47": {"f_0": 0.5205078125, "f_1": 0.4833984375, "f_2": 0.4638671875, "f_3": 0.431640625, "f_4": 0.4287109375}, "sample48": {"f_0": 0.4931640625, "f_1": 0.4931640625, "f_2": 0.46875, "f_3": 0.462890625, "f_4": 0.4365234375}, "sample49": {"f_0": 0.4892578125, "f_1": 0.5439453125, "f_2": 0.552734375, "f_3": 0.62890625, "f_4": 0.658203125}, "sample50": {"f_0": 0.501953125, "f_1": 0.52734375, "f_2": 0.521484375, "f_3": 0.5390625, "f_4": 0.537109375}, "sample51": {"f_0": 0.48828125, "f_1": 0.47265625, "f_2": 0.4375, "f_3": 0.4345703125, "f_4": 0.39453125}, "sample52": {"f_0": 0.48828125, "f_1": 0.4619140625, "f_2": 0.4462890625, "f_3": 0.4658203125, "f_4": 0.4208984375}, "sample53": {"f_0": 0.501953125, "f_1": 0.4638671875, "f_2": 0.4736328125, "f_3": 0.3896484375, "f_4": 0.3583984375}, "sample54": {"f_0": 0.4833984375, "f_1": 0.4931640625, "f_2": 0.5361328125, "f_3": 0.5712890625, "f_4": 0.5654296875}, "sample55": {"f_0": 0.5078125, "f_1": 0.515625, "f_2": 0.533203125, "f_3": 0.544921875, "f_4": 0.57421875}, "sample56": {"f_0": 0.541015625, "f_1": 0.4892578125, "f_2": 0.4619140625, "f_3": 0.4833984375, "f_4": 0.4580078125}, "sample57": {"f_0": 0.482421875, "f_1": 0.4716796875, "f_2": 0.3984375, "f_3": 0.326171875, "f_4": 0.294921875}, "sample58": {"f_0": 0.46875, "f_1": 0.544921875, "f_2": 0.625, "f_3": 0.6025390625, "f_4": 0.654296875}, "sample59": {"f_0": 0.474609375, "f_1": 0.470703125, "f_2": 0.474609375, "f_3": 0.462890625, "f_4": 0.4384765625}, "sample60": {"f_0": 0.48828125, "f_1": 0.501953125, "f_2": 0.5263671875, "f_3": 0.5146484375, "f_4": 0.521484375}, "sample61": {"f_0": 0.4833984375, "f_1": 0.447265625, "f_2": 0.3828125, "f_3": 0.33203125, "f_4": 0.2685546875}, "sample62": {"f_0": 0.501953125, "f_1": 0.482421875, "f_2": 0.44140625, "f_3": 0.3935546875, "f_4": 0.4013671875}, "sample63": {"f_0": 0.5166015625, "f_1": 0.4921875, "f_2": 0.4765625, "f_3": 0.4501953125, "f_4": 0.4580078125}, "sample64": {"f_0": 0.50390625, "f_1": 0.462890625, "f_2": 0.4365234375, "f_3": 0.4814453125, "f_4": 0.4453125}, "sample65": {"f_0": 0.4765625, "f_1": 0.5, "f_2": 0.45703125, "f_3": 0.4443359375, "f_4": 0.458984375}, "sample66": {"f_0": 0.4765625, "f_1": 0.439453125, "f_2": 0.3857421875, "f_3": 0.2978515625, "f_4": 0.2685546875}, "sample67": {"f_0": 0.4912109375, "f_1": 0.470703125, "f_2": 0.427734375, "f_3": 0.4267578125, "f_4": 0.3330078125}, "sample68": {"f_0": 0.50390625, "f_1": 0.5234375, "f_2": 0.5341796875, "f_3": 0.5400390625, "f_4": 0.5673828125}, "sample69": {"f_0": 0.4970703125, "f_1": 0.4619140625, "f_2": 0.4677734375, "f_3": 0.435546875, "f_4": 0.4267578125}, "sample70": {"f_0": 0.5126953125,