{"sample0": {"f_0": 0.4999999999999999, "f_1": 0.5310344071258573, "f_2": 0.5586507830203807, "f_3": 0.5823571107684326, "f_4": 0.6017665188728939}, "sample1": {"f_0": 0.4999999999999999, "f_1": 0.4811357590385758, "f_2": 0.4604766057981517, "f_3": 0.438229340731536, "f_4": 0.4146415927357312}, "sample2": {"f_0": 0.4999999999999999, "f_1": 0.488363242314046, "f_2": 0.47566457952197005, "f_3": 0.4619869725039304, "f_4": 0.44742710947497805}, "sample3": {"f_0": 0.4999999999999999, "f_1": 0.503892158159218, "f_2": 0.5071647052364577, "f_3": 0.5098238663571885, "f_4": 0.5118815870090381}, "sample4": {"f_0": 0.4999999999999999, "f_1": 0.46522959820378534, "f_2": 0.4293333442979951, "f_3": 0.39293787737924946, "f_4": 0.3566694883035615}, "sample5": {"f_0": 0.4999999999999999, "f_1": 0.46819014460827196, "f_2": 0.43566794607436726, "f_3": 0.4027188442059845, "f_4": 0.369636716594259}, "sample6": {"f_0": 0.4999999999999999, "f_1": 0.49176292684001405, "f_2": 0.48211465455997893, "f_3": 0.4713164487599525, "f_4": 0.4596615630435138}, "sample7": {"f_0": 0.4999999999999999, "f_1": 0.5030948546683577, "f_2": 0.5061232614048835, "f_3": 0.5090877624474999, "f_4": 0.5119912608950888}, "sample8": {"f_0": 0.4999999999999999, "f_1": 0.4723705993241398, "f_2": 0.44248043799153836, "f_3": 0.4110656219462404, "f_4": 0.37890615071848927}, "sample9": {"f_0": 0.4999999999999999, "f_1": 0.4753362305195843, "f_2": 0.45020417450583755, "f_3": 0.42483430632179087, "f_4": 0.39945680990315496}, "sample10": {"f_0": 0.4999999999999999, "f_1": 0.5284750136057882, "f_2": 0.5554669211687763, "f_3": 0.5807716649339087, "f_4": 0.6042107489032428}, "sample11": {"f_0": 0.4999999999999999, "f_1": 0.4669523067683256, "f_2": 0.4324715441575923, "f_3": 0.39722510775680236, "f_4": 0.3618904765065513}, "sample12": {"f_0": 0.4999999999999999, "f_1": 0.4847903718633984, "f_2": 0.46935883611593365, "f_3": 0.45375627777126004, "f_4": 0.43803456719081385}, "sample13": {"f_0": 0.4999999999999999, "f_1": 0.49252230271802905, "f_2": 0.48499279436871706, "f_3": 0.47741564745931653, "f_4": 0.46979525265995137}, "sample14": {"f_0": 0.4999999999999999, "f_1": 0.5230966610355643, "f_2": 0.5453682008841028, "f_3": 0.5666687774295457, "f_4": 0.5868624465375673}, "sample15": {"f_0": 0.4999999999999999, "f_1": 0.46936736909311033, "f_2": 0.43669448393866817, "f_3": 0.40266277640096765, "f_4": 0.3679867205694704}, "sample16": {"f_0": 0.4999999999999999, "f_1": 0.5287673744111779, "f_2": 0.5562438011243594, "f_3": 0.5822467032475283, "f_4": 0.6066159733563784}, "sample17": {"f_0": 0.4999999999999999, "f_1": 0.4806539149681301, "f_2": 0.46076394970086976, "f_3": 0.44046031229931765, "f_4": 0.4198754900041565}, "sample18": {"f_0": 0.4999999999999999, "f_1": 0.4661875995546871, "f_2": 0.4311134842134238, "f_3": 0.39518734784227366, "f_4": 0.3588443793648993}, "sample19": {"f_0": 0.4999999999999999, "f_1": 0.5035796419006484, "f_2": 0.5048618440101384, "f_3": 0.5038473783437059, "f_4": 0.5005987911381715}, "sample20": {"f_0": 0.4999999999999999, "f_1": 0.5245375400722321, "f_2": 0.5466253105547899, "f_3": 0.5658266894091386, "f_4": 0.5818053922888148}, "sample21": {"f_0": 0.4999999999999999, "f_1": 0.45264136724511406, "f_2": 0.4038839107585043, "f_3": 0.35480297460272464, "f_4": 0.30647663007520415}, "sample22": {"f_0": 0.4999999999999999, "f_1": 0.43035778177489203, "f_2": 0.3595083005499409, "f_3": 0.29087071365053796, "f_4": 0.2275535155509881}, "sample23": {"f_0": 0.4999999999999999, "f_1": 0.5247208595410136, "f_2": 0.5484979878697038, "f_3": 0.5711834504776478, "f_4": 0.5926414304535024}, "sample24": {"f_0": 0.4999999999999999, "f_1": 0.5325917356173372, "f_2": 0.5618108169382389, "f_3": 0.5870482255198884, "f_4": 0.607781345873185}, "sample25": {"f_0": 0.4999999999999999, "f_1": 0.4708487917494742, "f_2": 0.4402825273075029, "f_3": 0.4088111850087835, "f_4": 0.376962711814364}, "sample26": {"f_0": 0.4999999999999999, "f_1": 0.5198060261687361, "f_2": 0.5390977847750339, "f_3": 0.5577820447083596, "f_4": 0.575772366778577}, "sample27": {"f_0": 0.4999999999999999, "f_1": 0.448080964661067, "f_2": 0.3949129796797699, "f_3": 0.34196661919868393, "f_4": 0.2906649576070943}, "sample28": {"f_0": 0.4999999999999999, "f_1": 0.5424149753671609, "f_2": 0.5817438469929616, "f_3": 0.6171227037902077, "f_4": 0.647808948505713}, "sample29": {"f_0": 0.4999999999999999, "f_1": 0.46782841623101834, "f_2": 0.4348625537337226, "f_3": 0.40165787097842315, "f_4": 0.36875953722113197}, "sample30": {"f_0": 0.4999999999999999, "f_1": 0.5414988871378512, "f_2": 0.5796511031223878, "f_3": 0.613524570737844, "f_4": 0.642420611904933}, "sample31": {"f_0": 0.4999999999999999, "f_1": 0.49371924914513093, "f_2": 0.4872656983065689, "f_3": 0.4806459342767539, "f_4": 0.4738669891941367}, "sample32": {"f_0": 0.4999999999999999, "f_1": 0.46051637877772805, "f_2": 0.41996203879516486, "f_3": 0.3790937388261676, "f_4": 0.33865883220038584}, "sample33": {"f_0": 0.4999999999999999, "f_1": 0.5219907083070788, "f_2": 0.5411885655981792, "f_3": 0.5571948794180233, "f_4": 0.569705322184999}, "sample34": {"f_0": 0.4999999999999999, "f_1": 0.5053382219113207, "f_2": 0.5106449800461244, "f_3": 0.5159177004263075, "f_4": 0.5211540382139721}, "sample35": {"f_0": 0.4999999999999999, "f_1": 0.4883953758885314, "f_2": 0.4745649173503036, "f_3": 0.45869726976676284, "f_4": 0.44104330667339203}, "sample36": {"f_0": 0.4999999999999999, "f_1": 0.5286730117000693, "f_2": 0.5559319098380612, "f_3": 0.5814719781795553, "f_4": 0.6050206983979513}, "sample37": {"f_0": 0.4999999999999999, "f_1": 0.47532686767671517, "f_2": 0.4495339536357087, "f_3": 0.42285372726836434, "f_4": 0.3955309274399129}, "sample38": {"f_0": 0.4999999999999999, "f_1": 0.4685212100740075, "f_2": 0.4359371759599586, "f_3": 0.4029761144745364, "f_4": 0.370356875590102}, "sample39": {"f_0": 0.4999999999999999, "f_1": 0.523810192255098, "f_2": 0.545204684065908, "f_3": 0.563851329377556, "f_4": 0.5794713489947365}, "sample40": {"f_0": 0.4999999999999999, "f_1": 0.5160786167570514, "f_2": 0.5314274904187837, "f_3": 0.5459768081584206, "f_4": 0.5596612215394624}, "sample41": {"f_0": 0.4999999999999999, "f_1": 0.5274100598322073, "f_2": 0.5537144140301409, "f_3": 0.5786628846966441, "f_4": 0.6020576038111709}, "sample42": {"f_0": 0.4999999999999999, "f_1": 0.4980742054550297, "f_2": 0.4952254059278087, "f_3": 0.49148777583857534, "f_4": 0.4869086776749451}, "sample43": {"f_0": 0.4999999999999999, "f_1": 0.521625096772085, "f_2": 0.5392309341847176, "f_3": 0.5524700581349682, "f_4": 0.5611528457014484}, "sample44": {"f_0": 0.4999999999999999, "f_1": 0.5373360826420674, "f_2": 0.5725586296862942, "f_3": 0.6052809436484958, "f_4": 0.6351722223074858}, "sample45": {"f_0": 0.4999999999999999, "f_1": 0.43773443197198747, "f_2": 0.3738080474117942, "f_3": 0.31048200906527057, "f_4": 0.24998388791097514}, "sample46": {"f_0": 0.4999999999999999, "f_1": 0.4793507061636655, "f_2": 0.45593941203353716, "f_3": 0.43001733130700853, "f_4": 0.4019481057435371}, "sample47": {"f_0": 0.4999999999999999, "f_1": 0.4861776253010278, "f_2": 0.471310593875266, "f_3": 0.4556890789308316, "f_4": 0.4396211786675665}, "sample48": {"f_0": 0.4999999999999999, "f_1": 0.4827595593415967, "f_2": 0.4642815037558724, "f_3": 0.44483540630054247, "f_4": 0.4247072227039163}, "sample49": {"f_0": 0.4999999999999999, "f_1": 0.541784959503385, "f_2": 0.5797954567041841, "f_3": 0.6132605287960974, "f_4": 0.6415269344562206}, "sample50": {"f_0": 0.4999999999999999, "f_1": 0.5175114020943703, "f_2": 0.5318769460456411, "f_3": 0.5429233077061201, "f_4": 0.5505772399334677}, "sample51": {"f_0": 0.4999999999999999, "f_1": 0.4747101744353898, "f_2": 0.4489287798459572, "f_3": 0.42289031544793443, "f_4": 0.39682891037828866}, "sample52": {"f_0": 0.4999999999999999, "f_1": 0.48598894772752105, "f_2": 0.4709494822425073, "f_3": 0.45499897873797357, "f_4": 0.43826496245766605}, "sample53": {"f_0": 0.4999999999999999, "f_1": 0.46801738485953637,