{"sample0": {"f_0": 1, "f_1": 0.8049725294113159, "f_2": 0.8153513073921204, "f_3": 0.7832515239715576, "f_4": 0.7652772665023804}, "sample1": {"f_0": 1, "f_1": 0.7760722637176514, "f_2": 0.737071692943573, "f_3": 0.7277045845985413, "f_4": 0.7175195813179016}, "sample2": {"f_0": 1, "f_1": 0.7734417915344238, "f_2": 0.7508710026741028, "f_3": 0.7229372262954712, "f_4": 0.7249894142150879}, "sample3": {"f_0": 1, "f_1": 0.7396401166915894, "f_2": 0.7338834404945374, "f_3": 0.7478594779968262, "f_4": 0.740791380405426}, "sample4": {"f_0": 1, "f_1": 0.7361070513725281, "f_2": 0.7016610503196716, "f_3": 0.7023870348930359, "f_4": 0.655543863773346}, "sample5": {"f_0": 1, "f_1": 0.7848857045173645, "f_2": 0.7904195189476013, "f_3": 0.7698677182197571, "f_4": 0.7480344176292419}, "sample6": {"f_0": 1, "f_1": 0.790800929069519, "f_2": 0.784875750541687, "f_3": 0.7587711215019226, "f_4": 0.7702684998512268}, "sample7": {"f_0": 1, "f_1": 0.7475330233573914, "f_2": 0.7372223138809204, "f_3": 0.7332985997200012, "f_4": 0.7440177798271179}, "sample8": {"f_0": 1, "f_1": 0.7779473662376404, "f_2": 0.74912428855896, "f_3": 0.7356745004653931, "f_4": 0.7116543054580688}, "sample9": {"f_0": 1, "f_1": 0.7276769280433655, "f_2": 0.7158632874488831, "f_3": 0.701274573802948, "f_4": 0.7015873193740845}, "sample10": {"f_0": 1, "f_1": 0.7722344994544983, "f_2": 0.7844138145446777, "f_3": 0.7653695344924927, "f_4": 0.7586460113525391}, "sample11": {"f_0": 1, "f_1": 0.7389383912086487, "f_2": 0.709116518497467, "f_3": 0.6997030377388, "f_4": 0.6788871884346008}, "sample12": {"f_0": 1, "f_1": 0.706116795539856, "f_2": 0.710289478302002, "f_3": 0.6982330083847046, "f_4": 0.6948851346969604}, "sample13": {"f_0": 0.9914356470108032, "f_1": 0.711589515209198, "f_2": 0.7134765386581421, "f_3": 0.695966362953186, "f_4": 0.6958795785903931}, "sample14": {"f_0": 1, "f_1": 0.7438488006591797, "f_2": 0.7521013617515564, "f_3": 0.737732470035553, "f_4": 0.7471715211868286}, "sample15": {"f_0": 0.9953762292861938, "f_1": 0.6467713117599487, "f_2": 0.6408427953720093, "f_3": 0.606916606426239, "f_4": 0.5934682488441467}, "sample16": {"f_0": 1, "f_1": 0.7440674304962158, "f_2": 0.7412403225898743, "f_3": 0.7213931083679199, "f_4": 0.7298113703727722}, "sample17": {"f_0": 0.9907543063163757, "f_1": 0.7394314408302307, "f_2": 0.735683798789978, "f_3": 0.7217623591423035, "f_4": 0.7058379054069519}, "sample18": {"f_0": 1, "f_1": 0.7568347454071045, "f_2": 0.7493814826011658, "f_3": 0.7342419028282166, "f_4": 0.7045812606811523}, "sample19": {"f_0": 1, "f_1": 0.7627918720245361, "f_2": 0.7697528004646301, "f_3": 0.7512732744216919, "f_4": 0.7448333501815796}, "sample20": {"f_0": 1, "f_1": 0.7753427028656006, "f_2": 0.7831887006759644, "f_3": 0.7642038464546204, "f_4": 0.75784832239151}, "sample21": {"f_0": 0.9995442032814026, "f_1": 0.7783008813858032, "f_2": 0.7697075605392456, "f_3": 0.7373265027999878, "f_4": 0.7108045816421509}, "sample22": {"f_0": 1, "f_1": 0.7269577383995056, "f_2": 0.6854693293571472, "f_3": 0.6270986795425415, "f_4": 0.5597724318504333}, "sample23": {"f_0": 1, "f_1": 0.7600399851799011, "f_2": 0.766808271408081, "f_3": 0.7632029056549072, "f_4": 0.7529928088188171}, "sample24": {"f_0": 1, "f_1": 0.7722095847129822, "f_2": 0.7922940254211426, "f_3": 0.7643883228302002, "f_4": 0.754106342792511}, "sample25": {"f_0": 1, "f_1": 0.7577928900718689, "f_2": 0.7611843943595886, "f_3": 0.7421190142631531, "f_4": 0.7225362658500671}, "sample26": {"f_0": 0.9986332058906555, "f_1": 0.7198224067687988, "f_2": 0.7254968285560608, "f_3": 0.7315341830253601, "f_4": 0.7402786612510681}, "sample27": {"f_0": 1, "f_1": 0.7210248708724976, "f_2": 0.7126991748809814, "f_3": 0.6976165771484375, "f_4": 0.6597122550010681}, "sample28": {"f_0": 1, "f_1": 0.7168556451797485, "f_2": 0.7406901121139526, "f_3": 0.7322543859481812, "f_4": 0.7294911742210388}, "sample29": {"f_0": 0.9979618787765503, "f_1": 0.6789085268974304, "f_2": 0.6709390878677368, "f_3": 0.6593812704086304, "f_4": 0.646643877029419}, "sample30": {"f_0": 1, "f_1": 0.7534099221229553, "f_2": 0.7289460301399231, "f_3": 0.7136200666427612, "f_4": 0.7119683027267456}, "sample31": {"f_0": 1, "f_1": 0.7322483658790588, "f_2": 0.7258992195129395, "f_3": 0.7368841767311096, "f_4": 0.7133008241653442}, "sample32": {"f_0": 0.9987393021583557, "f_1": 0.7124238014221191, "f_2": 0.6975599527359009, "f_3": 0.6606022715568542, "f_4": 0.650615394115448}, "sample33": {"f_0": 1, "f_1": 0.7605264782905579, "f_2": 0.7478516697883606, "f_3": 0.7549442052841187, "f_4": 0.7383207082748413}, "sample34": {"f_0": 1, "f_1": 0.7776351571083069, "f_2": 0.7698491811752319, "f_3": 0.784801185131073, "f_4": 0.7900276184082031}, "sample35": {"f_0": 0.9942812323570251, "f_1": 0.7634979486465454, "f_2": 0.7640089392662048, "f_3": 0.7416507601737976, "f_4": 0.7329576015472412}, "sample36": {"f_0": 1, "f_1": 0.7587506175041199, "f_2": 0.7704789638519287, "f_3": 0.7639517188072205, "f_4": 0.7535324692726135}, "sample37": {"f_0": 1, "f_1": 0.7573760151863098, "f_2": 0.7691786885261536, "f_3": 0.7447210550308228, "f_4": 0.7397108674049377}, "sample38": {"f_0": 1, "f_1": 0.749381959438324, "f_2": 0.7534077763557434, "f_3": 0.7241394519805908, "f_4": 0.7207555770874023}, "sample39": {"f_0": 0.9905074238777161, "f_1": 0.7642771601676941, "f_2": 0.7571619153022766, "f_3": 0.744025468826294, "f_4": 0.7443987727165222}, "sample40": {"f_0": 1, "f_1": 0.744998574256897, "f_2": 0.7355396747589111, "f_3": 0.7418680787086487, "f_4": 0.7234556674957275}, "sample41": {"f_0": 1, "f_1": 0.7297669053077698, "f_2": 0.728844404220581, "f_3": 0.7540600299835205, "f_4": 0.7268117070198059}, "sample42": {"f_0": 1, "f_1": 0.6890490651130676, "f_2": 0.6693906188011169, "f_3": 0.670803964138031, "f_4": 0.6557366251945496}, "sample43": {"f_0": 1, "f_1": 0.7662827968597412, "f_2": 0.7403717637062073, "f_3": 0.7245411276817322, "f_4": 0.7137219905853271}, "sample44": {"f_0": 1, "f_1": 0.7669356465339661, "f_2": 0.776734471321106, "f_3": 0.740224301815033, "f_4": 0.7233372926712036}, "sample45": {"f_0": 1, "f_1": 0.7025976777076721, "f_2": 0.6789432168006897, "f_3": 0.629470944404602, "f_4": 0.5647404789924622}, "sample46": {"f_0": 1, "f_1": 0.773999810218811, "f_2": 0.7663934826850891, "f_3": 0.7454128265380859, "f_4": 0.7351152300834656}, "sample47": {"f_0": 1, "f_1": 0.8035789728164673, "f_2": 0.7817755937576294, "f_3": 0.776752769947052, "f_4": 0.7777194380760193}, "sample48": {"f_0": 1, "f_1": 0.7622648477554321, "f_2": 0.7531622052192688, "f_3": 0.7511094212532043, "f_4": 0.7460029721260071}, "sample49": {"f_0": 1, "f_1": 0.7622488141059875, "f_2": 0.7498888373374939, "f_3": 0.7229268550872803, "f_4": 0.7265353202819824}, "sample50": {"f_0": 1, "f_1": 0.7700124979019165, "f_2": 0.7613439559936523, "f_3": 0.7496775388717651, "f_4": 0.7469262480735779}, "sample51": {"f_0": 1, "f_1": 0.7123087048530579, "f_2": 0.7108533978462219, "f_3": 0.6776295900344849, "f_4": 0.672800600528717}, "sample52": {"f_0": 1, "f_1": 0.6818363070487976, "f_2": 0.6847940683364868, "f_3": 0.6773284077644348, "f_4": 0.6707778573036194}, "sample53": {"f_0": 1, "f_1": 0.713747501373291, "f_2": 0.7053328156471252, "f_3": 0.6945770382881165, "f_4": 0.6404038071632385}, "sample54": {"f_0": 1, "f_1": 0.6938609480857849, "f_2": 0.7149629592895508, "f_3": 0.7160191535949707, "f_4": 0.709040105342865}, "sample55": {"f_0": 0.9961311221122742, "f_1": 0.7349214553833008, "f_2": 0.7365220189094543, "f_3": 0.7239710688591003, "f_4": 0.7171028256416321}, "sample56": {"f_0": 1, "f_1": 0.7382481694221497, "f_2": 0.7265982031822205, "f_3": 0.7296096086502075, "f_4": 0.7020578384399414}, "sample57": {"f_0": 0.9996322989463806, "f_1": 0.7044605612754822, "f_2": 0.6847304105758667, "f_3": 0.648933470249176, "f_4": 0.5899391770362854}, "sample58": {"f_0": 0.9995171427726746, "f_1": 0.7736132144927979, "f_2": 0.769433856010437, "f_3": 0.742426872253418, "f_4": 0.7150664329528809}, "sample59": {"f_0": 1, "f_1": 0.6946225166320801,