{"sample0": {"f_0": 0, "f_1": 0.0009765625, "f_2": 0.0009765625, "f_3": 0.0107421875, "f_4": 0.021484375}, "sample1": {"f_0": 0, "f_1": 0, "f_2": 0.0009765625, "f_3": 0.0009765625, "f_4": 0.001953125}, "sample2": {"f_0": 0, "f_1": 0, "f_2": 0, "f_3": 0.0009765625, "f_4": 0.0009765625}, "sample3": {"f_0": 0, "f_1": 0, "f_2": 0, "f_3": 0, "f_4": 0}, "sample4": {"f_0": 0, "f_1": 0, "f_2": 0.0048828125, "f_3": 0.0087890625, "f_4": 0.0166015625}, "sample5": {"f_0": 0, "f_1": 0.001953125, "f_2": 0.00390625, "f_3": 0.009765625, "f_4": 0.01953125}, "sample6": {"f_0": 0, "f_1": 0, "f_2": 0.0009765625, "f_3": 0.001953125, "f_4": 0.0009765625}, "sample7": {"f_0": 0, "f_1": 0, "f_2": 0, "f_3": 0, "f_4": 0}, "sample8": {"f_0": 0, "f_1": 0.0009765625, "f_2": 0.0029296875, "f_3": 0.0068359375, "f_4": 0.0107421875}, "sample9": {"f_0": 0, "f_1": 0, "f_2": 0.0029296875, "f_3": 0.0048828125, "f_4": 0.0087890625}, "sample10": {"f_0": 0, "f_1": 0.0009765625, "f_2": 0.001953125, "f_3": 0.0068359375, "f_4": 0.017578125}, "sample11": {"f_0": 0, "f_1": 0.0009765625, "f_2": 0.001953125, "f_3": 0.0078125, "f_4": 0.017578125}, "sample12": {"f_0": 0, "f_1": 0, "f_2": 0, "f_3": 0.001953125, "f_4": 0.0048828125}, "sample13": {"f_0": 0, "f_1": 0, "f_2": 0, "f_3": 0, "f_4": 0.001953125}, "sample14": {"f_0": 0, "f_1": 0, "f_2": 0.00390625, "f_3": 0.00390625, "f_4": 0.0107421875}, "sample15": {"f_0": 0, "f_1": 0.0009765625, "f_2": 0.0029296875, "f_3": 0.0048828125, "f_4": 0.01171875}, "sample16": {"f_0": 0, "f_1": 0.0009765625, "f_2": 0.00390625, "f_3": 0.0068359375, "f_4": 0.015625}, "sample17": {"f_0": 0, "f_1": 0, "f_2": 0.001953125, "f_3": 0.005859375, "f_4": 0.0068359375}, "sample18": {"f_0": 0, "f_1": 0.001953125, "f_2": 0.005859375, "f_3": 0.013671875, "f_4": 0.01953125}, "sample19": {"f_0": 0, "f_1": 0, "f_2": 0, "f_3": 0, "f_4": 0.0009765625}, "sample20": {"f_0": 0, "f_1": 0.0009765625, "f_2": 0.0029296875, "f_3": 0.0029296875, "f_4": 0.015625}, "sample21": {"f_0": 0, "f_1": 0.0009765625, "f_2": 0.009765625, "f_3": 0.0205078125, "f_4": 0.0341796875}, "sample22": {"f_0": 0, "f_1": 0.001953125, "f_2": 0.0166015625, "f_3": 0.03515625, "f_4": 0.080078125}, "sample23": {"f_0": 0, "f_1": 0, "f_2": 0.0009765625, "f_3": 0.0087890625, "f_4": 0.0087890625}, "sample24": {"f_0": 0, "f_1": 0.0009765625, "f_2": 0.0009765625, "f_3": 0.01171875, "f_4": 0.015625}, "sample25": {"f_0": 0, "f_1": 0.00390625, "f_2": 0.0009765625, "f_3": 0.009765625, "f_4": 0.0126953125}, "sample26": {"f_0": 0, "f_1": 0.0009765625, "f_2": 0.001953125, "f_3": 0.00390625, "f_4": 0.005859375}, "sample27": {"f_0": 0, "f_1": 0.0009765625, "f_2": 0.013671875, "f_3": 0.0185546875, "f_4": 0.0478515625}, "sample28": {"f_0": 0, "f_1": 0.001953125, "f_2": 0.0068359375, "f_3": 0.015625, "f_4": 0.03515625}, "sample29": {"f_0": 0, "f_1": 0.0009765625, "f_2": 0.001953125, "f_3": 0.0068359375, "f_4": 0.01171875}, "sample30": {"f_0": 0, "f_1": 0.0009765625, "f_2": 0.0048828125, "f_3": 0.009765625, "f_4": 0.0283203125}, "sample31": {"f_0": 0, "f_1": 0, "f_2": 0, "f_3": 0, "f_4": 0.0009765625}, "sample32": {"f_0": 0, "f_1": 0.0009765625, "f_2": 0.005859375, "f_3": 0.009765625, "f_4": 0.025390625}, "sample33": {"f_0": 0, "f_1": 0, "f_2": 0.001953125, "f_3": 0.0078125, "f_4": 0.005859375}, "sample34": {"f_0": 0, "f_1": 0, "f_2": 0.0009765625, "f_3": 0, "f_4": 0}, "sample35": {"f_0": 0, "f_1": 0, "f_2": 0, "f_3": 0.001953125, "f_4": 0.00390625}, "sample36": {"f_0": 0, "f_1": 0, "f_2": 0.005859375, "f_3": 0.0078125, "f_4": 0.0146484375}, "sample37": {"f_0": 0, "f_1": 0.0009765625, "f_2": 0.0009765625, "f_3": 0.0068359375, "f_4": 0.0107421875}, "sample38": {"f_0": 0, "f_1": 0, "f_2": 0.00390625, "f_3": 0.0068359375, "f_4": 0.015625}, "sample39": {"f_0": 0, "f_1": 0, "f_2": 0.001953125, "f_3": 0.0068359375, "f_4": 0.009765625}, "sample40": {"f_0": 0, "f_1": 0, "f_2": 0.0009765625, "f_3": 0.001953125, "f_4": 0.0087890625}, "sample41": {"f_0": 0, "f_1": 0.0009765625, "f_2": 0.00390625, "f_3": 0.005859375, "f_4": 0.0107421875}, "sample42": {"f_0": 0, "f_1": 0, "f_2": 0, "f_3": 0, "f_4": 0}, "sample43": {"f_0": 0, "f_1": 0.0009765625, "f_2": 0.0048828125, "f_3": 0.0048828125, "f_4": 0.0078125}, "sample44": {"f_0": 0, "f_1": 0, "f_2": 0.0068359375, "f_3": 0.0107421875, "f_4": 0.02734375}, "sample45": {"f_0": 0, "f_1": 0.005859375, "f_2": 0.015625, "f_3": 0.0361328125, "f_4": 0.056640625}, "sample46": {"f_0": 0, "f_1": 0, "f_2": 0.0009765625, "f_3": 0.0048828125, "f_4": 0.0048828125}, "sample47": {"f_0": 0, "f_1": 0, "f_2": 0, "f_3": 0.0009765625, "f_4": 0.001953125}, "sample48": {"f_0": 0, "f_1": 0, "f_2": 0.0048828125, "f_3": 0.0009765625, "f_4": 0.0048828125}, "sample49": {"f_0": 0, "f_1": 0.001953125, "f_2": 0.0078125, "f_3": 0.0146484375, "f_4": 0.0322265625}, "sample50": {"f_0": 0, "f_1": 0, "f_2": 0.0048828125, "f_3": 0.0029296875, "f_4": 0.009765625}, "sample51": {"f_0": 0, "f_1": 0, "f_2": 0.0009765625, "f_3": 0.0029296875, "f_4": 0.017578125}, "sample52": {"f_0": 0, "f_1": 0, "f_2": 0.0009765625, "f_3": 0.001953125, "f_4": 0.0048828125}, "sample53": {"f_0": 0, "f_1": 0.0009765625, "f_2": 0.005859375, "f_3": 0.0078125, "f_4": 0.0107421875}, "sample54": {"f_0": 0, "f_1": 0, "f_2": 0, "f_3": 0.001953125, "f_4": 0.0068359375}, "sample55": {"f_0": 0, "f_1": 0, "f_2": 0, "f_3": 0.0029296875, "f_4": 0.0107421875}, "sample56": {"f_0": 0, "f_1": 0, "f_2": 0, "f_3": 0, "f_4": 0.0009765625}, "sample57": {"f_0": 0, "f_1": 0.0029296875, "f_2": 0.0107421875, "f_3": 0.02734375, "f_4": 0.0458984375}, "sample58": {"f_0": 0, "f_1": 0.0029296875, "f_2": 0.009765625, "f_3": 0.0263671875, "f_4": 0.029296875}, "sample59": {"f_0": 0, "f_1": 0, "f_2": 0.0009765625, "f_3": 0.0029296875, "f_4": 0.0048828125}, "sample60": {"f_0": 0, "f_1": 0, "f_2": 0.0009765625, "f_3": 0, "f_4": 0.001953125}, "sample61": {"f_0": 0, "f_1": 0.00390625, "f_2": 0.0126953125, "f_3": 0.02734375, "f_4": 0.0498046875}, "sample62": {"f_0": 0, "f_1": 0, "f_2": 0.0029296875, "f_3": 0.0107421875, "f_4": 0.013671875}, "sample63": {"f_0": 0, "f_1": 0.0009765625, "f_2": 0, "f_3": 0, "f_4": 0.0009765625}, "sample64": {"f_0": 0, "f_1": 0, "f_2": 0, "f_3": 0.001953125, "f_4": 0.0009765625}, "sample65": {"f_0": 0, "f_1": 0, "f_2": 0, "f_3": 0.0009765625, "f_4": 0.001953125}, "sample66": {"f_0": 0, "f_1": 0.0009765625, "f_2": 0.0185546875, "f_3": 0.0263671875, "f_4": 0.0361328125}, "sample67": {"f_0": 0, "f_1": 0.001953125, "f_2": 0.00390625, "f_3": 0.0068359375, "f_4": 0.0146484375}, "sample68": {"f_0": 0, "f_1": 0, "f_2": 0.001953125, "f_3": 0.005859375, "f_4": 0.0029296875}, "sample69": {"f_0": 0, "f_1": 0, "f_2": 0.0009765625, "f_3": 0.0048828125, "f_4": 0.0029296875}, "sample70": {"f_0": 0, "f_1": 0.0009765625, "f_2": 0.0009765625, "f_3": 0.001953125, "f_4": 0.00390625}, "sample71": {"f_0": 0, "f_1": 0, "f_2": 0, "f_3": 0.0009765625, "f_4": 0.001953125}, "sample72": {"f_0": 0, "f_1": 0, "f_2": 0.005859375, "f_3": 0.0146484375, "f_4": 0.025390625}, "sample73": {"f_0": 0, "f_1": 0, "f_2": 0.0009765625, "f_3": 0.0009765625, "f_4": 0.001953125}, "sample74": {"f_0": 0, "f_1": 0, "f_2": 0, "f_3": 0.0009765625, "f_4": 0.0048828125}, "sample75": {"f_0": 0, "f_1": 0, "f_2": 0, "f_3": 0.0009765625, "f_4": 0.0009765625}, "sample76": {"f_0": 0, "f_1": 0.0009765625, "f_2": 0.0078125, "f_3": 0.0126953125, "f_4": 0.0322265625}, "sample77": {"f_0": 0, "f_1": 0.001953125, "f_2": 0.0068359375, "f_3": 0.013671875, "f_4": 0.0283203125}, "sample78": {"f_0": 0, "f_1": 0, "f_2": 0, "f_3": 0, "f_4": 0}, "sample79": {"f_0": 0, "f_1": 0, "f_2": 0.0009765625, "f_3": 0.0029296875, "f_4": 0.0029296875}, "sample80": {"f_0": 0, "f_1": 0, "f_2": 0.0009765625, "f_3": 0.00390625, "f_4": 0.0126953125}, "sample81": {"f_0": 0, "f_1": 0.0029296875, "f_2": 0.015625, "f_3": 0.017578125, "f_4": 0.0244140625}, "sample82": {"f_0": 0, "f_1": 0, "f_2": 0.001953125, "f_3": 0, "f_4": 0.001953125}, "sample83": {"f_0": 0, "f_1": 0.0009765625, "f_2": 0.0009765625, "f_3": 0.001953125, "f_4": 0.0048828125}, "sample84": {"f_0": 0, "f_1": 0,