{"sample0": {"f_0": 0.48947641253471375, "f_1": 0.4128897786140442, "f_2": 0.43609312176704407, "f_3": 0.4392893612384796, "f_4": 0.46639928221702576}, "sample1": {"f_0": 0.4990696609020233, "f_1": 0.2357725203037262, "f_2": 0.21804337203502655, "f_3": 0.20753242075443268, "f_4": 0.182938352227211}, "sample2": {"f_0": 0.5134804844856262, "f_1": 0.23610645532608032, "f_2": 0.22600644826889038, "f_3": 0.21338613331317902, "f_4": 0.20383857190608978}, "sample3": {"f_0": 0.5085613131523132, "f_1": 0.3615185618400574, "f_2": 0.36370447278022766, "f_3": 0.3567088544368744, "f_4": 0.36542046070098877}, "sample4": {"f_0": 0.4954853951931, "f_1": 0.1875946819782257, "f_2": 0.1765531301498413, "f_3": 0.1532483994960785, "f_4": 0.13696889579296112}, "sample5": {"f_0": 0.5017706155776978, "f_1": 0.34621599316596985, "f_2": 0.3327775299549103, "f_3": 0.309054434299469, "f_4": 0.28268396854400635}, "sample6": {"f_0": 0.5153037905693054, "f_1": 0.4015522301197052, "f_2": 0.4057510495185852, "f_3": 0.37630707025527954, "f_4": 0.35423022508621216}, "sample7": {"f_0": 0.4989137351512909, "f_1": 0.24579857289791107, "f_2": 0.24443313479423523, "f_3": 0.23374499380588531, "f_4": 0.23681822419166565}, "sample8": {"f_0": 0.4829605221748352, "f_1": 0.33099788427352905, "f_2": 0.2994571030139923, "f_3": 0.29508090019226074, "f_4": 0.2559184432029724}, "sample9": {"f_0": 0.4931131899356842, "f_1": 0.21053415536880493, "f_2": 0.19753718376159668, "f_3": 0.17670325934886932, "f_4": 0.16957561671733856}, "sample10": {"f_0": 0.4871034622192383, "f_1": 0.41379040479660034, "f_2": 0.43266409635543823, "f_3": 0.4365083575248718, "f_4": 0.4669766426086426}, "sample11": {"f_0": 0.5012726187705994, "f_1": 0.22195392847061157, "f_2": 0.19802884757518768, "f_3": 0.17033985257148743, "f_4": 0.16709905862808228}, "sample12": {"f_0": 0.48444420099258423, "f_1": 0.20500753819942474, "f_2": 0.19822780787944794, "f_3": 0.187398299574852, "f_4": 0.18200761079788208}, "sample13": {"f_0": 0.522927463054657, "f_1": 0.21757984161376953, "f_2": 0.2091042548418045, "f_3": 0.18759994208812714, "f_4": 0.2210085093975067}, "sample14": {"f_0": 0.5055124163627625, "f_1": 0.41697442531585693, "f_2": 0.4246459901332855, "f_3": 0.43980032205581665, "f_4": 0.4607197940349579}, "sample15": {"f_0": 0.4823634922504425, "f_1": 0.18007412552833557, "f_2": 0.16901616752147675, "f_3": 0.14532195031642914, "f_4": 0.11859943717718124}, "sample16": {"f_0": 0.496658593416214, "f_1": 0.4191915690898895, "f_2": 0.44789576530456543, "f_3": 0.4707477390766144, "f_4": 0.49501219391822815}, "sample17": {"f_0": 0.48354795575141907, "f_1": 0.350722998380661, "f_2": 0.31570059061050415, "f_3": 0.291170597076416, "f_4": 0.27475371956825256}, "sample18": {"f_0": 0.4840942621231079, "f_1": 0.34580811858177185, "f_2": 0.2989457845687866, "f_3": 0.29416748881340027, "f_4": 0.25672686100006104}, "sample19": {"f_0": 0.5027925968170166, "f_1": 0.42292705178260803, "f_2": 0.4243665039539337, "f_3": 0.40724265575408936, "f_4": 0.42197102308273315}, "sample20": {"f_0": 0.5049006342887878, "f_1": 0.4083394706249237, "f_2": 0.4250754714012146, "f_3": 0.45342081785202026, "f_4": 0.4530565142631531}, "sample21": {"f_0": 0.49940797686576843, "f_1": 0.3378051817417145, "f_2": 0.3011460602283478, "f_3": 0.25586840510368347, "f_4": 0.22468817234039307}, "sample22": {"f_0": 0.49343475699424744, "f_1": 0.18020105361938477, "f_2": 0.15192821621894836, "f_3": 0.0992523729801178, "f_4": 0.06510759145021439}, "sample23": {"f_0": 0.500394344329834, "f_1": 0.41109779477119446, "f_2": 0.40851733088493347, "f_3": 0.4234052002429962, "f_4": 0.4389767348766327}, "sample24": {"f_0": 0.5021438598632812, "f_1": 0.36446377635002136, "f_2": 0.3954176902770996, "f_3": 0.42858853936195374, "f_4": 0.445742666721344}, "sample25": {"f_0": 0.5018675923347473, "f_1": 0.3688192367553711, "f_2": 0.35381126403808594, "f_3": 0.32071614265441895, "f_4": 0.3028053641319275}, "sample26": {"f_0": 0.48849615454673767, "f_1": 0.27465054392814636, "f_2": 0.2719777226448059, "f_3": 0.3028254210948944, "f_4": 0.2959729731082916}, "sample27": {"f_0": 0.4998372495174408, "f_1": 0.33917751908302307, "f_2": 0.29436641931533813, "f_3": 0.23421058058738708, "f_4": 0.2154160887002945}, "sample28": {"f_0": 0.504443347454071, "f_1": 0.25842979550361633, "f_2": 0.3009292483329773, "f_3": 0.3031125068664551, "f_4": 0.3426024913787842}, "sample29": {"f_0": 0.49151527881622314, "f_1": 0.20159678161144257, "f_2": 0.182437926530838, "f_3": 0.1585284024477005, "f_4": 0.15146316587924957}, "sample30": {"f_0": 0.4967951476573944, "f_1": 0.3986063599586487, "f_2": 0.411528617143631, "f_3": 0.4315851628780365, "f_4": 0.44919851422309875}, "sample31": {"f_0": 0.5032037496566772, "f_1": 0.3368343412876129, "f_2": 0.33834993839263916, "f_3": 0.3192576467990875, "f_4": 0.32925599813461304}, "sample32": {"f_0": 0.4836810827255249, "f_1": 0.2049345225095749, "f_2": 0.1778787076473236, "f_3": 0.1620057374238968, "f_4": 0.13897565007209778}, "sample33": {"f_0": 0.49750471115112305, "f_1": 0.268539160490036, "f_2": 0.26111236214637756, "f_3": 0.25835391879081726, "f_4": 0.27964770793914795}, "sample34": {"f_0": 0.49889251589775085, "f_1": 0.37811076641082764, "f_2": 0.38283470273017883, "f_3": 0.4001316726207733, "f_4": 0.3962377607822418}, "sample35": {"f_0": 0.4798842668533325, "f_1": 0.35402190685272217, "f_2": 0.35288992524147034, "f_3": 0.34749314188957214, "f_4": 0.3258472979068756}, "sample36": {"f_0": 0.49772772192955017, "f_1": 0.39157962799072266, "f_2": 0.43122875690460205, "f_3": 0.4256201982498169, "f_4": 0.4425366520881653}, "sample37": {"f_0": 0.5054149627685547, "f_1": 0.36357343196868896, "f_2": 0.34794557094573975, "f_3": 0.3280543088912964, "f_4": 0.3060707449913025}, "sample38": {"f_0": 0.49320149421691895, "f_1": 0.3366372585296631, "f_2": 0.32038015127182007, "f_3": 0.2897985279560089, "f_4": 0.26328518986701965}, "sample39": {"f_0": 0.501517653465271, "f_1": 0.38010501861572266, "f_2": 0.42212411761283875, "f_3": 0.44807755947113037, "f_4": 0.4434642195701599}, "sample40": {"f_0": 0.4891534149646759, "f_1": 0.35053059458732605, "f_2": 0.353962779045105, "f_3": 0.3796226978302002, "f_4": 0.39323925971984863}, "sample41": {"f_0": 0.49502813816070557, "f_1": 0.22801029682159424, "f_2": 0.25209134817123413, "f_3": 0.2776298522949219, "f_4": 0.2929098606109619}, "sample42": {"f_0": 0.5035318732261658, "f_1": 0.20084527134895325, "f_2": 0.20285366475582123, "f_3": 0.18304766714572906, "f_4": 0.1973859965801239}, "sample43": {"f_0": 0.4985732436180115, "f_1": 0.39591270685195923, "f_2": 0.3978375196456909, "f_3": 0.42985081672668457, "f_4": 0.4175342917442322}, "sample44": {"f_0": 0.4929206967353821, "f_1": 0.42408084869384766, "f_2": 0.450577050447464, "f_3": 0.4772621691226959, "f_4": 0.49775078892707825}, "sample45": {"f_0": 0.4902704060077667, "f_1": 0.18320590257644653, "f_2": 0.13157998025417328, "f_3": 0.1147833988070488, "f_4": 0.078144371509552}, "sample46": {"f_0": 0.49789541959762573, "f_1": 0.37321707606315613, "f_2": 0.33405065536499023, "f_3": 0.3304425776004791, "f_4": 0.2865144908428192}, "sample47": {"f_0": 0.5009215474128723, "f_1": 0.3953465223312378, "f_2": 0.4000765085220337, "f_3": 0.36657124757766724, "f_4": 0.3693229854106903}, "sample48": {"f_0": 0.4959200620651245, "f_1": 0.3561895489692688, "f_2": 0.3464163839817047, "f_3": 0.33126577734947205, "f_4": 0.3168700635433197}, "sample49": {"f_0": 0.5035653710365295, "f_1": 0.4349721670150757, "f_2": 0.4692888855934143, "f_3": 0.48337632417678833, "f_4": 0.49417534470558167}, "sample50": {"f_0": 0.49411365389823914, "f_1": 0.3845754861831665, "f_2": 0.4051319360733032, "f_3": 0.39495524764060974, "f_4": 0.41017797589302063}, "sample51": {"f_0": 0.49828532338142395, "f_1": 0.21540968120098114, "f_2": 0.19313839077949524, "f_3": 0.17976169288158417, "f_4": 0.17026762664318085}, "sample52": {"f_0": 0.4849444329738617, "f_1": 0.18099676072597504, "f_2": 0.17878420650959015, "f_3": 0.1783146858215332,