{"sample0": {"f_0": 1.0, "f_1": 0.998046875, "f_2": 0.98828125, "f_3": 0.96484375, "f_4": 0.951171875}, "sample1": {"f_0": 1.0, "f_1": 0.99609375, "f_2": 0.9912109375, "f_3": 0.9775390625, "f_4": 0.958984375}, "sample2": {"f_0": 1.0, "f_1": 0.9990234375, "f_2": 0.9970703125, "f_3": 0.990234375, "f_4": 0.9814453125}, "sample3": {"f_0": 1.0, "f_1": 0.9970703125, "f_2": 0.9951171875, "f_3": 0.99609375, "f_4": 0.994140625}, "sample4": {"f_0": 1.0, "f_1": 0.9990234375, "f_2": 0.986328125, "f_3": 0.96875, "f_4": 0.947265625}, "sample5": {"f_0": 1.0, "f_1": 0.9990234375, "f_2": 0.9931640625, "f_3": 0.98046875, "f_4": 0.9716796875}, "sample6": {"f_0": 1.0, "f_1": 0.9970703125, "f_2": 0.9921875, "f_3": 0.98046875, "f_4": 0.9697265625}, "sample7": {"f_0": 1.0, "f_1": 1.0, "f_2": 1.0, "f_3": 0.9990234375, "f_4": 0.9990234375}, "sample8": {"f_0": 1.0, "f_1": 0.9951171875, "f_2": 0.984375, "f_3": 0.9755859375, "f_4": 0.94140625}, "sample9": {"f_0": 1.0, "f_1": 0.99609375, "f_2": 0.9912109375, "f_3": 0.9873046875, "f_4": 0.9775390625}, "sample10": {"f_0": 1.0, "f_1": 0.9990234375, "f_2": 0.9921875, "f_3": 0.9765625, "f_4": 0.9677734375}, "sample11": {"f_0": 1.0, "f_1": 0.9951171875, "f_2": 0.98828125, "f_3": 0.970703125, "f_4": 0.9482421875}, "sample12": {"f_0": 1.0, "f_1": 1.0, "f_2": 0.9970703125, "f_3": 0.9931640625, "f_4": 0.9921875}, "sample13": {"f_0": 1.0, "f_1": 1.0, "f_2": 1.0, "f_3": 1.0, "f_4": 0.998046875}, "sample14": {"f_0": 1.0, "f_1": 0.9990234375, "f_2": 0.994140625, "f_3": 0.9921875, "f_4": 0.9853515625}, "sample15": {"f_0": 1.0, "f_1": 0.9990234375, "f_2": 0.9873046875, "f_3": 0.9716796875, "f_4": 0.9560546875}, "sample16": {"f_0": 1.0, "f_1": 0.9970703125, "f_2": 0.9931640625, "f_3": 0.9873046875, "f_4": 0.9775390625}, "sample17": {"f_0": 1.0, "f_1": 0.9990234375, "f_2": 0.9912109375, "f_3": 0.9921875, "f_4": 0.9814453125}, "sample18": {"f_0": 1.0, "f_1": 0.9970703125, "f_2": 0.9931640625, "f_3": 0.970703125, "f_4": 0.955078125}, "sample19": {"f_0": 1.0, "f_1": 0.9990234375, "f_2": 0.998046875, "f_3": 0.9794921875, "f_4": 0.9677734375}, "sample20": {"f_0": 1.0, "f_1": 0.998046875, "f_2": 0.98828125, "f_3": 0.974609375, "f_4": 0.966796875}, "sample21": {"f_0": 1.0, "f_1": 0.9921875, "f_2": 0.9873046875, "f_3": 0.9462890625, "f_4": 0.9208984375}, "sample22": {"f_0": 1.0, "f_1": 0.9921875, "f_2": 0.9619140625, "f_3": 0.9345703125, "f_4": 0.8583984375}, "sample23": {"f_0": 1.0, "f_1": 1.0, "f_2": 0.994140625, "f_3": 0.9853515625, "f_4": 0.9736328125}, "sample24": {"f_0": 1.0, "f_1": 0.998046875, "f_2": 0.9853515625, "f_3": 0.9658203125, "f_4": 0.94921875}, "sample25": {"f_0": 1.0, "f_1": 1.0, "f_2": 0.986328125, "f_3": 0.974609375, "f_4": 0.9609375}, "sample26": {"f_0": 1.0, "f_1": 1.0, "f_2": 0.994140625, "f_3": 0.9892578125, "f_4": 0.986328125}, "sample27": {"f_0": 1.0, "f_1": 0.9931640625, "f_2": 0.9833984375, "f_3": 0.9404296875, "f_4": 0.9404296875}, "sample28": {"f_0": 1.0, "f_1": 0.9970703125, "f_2": 0.9853515625, "f_3": 0.9560546875, "f_4": 0.9404296875}, "sample29": {"f_0": 1.0, "f_1": 0.998046875, "f_2": 0.9853515625, "f_3": 0.9775390625, "f_4": 0.96484375}, "sample30": {"f_0": 1.0, "f_1": 0.9970703125, "f_2": 0.9775390625, "f_3": 0.9501953125, "f_4": 0.9482421875}, "sample31": {"f_0": 1.0, "f_1": 1.0, "f_2": 1.0, "f_3": 1.0, "f_4": 0.9970703125}, "sample32": {"f_0": 1.0, "f_1": 0.99609375, "f_2": 0.9873046875, "f_3": 0.9716796875, "f_4": 0.9384765625}, "sample33": {"f_0": 1.0, "f_1": 0.9990234375, "f_2": 0.9833984375, "f_3": 0.9697265625, "f_4": 0.9501953125}, "sample34": {"f_0": 1.0, "f_1": 1.0, "f_2": 1.0, "f_3": 1.0, "f_4": 1.0}, "sample35": {"f_0": 1.0, "f_1": 0.998046875, "f_2": 0.994140625, "f_3": 0.982421875, "f_4": 0.9658203125}, "sample36": {"f_0": 1.0, "f_1": 0.9990234375, "f_2": 0.9921875, "f_3": 0.9775390625, "f_4": 0.9697265625}, "sample37": {"f_0": 1.0, "f_1": 0.998046875, "f_2": 0.994140625, "f_3": 0.9775390625, "f_4": 0.9716796875}, "sample38": {"f_0": 1.0, "f_1": 0.9970703125, "f_2": 0.98828125, "f_3": 0.984375, "f_4": 0.9521484375}, "sample39": {"f_0": 1.0, "f_1": 0.9970703125, "f_2": 0.984375, "f_3": 0.9765625, "f_4": 0.962890625}, "sample40": {"f_0": 1.0, "f_1": 1.0, "f_2": 0.9951171875, "f_3": 0.9912109375, "f_4": 0.9873046875}, "sample41": {"f_0": 1.0, "f_1": 0.9970703125, "f_2": 0.9931640625, "f_3": 0.986328125, "f_4": 0.9765625}, "sample42": {"f_0": 1.0, "f_1": 0.998046875, "f_2": 0.9990234375, "f_3": 0.994140625, "f_4": 0.9853515625}, "sample43": {"f_0": 1.0, "f_1": 0.9970703125, "f_2": 0.9814453125, "f_3": 0.951171875, "f_4": 0.9345703125}, "sample44": {"f_0": 1.0, "f_1": 0.9970703125, "f_2": 0.986328125, "f_3": 0.97265625, "f_4": 0.943359375}, "sample45": {"f_0": 1.0, "f_1": 0.9951171875, "f_2": 0.9697265625, "f_3": 0.923828125, "f_4": 0.900390625}, "sample46": {"f_0": 1.0, "f_1": 0.9951171875, "f_2": 0.982421875, "f_3": 0.9697265625, "f_4": 0.966796875}, "sample47": {"f_0": 1.0, "f_1": 0.998046875, "f_2": 0.998046875, "f_3": 0.98828125, "f_4": 0.9755859375}, "sample48": {"f_0": 1.0, "f_1": 1.0, "f_2": 0.9921875, "f_3": 0.9853515625, "f_4": 0.9697265625}, "sample49": {"f_0": 1.0, "f_1": 0.9951171875, "f_2": 0.986328125, "f_3": 0.9599609375, "f_4": 0.923828125}, "sample50": {"f_0": 1.0, "f_1": 0.99609375, "f_2": 0.9921875, "f_3": 0.96484375, "f_4": 0.955078125}, "sample51": {"f_0": 1.0, "f_1": 0.9990234375, "f_2": 0.9951171875, "f_3": 0.9873046875, "f_4": 0.986328125}, "sample52": {"f_0": 1.0, "f_1": 0.9990234375, "f_2": 0.9931640625, "f_3": 0.982421875, "f_4": 0.9736328125}, "sample53": {"f_0": 1.0, "f_1": 0.994140625, "f_2": 0.98828125, "f_3": 0.958984375, "f_4": 0.9453125}, "sample54": {"f_0": 1.0, "f_1": 0.9990234375, "f_2": 0.998046875, "f_3": 0.98828125, "f_4": 0.98828125}, "sample55": {"f_0": 1.0, "f_1": 0.99609375, "f_2": 0.986328125, "f_3": 0.9794921875, "f_4": 0.9638671875}, "sample56": {"f_0": 1.0, "f_1": 0.9990234375, "f_2": 0.9921875, "f_3": 0.978515625, "f_4": 0.9580078125}, "sample57": {"f_0": 1.0, "f_1": 0.994140625, "f_2": 0.9814453125, "f_3": 0.9482421875, "f_4": 0.9248046875}, "sample58": {"f_0": 1.0, "f_1": 0.9951171875, "f_2": 0.978515625, "f_3": 0.953125, "f_4": 0.90625}, "sample59": {"f_0": 1.0, "f_1": 0.99609375, "f_2": 0.9921875, "f_3": 0.9921875, "f_4": 0.9716796875}, "sample60": {"f_0": 1.0, "f_1": 0.994140625, "f_2": 0.9833984375, "f_3": 0.9609375, "f_4": 0.9375}, "sample61": {"f_0": 1.0, "f_1": 0.9912109375, "f_2": 0.9716796875, "f_3": 0.939453125, "f_4": 0.8828125}, "sample62": {"f_0": 1.0, "f_1": 0.9912109375, "f_2": 0.990234375, "f_3": 0.974609375, "f_4": 0.94921875}, "sample63": {"f_0": 1.0, "f_1": 0.998046875, "f_2": 0.99609375, "f_3": 0.9912109375, "f_4": 0.9716796875}, "sample64": {"f_0": 1.0, "f_1": 0.9990234375, "f_2": 0.998046875, "f_3": 0.998046875, "f_4": 0.99609375}, "sample65": {"f_0": 1.0, "f_1": 1.0, "f_2": 0.99609375, "f_3": 0.9970703125, "f_4": 0.99609375}, "sample66": {"f_0": 1.0, "f_1": 0.990234375, "f_2": 0.9638671875, "f_3": 0.951171875, "f_4": 0.888671875}, "sample67": {"f_0": 1.0, "f_1": 0.994140625, "f_2": 0.9853515625, "f_3": 0.958984375, "f_4": 0.9326171875}, "sample68": {"f_0": 1.0, "f_1": 1.0, "f_2": 0.9990234375, "f_3": 0.9921875, "f_4": 0.9921875}, "sample69": {"f_0": 1.0, "f_1": 0.9970703125, "f_2": 0.990234375, "f_3": 0.9736328125, "f_4": 0.966796875}, "sample70": {"f_0": 1.0, "f_1": 1.0, "f_2": 0.9970703125, "f_3": 0.99609375, "f_4": 0.9892578125}, "sample71": {"f_0": 1.0, "f_1": 1.0, "f_2": 0.998046875, "f_3": 0.994140625, "f_4": 0.9921875}, "sample72": {"f_0": 1.0, "f_1": 0.994140625, "f_2": 0.9833984375, "f_3": 0.9599609375, "f_4": 0.9404296875}, "sample73": {"f_0": 1.0, "f_1": 0.998046875, "f_2": 0.9833984375, "f_3": 0.96875, "f_4": 0.9560546875}, "sample74": {"f_0": 1.0, "f_1": 0.99609375, "f_2": 0.9892578125, "f_3": 0.9658203125, "f_4": 0.939453125}, "sample75": {"f_0": 1.0, "f_1": 0.9990234375, "f_2": 0.986328125, "f_3": 0.947265625, "f_4": 0.931640625}, "sample76": {"f_0": 1.0, "f_1": 0.994140625, "f_2": 0.984375, "f_3": 0.974609375,