{"sample0": {"f_0": 0.4638671875, "f_1": 0.353515625, "f_2": 0.3642578125, "f_3": 0.3154296875, "f_4": 0.2646484375}, "sample1": {"f_0": 0.427734375, "f_1": 0.380859375, "f_2": 0.4169921875, "f_3": 0.4150390625, "f_4": 0.421875}, "sample2": {"f_0": 0.46484375, "f_1": 0.3857421875, "f_2": 0.390625, "f_3": 0.404296875, "f_4": 0.41796875}, "sample3": {"f_0": 0.4345703125, "f_1": 0.3828125, "f_2": 0.388671875, "f_3": 0.3720703125, "f_4": 0.3818359375}, "sample4": {"f_0": 0.4453125, "f_1": 0.40625, "f_2": 0.4033203125, "f_3": 0.4453125, "f_4": 0.47265625}, "sample5": {"f_0": 0.4443359375, "f_1": 0.4228515625, "f_2": 0.427734375, "f_3": 0.4453125, "f_4": 0.4599609375}, "sample6": {"f_0": 0.462890625, "f_1": 0.390625, "f_2": 0.3876953125, "f_3": 0.4052734375, "f_4": 0.4013671875}, "sample7": {"f_0": 0.439453125, "f_1": 0.3857421875, "f_2": 0.423828125, "f_3": 0.39453125, "f_4": 0.3837890625}, "sample8": {"f_0": 0.4443359375, "f_1": 0.41015625, "f_2": 0.419921875, "f_3": 0.4453125, "f_4": 0.44140625}, "sample9": {"f_0": 0.4453125, "f_1": 0.3955078125, "f_2": 0.416015625, "f_3": 0.408203125, "f_4": 0.45703125}, "sample10": {"f_0": 0.427734375, "f_1": 0.37109375, "f_2": 0.34765625, "f_3": 0.3330078125, "f_4": 0.2841796875}, "sample11": {"f_0": 0.44921875, "f_1": 0.412109375, "f_2": 0.4189453125, "f_3": 0.4619140625, "f_4": 0.4873046875}, "sample12": {"f_0": 0.4560546875, "f_1": 0.4365234375, "f_2": 0.404296875, "f_3": 0.4169921875, "f_4": 0.4248046875}, "sample13": {"f_0": 0.421875, "f_1": 0.4091796875, "f_2": 0.4033203125, "f_3": 0.4228515625, "f_4": 0.4306640625}, "sample14": {"f_0": 0.4560546875, "f_1": 0.376953125, "f_2": 0.3798828125, "f_3": 0.314453125, "f_4": 0.30859375}, "sample15": {"f_0": 0.4423828125, "f_1": 0.376953125, "f_2": 0.419921875, "f_3": 0.4541015625, "f_4": 0.46875}, "sample16": {"f_0": 0.4609375, "f_1": 0.38671875, "f_2": 0.3408203125, "f_3": 0.3212890625, "f_4": 0.294921875}, "sample17": {"f_0": 0.4287109375, "f_1": 0.40625, "f_2": 0.4208984375, "f_3": 0.40625, "f_4": 0.455078125}, "sample18": {"f_0": 0.453125, "f_1": 0.4287109375, "f_2": 0.41015625, "f_3": 0.4375, "f_4": 0.494140625}, "sample19": {"f_0": 0.451171875, "f_1": 0.3720703125, "f_2": 0.3779296875, "f_3": 0.39453125, "f_4": 0.359375}, "sample20": {"f_0": 0.4658203125, "f_1": 0.384765625, "f_2": 0.3544921875, "f_3": 0.333984375, "f_4": 0.3115234375}, "sample21": {"f_0": 0.44140625, "f_1": 0.4404296875, "f_2": 0.4521484375, "f_3": 0.4677734375, "f_4": 0.5009765625}, "sample22": {"f_0": 0.4404296875, "f_1": 0.458984375, "f_2": 0.47265625, "f_3": 0.50390625, "f_4": 0.5498046875}, "sample23": {"f_0": 0.4453125, "f_1": 0.3427734375, "f_2": 0.330078125, "f_3": 0.3203125, "f_4": 0.3173828125}, "sample24": {"f_0": 0.470703125, "f_1": 0.3486328125, "f_2": 0.369140625, "f_3": 0.3115234375, "f_4": 0.2890625}, "sample25": {"f_0": 0.451171875, "f_1": 0.4072265625, "f_2": 0.42578125, "f_3": 0.431640625, "f_4": 0.427734375}, "sample26": {"f_0": 0.4365234375, "f_1": 0.373046875, "f_2": 0.3701171875, "f_3": 0.3525390625, "f_4": 0.31640625}, "sample27": {"f_0": 0.4423828125, "f_1": 0.4375, "f_2": 0.44140625, "f_3": 0.494140625, "f_4": 0.5234375}, "sample28": {"f_0": 0.431640625, "f_1": 0.361328125, "f_2": 0.33984375, "f_3": 0.306640625, "f_4": 0.2861328125}, "sample29": {"f_0": 0.451171875, "f_1": 0.4052734375, "f_2": 0.412109375, "f_3": 0.4228515625, "f_4": 0.4541015625}, "sample30": {"f_0": 0.4287109375, "f_1": 0.3671875, "f_2": 0.3212890625, "f_3": 0.3056640625, "f_4": 0.2763671875}, "sample31": {"f_0": 0.4736328125, "f_1": 0.3818359375, "f_2": 0.388671875, "f_3": 0.4150390625, "f_4": 0.400390625}, "sample32": {"f_0": 0.4794921875, "f_1": 0.427734375, "f_2": 0.46875, "f_3": 0.470703125, "f_4": 0.47265625}, "sample33": {"f_0": 0.447265625, "f_1": 0.3720703125, "f_2": 0.361328125, "f_3": 0.3349609375, "f_4": 0.310546875}, "sample34": {"f_0": 0.4560546875, "f_1": 0.4091796875, "f_2": 0.37890625, "f_3": 0.3974609375, "f_4": 0.3876953125}, "sample35": {"f_0": 0.431640625, "f_1": 0.3828125, "f_2": 0.40234375, "f_3": 0.376953125, "f_4": 0.390625}, "sample36": {"f_0": 0.455078125, "f_1": 0.37890625, "f_2": 0.3447265625, "f_3": 0.3203125, "f_4": 0.3046875}, "sample37": {"f_0": 0.4658203125, "f_1": 0.4208984375, "f_2": 0.435546875, "f_3": 0.4560546875, "f_4": 0.4296875}, "sample38": {"f_0": 0.435546875, "f_1": 0.3984375, "f_2": 0.4306640625, "f_3": 0.455078125, "f_4": 0.4482421875}, "sample39": {"f_0": 0.4404296875, "f_1": 0.3701171875, "f_2": 0.3359375, "f_3": 0.3349609375, "f_4": 0.302734375}, "sample40": {"f_0": 0.4365234375, "f_1": 0.3984375, "f_2": 0.384765625, "f_3": 0.3251953125, "f_4": 0.37109375}, "sample41": {"f_0": 0.4248046875, "f_1": 0.35546875, "f_2": 0.345703125, "f_3": 0.3330078125, "f_4": 0.310546875}, "sample42": {"f_0": 0.423828125, "f_1": 0.3876953125, "f_2": 0.396484375, "f_3": 0.3828125, "f_4": 0.4189453125}, "sample43": {"f_0": 0.4189453125, "f_1": 0.3525390625, "f_2": 0.3671875, "f_3": 0.333984375, "f_4": 0.3271484375}, "sample44": {"f_0": 0.4482421875, "f_1": 0.36328125, "f_2": 0.298828125, "f_3": 0.2958984375, "f_4": 0.3017578125}, "sample45": {"f_0": 0.4453125, "f_1": 0.4423828125, "f_2": 0.48828125, "f_3": 0.490234375, "f_4": 0.55859375}, "sample46": {"f_0": 0.45703125, "f_1": 0.3955078125, "f_2": 0.4443359375, "f_3": 0.4208984375, "f_4": 0.4443359375}, "sample47": {"f_0": 0.4189453125, "f_1": 0.4189453125, "f_2": 0.4150390625, "f_3": 0.39453125, "f_4": 0.4140625}, "sample48": {"f_0": 0.4248046875, "f_1": 0.4013671875, "f_2": 0.39453125, "f_3": 0.408203125, "f_4": 0.421875}, "sample49": {"f_0": 0.4501953125, "f_1": 0.3447265625, "f_2": 0.3349609375, "f_3": 0.2880859375, "f_4": 0.265625}, "sample50": {"f_0": 0.4404296875, "f_1": 0.3623046875, "f_2": 0.37890625, "f_3": 0.3427734375, "f_4": 0.2978515625}, "sample51": {"f_0": 0.404296875, "f_1": 0.38671875, "f_2": 0.443359375, "f_3": 0.4365234375, "f_4": 0.435546875}, "sample52": {"f_0": 0.4521484375, "f_1": 0.3740234375, "f_2": 0.38671875, "f_3": 0.39453125, "f_4": 0.4404296875}, "sample53": {"f_0": 0.466796875, "f_1": 0.4267578125, "f_2": 0.427734375, "f_3": 0.4541015625, "f_4": 0.4599609375}, "sample54": {"f_0": 0.4208984375, "f_1": 0.3837890625, "f_2": 0.3544921875, "f_3": 0.361328125, "f_4": 0.3349609375}, "sample55": {"f_0": 0.4599609375, "f_1": 0.36328125, "f_2": 0.3837890625, "f_3": 0.34765625, "f_4": 0.318359375}, "sample56": {"f_0": 0.4248046875, "f_1": 0.3935546875, "f_2": 0.376953125, "f_3": 0.3603515625, "f_4": 0.3603515625}, "sample57": {"f_0": 0.455078125, "f_1": 0.4453125, "f_2": 0.451171875, "f_3": 0.4775390625, "f_4": 0.525390625}, "sample58": {"f_0": 0.4365234375, "f_1": 0.349609375, "f_2": 0.3154296875, "f_3": 0.2412109375, "f_4": 0.265625}, "sample59": {"f_0": 0.458984375, "f_1": 0.4052734375, "f_2": 0.3955078125, "f_3": 0.4365234375, "f_4": 0.4150390625}, "sample60": {"f_0": 0.4482421875, "f_1": 0.359375, "f_2": 0.3857421875, "f_3": 0.353515625, "f_4": 0.3388671875}, "sample61": {"f_0": 0.4365234375, "f_1": 0.4306640625, "f_2": 0.4736328125, "f_3": 0.4677734375, "f_4": 0.521484375}, "sample62": {"f_0": 0.44140625, "f_1": 0.3857421875, "f_2": 0.439453125, "f_3": 0.453125, "f_4": 0.453125}, "sample63": {"f_0": 0.412109375, "f_1": 0.4052734375, "f_2": 0.4111328125, "f_3": 0.40625, "f_4": 0.3935546875}, "sample64": {"f_0": 0.453125, "f_1": 0.4111328125, "f_2": 0.421875, "f_3": 0.3974609375, "f_4": 0.4345703125}, "sample65": {"f_0": 0.439453125, "f_1": 0.4111328125, "f_2": 0.408203125, "f_3": 0.423828125, "f_4": 0.4375}, "sample66": {"f_0": 0.4443359375, "f_1": 0.4296875, "f_2": 0.4658203125, "f_3": 0.49609375, "f_4": 0.53125}, "sample67": {"f_0": 0.46875, "f_1": 0.4013671875, "f_2": 0.4248046875, "f_3": 0.4658203125, "f_4": 0.4375}, "sample68": {"f_0": 0.455078125, "f_1": 0.3857421875, "f_2": 0.38671875, "f_3": 0.3662109375, "f_4": 0.3642578125}, "sample69": {"f_0": 0.4423828125, "f_1": 0.38671875, "f_2": 0.4013671875, "f_3": 0.416015625, "f_4": 0.4052734375}, "sample70": {"f_0": 0.4580078125,