{"sample0": {"f_0": 0.010986328125, "f_1": 0.036865234375, "f_2": 0.03466796875, "f_3": 0.029296875, "f_4": 0.037109375}, "sample1": {"f_0": 0.013427734375, "f_1": 0.076171875, "f_2": 0.086181640625, "f_3": 0.092529296875, "f_4": 0.1025390625}, "sample2": {"f_0": 0.014404296875, "f_1": 0.081787109375, "f_2": 0.076416015625, "f_3": 0.08349609375, "f_4": 0.08154296875}, "sample3": {"f_0": 0.00390625, "f_1": 0.033447265625, "f_2": 0.029052734375, "f_3": 0.032958984375, "f_4": 0.032958984375}, "sample4": {"f_0": 0.00537109375, "f_1": 0.082275390625, "f_2": 0.091796875, "f_3": 0.102783203125, "f_4": 0.11767578125}, "sample5": {"f_0": 0.005126953125, "f_1": 0.029541015625, "f_2": 0.03515625, "f_3": 0.036865234375, "f_4": 0.047119140625}, "sample6": {"f_0": 0.004150390625, "f_1": 0.02294921875, "f_2": 0.025146484375, "f_3": 0.02490234375, "f_4": 0.027587890625}, "sample7": {"f_0": 0.00390625, "f_1": 0.052734375, "f_2": 0.049072265625, "f_3": 0.05517578125, "f_4": 0.057861328125}, "sample8": {"f_0": 0.003662109375, "f_1": 0.02978515625, "f_2": 0.033203125, "f_3": 0.037841796875, "f_4": 0.042236328125}, "sample9": {"f_0": 0.003173828125, "f_1": 0.06787109375, "f_2": 0.083251953125, "f_3": 0.087158203125, "f_4": 0.1005859375}, "sample10": {"f_0": 0.0048828125, "f_1": 0.028076171875, "f_2": 0.01904296875, "f_3": 0.0263671875, "f_4": 0.03076171875}, "sample11": {"f_0": 0.006103515625, "f_1": 0.072265625, "f_2": 0.08056640625, "f_3": 0.096923828125, "f_4": 0.090087890625}, "sample12": {"f_0": 0.006103515625, "f_1": 0.068115234375, "f_2": 0.070556640625, "f_3": 0.087890625, "f_4": 0.08984375}, "sample13": {"f_0": 0.003173828125, "f_1": 0.0673828125, "f_2": 0.06494140625, "f_3": 0.07421875, "f_4": 0.0771484375}, "sample14": {"f_0": 0.004150390625, "f_1": 0.0341796875, "f_2": 0.03564453125, "f_3": 0.038330078125, "f_4": 0.0361328125}, "sample15": {"f_0": 0.00390625, "f_1": 0.077880859375, "f_2": 0.0966796875, "f_3": 0.11083984375, "f_4": 0.11083984375}, "sample16": {"f_0": 0.00537109375, "f_1": 0.037109375, "f_2": 0.031982421875, "f_3": 0.044677734375, "f_4": 0.04296875}, "sample17": {"f_0": 0.00390625, "f_1": 0.033935546875, "f_2": 0.03759765625, "f_3": 0.04150390625, "f_4": 0.044921875}, "sample18": {"f_0": 0.005126953125, "f_1": 0.0361328125, "f_2": 0.032958984375, "f_3": 0.043212890625, "f_4": 0.05078125}, "sample19": {"f_0": 0.00390625, "f_1": 0.02392578125, "f_2": 0.028076171875, "f_3": 0.031982421875, "f_4": 0.029052734375}, "sample20": {"f_0": 0.005126953125, "f_1": 0.024169921875, "f_2": 0.023681640625, "f_3": 0.025634765625, "f_4": 0.032958984375}, "sample21": {"f_0": 0.005615234375, "f_1": 0.029052734375, "f_2": 0.037109375, "f_3": 0.047119140625, "f_4": 0.059814453125}, "sample22": {"f_0": 0.00341796875, "f_1": 0.092041015625, "f_2": 0.122802734375, "f_3": 0.146484375, "f_4": 0.1708984375}, "sample23": {"f_0": 0.004150390625, "f_1": 0.026611328125, "f_2": 0.025390625, "f_3": 0.028076171875, "f_4": 0.029296875}, "sample24": {"f_0": 0.00390625, "f_1": 0.030517578125, "f_2": 0.028076171875, "f_3": 0.02392578125, "f_4": 0.02783203125}, "sample25": {"f_0": 0.005126953125, "f_1": 0.0283203125, "f_2": 0.036865234375, "f_3": 0.036376953125, "f_4": 0.036376953125}, "sample26": {"f_0": 0.0048828125, "f_1": 0.047119140625, "f_2": 0.04248046875, "f_3": 0.038330078125, "f_4": 0.03662109375}, "sample27": {"f_0": 0.005126953125, "f_1": 0.034423828125, "f_2": 0.045654296875, "f_3": 0.051513671875, "f_4": 0.064208984375}, "sample28": {"f_0": 0.00439453125, "f_1": 0.041748046875, "f_2": 0.04052734375, "f_3": 0.0341796875, "f_4": 0.033203125}, "sample29": {"f_0": 0.005126953125, "f_1": 0.08447265625, "f_2": 0.079345703125, "f_3": 0.10009765625, "f_4": 0.10693359375}, "sample30": {"f_0": 0.004150390625, "f_1": 0.0283203125, "f_2": 0.03076171875, "f_3": 0.031494140625, "f_4": 0.038330078125}, "sample31": {"f_0": 0.004150390625, "f_1": 0.0322265625, "f_2": 0.03466796875, "f_3": 0.04541015625, "f_4": 0.039794921875}, "sample32": {"f_0": 0.004638671875, "f_1": 0.0751953125, "f_2": 0.079833984375, "f_3": 0.09716796875, "f_4": 0.119140625}, "sample33": {"f_0": 0.005859375, "f_1": 0.06005859375, "f_2": 0.053466796875, "f_3": 0.041259765625, "f_4": 0.04833984375}, "sample34": {"f_0": 0.004150390625, "f_1": 0.025634765625, "f_2": 0.02734375, "f_3": 0.0263671875, "f_4": 0.026123046875}, "sample35": {"f_0": 0.0048828125, "f_1": 0.0283203125, "f_2": 0.030029296875, "f_3": 0.031005859375, "f_4": 0.03173828125}, "sample36": {"f_0": 0.00439453125, "f_1": 0.02490234375, "f_2": 0.021484375, "f_3": 0.029052734375, "f_4": 0.03125}, "sample37": {"f_0": 0.00390625, "f_1": 0.030029296875, "f_2": 0.03125, "f_3": 0.03076171875, "f_4": 0.034912109375}, "sample38": {"f_0": 0.004150390625, "f_1": 0.03564453125, "f_2": 0.03515625, "f_3": 0.04345703125, "f_4": 0.049072265625}, "sample39": {"f_0": 0.005615234375, "f_1": 0.03076171875, "f_2": 0.029052734375, "f_3": 0.029541015625, "f_4": 0.034423828125}, "sample40": {"f_0": 0.005126953125, "f_1": 0.037353515625, "f_2": 0.034912109375, "f_3": 0.035888671875, "f_4": 0.03515625}, "sample41": {"f_0": 0.00390625, "f_1": 0.05712890625, "f_2": 0.050048828125, "f_3": 0.048095703125, "f_4": 0.0400390625}, "sample42": {"f_0": 0.005126953125, "f_1": 0.07177734375, "f_2": 0.07666015625, "f_3": 0.067138671875, "f_4": 0.072021484375}, "sample43": {"f_0": 0.00390625, "f_1": 0.037841796875, "f_2": 0.03125, "f_3": 0.03515625, "f_4": 0.03515625}, "sample44": {"f_0": 0.004638671875, "f_1": 0.037353515625, "f_2": 0.035888671875, "f_3": 0.043212890625, "f_4": 0.0458984375}, "sample45": {"f_0": 0.005126953125, "f_1": 0.091796875, "f_2": 0.123779296875, "f_3": 0.150634765625, "f_4": 0.18798828125}, "sample46": {"f_0": 0.00439453125, "f_1": 0.025634765625, "f_2": 0.031494140625, "f_3": 0.025634765625, "f_4": 0.03173828125}, "sample47": {"f_0": 0.005615234375, "f_1": 0.024169921875, "f_2": 0.026123046875, "f_3": 0.027099609375, "f_4": 0.025634765625}, "sample48": {"f_0": 0.00439453125, "f_1": 0.028076171875, "f_2": 0.02734375, "f_3": 0.03076171875, "f_4": 0.03173828125}, "sample49": {"f_0": 0.0048828125, "f_1": 0.031494140625, "f_2": 0.03564453125, "f_3": 0.039794921875, "f_4": 0.045654296875}, "sample50": {"f_0": 0.003662109375, "f_1": 0.026611328125, "f_2": 0.02587890625, "f_3": 0.02880859375, "f_4": 0.027099609375}, "sample51": {"f_0": 0.004150390625, "f_1": 0.070068359375, "f_2": 0.07421875, "f_3": 0.087158203125, "f_4": 0.102783203125}, "sample52": {"f_0": 0.005615234375, "f_1": 0.078857421875, "f_2": 0.08154296875, "f_3": 0.096435546875, "f_4": 0.10302734375}, "sample53": {"f_0": 0.005126953125, "f_1": 0.07373046875, "f_2": 0.07177734375, "f_3": 0.0751953125, "f_4": 0.08203125}, "sample54": {"f_0": 0.006591796875, "f_1": 0.0703125, "f_2": 0.06787109375, "f_3": 0.050048828125, "f_4": 0.048095703125}, "sample55": {"f_0": 0.003173828125, "f_1": 0.03369140625, "f_2": 0.034423828125, "f_3": 0.032470703125, "f_4": 0.0361328125}, "sample56": {"f_0": 0.00537109375, "f_1": 0.0322265625, "f_2": 0.03076171875, "f_3": 0.034423828125, "f_4": 0.038818359375}, "sample57": {"f_0": 0.006591796875, "f_1": 0.089599609375, "f_2": 0.10400390625, "f_3": 0.12451171875, "f_4": 0.132568359375}, "sample58": {"f_0": 0.00537109375, "f_1": 0.03515625, "f_2": 0.0322265625, "f_3": 0.0439453125, "f_4": 0.048583984375}, "sample59": {"f_0": 0.006591796875, "f_1": 0.07421875, "f_2": 0.075439453125, "f_3": 0.076171875, "f_4": 0.080810546875}, "sample60": {"f_0": 0.010498046875, "f_1": 0.034423828125, "f_2": 0.025634765625, "f_3": 0.02734375, "f_4": 0.02685546875}, "sample61": {"f_0": 0.00634765625, "f_1": 0.096923828125, "f_2": 0.12060546875, "f_3": 0.13330078125, "f_4": 0.171875}, "sample62": {"f_0": 0.01025390625, "f_1": 0.06103515625, "f_2": 0.07421875, "f_3": 0.07421875, "f_4": 0.085693359375}, "sample63": {"f_0": 0.00830078125, "f_1": 0.02734375, "f_2": 0.0302734375, "f_3": 0.031005859375, "f_4": 0.033447265625}, "sample64": {"f_0": 0.006591796875, "f_1": 0.067138671875, "f_2": 0.078369140625,