{"sample0": {"f_0": 0.423828125, "f_1": 0.423828125, "f_2": 0.4375, "f_3": 0.4462890625, "f_4": 0.4697265625}, "sample1": {"f_0": 0.4462890625, "f_1": 0.3857421875, "f_2": 0.3740234375, "f_3": 0.33984375, "f_4": 0.3203125}, "sample2": {"f_0": 0.455078125, "f_1": 0.3603515625, "f_2": 0.3671875, "f_3": 0.3798828125, "f_4": 0.357421875}, "sample3": {"f_0": 0.458984375, "f_1": 0.40625, "f_2": 0.4140625, "f_3": 0.3740234375, "f_4": 0.4033203125}, "sample4": {"f_0": 0.458984375, "f_1": 0.37109375, "f_2": 0.3505859375, "f_3": 0.3251953125, "f_4": 0.30859375}, "sample5": {"f_0": 0.4345703125, "f_1": 0.375, "f_2": 0.3466796875, "f_3": 0.291015625, "f_4": 0.275390625}, "sample6": {"f_0": 0.451171875, "f_1": 0.3876953125, "f_2": 0.3720703125, "f_3": 0.37109375, "f_4": 0.361328125}, "sample7": {"f_0": 0.45703125, "f_1": 0.3720703125, "f_2": 0.39453125, "f_3": 0.3740234375, "f_4": 0.3935546875}, "sample8": {"f_0": 0.4453125, "f_1": 0.3623046875, "f_2": 0.3447265625, "f_3": 0.32421875, "f_4": 0.3193359375}, "sample9": {"f_0": 0.44140625, "f_1": 0.38671875, "f_2": 0.34375, "f_3": 0.3388671875, "f_4": 0.326171875}, "sample10": {"f_0": 0.435546875, "f_1": 0.41015625, "f_2": 0.443359375, "f_3": 0.4697265625, "f_4": 0.4501953125}, "sample11": {"f_0": 0.4375, "f_1": 0.3466796875, "f_2": 0.3427734375, "f_3": 0.3388671875, "f_4": 0.2939453125}, "sample12": {"f_0": 0.4521484375, "f_1": 0.373046875, "f_2": 0.388671875, "f_3": 0.333984375, "f_4": 0.3359375}, "sample13": {"f_0": 0.451171875, "f_1": 0.3876953125, "f_2": 0.4033203125, "f_3": 0.3623046875, "f_4": 0.3896484375}, "sample14": {"f_0": 0.44921875, "f_1": 0.3935546875, "f_2": 0.412109375, "f_3": 0.462890625, "f_4": 0.4296875}, "sample15": {"f_0": 0.4296875, "f_1": 0.3603515625, "f_2": 0.341796875, "f_3": 0.34765625, "f_4": 0.3212890625}, "sample16": {"f_0": 0.431640625, "f_1": 0.4326171875, "f_2": 0.439453125, "f_3": 0.416015625, "f_4": 0.470703125}, "sample17": {"f_0": 0.431640625, "f_1": 0.373046875, "f_2": 0.3515625, "f_3": 0.3525390625, "f_4": 0.314453125}, "sample18": {"f_0": 0.4541015625, "f_1": 0.3662109375, "f_2": 0.3310546875, "f_3": 0.298828125, "f_4": 0.283203125}, "sample19": {"f_0": 0.453125, "f_1": 0.4013671875, "f_2": 0.416015625, "f_3": 0.3623046875, "f_4": 0.38671875}, "sample20": {"f_0": 0.435546875, "f_1": 0.3916015625, "f_2": 0.4365234375, "f_3": 0.431640625, "f_4": 0.46484375}, "sample21": {"f_0": 0.412109375, "f_1": 0.349609375, "f_2": 0.32421875, "f_3": 0.2626953125, "f_4": 0.2646484375}, "sample22": {"f_0": 0.4326171875, "f_1": 0.3583984375, "f_2": 0.2880859375, "f_3": 0.263671875, "f_4": 0.171875}, "sample23": {"f_0": 0.4267578125, "f_1": 0.423828125, "f_2": 0.41015625, "f_3": 0.4326171875, "f_4": 0.462890625}, "sample24": {"f_0": 0.431640625, "f_1": 0.3955078125, "f_2": 0.44140625, "f_3": 0.439453125, "f_4": 0.462890625}, "sample25": {"f_0": 0.4267578125, "f_1": 0.365234375, "f_2": 0.3486328125, "f_3": 0.3203125, "f_4": 0.3193359375}, "sample26": {"f_0": 0.45703125, "f_1": 0.4365234375, "f_2": 0.392578125, "f_3": 0.4130859375, "f_4": 0.455078125}, "sample27": {"f_0": 0.46484375, "f_1": 0.3408203125, "f_2": 0.3203125, "f_3": 0.283203125, "f_4": 0.21875}, "sample28": {"f_0": 0.435546875, "f_1": 0.4296875, "f_2": 0.4697265625, "f_3": 0.4560546875, "f_4": 0.4951171875}, "sample29": {"f_0": 0.439453125, "f_1": 0.36328125, "f_2": 0.359375, "f_3": 0.30078125, "f_4": 0.2880859375}, "sample30": {"f_0": 0.419921875, "f_1": 0.416015625, "f_2": 0.4501953125, "f_3": 0.447265625, "f_4": 0.4833984375}, "sample31": {"f_0": 0.455078125, "f_1": 0.3779296875, "f_2": 0.36328125, "f_3": 0.404296875, "f_4": 0.3642578125}, "sample32": {"f_0": 0.435546875, "f_1": 0.3837890625, "f_2": 0.328125, "f_3": 0.3017578125, "f_4": 0.2744140625}, "sample33": {"f_0": 0.4111328125, "f_1": 0.3984375, "f_2": 0.40234375, "f_3": 0.4287109375, "f_4": 0.44140625}, "sample34": {"f_0": 0.4638671875, "f_1": 0.4091796875, "f_2": 0.3828125, "f_3": 0.3974609375, "f_4": 0.3798828125}, "sample35": {"f_0": 0.4404296875, "f_1": 0.3662109375, "f_2": 0.3779296875, "f_3": 0.3583984375, "f_4": 0.345703125}, "sample36": {"f_0": 0.4716796875, "f_1": 0.4130859375, "f_2": 0.4423828125, "f_3": 0.455078125, "f_4": 0.466796875}, "sample37": {"f_0": 0.4287109375, "f_1": 0.369140625, "f_2": 0.3681640625, "f_3": 0.35546875, "f_4": 0.3330078125}, "sample38": {"f_0": 0.4169921875, "f_1": 0.375, "f_2": 0.3623046875, "f_3": 0.3193359375, "f_4": 0.30078125}, "sample39": {"f_0": 0.431640625, "f_1": 0.40625, "f_2": 0.4248046875, "f_3": 0.4296875, "f_4": 0.443359375}, "sample40": {"f_0": 0.4697265625, "f_1": 0.3935546875, "f_2": 0.40625, "f_3": 0.4208984375, "f_4": 0.4384765625}, "sample41": {"f_0": 0.4296875, "f_1": 0.419921875, "f_2": 0.41015625, "f_3": 0.447265625, "f_4": 0.4765625}, "sample42": {"f_0": 0.45703125, "f_1": 0.384765625, "f_2": 0.3984375, "f_3": 0.373046875, "f_4": 0.37109375}, "sample43": {"f_0": 0.439453125, "f_1": 0.3857421875, "f_2": 0.3955078125, "f_3": 0.4111328125, "f_4": 0.43359375}, "sample44": {"f_0": 0.4345703125, "f_1": 0.416015625, "f_2": 0.4609375, "f_3": 0.4521484375, "f_4": 0.4755859375}, "sample45": {"f_0": 0.4365234375, "f_1": 0.3623046875, "f_2": 0.279296875, "f_3": 0.263671875, "f_4": 0.20703125}, "sample46": {"f_0": 0.4345703125, "f_1": 0.359375, "f_2": 0.34375, "f_3": 0.326171875, "f_4": 0.30078125}, "sample47": {"f_0": 0.4677734375, "f_1": 0.3701171875, "f_2": 0.35546875, "f_3": 0.3681640625, "f_4": 0.3310546875}, "sample48": {"f_0": 0.4208984375, "f_1": 0.35546875, "f_2": 0.341796875, "f_3": 0.357421875, "f_4": 0.333984375}, "sample49": {"f_0": 0.42578125, "f_1": 0.4287109375, "f_2": 0.4697265625, "f_3": 0.423828125, "f_4": 0.48828125}, "sample50": {"f_0": 0.458984375, "f_1": 0.416015625, "f_2": 0.400390625, "f_3": 0.4306640625, "f_4": 0.416015625}, "sample51": {"f_0": 0.4580078125, "f_1": 0.35546875, "f_2": 0.37109375, "f_3": 0.337890625, "f_4": 0.333984375}, "sample52": {"f_0": 0.421875, "f_1": 0.38671875, "f_2": 0.390625, "f_3": 0.3623046875, "f_4": 0.3779296875}, "sample53": {"f_0": 0.447265625, "f_1": 0.3837890625, "f_2": 0.3154296875, "f_3": 0.3212890625, "f_4": 0.275390625}, "sample54": {"f_0": 0.4306640625, "f_1": 0.384765625, "f_2": 0.4111328125, "f_3": 0.4296875, "f_4": 0.431640625}, "sample55": {"f_0": 0.443359375, "f_1": 0.3798828125, "f_2": 0.4287109375, "f_3": 0.4384765625, "f_4": 0.4169921875}, "sample56": {"f_0": 0.453125, "f_1": 0.34375, "f_2": 0.3681640625, "f_3": 0.35546875, "f_4": 0.3623046875}, "sample57": {"f_0": 0.4736328125, "f_1": 0.375, "f_2": 0.330078125, "f_3": 0.2861328125, "f_4": 0.2333984375}, "sample58": {"f_0": 0.44140625, "f_1": 0.419921875, "f_2": 0.4521484375, "f_3": 0.4541015625, "f_4": 0.529296875}, "sample59": {"f_0": 0.435546875, "f_1": 0.3720703125, "f_2": 0.359375, "f_3": 0.3740234375, "f_4": 0.3291015625}, "sample60": {"f_0": 0.4521484375, "f_1": 0.392578125, "f_2": 0.3955078125, "f_3": 0.3984375, "f_4": 0.37890625}, "sample61": {"f_0": 0.44140625, "f_1": 0.333984375, "f_2": 0.28515625, "f_3": 0.2685546875, "f_4": 0.234375}, "sample62": {"f_0": 0.435546875, "f_1": 0.36328125, "f_2": 0.3466796875, "f_3": 0.314453125, "f_4": 0.30859375}, "sample63": {"f_0": 0.4560546875, "f_1": 0.39453125, "f_2": 0.3564453125, "f_3": 0.3740234375, "f_4": 0.349609375}, "sample64": {"f_0": 0.4326171875, "f_1": 0.3798828125, "f_2": 0.3828125, "f_3": 0.365234375, "f_4": 0.34765625}, "sample65": {"f_0": 0.45703125, "f_1": 0.3798828125, "f_2": 0.3681640625, "f_3": 0.3720703125, "f_4": 0.3466796875}, "sample66": {"f_0": 0.4482421875, "f_1": 0.30859375, "f_2": 0.310546875, "f_3": 0.267578125, "f_4": 0.236328125}, "sample67": {"f_0": 0.431640625, "f_1": 0.3759765625, "f_2": 0.333984375, "f_3": 0.3330078125, "f_4": 0.2724609375}, "sample68": {"f_0": 0.435546875, "f_1": 0.421875, "f_2": 0.41015625, "f_3": 0.4033203125, "f_4": 0.3935546875}, "sample69": {"f_0": 0.4248046875, "f_1": 0.392578125, "f_2": 0.3466796875, "f_3": 0.36328125, "f_4": 0.322265625}, "sample70": {"f_0": 0.4580078125, "f_1": 0.3642578125,