{"sample0": {"f_0": 0.0029296875, "f_1": 0.0458984375, "f_2": 0.0380859375, "f_3": 0.037109375, "f_4": 0.046875}, "sample1": {"f_0": 0.0048828125, "f_1": 0.0439453125, "f_2": 0.046875, "f_3": 0.037109375, "f_4": 0.0458984375}, "sample2": {"f_0": 0.005859375, "f_1": 0.044921875, "f_2": 0.0380859375, "f_3": 0.0322265625, "f_4": 0.04296875}, "sample3": {"f_0": 0.0029296875, "f_1": 0.064453125, "f_2": 0.05078125, "f_3": 0.048828125, "f_4": 0.0498046875}, "sample4": {"f_0": 0.00390625, "f_1": 0.041015625, "f_2": 0.04296875, "f_3": 0.046875, "f_4": 0.0498046875}, "sample5": {"f_0": 0.0029296875, "f_1": 0.0341796875, "f_2": 0.0419921875, "f_3": 0.0546875, "f_4": 0.0634765625}, "sample6": {"f_0": 0.0048828125, "f_1": 0.0478515625, "f_2": 0.044921875, "f_3": 0.037109375, "f_4": 0.0419921875}, "sample7": {"f_0": 0.0048828125, "f_1": 0.0390625, "f_2": 0.046875, "f_3": 0.0283203125, "f_4": 0.0439453125}, "sample8": {"f_0": 0.00390625, "f_1": 0.0595703125, "f_2": 0.0537109375, "f_3": 0.037109375, "f_4": 0.0400390625}, "sample9": {"f_0": 0.0068359375, "f_1": 0.041015625, "f_2": 0.0458984375, "f_3": 0.0390625, "f_4": 0.0341796875}, "sample10": {"f_0": 0.0068359375, "f_1": 0.0380859375, "f_2": 0.033203125, "f_3": 0.03515625, "f_4": 0.0537109375}, "sample11": {"f_0": 0.00390625, "f_1": 0.0380859375, "f_2": 0.0419921875, "f_3": 0.0380859375, "f_4": 0.0556640625}, "sample12": {"f_0": 0.0048828125, "f_1": 0.04296875, "f_2": 0.0517578125, "f_3": 0.044921875, "f_4": 0.046875}, "sample13": {"f_0": 0.0048828125, "f_1": 0.0419921875, "f_2": 0.04296875, "f_3": 0.03125, "f_4": 0.0390625}, "sample14": {"f_0": 0.001953125, "f_1": 0.0517578125, "f_2": 0.0419921875, "f_3": 0.0380859375, "f_4": 0.0498046875}, "sample15": {"f_0": 0.005859375, "f_1": 0.046875, "f_2": 0.048828125, "f_3": 0.03515625, "f_4": 0.0546875}, "sample16": {"f_0": 0.00390625, "f_1": 0.044921875, "f_2": 0.04296875, "f_3": 0.0390625, "f_4": 0.056640625}, "sample17": {"f_0": 0.005859375, "f_1": 0.037109375, "f_2": 0.0478515625, "f_3": 0.0478515625, "f_4": 0.044921875}, "sample18": {"f_0": 0.005859375, "f_1": 0.04296875, "f_2": 0.0400390625, "f_3": 0.05078125, "f_4": 0.04296875}, "sample19": {"f_0": 0.00390625, "f_1": 0.0263671875, "f_2": 0.0498046875, "f_3": 0.029296875, "f_4": 0.0361328125}, "sample20": {"f_0": 0.0029296875, "f_1": 0.0478515625, "f_2": 0.0400390625, "f_3": 0.04296875, "f_4": 0.0400390625}, "sample21": {"f_0": 0.0029296875, "f_1": 0.0439453125, "f_2": 0.0380859375, "f_3": 0.052734375, "f_4": 0.052734375}, "sample22": {"f_0": 0.0029296875, "f_1": 0.052734375, "f_2": 0.05859375, "f_3": 0.0546875, "f_4": 0.0927734375}, "sample23": {"f_0": 0.0029296875, "f_1": 0.04296875, "f_2": 0.0556640625, "f_3": 0.037109375, "f_4": 0.052734375}, "sample24": {"f_0": 0.0029296875, "f_1": 0.0458984375, "f_2": 0.046875, "f_3": 0.0419921875, "f_4": 0.0439453125}, "sample25": {"f_0": 0.0078125, "f_1": 0.03515625, "f_2": 0.0380859375, "f_3": 0.04296875, "f_4": 0.0458984375}, "sample26": {"f_0": 0.0048828125, "f_1": 0.041015625, "f_2": 0.0498046875, "f_3": 0.0361328125, "f_4": 0.03125}, "sample27": {"f_0": 0.0087890625, "f_1": 0.0380859375, "f_2": 0.0537109375, "f_3": 0.0498046875, "f_4": 0.0537109375}, "sample28": {"f_0": 0.0048828125, "f_1": 0.0458984375, "f_2": 0.0439453125, "f_3": 0.05078125, "f_4": 0.06640625}, "sample29": {"f_0": 0.0029296875, "f_1": 0.0517578125, "f_2": 0.0400390625, "f_3": 0.0537109375, "f_4": 0.048828125}, "sample30": {"f_0": 0.0078125, "f_1": 0.046875, "f_2": 0.0498046875, "f_3": 0.0498046875, "f_4": 0.064453125}, "sample31": {"f_0": 0.001953125, "f_1": 0.037109375, "f_2": 0.037109375, "f_3": 0.0419921875, "f_4": 0.0380859375}, "sample32": {"f_0": 0.005859375, "f_1": 0.044921875, "f_2": 0.0478515625, "f_3": 0.046875, "f_4": 0.05078125}, "sample33": {"f_0": 0.005859375, "f_1": 0.0498046875, "f_2": 0.0380859375, "f_3": 0.037109375, "f_4": 0.0556640625}, "sample34": {"f_0": 0.0078125, "f_1": 0.044921875, "f_2": 0.0400390625, "f_3": 0.037109375, "f_4": 0.0478515625}, "sample35": {"f_0": 0.005859375, "f_1": 0.0458984375, "f_2": 0.037109375, "f_3": 0.0439453125, "f_4": 0.04296875}, "sample36": {"f_0": 0.00390625, "f_1": 0.037109375, "f_2": 0.037109375, "f_3": 0.0380859375, "f_4": 0.052734375}, "sample37": {"f_0": 0.0029296875, "f_1": 0.044921875, "f_2": 0.041015625, "f_3": 0.0576171875, "f_4": 0.046875}, "sample38": {"f_0": 0.005859375, "f_1": 0.0458984375, "f_2": 0.0322265625, "f_3": 0.0478515625, "f_4": 0.0478515625}, "sample39": {"f_0": 0.00390625, "f_1": 0.0380859375, "f_2": 0.05078125, "f_3": 0.0390625, "f_4": 0.048828125}, "sample40": {"f_0": 0.0009765625, "f_1": 0.0419921875, "f_2": 0.0390625, "f_3": 0.0400390625, "f_4": 0.0302734375}, "sample41": {"f_0": 0.001953125, "f_1": 0.0400390625, "f_2": 0.0419921875, "f_3": 0.037109375, "f_4": 0.05078125}, "sample42": {"f_0": 0.001953125, "f_1": 0.037109375, "f_2": 0.04296875, "f_3": 0.0322265625, "f_4": 0.044921875}, "sample43": {"f_0": 0, "f_1": 0.0390625, "f_2": 0.0380859375, "f_3": 0.0458984375, "f_4": 0.0498046875}, "sample44": {"f_0": 0.0048828125, "f_1": 0.0390625, "f_2": 0.0400390625, "f_3": 0.0615234375, "f_4": 0.052734375}, "sample45": {"f_0": 0, "f_1": 0.041015625, "f_2": 0.04296875, "f_3": 0.052734375, "f_4": 0.0888671875}, "sample46": {"f_0": 0.0048828125, "f_1": 0.0400390625, "f_2": 0.0458984375, "f_3": 0.04296875, "f_4": 0.0419921875}, "sample47": {"f_0": 0.0029296875, "f_1": 0.0439453125, "f_2": 0.0400390625, "f_3": 0.03125, "f_4": 0.0341796875}, "sample48": {"f_0": 0.005859375, "f_1": 0.0419921875, "f_2": 0.0458984375, "f_3": 0.0478515625, "f_4": 0.0400390625}, "sample49": {"f_0": 0.00390625, "f_1": 0.046875, "f_2": 0.0478515625, "f_3": 0.06640625, "f_4": 0.0615234375}, "sample50": {"f_0": 0.0029296875, "f_1": 0.046875, "f_2": 0.0400390625, "f_3": 0.0361328125, "f_4": 0.046875}, "sample51": {"f_0": 0.009765625, "f_1": 0.05078125, "f_2": 0.03515625, "f_3": 0.0341796875, "f_4": 0.046875}, "sample52": {"f_0": 0.00390625, "f_1": 0.0400390625, "f_2": 0.0380859375, "f_3": 0.0400390625, "f_4": 0.0419921875}, "sample53": {"f_0": 0.005859375, "f_1": 0.0390625, "f_2": 0.041015625, "f_3": 0.0439453125, "f_4": 0.0615234375}, "sample54": {"f_0": 0.0029296875, "f_1": 0.0419921875, "f_2": 0.0361328125, "f_3": 0.0322265625, "f_4": 0.04296875}, "sample55": {"f_0": 0.0029296875, "f_1": 0.044921875, "f_2": 0.0419921875, "f_3": 0.0439453125, "f_4": 0.0498046875}, "sample56": {"f_0": 0.00390625, "f_1": 0.0419921875, "f_2": 0.0390625, "f_3": 0.0341796875, "f_4": 0.0458984375}, "sample57": {"f_0": 0.0048828125, "f_1": 0.0458984375, "f_2": 0.052734375, "f_3": 0.0478515625, "f_4": 0.0751953125}, "sample58": {"f_0": 0.0068359375, "f_1": 0.0546875, "f_2": 0.0419921875, "f_3": 0.0498046875, "f_4": 0.07421875}, "sample59": {"f_0": 0.0048828125, "f_1": 0.0322265625, "f_2": 0.037109375, "f_3": 0.046875, "f_4": 0.041015625}, "sample60": {"f_0": 0.005859375, "f_1": 0.0361328125, "f_2": 0.041015625, "f_3": 0.0390625, "f_4": 0.0458984375}, "sample61": {"f_0": 0.00390625, "f_1": 0.0458984375, "f_2": 0.0517578125, "f_3": 0.048828125, "f_4": 0.0830078125}, "sample62": {"f_0": 0.0048828125, "f_1": 0.0283203125, "f_2": 0.044921875, "f_3": 0.0439453125, "f_4": 0.05078125}, "sample63": {"f_0": 0.0048828125, "f_1": 0.0439453125, "f_2": 0.0341796875, "f_3": 0.033203125, "f_4": 0.0419921875}, "sample64": {"f_0": 0.00390625, "f_1": 0.03515625, "f_2": 0.033203125, "f_3": 0.041015625, "f_4": 0.029296875}, "sample65": {"f_0": 0.001953125, "f_1": 0.0478515625, "f_2": 0.0498046875, "f_3": 0.0400390625, "f_4": 0.048828125}, "sample66": {"f_0": 0.0068359375, "f_1": 0.0439453125, "f_2": 0.0556640625, "f_3": 0.0546875, "f_4": 0.0751953125}, "sample67": {"f_0": 0.00390625, "f_1": 0.02734375, "f_2": 0.03515625, "f_3": 0.0419921875, "f_4": 0.0439453125}, "sample68": {"f_0": 0.00390625, "f_1": 0.0390625, "f_2": 0.046875, "f_3": 0.0302734375, "f_4": 0.0419921875}, "sample69": {"f_0": 0.0068359375, "f_1": 0.0390625, "f_2": 0.041015625, "f_3": 0.044921875, "f_4": 0.048828125},