{"sample0": {"f_0": 5.004680467665246e-34, "f_1": 0.0010590840732954186, "f_2": 0.0042274776983524795, "f_3": 0.009478053099135315, "f_4": 0.016763817849467417}, "sample1": {"f_0": 5.004680467665246e-34, "f_1": 0.000321577406082366, "f_2": 0.0012964606284585568, "f_3": 0.0029543675062719803, "f_4": 0.005342435270095264}, "sample2": {"f_0": 5.004680467665246e-34, "f_1": 0.00012305201115929388, "f_2": 0.0004951587933074246, "f_3": 0.00112503589835365, "f_4": 0.0020267605964392147}, "sample3": {"f_0": 5.004680467665246e-34, "f_1": 1.7765077839751612e-05, "f_2": 7.2298248890457e-05, "f_3": 0.0001672772155837009, "f_4": 0.00030871239913630695}, "sample4": {"f_0": 5.004680467665246e-34, "f_1": 0.0011534735651598817, "f_2": 0.004582101135121122, "f_3": 0.010191508860802, "f_4": 0.017827728551303906}, "sample5": {"f_0": 5.004680467665246e-34, "f_1": 0.0009829283988284706, "f_2": 0.003924424753919531, "f_3": 0.00880255096977746, "f_4": 0.015580516162514168}, "sample6": {"f_0": 5.004680467665246e-34, "f_1": 5.587622633119151e-05, "f_2": 0.00022693108903153736, "f_3": 0.000522900218991949, "f_4": 0.0009582795970358677}, "sample7": {"f_0": 5.004680467665246e-34, "f_1": 9.793435696605618e-06, "f_2": 3.922043721694035e-05, "f_3": 8.841967064630318e-05, "f_4": 0.00015761758448276666}, "sample8": {"f_0": 5.004680467665246e-34, "f_1": 0.0006891484715098116, "f_2": 0.0027458100807408728, "f_3": 0.006137547458944331, "f_4": 0.010810036112108266}, "sample9": {"f_0": 5.004680467665246e-34, "f_1": 0.0005922425080261217, "f_2": 0.002358414606247409, "f_3": 0.005267343576862339, "f_4": 0.00926868953053911}, "sample10": {"f_0": 5.004680467665246e-34, "f_1": 0.0008491306831849641, "f_2": 0.003394715672005244, "f_3": 0.0076311638435031665, "f_4": 0.013548598968764213}, "sample11": {"f_0": 5.004680467665246e-34, "f_1": 0.0010291011878892605, "f_2": 0.004088864905424714, "f_3": 0.009097546231048716, "f_4": 0.015921794914652593}, "sample12": {"f_0": 5.004680467665246e-34, "f_1": 0.00022735860508242838, "f_2": 0.0009081083042505534, "f_3": 0.002038295518122343, "f_4": 0.003611412955991996}, "sample13": {"f_0": 5.004680467665246e-34, "f_1": 5.550686943428768e-05, "f_2": 0.00022199761650669572, "f_3": 0.0004993828570753302, "f_4": 0.000887514271551724}, "sample14": {"f_0": 5.004680467665246e-34, "f_1": 0.0005498523365380785, "f_2": 0.0021940481353435607, "f_3": 0.004916570367519774, "f_4": 0.008690945406896671}, "sample15": {"f_0": 5.004680467665246e-34, "f_1": 0.0008630623530044994, "f_2": 0.0034391641438820063, "f_3": 0.007689175536614272, "f_4": 0.01354830278706568}, "sample16": {"f_0": 5.004680467665246e-34, "f_1": 0.0008610834985753429, "f_2": 0.0034427267086658848, "f_3": 0.007739859058393725, "f_4": 0.013743217132829682}, "sample17": {"f_0": 5.004680467665246e-34, "f_1": 0.0003618964821998768, "f_2": 0.001443945879122541, "f_3": 0.003235267609566106, "f_4": 0.005717858853259187}, "sample18": {"f_0": 5.004680467665246e-34, "f_1": 0.0010921664338259913, "f_2": 0.004364873734662014, "f_3": 0.0098063419607598, "f_4": 0.017395626933421636}, "sample19": {"f_0": 5.004680467665246e-34, "f_1": 2.3361653518540694e-05, "f_2": 0.00010713520579123236, "f_3": 0.0002913597966725006, "f_4": 0.0006394312481960043}, "sample20": {"f_0": 5.004680467665246e-34, "f_1": 0.0006530252078056301, "f_2": 0.0025871422661245137, "f_3": 0.005728774928742433, "f_4": 0.00995955253797964}, "sample21": {"f_0": 5.004680467665246e-34, "f_1": 0.0021399839722255334, "f_2": 0.008507384596553421, "f_3": 0.018945729430786058, "f_4": 0.03319815733981279}, "sample22": {"f_0": 5.004680467665246e-34, "f_1": 0.004578830393982786, "f_2": 0.017979227737003833, "f_3": 0.03922727719997502, "f_4": 0.06681030511266413}, "sample23": {"f_0": 5.004680467665246e-34, "f_1": 0.0006317302168892502, "f_2": 0.002523059812599117, "f_3": 0.005662403836054551, "f_4": 0.010030449614653774}, "sample24": {"f_0": 5.004680467665246e-34, "f_1": 0.0011579626479948345, "f_2": 0.004609785623783811, "f_3": 0.010289693965947583, "f_4": 0.018089453740042956}, "sample25": {"f_0": 5.004680467665246e-34, "f_1": 0.0007985623626480387, "f_2": 0.003179163599049058, "f_3": 0.007096752937220211, "f_4": 0.01247694898025933}, "sample26": {"f_0": 5.004680467665246e-34, "f_1": 0.00040092375907385534, "f_2": 0.0016000660931759178, "f_3": 0.0035866163639144185, "f_4": 0.0063428086831560215}, "sample27": {"f_0": 5.004680467665246e-34, "f_1": 0.002572648053716798, "f_2": 0.010188089926416158, "f_3": 0.022544334014042072, "f_4": 0.039156095705453156}, "sample28": {"f_0": 5.004680467665246e-34, "f_1": 0.0018994551250529313, "f_2": 0.007531892155475981, "f_3": 0.016702502192579526, "f_4": 0.029096378391008107}, "sample29": {"f_0": 5.004680467665246e-34, "f_1": 0.0009952828228512024, "f_2": 0.003948309722630782, "f_3": 0.008762683213335053, "f_4": 0.015284476965552005}, "sample30": {"f_0": 5.004680467665246e-34, "f_1": 0.0018251574857406062, "f_2": 0.007206288758002804, "f_3": 0.015868996557449642, "f_4": 0.027383729099399408}, "sample31": {"f_0": 5.004680467665246e-34, "f_1": 3.8348476653550735e-05, "f_2": 0.00015344466235197915, "f_3": 0.0003454405825306383, "f_4": 0.0006145888076910139}, "sample32": {"f_0": 5.004680467665246e-34, "f_1": 0.0014939001897638128, "f_2": 0.005932079612699033, "f_3": 0.013185548818498084, "f_4": 0.023044503310061113}, "sample33": {"f_0": 5.004680467665246e-34, "f_1": 0.0005386483120454738, "f_2": 0.0021411289835274448, "f_3": 0.004767342589091414, "f_4": 0.00835143789324828}, "sample34": {"f_0": 5.004680467665246e-34, "f_1": 2.865179852764881e-05, "f_2": 0.00011456798228751297, "f_3": 0.00025763162099104003, "f_4": 0.00045765016411217273}, "sample35": {"f_0": 5.004680467665246e-34, "f_1": 0.0001104822213905018, "f_2": 0.00045807197009086175, "f_3": 0.001089802805562981, "f_4": 0.002079547466180825}, "sample36": {"f_0": 5.004680467665246e-34, "f_1": 0.000855471355799364, "f_2": 0.003405547305176765, "f_3": 0.007601643454327175, "f_4": 0.013364207589079028}, "sample37": {"f_0": 5.004680467665246e-34, "f_1": 0.0005777531221990258, "f_2": 0.002309433454236544, "f_3": 0.005190271272069909, "f_4": 0.00921220936192213}, "sample38": {"f_0": 5.004680467665246e-34, "f_1": 0.0009383325485704699, "f_2": 0.003712009343016525, "f_3": 0.0081999729351274, "f_4": 0.014209929409647609}, "sample39": {"f_0": 5.004680467665246e-34, "f_1": 0.0006191248378121894, "f_2": 0.0024687843322428, "f_3": 0.005525883824266563, "f_4": 0.009752102331899389}, "sample40": {"f_0": 5.004680467665246e-34, "f_1": 0.0002695303436088604, "f_2": 0.00107741852638628, "f_3": 0.0024215551541791392, "f_4": 0.0042984217688032764}, "sample41": {"f_0": 5.004680467665246e-34, "f_1": 0.0007752030320473616, "f_2": 0.0030835147469244414, "f_3": 0.006874349357864747, "f_4": 0.01206762042594171}, "sample42": {"f_0": 5.004680467665246e-34, "f_1": 2.3398831629662998e-06, "f_2": 1.1963278002498418e-05, "f_3": 3.654429616809295e-05, "f_4": 8.842542482038795e-05}, "sample43": {"f_0": 5.004680467665246e-34, "f_1": 0.0005522182663328327, "f_2": 0.0022192646555875915, "f_3": 0.00503037348422099, "f_4": 0.009028023712175317}, "sample44": {"f_0": 5.004680467665246e-34, "f_1": 0.0014624864333953507, "f_2": 0.005842418102545105, "f_3": 0.013116649166017735, "f_4": 0.02324478324180829}, "sample45": {"f_0": 5.004680467665246e-34, "f_1": 0.0036725606417352965, "f_2": 0.014554446140741594, "f_3": 0.03224188006189847, "f_4": 0.05607420433166671}, "sample46": {"f_0": 5.004680467665246e-34, "f_1": 0.0003720588406263647, "f_2": 0.0015221059701867568, "f_3": 0.0035484598737565874, "f_4": 0.006604380135230788}, "sample47": {"f_0": 5.004680467665246e-34, "f_1": 0.0001741680886679693, "f_2": 0.0006923834973126551, "f_3": 0.0015419287269953473, "f_4": 0.0027021123762603254}, "sample48": {"f_0": 5.004680467665246e-34, "f_1": 0.00027325508072489874, "f_2": 0.0010901832660398622, "f_3": 0.0024423182512893576, "f_4": 0.004315695161785912}, "sample49": {"f_0": 5.004680467665246e-34, "f_1": 0.0018803689268960515,