{"sample_id":{"0":0,"1":1,"2":2,"3":3,"4":4,"5":5,"6":6,"7":7,"8":8,"9":9,"10":10,"11":11,"12":12,"13":13,"14":14,"15":15,"16":16,"17":17,"18":18,"19":19,"20":20,"21":21,"22":22,"23":23,"24":24,"25":25,"26":26,"27":27,"28":28,"29":29,"30":30,"31":31,"32":32,"33":33,"34":34,"35":35,"36":36,"37":37,"38":38,"39":39,"40":40,"41":41,"42":42,"43":43,"44":44,"45":45,"46":46,"47":47,"48":48,"49":49,"50":50,"51":51,"52":52,"53":53,"54":54,"55":55,"56":56,"57":57,"58":58,"59":59,"60":60,"61":61,"62":62,"63":63,"64":64,"65":65,"66":66,"67":67,"68":68,"69":69,"70":70,"71":71,"72":72,"73":73,"74":74,"75":75,"76":76,"77":77,"78":78,"79":79,"80":80,"81":81,"82":82,"83":83,"84":84,"85":85,"86":86,"87":87,"88":88,"89":89,"90":90,"91":91,"92":92,"93":93,"94":94,"95":95},"f_0 Re":{"0":1.0,"1":1.0,"2":1.0,"3":1.0,"4":1.0,"5":1.0,"6":1.0,"7":1.0,"8":1.0,"9":1.0,"10":1.0,"11":1.0,"12":1.0,"13":1.0,"14":1.0,"15":1.0,"16":1.0,"17":1.0,"18":1.0,"19":1.0,"20":0.9999426603,"21":1.0,"22":1.0,"23":1.0,"24":0.9973949194,"25":1.0,"26":1.0,"27":1.0,"28":1.0,"29":1.0,"30":1.0,"31":1.0,"32":1.0,"33":1.0,"34":1.0,"35":1.0,"36":1.0,"37":1.0,"38":0.9977731705,"39":1.0,"40":0.9948627949,"41":1.0,"42":1.0,"43":0.9918241501,"44":0.9972118735,"45":0.9961454868,"46":1.0,"47":1.0,"48":0.9954069257,"49":0.9977741241,"50":1.0,"51":0.999540627,"52":0.99944067,"53":1.0,"54":1.0,"55":1.0,"56":1.0,"57":1.0,"58":1.0,"59":0.9956820011,"60":0.9972691536,"61":0.9986425042,"62":0.9950678349,"63":1.0,"64":0.9964795709,"65":1.0,"66":1.0,"67":1.0,"68":1.0,"69":0.9961437583,"70":0.9982670546,"71":1.0,"72":0.9988292456,"73":1.0,"74":0.9965717793,"75":0.9973330498,"76":1.0,"77":0.9976637363,"78":1.0,"79":1.0,"80":1.0,"81":1.0,"82":1.0,"83":1.0,"84":1.0,"85":1.0,"86":1.0,"87":1.0,"88":1.0,"89":1.0,"90":1.0,"91":1.0,"92":1.0,"93":0.9988713264,"94":1.0,"95":1.0},"f_1 Re":{"0":0.8732350285,"1":0.8609986628,"2":0.8830238161,"3":0.8849709115,"4":0.8890878142,"5":0.8660230873,"6":0.8785075299,"7":0.8860576927,"8":0.8846136839,"9":0.8704057166,"10":0.8866049122,"11":0.8768276383,"12":0.882384632,"13":0.8635814594,"14":0.8569937119,"15":0.8845828958,"16":0.9039816567,"17":0.86848981,"18":0.8734754076,"19":0.888181821,"20":0.8601588677,"21":0.8622210211,"22":0.8526445747,"23":0.8644700056,"24":0.8929335025,"25":0.8708034228,"26":0.8790588119,"27":0.8846609182,"28":0.883319498,"29":0.8663248509,"30":0.8841832817,"31":0.8830436226,"32":0.8658007504,"33":0.8550260005,"34":0.8724894486,"35":0.8703446823,"36":0.8839139879,"37":0.8667540111,"38":0.8821662242,"39":0.8794563346,"40":0.8702468666,"41":0.8734995838,"42":0.8841337457,"43":0.8653112005,"44":0.8822009494,"45":0.8681900516,"46":0.8631518504,"47":0.8852098193,"48":0.8736222679,"49":0.8466422009,"50":0.8751982203,"51":0.8525991519,"52":0.874407214,"53":0.8850564012,"54":0.8630327891,"55":0.8800609044,"56":0.8712374147,"57":0.8689196208,"58":0.8578779536,"59":0.8722027349,"60":0.8798492532,"61":0.8700889144,"62":0.8840361651,"63":0.8826249399,"64":0.8674963677,"65":0.8651837667,"66":0.8392071079,"67":0.8686716069,"68":0.851789195,"69":0.8671110978,"70":0.8571307802,"71":0.8834441918,"72":0.8660255192,"73":0.8766432552,"74":0.8696409514,"75":0.8594826961,"76":0.8808879921,"77":0.8855364605,"78":0.8666015052,"79":0.8769800623,"80":0.868353594,"81":0.8779589811,"82":0.8620681748,"83":0.852839678,"84":0.8935001353,"85":0.8819730901,"86":0.8679145714,"87":0.9089716807,"88":0.8918296614,"89":0.8617875561,"90":0.8734267137,"91":0.8917080633,"92":0.8733170002,"93":0.8891332496,"94":0.873352845,"95":0.8824187981},"f_1 Im":{"0":0.0384749357,"1":0.0451954583,"2":-0.0056668284,"3":0.0220768002,"4":-0.0357607947,"5":0.0350937698,"6":-0.1121749109,"7":-0.0670348222,"8":-0.038419631,"9":0.0592816934,"10":0.009084581,"11":0.0778748889,"12":-0.0649210907,"13":-0.1256535957,"14":-0.0787128139,"15":-0.1325966327,"16":0.0259589255,"17":-0.0844832002,"18":-0.0694311092,"19":0.010641562,"20":0.0054299256,"21":0.1055873655,"22":-0.0985347636,"23":-0.107905432,"24":-0.1172442203,"25":-0.0275308716,"26":0.0037396492,"27":-0.074424177,"28":-0.0695299203,"29":-0.1423967836,"30":0.0483782967,"31":-0.0590343285,"32":0.0206747785,"33":-0.1933161957,"34":0.0385519284,"35":-0.0302075344,"36":-0.1294416838,"37":-0.0079592489,"38":0.0704440342,"39":0.0815131962,"40":0.1256155912,"41":0.0768326133,"42":-0.0412948518,"43":0.0331690377,"44":0.0086108509,"45":-0.0755267155,"46":-0.0372652903,"47":0.051364241,"48":-0.0832488927,"49":-0.0570405831,"50":-0.0029930371,"51":-0.1856150267,"52":0.1510934793,"53":0.0442173274,"54":-0.0593374579,"55":-0.0487013319,"56":-0.0535115276,"57":-0.0044176396,"58":-0.0647661565,"59":0.0745904669,"60":-0.0676402287,"61":0.0062151593,"62":0.0331979077,"63":-0.1144866451,"64":-0.1074520498,"65":0.0407778612,"66":-0.1184885972,"67":-0.1363284631,"68":0.0697934164,"69":-0.0330272045,"70":-0.0897723233,"71":-0.0873143378,"72":-0.0064653141,"73":0.0436414667,"74":0.0007649969,"75":-0.0699547278,"76":-0.0359045142,"77":-0.0551662795,"78":-0.0140283104,"79":-0.0036254542,"80":-0.0056766466,"81":0.0852000089,"82":-0.0568661575,"83":-0.1688319028,"84":0.0328617925,"85":0.164337314,"86":-0.0745812356,"87":-0.0071926081,"88":0.0198047259,"89":-0.1614824143,"90":0.143981904,"91":0.0074994359,"92":0.0241150716,"93":-0.0252337311,"94":0.073255853,"95":-0.0552304581},"f_2 Re":{"0":0.8741192417,"1":0.8556965543,"2":0.876158735,"3":0.8771331704,"4":0.8392940549,"5":0.856806884,"6":0.8499219605,"7":0.8765445839,"8":0.8673793489,"9":0.8590690532,"10":0.8668810266,"11":0.847558691,"12":0.8384889312,"13":0.8870098132,"14":0.8809225652,"15":0.8351250403,"16":0.8674178165,"17":0.8712966303,"18":0.8678167519,"19":0.8633649881,"20":0.8478143563,"21":0.8552288412,"22":0.8806400716,"23":0.84008291,"24":0.881944232,"25":0.8756776567,"26":0.8759379793,"27":0.8357486594,"28":0.8314438504,"29":0.8554322835,"30":0.8572010518,"31":0.8390898131,"32":0.8476026758,"33":0.8421567299,"34":0.8463365365,"35":0.8620818251,"36":0.8242145299,"37":0.8294176378,"38":0.8570043342,"39":0.8377784808,"40":0.8563485844,"41":0.8493999766,"42":0.8506860258,"43":0.8547338255,"44":0.864843559,"45":0.8737059342,"46":0.8670590842,"47":0.8618093684,"48":0.8744596242,"49":0.860117999,"50":0.8702370632,"51":0.8491405021,"52":0.8549472634,"53":0.8566136724,"54":0.8301724219,"55":0.8391112036,"56":0.8761239741,"57":0.8764092272,"58":0.8376130624,"59":0.8126757836,"60":0.8486280783,"61":0.8651621,"62":0.8443590457,"63":0.8022078168,"64":0.8236504944,"65":0.8469122694,"66":0.84221594,"67":0.8551079867,"68":0.8494121816,"69":0.817090551,"70":0.814783946,"71":0.8662237006,"72":0.8579329068,"73":0.8448465402,"74":0.8346358622,"75":0.861476364,"76":0.864491204,"77":0.8902316149,"78":0.8547159699,"79":0.8714286476,"80":0.8790420708,"81":0.8592814956,"82":0.8631499116,"83":0.8228945538,"84":0.8811208368,"85":0.83574919,"86":0.8672272178,"87":0.8925824938,"88":0.8669864777,"89":0.8434221841,"90":0.8572308667,"91":0.865913352,"92":0.862722216,"93":0.8918424023,"94":0.8467934581,"95":0.8576882301},"f_2 Im":{"0":0.0672213777,"1":0.0169575412,"2":-0.0122021266,"3":0.103121244,"4":-0.0824964122,"5":0.0340559389,"6":-0.1532169887,"7":-0.1529277077,"8":-0.0496300141,"9":-0.0287482455,"10":0.0616228949,"11":-0.0387417061,"12":-0.1828545571,"13":-0.1810122446,"14":0.0905150319,"15":-0.1983808551,"16":-0.0387482426,"17":-0.0227602882,"18":-0.0384796501,"19":0.1397987044,"20":-0.0109915708,"21":0.1816820973,"22":-0.0598791052,"23":-0.2086231689,"24":-0.1385733831,"25":-0.0223033305,"26":0.0184912633,"27":-0.1636927782,"28":-0.2212338866,"29":-0.1337964829,"30":-0.0187455057,"31":-0.1472875702,"32":0.0324658249,"33":-0.1418694735,"34":0.1403092735,"35":0.0226185692,"36":-0.2381363883,"37":0.0269777145,"38":0.1048759853,"39":0.1341243303,"40":0.0890056106,"41":0.0551038873,"42":-0.1758497433,"43":-0.0200704333,"44":-0.069566199,"45":-0.0325475638,"46":-0.0975882216,"47":0.1829253424,"48":0.0803240379,"49":-0.1104019084,"50":-0.0326603635,