{"sample_id":{"0":0,"1":1,"2":2,"3":3,"4":4,"5":5,"6":6,"7":7,"8":8,"9":9,"10":10,"11":11,"12":12,"13":13,"14":14,"15":15,"16":16,"17":17,"18":18,"19":19,"20":20,"21":21,"22":22,"23":23,"24":24,"25":25,"26":26,"27":27,"28":28,"29":29,"30":30,"31":31,"32":32,"33":33,"34":34,"35":35,"36":36,"37":37,"38":38,"39":39,"40":40,"41":41,"42":42,"43":43,"44":44,"45":45,"46":46,"47":47,"48":48,"49":49,"50":50,"51":51,"52":52,"53":53,"54":54,"55":55,"56":56,"57":57,"58":58,"59":59,"60":60,"61":61,"62":62,"63":63,"64":64,"65":65,"66":66,"67":67,"68":68,"69":69,"70":70,"71":71,"72":72,"73":73,"74":74,"75":75,"76":76,"77":77,"78":78,"79":79,"80":80,"81":81,"82":82,"83":83,"84":84,"85":85,"86":86,"87":87,"88":88,"89":89,"90":90,"91":91,"92":92,"93":93,"94":94,"95":95},"f_0 Re":{"0":0.9360351562,"1":0.9367675781,"2":0.9404296875,"3":0.9389648438,"4":0.9375,"5":0.9365234375,"6":0.9343261719,"7":0.9431152344,"8":0.9328613281,"9":0.9350585938,"10":0.9450683594,"11":0.9423828125,"12":0.9416503906,"13":0.9370117188,"14":0.9421386719,"15":0.9372558594,"16":0.9348144531,"17":0.9401855469,"18":0.9411621094,"19":0.9375,"20":0.9287109375,"21":0.9404296875,"22":0.9362792969,"23":0.9370117188,"24":0.9289550781,"25":0.9399414062,"26":0.9321289062,"27":0.9389648438,"28":0.935546875,"29":0.9401855469,"30":0.9401855469,"31":0.9411621094,"32":0.9382324219,"33":0.9426269531,"34":0.9362792969,"35":0.9360351562,"36":0.9345703125,"37":0.9370117188,"38":0.9299316406,"39":0.93359375,"40":0.9282226562,"41":0.9331054688,"42":0.9321289062,"43":0.923828125,"44":0.9284667969,"45":0.927734375,"46":0.9306640625,"47":0.9323730469,"48":0.9233398438,"49":0.9284667969,"50":0.9309082031,"51":0.9304199219,"52":0.9326171875,"53":0.9362792969,"54":0.9306640625,"55":0.931640625,"56":0.9323730469,"57":0.939453125,"58":0.9345703125,"59":0.9284667969,"60":0.9265136719,"61":0.9311523438,"62":0.9265136719,"63":0.9318847656,"64":0.92578125,"65":0.9343261719,"66":0.9338378906,"67":0.9323730469,"68":0.9313964844,"69":0.927734375,"70":0.9272460938,"71":0.9362792969,"72":0.9306640625,"73":0.9372558594,"74":0.9296875,"75":0.9306640625,"76":0.9345703125,"77":0.9301757812,"78":0.9375,"79":0.9348144531,"80":0.9338378906,"81":0.9350585938,"82":0.9331054688,"83":0.935546875,"84":0.9343261719,"85":0.939453125,"86":0.9365234375,"87":0.9423828125,"88":0.9357910156,"89":0.9350585938,"90":0.9343261719,"91":0.9377441406,"92":0.9365234375,"93":0.9294433594,"94":0.9416503906,"95":0.9367675781},"f_1 Re":{"0":0.8095573787,"1":0.7981791346,"2":0.8185122388,"3":0.8205597282,"4":0.8240836625,"5":0.8029392822,"6":0.8146746065,"7":0.8216868476,"8":0.8201672204,"9":0.8071629701,"10":0.8219968931,"11":0.8129482433,"12":0.8182590008,"13":0.8005917042,"14":0.7947940138,"15":0.8199447118,"16":0.8378512478,"17":0.8052943765,"18":0.8102509974,"19":0.823495263,"20":0.797908823,"21":0.7997880088,"22":0.7908670747,"23":0.8018370789,"24":0.8282339568,"25":0.807198512,"26":0.8153391085,"27":0.8198784347,"28":0.8190199902,"29":0.8029984787,"30":0.8195417985,"31":0.818608539,"32":0.8030744426,"33":0.7927882538,"34":0.8090656588,"35":0.8069670093,"36":0.8193778968,"37":0.8038979886,"38":0.8179670055,"39":0.8158177099,"40":0.8073541606,"41":0.8101295466,"42":0.8198159452,"43":0.8025624911,"44":0.8179236497,"45":0.804992552,"46":0.800675836,"47":0.8214426145,"48":0.8103720136,"49":0.7854354955,"50":0.8115783743,"51":0.7903160448,"52":0.8108891807,"53":0.8208779635,"54":0.8003113409,"55":0.8156519734,"56":0.8084784152,"57":0.8057053814,"58":0.7954290656,"59":0.8094698631,"60":0.8163334162,"61":0.8068128885,"62":0.8199937826,"63":0.8178987409,"64":0.804644266,"65":0.8024686824,"66":0.7781758985,"67":0.8050629674,"68":0.7898804222,"69":0.8041495539,"70":0.7948468536,"71":0.8192273078,"72":0.8029605247,"73":0.812847224,"74":0.8064272541,"75":0.7974326857,"76":0.8171951613,"77":0.8211444828,"78":0.8035492952,"79":0.8129967341,"80":0.8049361363,"81":0.8137580988,"82":0.799480385,"83":0.7905358851,"84":0.8288235688,"85":0.8175481052,"86":0.8047472682,"87":0.8430035553,"88":0.8266410917,"89":0.7987595397,"90":0.809891398,"91":0.8268607449,"92":0.8094012578,"93":0.82434922,"94":0.809902525,"95":0.8180401649},"f_1 Im":{"0":0.0356673823,"1":0.0421399864,"2":-0.0051906811,"3":0.020182603,"4":-0.0329080366,"5":0.0324496416,"6":-0.103869547,"7":-0.0620199975,"8":-0.0354605197,"9":0.0550732975,"10":0.008323289,"11":0.072307341,"12":-0.0598926592,"13":-0.1163917088,"14":-0.0725714678,"15":-0.1227641769,"16":0.0236552745,"17":-0.0780431898,"18":-0.0640331311,"19":0.0095966656,"20":0.0050212216,"21":0.0982312176,"22":-0.0912274373,"23":-0.0999583483,"24":-0.1088911499,"25":-0.0252314379,"26":0.0032592446,"27":-0.0690747732,"28":-0.0642671894,"29":-0.1320778483,"30":0.045174386,"31":-0.0541436633,"32":0.0192286736,"33":-0.1791957308,"34":0.0353021595,"35":-0.0281569138,"36":-0.1197972974,"37":-0.0070548078,"38":0.0653151331,"39":0.0758922767,"40":0.1166043432,"41":0.0714149271,"42":-0.0382994277,"43":0.0311116464,"44":0.0078264136,"45":-0.0700606099,"46":-0.0344456932,"47":0.0476718786,"48":-0.0768745567,"49":-0.0525644672,"50":-0.0028887933,"51":-0.1718753644,"52":0.1402050096,"53":0.0409095365,"54":-0.054631144,"55":-0.0453912144,"56":-0.0493538763,"57":-0.0039060355,"58":-0.0597527947,"59":0.0689542796,"60":-0.0628006961,"61":0.0060690126,"62":0.0306306805,"63":-0.1060768571,"64":-0.0997458099,"65":0.0381198242,"66":-0.1098144914,"67":-0.1269260559,"68":0.064730895,"69":-0.0307744445,"70":-0.0828993012,"71":-0.0810797922,"72":-0.005806924,"73":0.0406738699,"74":0.0008247573,"75":-0.0650404545,"76":-0.0333053677,"77":-0.0508451563,"78":-0.0126570857,"79":-0.0031776698,"80":-0.0056500323,"81":0.0787280375,"82":-0.0526068041,"83":-0.1565856063,"84":0.0303722085,"85":0.1522645184,"86":-0.0689994913,"87":-0.0063554505,"88":0.01798839,"89":-0.1495736054,"90":0.1334692677,"91":0.0069799233,"92":0.0222380294,"93":-0.0233667095,"94":0.0680691492,"95":-0.0512536408},"f_2 Re":{"0":0.810285063,"1":0.7933814794,"2":0.8121142591,"3":0.812948371,"4":0.7781006215,"5":0.7947747788,"6":0.7881087218,"7":0.8124845259,"8":0.804367501,"9":0.7970312679,"10":0.8038716934,"11":0.7860186366,"12":0.7773175975,"13":0.8223227555,"14":0.8167639193,"15":0.7742793771,"16":0.8041453216,"17":0.8077211782,"18":0.8044870925,"19":0.8003955651,"20":0.7862831243,"21":0.7932304818,"22":0.8164205426,"23":0.7792838173,"24":0.8176092331,"25":0.8117164613,"26":0.811944434,"27":0.7745518134,"28":0.7709100261,"29":0.7923857992,"30":0.795038047,"31":0.7782779775,"32":0.7861727725,"33":0.7804144535,"34":0.7849589858,"35":0.799590998,"36":0.7642076911,"37":0.7693117114,"38":0.7948853188,"39":0.7773400714,"40":0.7947105345,"41":0.7879596916,"42":0.7888575463,"43":0.7928988413,"44":0.8022581821,"45":0.8102321378,"46":0.8041698736,"47":0.7994981934,"48":0.8113087475,"49":0.7974432485,"50":0.8070878166,"51":0.7875887885,"52":0.792747666,"53":0.7943896291,"54":0.7701769568,"55":0.7779108189,"56":0.8123089427,"57":0.8128619072,"58":0.7771060204,"59":0.7536312065,"60":0.7868816836,"61":0.8023408871,"62":0.7831717294,"63":0.7439705284,"64":0.7641430799,"65":0.7849333754,"66":0.7808942648,"67":0.7930257556,"68":0.7877968489,"69":0.7577646779,"70":0.7554487085,"71":0.8030062814,"72":0.795866758,"73":0.7831326097,"74":0.7743959842,"75":0.7992128834,"76":0.8021428748,"77":0.8256396814,"78":0.7925184718,"79":0.8078593412,"80":0.8148369074,"81":0.7966277824,"82":0.8001237133,"83":0.7629562803,"84":0.8165262605,"85":0.7745770698,"86":0.8041309375,"87":0.8274082727,"88":0.8033761496,"89":0.7817063758,"90":0.7949405652,"91":0.802558514,"92":0.8000014783,"93":0.8268211684,"94":0.7850489891,"95":0.7945894021},"f_2 Im":{"0":0.0621746487,"1":0.0154570073,"2":-0.0116446369,"3":0.095294219,"4":-0.0762698833,"5":0.0314630454,"6":-0.1419711823,"7":-0.1418673138,"8":-0.0459934776,"9":-0.0265824091,"10":0.0566728647,"11":-0.0356884328,"12":-0.1690410953,"13":-0.1679662087,"14":0.0845170428,"15":-0.1833165284,"16":-0.035896423,