{"sample_id":{"0":0,"1":1,"2":2,"3":3,"4":4,"5":5,"6":6,"7":7,"8":8,"9":9,"10":10,"11":11,"12":12,"13":13,"14":14,"15":15,"16":16,"17":17,"18":18,"19":19,"20":20,"21":21,"22":22,"23":23,"24":24,"25":25,"26":26,"27":27,"28":28,"29":29,"30":30,"31":31,"32":32,"33":33,"34":34,"35":35,"36":36,"37":37,"38":38,"39":39,"40":40,"41":41,"42":42,"43":43,"44":44,"45":45,"46":46,"47":47,"48":48,"49":49,"50":50,"51":51,"52":52,"53":53,"54":54,"55":55,"56":56,"57":57,"58":58,"59":59,"60":60,"61":61,"62":62,"63":63,"64":64,"65":65,"66":66,"67":67,"68":68,"69":69,"70":70,"71":71,"72":72,"73":73,"74":74,"75":75,"76":76,"77":77,"78":78,"79":79,"80":80,"81":81,"82":82,"83":83,"84":84,"85":85,"86":86,"87":87,"88":88,"89":89,"90":90,"91":91,"92":92,"93":93,"94":94,"95":95},"f_0 Re":{"0":1.0,"1":1.0,"2":1.0,"3":1.0,"4":1.0,"5":1.0,"6":1.0,"7":1.0,"8":1.0,"9":1.0,"10":1.0,"11":1.0,"12":1.0,"13":1.0,"14":1.0,"15":1.0,"16":1.0,"17":1.0,"18":1.0,"19":1.0,"20":1.0,"21":1.0,"22":1.0,"23":1.0,"24":1.0,"25":1.0,"26":1.0,"27":1.0,"28":1.0,"29":1.0,"30":1.0,"31":1.0,"32":1.0,"33":1.0,"34":1.0,"35":1.0,"36":1.0,"37":1.0,"38":1.0,"39":1.0,"40":1.0,"41":1.0,"42":1.0,"43":1.0,"44":1.0,"45":1.0,"46":1.0,"47":1.0,"48":1.0,"49":1.0,"50":1.0,"51":1.0,"52":1.0,"53":1.0,"54":1.0,"55":1.0,"56":1.0,"57":1.0,"58":1.0,"59":1.0,"60":1.0,"61":1.0,"62":1.0,"63":1.0,"64":1.0,"65":1.0,"66":1.0,"67":1.0,"68":1.0,"69":1.0,"70":1.0,"71":1.0,"72":1.0,"73":1.0,"74":1.0,"75":1.0,"76":1.0,"77":1.0,"78":1.0,"79":1.0,"80":1.0,"81":1.0,"82":1.0,"83":1.0,"84":1.0,"85":1.0,"86":1.0,"87":1.0,"88":1.0,"89":1.0,"90":1.0,"91":1.0,"92":1.0,"93":1.0,"94":1.0,"95":1.0},"f_1 Re":{"0":0.9914750218,"1":0.9918716078,"2":0.9973323986,"3":0.9924182988,"4":0.9973940955,"5":0.9981630732,"6":0.9907526411,"7":0.9874327238,"8":0.9967706636,"9":0.995183659,"10":0.9986701398,"11":0.9941544092,"12":0.9996667902,"13":0.996814358,"14":0.9987342854,"15":0.9844261316,"16":0.9921837254,"17":0.9928797244,"18":0.9941704663,"19":0.9929049525,"20":0.9979989674,"21":0.9959181307,"22":0.9992491161,"23":0.9921085193,"24":0.9981319477,"25":0.9977968072,"26":1.0014315822,"27":0.97454168,"28":0.9906694156,"29":0.9865691097,"30":0.9937285332,"31":0.9897680017,"32":0.9912590235,"33":0.9962256316,"34":1.0001681258,"35":0.9969013875,"36":0.988789076,"37":0.9891028102,"38":0.9948664614,"39":0.9954400963,"40":0.9981881112,"41":0.9981666093,"42":0.979553524,"43":1.000245311,"44":0.9953200495,"45":0.9954516743,"46":0.999531511,"47":0.996452084,"48":0.9975013651,"49":0.9989648954,"50":0.9978941995,"51":0.9907241811,"52":0.9960893189,"53":0.9972818346,"54":0.9943840242,"55":0.983216932,"56":0.9982324366,"57":0.9994916383,"58":0.994152862,"59":0.9943010803,"60":0.9878632425,"61":0.9966277845,"62":1.0000337351,"63":0.9780077119,"64":0.9965757575,"65":0.9934305993,"66":0.9913108015,"67":0.9919288137,"68":0.9922869064,"69":0.9865111949,"70":0.9921633427,"71":0.9941533553,"72":0.9998274657,"73":0.9961351798,"74":1.0045481466,"75":0.9969592232,"76":1.0019364589,"77":0.9996496116,"78":0.9968264796,"79":0.9980774511,"80":0.9967366022,"81":0.9957021668,"82":0.991820607,"83":0.9791367139,"84":0.9933939212,"85":0.9982878167,"86":0.993768917,"87":0.9932505504,"88":0.9944057609,"89":0.9924735486,"90":0.9997322799,"91":0.9975672374,"92":0.9961650787,"93":0.9999418789,"94":0.9969012243,"95":0.9948774463},"f_1 Im":{"0":0.0394991411,"1":-0.0517780201,"2":-0.0466190099,"3":0.0466476571,"4":-0.0409907051,"5":-0.0414984666,"6":0.0242661466,"7":-0.136068067,"8":-0.0405182126,"9":0.0426711462,"10":0.0091121426,"11":-0.0287756626,"12":-0.0467086404,"13":-0.035468641,"14":-0.0150883174,"15":-0.1208747781,"16":-0.0620240515,"17":-0.0017302371,"18":-0.0013043501,"19":0.1155674477,"20":-0.0368161585,"21":0.0658787453,"22":-0.036318757,"23":-0.0939396982,"24":-0.0628266798,"25":0.0101176971,"26":0.0212299713,"27":-0.1083912107,"28":-0.1309663334,"29":-0.0888267583,"30":-0.050818584,"31":-0.1064331107,"32":-0.0001956647,"33":-0.0589708433,"34":0.0527740113,"35":0.029510834,"36":-0.1377203188,"37":0.0210708216,"38":0.0069861745,"39":0.0072429374,"40":-0.0297709649,"41":0.0022639516,"42":-0.1170327836,"43":0.0324401414,"44":-0.0121031366,"45":-0.0158323088,"46":-0.0323338414,"47":0.0868609385,"48":0.0250402251,"49":0.0018652681,"50":0.0648920743,"51":-0.1081235156,"52":0.0752793284,"53":-0.0165341782,"54":-0.0500671276,"55":-0.1748518475,"56":0.0748939592,"57":-0.0426439339,"58":-0.0934570179,"59":0.0452122655,"60":-0.10575396,"61":-0.0692542181,"62":-0.012128701,"63":-0.2229687362,"64":-0.1293009388,"65":0.0655445754,"66":-0.0843266111,"67":0.0236641888,"68":0.012124647,"69":-0.099692102,"70":-0.0619425909,"71":-0.0624195265,"72":-0.0406278112,"73":-0.0641970307,"74":-0.0253559476,"75":0.0153874688,"76":-0.0009859321,"77":0.0264878771,"78":-0.0662825862,"79":-0.0135316985,"80":-0.0500403638,"81":0.0873182364,"82":-0.0301831772,"83":-0.100704674,"84":-0.0548632711,"85":0.107641974,"86":-0.1028539425,"87":0.0660018543,"88":0.0148474084,"89":-0.0630296269,"90":0.0302793371,"91":-0.0587941489,"92":-0.0351425727,"93":0.0139099414,"94":0.0690363721,"95":-0.0405627256},"f_2 Re":{"0":0.9823623542,"1":0.9724102455,"2":0.9829738304,"3":0.989368228,"4":0.9891759833,"5":0.991735434,"6":0.9651983443,"7":0.9729636956,"8":0.9912737056,"9":0.9810732779,"10":0.9903424551,"11":0.9866298908,"12":0.9871352959,"13":0.9897422589,"14":0.9932248209,"15":0.9614912906,"16":0.9951595879,"17":0.9954397069,"18":0.9840173563,"19":0.9860322959,"20":0.975005867,"21":0.9879968524,"22":0.9880202361,"23":0.9563266086,"24":0.994946539,"25":0.9843154848,"26":1.001364861,"27":0.9597677399,"28":0.9574146233,"29":0.9483509908,"30":0.9804029559,"31":0.9561834434,"32":0.9893562311,"33":0.9885998598,"34":0.9817198072,"35":0.9802856524,"36":0.9622621399,"37":0.9696544755,"38":0.9908560094,"39":0.9921667779,"40":0.9927181602,"41":0.9644069353,"42":0.9542362349,"43":0.9857064417,"44":0.9838105697,"45":0.9833748891,"46":0.9788351629,"47":0.9808766522,"48":0.9852111263,"49":0.9947110117,"50":0.9963112187,"51":0.9784553928,"52":0.9933846926,"53":0.9931193254,"54":0.9776548346,"55":0.9465628567,"56":0.994844796,"57":0.9965778633,"58":0.9725448334,"59":0.9735590865,"60":0.9610462651,"61":0.9943728924,"62":0.99935524,"63":0.9100322827,"64":0.9633918553,"65":0.9855254627,"66":0.9723768921,"67":0.9863538581,"68":0.9739208517,"69":0.9595400126,"70":0.9506275757,"71":0.9738698902,"72":0.9976465607,"73":0.9711720026,"74":0.9791664997,"75":0.995739629,"76":1.0009224472,"77":0.9960005627,"78":0.9858130188,"79":0.9981077332,"80":0.9877895996,"81":0.9906643208,"82":0.9738915477,"83":0.9484808362,"84":0.9778828402,"85":0.9783837516,"86":0.9781634506,"87":0.9852478806,"88":0.9954670663,"89":0.9892799293,"90":0.9982151087,"91":0.9837190057,"92":0.9850260717,"93":0.999211083,"94":0.9644879061,"95":0.9654449436},"f_2 Im":{"0":0.116156049,"1":-0.0788221972,"2":-0.0361657018,"3":0.041419568,"4":-0.0520495696,"5":-0.0326591205,"6":-0.0361641211,"7":-0.2352659881,"8":-0.0567963129,"9":0.0597029721,"10":0.0541049184,"11":-0.0601415684,"12":-0.0511806333,"13":-0.0981759111,"14":-0.0112388512,"15":-0.1967710719,"16":-0.1067607149,"17":-0.0513027359,"18":-0.0408312889,"19":0.1545927271,"20":-0.0684321854,"21":0.1480494221,"22":0.0329276802,"23":-0.2036659032,"24":-0.0903523405,"25":0.1005615606,"26":0.0774490147,"27":-0.2117968046,"28":-0.2803302567,"29":-0.1440243317,"30":-0.102628685,"31":-0.1736135549,"32":0.0044547009,"33":-0.1123919101,"34":0.0461775189,"35":0.0714724255,"36":-0.2214423105,"37":-0.0109877493,"38":0.0676065137,"39":0.0566500322,"40":-0.0556856791,"41":-0.0250248072,"42":-0.2613586966,"43":0.0634354895,"44":0.0558083626,"45":0.0175119256,"46":0.0119671907,"47":0.1911148041,"48":0.0373294905,"49":0.0433166865,"50":0.0651131207,"51":-0.184693242,"52":0.0762808276,"53":0.0476536193,"54":-0.1129889459,"55":-0.2991655403,"56":0.1087119763,"57":-0.0950254072,"58":-0.2185215558,"59":0.168757607,"60":-0.251842955,"61":-0.1082914793,