{"sample0": {"f_0": 1.0, "f_1": 0.9912109375, "f_2": 0.9853515625, "f_3": 0.9482421875, "f_4": 0.93359375}, "sample1": {"f_0": 1.0, "f_1": 0.9931640625, "f_2": 0.9755859375, "f_3": 0.9345703125, "f_4": 0.8857421875}, "sample2": {"f_0": 1.0, "f_1": 0.998046875, "f_2": 0.978515625, "f_3": 0.9658203125, "f_4": 0.953125}, "sample3": {"f_0": 1.0, "f_1": 0.9931640625, "f_2": 0.990234375, "f_3": 0.9560546875, "f_4": 0.94140625}, "sample4": {"f_0": 1.0, "f_1": 0.9912109375, "f_2": 0.9677734375, "f_3": 0.91015625, "f_4": 0.875}, "sample5": {"f_0": 1.0, "f_1": 0.9990234375, "f_2": 0.9921875, "f_3": 0.9775390625, "f_4": 0.9658203125}, "sample6": {"f_0": 1.0, "f_1": 0.9931640625, "f_2": 0.9677734375, "f_3": 0.939453125, "f_4": 0.8837890625}, "sample7": {"f_0": 1.0, "f_1": 0.99609375, "f_2": 0.99609375, "f_3": 0.9814453125, "f_4": 0.974609375}, "sample8": {"f_0": 1.0, "f_1": 0.99609375, "f_2": 0.9912109375, "f_3": 0.9892578125, "f_4": 0.9599609375}, "sample9": {"f_0": 1.0, "f_1": 0.99609375, "f_2": 0.982421875, "f_3": 0.9501953125, "f_4": 0.9326171875}, "sample10": {"f_0": 1.0, "f_1": 0.998046875, "f_2": 0.986328125, "f_3": 0.9638671875, "f_4": 0.9375}, "sample11": {"f_0": 1.0, "f_1": 0.990234375, "f_2": 0.978515625, "f_3": 0.9443359375, "f_4": 0.8896484375}, "sample12": {"f_0": 1.0, "f_1": 0.994140625, "f_2": 0.974609375, "f_3": 0.94140625, "f_4": 0.892578125}, "sample13": {"f_0": 1.0, "f_1": 0.9970703125, "f_2": 0.9912109375, "f_3": 0.98828125, "f_4": 0.98046875}, "sample14": {"f_0": 1.0, "f_1": 0.998046875, "f_2": 0.98828125, "f_3": 0.978515625, "f_4": 0.953125}, "sample15": {"f_0": 1.0, "f_1": 0.984375, "f_2": 0.951171875, "f_3": 0.896484375, "f_4": 0.7958984375}, "sample16": {"f_0": 1.0, "f_1": 0.98828125, "f_2": 0.9873046875, "f_3": 0.9619140625, "f_4": 0.9267578125}, "sample17": {"f_0": 1.0, "f_1": 0.9931640625, "f_2": 0.9912109375, "f_3": 0.9609375, "f_4": 0.9375}, "sample18": {"f_0": 1.0, "f_1": 0.9951171875, "f_2": 0.9853515625, "f_3": 0.9521484375, "f_4": 0.9267578125}, "sample19": {"f_0": 1.0, "f_1": 1.0, "f_2": 0.998046875, "f_3": 0.9990234375, "f_4": 0.9990234375}, "sample20": {"f_0": 1.0, "f_1": 0.9990234375, "f_2": 0.9765625, "f_3": 0.9560546875, "f_4": 0.9609375}, "sample21": {"f_0": 1.0, "f_1": 0.998046875, "f_2": 0.9990234375, "f_3": 0.9970703125, "f_4": 0.994140625}, "sample22": {"f_0": 1.0, "f_1": 0.994140625, "f_2": 0.982421875, "f_3": 0.9521484375, "f_4": 0.9130859375}, "sample23": {"f_0": 1.0, "f_1": 0.99609375, "f_2": 0.9736328125, "f_3": 0.958984375, "f_4": 0.9248046875}, "sample24": {"f_0": 1.0, "f_1": 1.0, "f_2": 0.9990234375, "f_3": 0.9990234375, "f_4": 0.998046875}, "sample25": {"f_0": 1.0, "f_1": 0.9951171875, "f_2": 0.990234375, "f_3": 0.974609375, "f_4": 0.9716796875}, "sample26": {"f_0": 1.0, "f_1": 0.9990234375, "f_2": 0.98828125, "f_3": 0.97265625, "f_4": 0.9462890625}, "sample27": {"f_0": 1.0, "f_1": 0.9755859375, "f_2": 0.951171875, "f_3": 0.873046875, "f_4": 0.76953125}, "sample28": {"f_0": 1.0, "f_1": 0.998046875, "f_2": 0.9931640625, "f_3": 0.97265625, "f_4": 0.9609375}, "sample29": {"f_0": 1.0, "f_1": 0.990234375, "f_2": 0.958984375, "f_3": 0.93359375, "f_4": 0.900390625}, "sample30": {"f_0": 1.0, "f_1": 0.9951171875, "f_2": 0.9833984375, "f_3": 0.953125, "f_4": 0.9306640625}, "sample31": {"f_0": 1.0, "f_1": 0.9912109375, "f_2": 0.9638671875, "f_3": 0.92578125, "f_4": 0.869140625}, "sample32": {"f_0": 1.0, "f_1": 0.9912109375, "f_2": 0.9892578125, "f_3": 0.958984375, "f_4": 0.9365234375}, "sample33": {"f_0": 1.0, "f_1": 0.9912109375, "f_2": 0.9755859375, "f_3": 0.9169921875, "f_4": 0.875}, "sample34": {"f_0": 1.0, "f_1": 0.998046875, "f_2": 0.982421875, "f_3": 0.94140625, "f_4": 0.9130859375}, "sample35": {"f_0": 1.0, "f_1": 0.99609375, "f_2": 0.9775390625, "f_3": 0.9384765625, "f_4": 0.8994140625}, "sample36": {"f_0": 1.0, "f_1": 0.99609375, "f_2": 0.9833984375, "f_3": 0.958984375, "f_4": 0.939453125}, "sample37": {"f_0": 1.0, "f_1": 0.990234375, "f_2": 0.96875, "f_3": 0.9208984375, "f_4": 0.8984375}, "sample38": {"f_0": 1.0, "f_1": 0.998046875, "f_2": 0.98046875, "f_3": 0.9736328125, "f_4": 0.919921875}, "sample39": {"f_0": 1.0, "f_1": 0.99609375, "f_2": 0.9912109375, "f_3": 0.966796875, "f_4": 0.9375}, "sample40": {"f_0": 1.0, "f_1": 0.998046875, "f_2": 0.9931640625, "f_3": 0.98828125, "f_4": 0.9697265625}, "sample41": {"f_0": 1.0, "f_1": 0.9990234375, "f_2": 0.966796875, "f_3": 0.9482421875, "f_4": 0.916015625}, "sample42": {"f_0": 1.0, "f_1": 0.9833984375, "f_2": 0.9677734375, "f_3": 0.904296875, "f_4": 0.8330078125}, "sample43": {"f_0": 1.0, "f_1": 0.9931640625, "f_2": 0.96484375, "f_3": 0.904296875, "f_4": 0.830078125}, "sample44": {"f_0": 1.0, "f_1": 0.990234375, "f_2": 0.9833984375, "f_3": 0.9453125, "f_4": 0.9189453125}, "sample45": {"f_0": 1.0, "f_1": 0.99609375, "f_2": 0.98046875, "f_3": 0.9580078125, "f_4": 0.9375}, "sample46": {"f_0": 1.0, "f_1": 0.990234375, "f_2": 0.9677734375, "f_3": 0.9130859375, "f_4": 0.8427734375}, "sample47": {"f_0": 1.0, "f_1": 1.0, "f_2": 0.9990234375, "f_3": 1.0, "f_4": 1.0}, "sample48": {"f_0": 1.0, "f_1": 0.99609375, "f_2": 0.982421875, "f_3": 0.9775390625, "f_4": 0.9765625}, "sample49": {"f_0": 1.0, "f_1": 0.998046875, "f_2": 0.9951171875, "f_3": 0.9775390625, "f_4": 0.9658203125}, "sample50": {"f_0": 1.0, "f_1": 1.0, "f_2": 0.99609375, "f_3": 0.9951171875, "f_4": 0.9853515625}, "sample51": {"f_0": 1.0, "f_1": 0.99609375, "f_2": 0.9892578125, "f_3": 0.9736328125, "f_4": 0.9453125}, "sample52": {"f_0": 1.0, "f_1": 0.9931640625, "f_2": 0.984375, "f_3": 0.9453125, "f_4": 0.9140625}, "sample53": {"f_0": 1.0, "f_1": 0.9970703125, "f_2": 0.990234375, "f_3": 0.9794921875, "f_4": 0.9658203125}, "sample54": {"f_0": 1.0, "f_1": 0.9951171875, "f_2": 0.9833984375, "f_3": 0.9423828125, "f_4": 0.927734375}, "sample55": {"f_0": 1.0, "f_1": 0.994140625, "f_2": 0.98828125, "f_3": 0.9560546875, "f_4": 0.9443359375}, "sample56": {"f_0": 1.0, "f_1": 0.9990234375, "f_2": 0.9990234375, "f_3": 0.99609375, "f_4": 0.98828125}, "sample57": {"f_0": 1.0, "f_1": 1.0, "f_2": 1.0, "f_3": 1.0, "f_4": 1.0}, "sample58": {"f_0": 1.0, "f_1": 1.0, "f_2": 0.9931640625, "f_3": 0.98828125, "f_4": 0.984375}, "sample59": {"f_0": 1.0, "f_1": 0.9951171875, "f_2": 0.98828125, "f_3": 0.9765625, "f_4": 0.9501953125}, "sample60": {"f_0": 1.0, "f_1": 0.9912109375, "f_2": 0.974609375, "f_3": 0.955078125, "f_4": 0.921875}, "sample61": {"f_0": 1.0, "f_1": 1.0, "f_2": 1.0, "f_3": 0.998046875, "f_4": 0.9970703125}, "sample62": {"f_0": 1.0, "f_1": 1.0, "f_2": 0.9990234375, "f_3": 0.9990234375, "f_4": 0.998046875}, "sample63": {"f_0": 1.0, "f_1": 0.9951171875, "f_2": 0.9658203125, "f_3": 0.91796875, "f_4": 0.880859375}, "sample64": {"f_0": 1.0, "f_1": 0.994140625, "f_2": 0.96875, "f_3": 0.9482421875, "f_4": 0.87890625}, "sample65": {"f_0": 1.0, "f_1": 0.994140625, "f_2": 0.982421875, "f_3": 0.94921875, "f_4": 0.9150390625}, "sample66": {"f_0": 1.0, "f_1": 0.9931640625, "f_2": 0.9775390625, "f_3": 0.94140625, "f_4": 0.9033203125}, "sample67": {"f_0": 1.0, "f_1": 0.9921875, "f_2": 0.98828125, "f_3": 0.9716796875, "f_4": 0.9384765625}, "sample68": {"f_0": 1.0, "f_1": 0.9921875, "f_2": 0.9775390625, "f_3": 0.9560546875, "f_4": 0.9345703125}, "sample69": {"f_0": 1.0, "f_1": 0.990234375, "f_2": 0.9794921875, "f_3": 0.9404296875, "f_4": 0.900390625}, "sample70": {"f_0": 1.0, "f_1": 0.98828125, "f_2": 0.9482421875, "f_3": 0.8916015625, "f_4": 0.810546875}, "sample71": {"f_0": 1.0, "f_1": 0.99609375, "f_2": 0.982421875, "f_3": 0.9609375, "f_4": 0.94921875}, "sample72": {"f_0": 1.0, "f_1": 1.0, "f_2": 0.9990234375, "f_3": 0.9833984375, "f_4": 0.98828125}, "sample73": {"f_0": 1.0, "f_1": 0.998046875, "f_2": 0.984375, "f_3": 0.966796875, "f_4": 0.9482421875}, "sample74": {"f_0": 1.0, "f_1": 0.9970703125, "f_2": 0.9736328125, "f_3": 0.9482421875, "f_4": 0.9267578125}, "sample75": {"f_0": 1.0, "f_1": 0.9970703125, "f_2": 0.99609375, "f_3": 0.984375, "f_4": 0.9814453125}, "sample76": {"f_0": 1.0, "f_1": 0.998046875, "f_2": 0.9892578125,