{"sample0": {"f_0": 0.9999999999999996, "f_1": 0.9950755364709253, "f_2": 0.980446229802598, "f_3": 0.9565381125636734, "f_4": 0.9240408893710165}, "sample1": {"f_0": 0.9999999999999996, "f_1": 0.9919302736488401, "f_2": 0.9682300625692604, "f_3": 0.9303733242157427, "f_4": 0.8806473029697299}, "sample2": {"f_0": 0.9999999999999996, "f_1": 0.9969440869546973, "f_2": 0.9878464663847228, "f_3": 0.9729145085944504, "f_4": 0.9524840975897463}, "sample3": {"f_0": 0.9999999999999996, "f_1": 0.9959926160505106, "f_2": 0.9841091310732563, "f_3": 0.9647566377977285, "f_4": 0.9385847771037286}, "sample4": {"f_0": 0.9999999999999996, "f_1": 0.9907332720765584, "f_2": 0.9635041136486958, "f_3": 0.9199737451283124, "f_4": 0.8627438179411294}, "sample5": {"f_0": 0.9999999999999996, "f_1": 0.9981768274029232, "f_2": 0.9927597648666299, "f_3": 0.9839037700797119, "f_4": 0.9718592120269217}, "sample6": {"f_0": 0.9999999999999996, "f_1": 0.9925456758956754, "f_2": 0.9705568096084164, "f_3": 0.9351276649962023, "f_4": 0.8879910450275151}, "sample7": {"f_0": 0.9999999999999996, "f_1": 0.9984547659290874, "f_2": 0.9938380246117738, "f_3": 0.9862059438489099, "f_4": 0.9756498042448595}, "sample8": {"f_0": 0.9999999999999996, "f_1": 0.997237290853629, "f_2": 0.9890566075998426, "f_3": 0.9757738985124861, "f_4": 0.9578949727067843}, "sample9": {"f_0": 0.9999999999999996, "f_1": 0.9953721188362399, "f_2": 0.9816729095559251, "f_3": 0.9594435987247972, "f_4": 0.9295470011486652}, "sample10": {"f_0": 0.9999999999999996, "f_1": 0.9957876640640403, "f_2": 0.9832666899368416, "f_3": 0.9627809488118173, "f_4": 0.9348896318649448}, "sample11": {"f_0": 0.9999999999999996, "f_1": 0.9932411725015864, "f_2": 0.9732783916674369, "f_3": 0.9410371380024762, "f_4": 0.8980085975932339}, "sample12": {"f_0": 0.9999999999999996, "f_1": 0.9933501368742866, "f_2": 0.9736915185687477, "f_3": 0.9418777019813577, "f_4": 0.8992684841965322}, "sample13": {"f_0": 0.9999999999999996, "f_1": 0.9985956651304446, "f_2": 0.9944011362530601, "f_3": 0.9874715161869356, "f_4": 0.9778975701270957}, "sample14": {"f_0": 0.9999999999999996, "f_1": 0.9966727039334711, "f_2": 0.9868035375452566, "f_3": 0.9707242287399297, "f_4": 0.948966716470693}, "sample15": {"f_0": 0.9999999999999996, "f_1": 0.9877208564335835, "f_2": 0.9517152752484425, "f_3": 0.8944083300593417, "f_4": 0.8196134201645637}, "sample16": {"f_0": 0.9999999999999996, "f_1": 0.9946625012657636, "f_2": 0.9787995609532355, "f_3": 0.9528545372554075, "f_4": 0.917548896495045}, "sample17": {"f_0": 0.9999999999999996, "f_1": 0.9957456465430718, "f_2": 0.9831384160025276, "f_3": 0.9626359894567674, "f_4": 0.9349693958611877}, "sample18": {"f_0": 0.9999999999999996, "f_1": 0.995028638582593, "f_2": 0.9802989640830081, "f_3": 0.9563525397841678, "f_4": 0.9240541699628472}, "sample19": {"f_0": 0.9999999999999996, "f_1": 0.999806265188228, "f_2": 0.9992278313140133, "f_3": 0.9982728992828553, "f_4": 0.9969547743248642}, "sample20": {"f_0": 0.9999999999999996, "f_1": 0.9962051774758847, "f_2": 0.9849353762266143, "f_3": 0.9665302388396539, "f_4": 0.9415415108961613}, "sample21": {"f_0": 0.9999999999999996, "f_1": 0.9996901486131645, "f_2": 0.998769262110036, "f_3": 0.9972625606502762, "f_4": 0.9952095583581281}, "sample22": {"f_0": 0.9999999999999996, "f_1": 0.9947893698933064, "f_2": 0.9793653116256988, "f_3": 0.9543409764551266, "f_4": 0.9207043509100447}, "sample23": {"f_0": 0.9999999999999996, "f_1": 0.99456563749434, "f_2": 0.9784200132858524, "f_3": 0.9520288196087163, "f_4": 0.9161463228001074}, "sample24": {"f_0": 0.9999999999999996, "f_1": 0.9998460514572949, "f_2": 0.9993863513692802, "f_3": 0.9986272684638845, "f_4": 0.9975791931959617}, "sample25": {"f_0": 0.9999999999999996, "f_1": 0.997781742414608, "f_2": 0.9911644550153292, "f_3": 0.980259617804478, "f_4": 0.9652498223700356}, "sample26": {"f_0": 0.9999999999999996, "f_1": 0.9964796584646872, "f_2": 0.98601776659599, "f_3": 0.9689070416910037, "f_4": 0.9456200182488796}, "sample27": {"f_0": 0.9999999999999996, "f_1": 0.9840454443047778, "f_2": 0.9376816024153363, "f_3": 0.8652219864744155, "f_4": 0.7732622122404142}, "sample28": {"f_0": 0.9999999999999996, "f_1": 0.9978374496605195, "f_2": 0.991389367222384, "f_3": 0.9807718644481207, "f_4": 0.9661701404226586}, "sample29": {"f_0": 0.9999999999999996, "f_1": 0.9920948740381269, "f_2": 0.9689219409940995, "f_3": 0.9320387914977313, "f_4": 0.8838216040745273}, "sample30": {"f_0": 0.9999999999999996, "f_1": 0.9954558877752099, "f_2": 0.9820272894141941, "f_3": 0.9603117982550912, "f_4": 0.9312611589153408}, "sample31": {"f_0": 0.9999999999999996, "f_1": 0.991482616806142, "f_2": 0.9663345156769766, "f_3": 0.9257428532847598, "f_4": 0.8716047811420709}, "sample32": {"f_0": 0.9999999999999996, "f_1": 0.9954826332153179, "f_2": 0.9821625411496877, "f_3": 0.9607157488681934, "f_4": 0.9322047857633983}, "sample33": {"f_0": 0.9999999999999996, "f_1": 0.990692380533011, "f_2": 0.963291127441125, "f_3": 0.919319003718177, "f_4": 0.861177992015508}, "sample34": {"f_0": 0.9999999999999996, "f_1": 0.9944353201487479, "f_2": 0.9779258162183774, "f_3": 0.9510167312380943, "f_4": 0.9145893809774555}, "sample35": {"f_0": 0.9999999999999996, "f_1": 0.9938758241726176, "f_2": 0.9757383305206954, "f_3": 0.9462797368258521, "f_4": 0.9066117014651691}, "sample36": {"f_0": 0.9999999999999996, "f_1": 0.9962063695636517, "f_2": 0.9849192072870109, "f_3": 0.9664157678227848, "f_4": 0.9411454638186716}, "sample37": {"f_0": 0.9999999999999996, "f_1": 0.9925585730124796, "f_2": 0.9706594720009739, "f_3": 0.9355397566161103, "f_4": 0.889137619195286}, "sample38": {"f_0": 0.9999999999999996, "f_1": 0.9961861723146778, "f_2": 0.9848629660747357, "f_3": 0.9663807702137612, "f_4": 0.9413089396450073}, "sample39": {"f_0": 0.9999999999999996, "f_1": 0.996053268673771, "f_2": 0.9843115272145152, "f_3": 0.9650671571412198, "f_4": 0.9387976465910833}, "sample40": {"f_0": 0.9999999999999996, "f_1": 0.9979927111733908, "f_2": 0.992015242398928, "f_3": 0.9821992150361781, "f_4": 0.9687588409506396}, "sample41": {"f_0": 0.9999999999999996, "f_1": 0.9941909059685656, "f_2": 0.977049138567521, "f_3": 0.9494100572623867, "f_4": 0.9125974673362619}, "sample42": {"f_0": 0.9999999999999996, "f_1": 0.989000469974774, "f_2": 0.9566580800633524, "f_3": 0.904889373515081, "f_4": 0.8367202652541115}, "sample43": {"f_0": 0.9999999999999996, "f_1": 0.9887262026223218, "f_2": 0.9559750466530574, "f_3": 0.904782395060184, "f_4": 0.8396632533711604}, "sample44": {"f_0": 0.9999999999999996, "f_1": 0.9941354083669618, "f_2": 0.9768168637115159, "f_3": 0.9488532241851877, "f_4": 0.9115377512699342}, "sample45": {"f_0": 0.9999999999999996, "f_1": 0.9958890405366607, "f_2": 0.9837100318724394, "f_3": 0.963917215070217, "f_4": 0.937243489778446}, "sample46": {"f_0": 0.9999999999999996, "f_1": 0.9886420197644226, "f_2": 0.9554454057736711, "f_3": 0.9029493206699866, "f_4": 0.8350878906436705}, "sample47": {"f_0": 0.9999999999999996, "f_1": 0.9997946789683931, "f_2": 0.9991823134691286, "f_3": 0.9981735476174496, "f_4": 0.9967856327979536}, "sample48": {"f_0": 0.9999999999999996, "f_1": 0.9973489852754269, "f_2": 0.9894374338527013, "f_3": 0.9763886834262806, "f_4": 0.9584045441512813}, "sample49": {"f_0": 0.9999999999999996, "f_1": 0.997972902181651, "f_2": 0.9919304162678327, "f_3": 0.9819878107786785, "f_4": 0.9683333939145016}, "sample50": {"f_0": 0.9999999999999996, "f_1": 0.9993428625313568, "f_2": 0.9973800860677909, "f_3": 0.9941373531701487, "f_4": 0.9896567243642445}, "sample51": {"f_0": 0.9999999999999996, "f_1": 0.9969005552597379, "f_2": 0.9876669641532239, "f_3": 0.9724907254678855, "f_4": 0.951682111648749}, "sample52": {"f_0": 0.9999999999999996, "f_1": 0.9939484820819798, "f_2": 0.9759875807573024, "f_3": 0.9466919149025091, "f_4": 0.9069982719513304}, "sample53": {"f_0": 0.9999999999999996, "f_1": 0.9982101463429909, "f_2": 0.9928665450944013, "f_3": 0.9840463680318337,