{"sample0": {"f_0": 0.490234375, "f_1": 0.4521484375, "f_2": 0.3955078125, "f_3": 0.3720703125, "f_4": 0.2861328125}, "sample1": {"f_0": 0.5068359375, "f_1": 0.48046875, "f_2": 0.4716796875, "f_3": 0.4306640625, "f_4": 0.4150390625}, "sample2": {"f_0": 0.462890625, "f_1": 0.48828125, "f_2": 0.4365234375, "f_3": 0.3994140625, "f_4": 0.4150390625}, "sample3": {"f_0": 0.5068359375, "f_1": 0.486328125, "f_2": 0.49609375, "f_3": 0.4306640625, "f_4": 0.4619140625}, "sample4": {"f_0": 0.52734375, "f_1": 0.5673828125, "f_2": 0.6162109375, "f_3": 0.662109375, "f_4": 0.69921875}, "sample5": {"f_0": 0.4736328125, "f_1": 0.5185546875, "f_2": 0.478515625, "f_3": 0.47265625, "f_4": 0.40625}, "sample6": {"f_0": 0.5068359375, "f_1": 0.52734375, "f_2": 0.5859375, "f_3": 0.65234375, "f_4": 0.681640625}, "sample7": {"f_0": 0.4951171875, "f_1": 0.5322265625, "f_2": 0.544921875, "f_3": 0.5810546875, "f_4": 0.58984375}, "sample8": {"f_0": 0.4892578125, "f_1": 0.533203125, "f_2": 0.5380859375, "f_3": 0.5458984375, "f_4": 0.564453125}, "sample9": {"f_0": 0.5048828125, "f_1": 0.4833984375, "f_2": 0.5029296875, "f_3": 0.51171875, "f_4": 0.4990234375}, "sample10": {"f_0": 0.4892578125, "f_1": 0.4423828125, "f_2": 0.38671875, "f_3": 0.33984375, "f_4": 0.32421875}, "sample11": {"f_0": 0.5, "f_1": 0.529296875, "f_2": 0.591796875, "f_3": 0.5849609375, "f_4": 0.6103515625}, "sample12": {"f_0": 0.4775390625, "f_1": 0.560546875, "f_2": 0.5947265625, "f_3": 0.6787109375, "f_4": 0.6982421875}, "sample13": {"f_0": 0.4814453125, "f_1": 0.51171875, "f_2": 0.5517578125, "f_3": 0.5537109375, "f_4": 0.5654296875}, "sample14": {"f_0": 0.5244140625, "f_1": 0.533203125, "f_2": 0.564453125, "f_3": 0.5458984375, "f_4": 0.548828125}, "sample15": {"f_0": 0.48828125, "f_1": 0.587890625, "f_2": 0.6240234375, "f_3": 0.7080078125, "f_4": 0.7294921875}, "sample16": {"f_0": 0.4912109375, "f_1": 0.5400390625, "f_2": 0.6171875, "f_3": 0.6337890625, "f_4": 0.63671875}, "sample17": {"f_0": 0.515625, "f_1": 0.521484375, "f_2": 0.5556640625, "f_3": 0.56640625, "f_4": 0.5654296875}, "sample18": {"f_0": 0.4638671875, "f_1": 0.5146484375, "f_2": 0.5126953125, "f_3": 0.5185546875, "f_4": 0.5390625}, "sample19": {"f_0": 0.458984375, "f_1": 0.4892578125, "f_2": 0.501953125, "f_3": 0.5078125, "f_4": 0.4951171875}, "sample20": {"f_0": 0.4970703125, "f_1": 0.4765625, "f_2": 0.44921875, "f_3": 0.3984375, "f_4": 0.37890625}, "sample21": {"f_0": 0.5029296875, "f_1": 0.51171875, "f_2": 0.4990234375, "f_3": 0.5068359375, "f_4": 0.4853515625}, "sample22": {"f_0": 0.4990234375, "f_1": 0.5576171875, "f_2": 0.5478515625, "f_3": 0.6083984375, "f_4": 0.63671875}, "sample23": {"f_0": 0.494140625, "f_1": 0.5302734375, "f_2": 0.5888671875, "f_3": 0.650390625, "f_4": 0.6474609375}, "sample24": {"f_0": 0.49609375, "f_1": 0.5224609375, "f_2": 0.5048828125, "f_3": 0.46484375, "f_4": 0.466796875}, "sample25": {"f_0": 0.486328125, "f_1": 0.54296875, "f_2": 0.5498046875, "f_3": 0.564453125, "f_4": 0.6220703125}, "sample26": {"f_0": 0.5068359375, "f_1": 0.44921875, "f_2": 0.3974609375, "f_3": 0.35546875, "f_4": 0.310546875}, "sample27": {"f_0": 0.484375, "f_1": 0.5771484375, "f_2": 0.658203125, "f_3": 0.705078125, "f_4": 0.728515625}, "sample28": {"f_0": 0.5224609375, "f_1": 0.53125, "f_2": 0.546875, "f_3": 0.5693359375, "f_4": 0.62890625}, "sample29": {"f_0": 0.51953125, "f_1": 0.5029296875, "f_2": 0.49609375, "f_3": 0.4560546875, "f_4": 0.4638671875}, "sample30": {"f_0": 0.48828125, "f_1": 0.4775390625, "f_2": 0.4658203125, "f_3": 0.4111328125, "f_4": 0.38671875}, "sample31": {"f_0": 0.50390625, "f_1": 0.5654296875, "f_2": 0.609375, "f_3": 0.6826171875, "f_4": 0.70703125}, "sample32": {"f_0": 0.48046875, "f_1": 0.50390625, "f_2": 0.4755859375, "f_3": 0.5126953125, "f_4": 0.521484375}, "sample33": {"f_0": 0.533203125, "f_1": 0.5478515625, "f_2": 0.6337890625, "f_3": 0.6767578125, "f_4": 0.71484375}, "sample34": {"f_0": 0.4921875, "f_1": 0.4453125, "f_2": 0.42578125, "f_3": 0.33203125, "f_4": 0.2841796875}, "sample35": {"f_0": 0.5107421875, "f_1": 0.443359375, "f_2": 0.42578125, "f_3": 0.4345703125, "f_4": 0.35546875}, "sample36": {"f_0": 0.5126953125, "f_1": 0.5263671875, "f_2": 0.5361328125, "f_3": 0.5849609375, "f_4": 0.576171875}, "sample37": {"f_0": 0.484375, "f_1": 0.517578125, "f_2": 0.515625, "f_3": 0.5146484375, "f_4": 0.5263671875}, "sample38": {"f_0": 0.5, "f_1": 0.4541015625, "f_2": 0.4208984375, "f_3": 0.38671875, "f_4": 0.328125}, "sample39": {"f_0": 0.4892578125, "f_1": 0.4912109375, "f_2": 0.4287109375, "f_3": 0.421875, "f_4": 0.341796875}, "sample40": {"f_0": 0.4873046875, "f_1": 0.4970703125, "f_2": 0.5205078125, "f_3": 0.509765625, "f_4": 0.5166015625}, "sample41": {"f_0": 0.4833984375, "f_1": 0.490234375, "f_2": 0.5244140625, "f_3": 0.5302734375, "f_4": 0.5595703125}, "sample42": {"f_0": 0.5107421875, "f_1": 0.580078125, "f_2": 0.634765625, "f_3": 0.671875, "f_4": 0.7099609375}, "sample43": {"f_0": 0.5283203125, "f_1": 0.568359375, "f_2": 0.6455078125, "f_3": 0.677734375, "f_4": 0.720703125}, "sample44": {"f_0": 0.4853515625, "f_1": 0.5576171875, "f_2": 0.560546875, "f_3": 0.6181640625, "f_4": 0.5712890625}, "sample45": {"f_0": 0.5185546875, "f_1": 0.4873046875, "f_2": 0.4423828125, "f_3": 0.3828125, "f_4": 0.3720703125}, "sample46": {"f_0": 0.498046875, "f_1": 0.57421875, "f_2": 0.6171875, "f_3": 0.681640625, "f_4": 0.712890625}, "sample47": {"f_0": 0.4873046875, "f_1": 0.51171875, "f_2": 0.517578125, "f_3": 0.509765625, "f_4": 0.513671875}, "sample48": {"f_0": 0.4853515625, "f_1": 0.466796875, "f_2": 0.451171875, "f_3": 0.408203125, "f_4": 0.37890625}, "sample49": {"f_0": 0.4921875, "f_1": 0.5302734375, "f_2": 0.54296875, "f_3": 0.5888671875, "f_4": 0.6171875}, "sample50": {"f_0": 0.4892578125, "f_1": 0.498046875, "f_2": 0.5224609375, "f_3": 0.548828125, "f_4": 0.5537109375}, "sample51": {"f_0": 0.4775390625, "f_1": 0.544921875, "f_2": 0.56640625, "f_3": 0.6376953125, "f_4": 0.615234375}, "sample52": {"f_0": 0.501953125, "f_1": 0.4306640625, "f_2": 0.3984375, "f_3": 0.365234375, "f_4": 0.28125}, "sample53": {"f_0": 0.505859375, "f_1": 0.486328125, "f_2": 0.4365234375, "f_3": 0.4169921875, "f_4": 0.3662109375}, "sample54": {"f_0": 0.4853515625, "f_1": 0.5126953125, "f_2": 0.55859375, "f_3": 0.56640625, "f_4": 0.5751953125}, "sample55": {"f_0": 0.5107421875, "f_1": 0.548828125, "f_2": 0.5595703125, "f_3": 0.578125, "f_4": 0.5859375}, "sample56": {"f_0": 0.5234375, "f_1": 0.4658203125, "f_2": 0.4306640625, "f_3": 0.4501953125, "f_4": 0.3955078125}, "sample57": {"f_0": 0.501953125, "f_1": 0.48828125, "f_2": 0.4814453125, "f_3": 0.498046875, "f_4": 0.4755859375}, "sample58": {"f_0": 0.5009765625, "f_1": 0.521484375, "f_2": 0.5400390625, "f_3": 0.59765625, "f_4": 0.578125}, "sample59": {"f_0": 0.5087890625, "f_1": 0.5, "f_2": 0.462890625, "f_3": 0.48828125, "f_4": 0.4580078125}, "sample60": {"f_0": 0.5185546875, "f_1": 0.541015625, "f_2": 0.6123046875, "f_3": 0.6103515625, "f_4": 0.67578125}, "sample61": {"f_0": 0.51171875, "f_1": 0.5078125, "f_2": 0.4892578125, "f_3": 0.466796875, "f_4": 0.4951171875}, "sample62": {"f_0": 0.5029296875, "f_1": 0.517578125, "f_2": 0.5390625, "f_3": 0.548828125, "f_4": 0.5400390625}, "sample63": {"f_0": 0.4814453125, "f_1": 0.5625, "f_2": 0.6025390625, "f_3": 0.671875, "f_4": 0.67578125}, "sample64": {"f_0": 0.490234375, "f_1": 0.58203125, "f_2": 0.5986328125, "f_3": 0.66015625, "f_4": 0.6826171875}, "sample65": {"f_0": 0.5146484375, "f_1": 0.5234375, "f_2": 0.5576171875, "f_3": 0.5634765625, "f_4": 0.591796875}, "sample66": {"f_0": 0.484375, "f_1": 0.501953125, "f_2": 0.5283203125, "f_3": 0.5009765625, "f_4": 0.4970703125}, "sample67": {"f_0": 0.470703125, "f_1": 0.5009765625, "f_2": 0.5107421875, "f_3": 0.4833984375, "f_4": 0.498046875}, "sample68": {"f_0": 0.5234375, "f_1": 0.490234375, "f_2": 0.4765625, "f_3": 0.4580078125, "f_4": 0.423828125}, "sample69": {"f_0": 0.4912109375, "f_1": 0.53125, "f_2": 0.5830078125, "f_3": 0.546875, "f_4": 0.5380859375}, "sample70": {"f_0": 0.4814453125,