{"sample0": {"f_0": 0.4944617450237274, "f_1": 0.4914116859436035, "f_2": 0.5057352781295776, "f_3": 0.5721181035041809, "f_4": 0.5624462962150574}, "sample1": {"f_0": 0.5163008570671082, "f_1": 0.4903404414653778, "f_2": 0.4869774878025055, "f_3": 0.48212939500808716, "f_4": 0.4415915906429291}, "sample2": {"f_0": 0.4935097098350525, "f_1": 0.4742530882358551, "f_2": 0.5002540946006775, "f_3": 0.46802449226379395, "f_4": 0.4937065541744232}, "sample3": {"f_0": 0.48726537823677063, "f_1": 0.44322049617767334, "f_2": 0.47760429978370667, "f_3": 0.4697469174861908, "f_4": 0.4265619218349457}, "sample4": {"f_0": 0.5076048374176025, "f_1": 0.3785884976387024, "f_2": 0.3125622570514679, "f_3": 0.23742109537124634, "f_4": 0.18937748670578003}, "sample5": {"f_0": 0.5053423643112183, "f_1": 0.4837116003036499, "f_2": 0.4857407510280609, "f_3": 0.48663395643234253, "f_4": 0.4724803566932678}, "sample6": {"f_0": 0.5026319622993469, "f_1": 0.35946470499038696, "f_2": 0.28826847672462463, "f_3": 0.2437068521976471, "f_4": 0.23747414350509644}, "sample7": {"f_0": 0.4927625358104706, "f_1": 0.43830955028533936, "f_2": 0.42756012082099915, "f_3": 0.3710312843322754, "f_4": 0.35698527097702026}, "sample8": {"f_0": 0.49440380930900574, "f_1": 0.41969671845436096, "f_2": 0.40624821186065674, "f_3": 0.3684562146663666, "f_4": 0.3799301087856293}, "sample9": {"f_0": 0.49344921112060547, "f_1": 0.4497300088405609, "f_2": 0.385490745306015, "f_3": 0.41727006435394287, "f_4": 0.3913649916648865}, "sample10": {"f_0": 0.4878237843513489, "f_1": 0.4909985661506653, "f_2": 0.5236998796463013, "f_3": 0.5252633690834045, "f_4": 0.5646028518676758}, "sample11": {"f_0": 0.5027318000793457, "f_1": 0.4502129554748535, "f_2": 0.34859591722488403, "f_3": 0.3477999269962311, "f_4": 0.3064863085746765}, "sample12": {"f_0": 0.501112699508667, "f_1": 0.38427460193634033, "f_2": 0.2902306616306305, "f_3": 0.28044962882995605, "f_4": 0.22916561365127563}, "sample13": {"f_0": 0.4992826581001282, "f_1": 0.38844239711761475, "f_2": 0.36060503125190735, "f_3": 0.41385024785995483, "f_4": 0.3381092846393585}, "sample14": {"f_0": 0.5023666620254517, "f_1": 0.3848341405391693, "f_2": 0.4414631426334381, "f_3": 0.3800157904624939, "f_4": 0.3691263496875763}, "sample15": {"f_0": 0.5066857933998108, "f_1": 0.3457566201686859, "f_2": 0.29001525044441223, "f_3": 0.24382518231868744, "f_4": 0.17109638452529907}, "sample16": {"f_0": 0.5009846091270447, "f_1": 0.44995543360710144, "f_2": 0.38032978773117065, "f_3": 0.34346455335617065, "f_4": 0.2663789689540863}, "sample17": {"f_0": 0.49936822056770325, "f_1": 0.3950778543949127, "f_2": 0.3905472755432129, "f_3": 0.3370848298072815, "f_4": 0.3693116009235382}, "sample18": {"f_0": 0.49182426929473877, "f_1": 0.4141849875450134, "f_2": 0.40624478459358215, "f_3": 0.37839752435684204, "f_4": 0.34851670265197754}, "sample19": {"f_0": 0.49864304065704346, "f_1": 0.42235323786735535, "f_2": 0.4463544189929962, "f_3": 0.4562128782272339, "f_4": 0.45294278860092163}, "sample20": {"f_0": 0.5144266486167908, "f_1": 0.4765767753124237, "f_2": 0.49487996101379395, "f_3": 0.5169611573219299, "f_4": 0.5643588304519653}, "sample21": {"f_0": 0.5048195719718933, "f_1": 0.45493146777153015, "f_2": 0.46408092975616455, "f_3": 0.49722349643707275, "f_4": 0.47410526871681213}, "sample22": {"f_0": 0.5187182426452637, "f_1": 0.3609386682510376, "f_2": 0.3427090346813202, "f_3": 0.319175660610199, "f_4": 0.24963988363742828}, "sample23": {"f_0": 0.4908284842967987, "f_1": 0.3980632424354553, "f_2": 0.33967432379722595, "f_3": 0.29915928840637207, "f_4": 0.288013756275177}, "sample24": {"f_0": 0.5099528431892395, "f_1": 0.41565951704978943, "f_2": 0.4110028147697449, "f_3": 0.39358532428741455, "f_4": 0.4212532937526703}, "sample25": {"f_0": 0.5003717541694641, "f_1": 0.38870009779930115, "f_2": 0.3467418849468231, "f_3": 0.31228193640708923, "f_4": 0.2952409088611603}, "sample26": {"f_0": 0.5131248235702515, "f_1": 0.4671676456928253, "f_2": 0.5059972405433655, "f_3": 0.5595681071281433, "f_4": 0.5749034881591797}, "sample27": {"f_0": 0.5046619772911072, "f_1": 0.3736143410205841, "f_2": 0.28557559847831726, "f_3": 0.175332173705101, "f_4": 0.15467767417430878}, "sample28": {"f_0": 0.5063238739967346, "f_1": 0.453888863325119, "f_2": 0.39645567536354065, "f_3": 0.3568469285964966, "f_4": 0.3119937479496002}, "sample29": {"f_0": 0.49420177936553955, "f_1": 0.41599714756011963, "f_2": 0.42036569118499756, "f_3": 0.3659052848815918, "f_4": 0.37158533930778503}, "sample30": {"f_0": 0.5018815994262695, "f_1": 0.4966176152229309, "f_2": 0.5050712823867798, "f_3": 0.46876150369644165, "f_4": 0.5365731716156006}, "sample31": {"f_0": 0.5065787434577942, "f_1": 0.4063628613948822, "f_2": 0.32559913396835327, "f_3": 0.27099451422691345, "f_4": 0.23525142669677734}, "sample32": {"f_0": 0.5024693608283997, "f_1": 0.44535085558891296, "f_2": 0.43308180570602417, "f_3": 0.45636290311813354, "f_4": 0.4427351653575897}, "sample33": {"f_0": 0.5017294883728027, "f_1": 0.3098980784416199, "f_2": 0.2926308810710907, "f_3": 0.2428414672613144, "f_4": 0.18604937195777893}, "sample34": {"f_0": 0.4908161461353302, "f_1": 0.48952576518058777, "f_2": 0.5523489713668823, "f_3": 0.6073815226554871, "f_4": 0.6118803024291992}, "sample35": {"f_0": 0.500512421131134, "f_1": 0.4360847473144531, "f_2": 0.45590582489967346, "f_3": 0.48104387521743774, "f_4": 0.44820672273635864}, "sample36": {"f_0": 0.49615973234176636, "f_1": 0.4068445563316345, "f_2": 0.3770511746406555, "f_3": 0.3604152500629425, "f_4": 0.3180099129676819}, "sample37": {"f_0": 0.49947550892829895, "f_1": 0.4081282615661621, "f_2": 0.4178030788898468, "f_3": 0.3517213463783264, "f_4": 0.3228812515735626}, "sample38": {"f_0": 0.4803192615509033, "f_1": 0.49332910776138306, "f_2": 0.5410007238388062, "f_3": 0.5825445055961609, "f_4": 0.572008490562439}, "sample39": {"f_0": 0.49258801341056824, "f_1": 0.4899764955043793, "f_2": 0.5238260626792908, "f_3": 0.5260395407676697, "f_4": 0.5511606335639954}, "sample40": {"f_0": 0.48918700218200684, "f_1": 0.4993825852870941, "f_2": 0.47251006960868835, "f_3": 0.44725272059440613, "f_4": 0.38537177443504333}, "sample41": {"f_0": 0.5067935585975647, "f_1": 0.4705786108970642, "f_2": 0.4541822373867035, "f_3": 0.40306422114372253, "f_4": 0.38991308212280273}, "sample42": {"f_0": 0.4910672605037689, "f_1": 0.41557320952415466, "f_2": 0.32392048835754395, "f_3": 0.2206081598997116, "f_4": 0.16566233336925507}, "sample43": {"f_0": 0.4978177845478058, "f_1": 0.3851093351840973, "f_2": 0.2652595341205597, "f_3": 0.1990891993045807, "f_4": 0.16654673218727112}, "sample44": {"f_0": 0.4816184639930725, "f_1": 0.41805243492126465, "f_2": 0.32356497645378113, "f_3": 0.29531821608543396, "f_4": 0.2784076929092407}, "sample45": {"f_0": 0.4955448806285858, "f_1": 0.42977723479270935, "f_2": 0.46693745255470276, "f_3": 0.4363938271999359, "f_4": 0.48096248507499695}, "sample46": {"f_0": 0.5048416256904602, "f_1": 0.37003469467163086, "f_2": 0.2765752077102661, "f_3": 0.24442271888256073, "f_4": 0.18428769707679749}, "sample47": {"f_0": 0.4836128056049347, "f_1": 0.42734232544898987, "f_2": 0.45270344614982605, "f_3": 0.353827565908432, "f_4": 0.3580281436443329}, "sample48": {"f_0": 0.500590980052948, "f_1": 0.4229801893234253, "f_2": 0.5058740973472595, "f_3": 0.47297120094299316, "f_4": 0.539549708366394}, "sample49": {"f_0": 0.4926217198371887, "f_1": 0.38509657979011536, "f_2": 0.333575576543808, "f_3": 0.34662118554115295, "f_4": 0.2891031801700592}, "sample50": {"f_0": 0.5001435875892639, "f_1": 0.42038485407829285, "f_2": 0.3769659996032715, "f_3": 0.3336610794067383, "f_4": 0.34180453419685364}, "sample51": {"f_0": 0.4982341527938843, "f_1": 0.35696959495544434, "f_2": 0.333780437707901, "f_3": 0.2922392785549164, "f_4": 0.2878100872039795}, "sample52": {"f_0": 0.4960637092590332, "f_1": 0.5528569221496582, "f_2": 0.5287005305290222, "f_3": 0.5688571333885193, "f_4": 0.5329256653785706},