{"sample0": {"f_0": 0.4677734375, "f_1": 0.3994140625, "f_2": 0.361328125, "f_3": 0.291015625, "f_4": 0.2939453125}, "sample1": {"f_0": 0.4619140625, "f_1": 0.4248046875, "f_2": 0.404296875, "f_3": 0.4072265625, "f_4": 0.345703125}, "sample2": {"f_0": 0.466796875, "f_1": 0.4150390625, "f_2": 0.3984375, "f_3": 0.3662109375, "f_4": 0.33984375}, "sample3": {"f_0": 0.451171875, "f_1": 0.4130859375, "f_2": 0.423828125, "f_3": 0.4228515625, "f_4": 0.3798828125}, "sample4": {"f_0": 0.4677734375, "f_1": 0.474609375, "f_2": 0.5341796875, "f_3": 0.58984375, "f_4": 0.5859375}, "sample5": {"f_0": 0.453125, "f_1": 0.4130859375, "f_2": 0.3984375, "f_3": 0.4033203125, "f_4": 0.4130859375}, "sample6": {"f_0": 0.4423828125, "f_1": 0.45703125, "f_2": 0.5009765625, "f_3": 0.548828125, "f_4": 0.5791015625}, "sample7": {"f_0": 0.431640625, "f_1": 0.451171875, "f_2": 0.4736328125, "f_3": 0.4814453125, "f_4": 0.490234375}, "sample8": {"f_0": 0.421875, "f_1": 0.4208984375, "f_2": 0.4521484375, "f_3": 0.4462890625, "f_4": 0.4697265625}, "sample9": {"f_0": 0.470703125, "f_1": 0.435546875, "f_2": 0.478515625, "f_3": 0.416015625, "f_4": 0.41015625}, "sample10": {"f_0": 0.4833984375, "f_1": 0.3818359375, "f_2": 0.3759765625, "f_3": 0.3271484375, "f_4": 0.283203125}, "sample11": {"f_0": 0.4736328125, "f_1": 0.4501953125, "f_2": 0.48828125, "f_3": 0.5244140625, "f_4": 0.5205078125}, "sample12": {"f_0": 0.4970703125, "f_1": 0.4912109375, "f_2": 0.541015625, "f_3": 0.5595703125, "f_4": 0.611328125}, "sample13": {"f_0": 0.4775390625, "f_1": 0.404296875, "f_2": 0.4482421875, "f_3": 0.4814453125, "f_4": 0.4716796875}, "sample14": {"f_0": 0.458984375, "f_1": 0.455078125, "f_2": 0.4716796875, "f_3": 0.474609375, "f_4": 0.466796875}, "sample15": {"f_0": 0.4423828125, "f_1": 0.4892578125, "f_2": 0.529296875, "f_3": 0.583984375, "f_4": 0.6142578125}, "sample16": {"f_0": 0.4736328125, "f_1": 0.4814453125, "f_2": 0.478515625, "f_3": 0.55859375, "f_4": 0.6083984375}, "sample17": {"f_0": 0.478515625, "f_1": 0.4443359375, "f_2": 0.47265625, "f_3": 0.482421875, "f_4": 0.5048828125}, "sample18": {"f_0": 0.4619140625, "f_1": 0.4599609375, "f_2": 0.4326171875, "f_3": 0.44921875, "f_4": 0.458984375}, "sample19": {"f_0": 0.47265625, "f_1": 0.4365234375, "f_2": 0.4296875, "f_3": 0.4140625, "f_4": 0.4013671875}, "sample20": {"f_0": 0.478515625, "f_1": 0.40625, "f_2": 0.384765625, "f_3": 0.361328125, "f_4": 0.3251953125}, "sample21": {"f_0": 0.4716796875, "f_1": 0.447265625, "f_2": 0.439453125, "f_3": 0.45703125, "f_4": 0.4052734375}, "sample22": {"f_0": 0.45703125, "f_1": 0.498046875, "f_2": 0.4970703125, "f_3": 0.513671875, "f_4": 0.5361328125}, "sample23": {"f_0": 0.4755859375, "f_1": 0.4921875, "f_2": 0.521484375, "f_3": 0.5205078125, "f_4": 0.56640625}, "sample24": {"f_0": 0.4384765625, "f_1": 0.4052734375, "f_2": 0.44921875, "f_3": 0.44140625, "f_4": 0.392578125}, "sample25": {"f_0": 0.4326171875, "f_1": 0.4619140625, "f_2": 0.5009765625, "f_3": 0.505859375, "f_4": 0.5234375}, "sample26": {"f_0": 0.484375, "f_1": 0.419921875, "f_2": 0.361328125, "f_3": 0.3125, "f_4": 0.2958984375}, "sample27": {"f_0": 0.4501953125, "f_1": 0.5205078125, "f_2": 0.5517578125, "f_3": 0.6083984375, "f_4": 0.6201171875}, "sample28": {"f_0": 0.4541015625, "f_1": 0.44921875, "f_2": 0.4970703125, "f_3": 0.5029296875, "f_4": 0.5341796875}, "sample29": {"f_0": 0.453125, "f_1": 0.447265625, "f_2": 0.416015625, "f_3": 0.427734375, "f_4": 0.4404296875}, "sample30": {"f_0": 0.45703125, "f_1": 0.421875, "f_2": 0.3671875, "f_3": 0.3740234375, "f_4": 0.3701171875}, "sample31": {"f_0": 0.4716796875, "f_1": 0.4716796875, "f_2": 0.529296875, "f_3": 0.537109375, "f_4": 0.58203125}, "sample32": {"f_0": 0.44921875, "f_1": 0.4365234375, "f_2": 0.4560546875, "f_3": 0.423828125, "f_4": 0.4375}, "sample33": {"f_0": 0.4609375, "f_1": 0.474609375, "f_2": 0.5556640625, "f_3": 0.5546875, "f_4": 0.619140625}, "sample34": {"f_0": 0.4755859375, "f_1": 0.365234375, "f_2": 0.3369140625, "f_3": 0.28515625, "f_4": 0.24609375}, "sample35": {"f_0": 0.4462890625, "f_1": 0.40625, "f_2": 0.3828125, "f_3": 0.37890625, "f_4": 0.32421875}, "sample36": {"f_0": 0.48046875, "f_1": 0.458984375, "f_2": 0.458984375, "f_3": 0.486328125, "f_4": 0.494140625}, "sample37": {"f_0": 0.4619140625, "f_1": 0.4384765625, "f_2": 0.4541015625, "f_3": 0.43359375, "f_4": 0.4677734375}, "sample38": {"f_0": 0.4765625, "f_1": 0.416015625, "f_2": 0.373046875, "f_3": 0.3671875, "f_4": 0.3037109375}, "sample39": {"f_0": 0.421875, "f_1": 0.4326171875, "f_2": 0.3662109375, "f_3": 0.345703125, "f_4": 0.328125}, "sample40": {"f_0": 0.4873046875, "f_1": 0.4541015625, "f_2": 0.443359375, "f_3": 0.4404296875, "f_4": 0.44921875}, "sample41": {"f_0": 0.4716796875, "f_1": 0.466796875, "f_2": 0.47265625, "f_3": 0.453125, "f_4": 0.4580078125}, "sample42": {"f_0": 0.451171875, "f_1": 0.478515625, "f_2": 0.5712890625, "f_3": 0.58203125, "f_4": 0.58203125}, "sample43": {"f_0": 0.49609375, "f_1": 0.4912109375, "f_2": 0.5625, "f_3": 0.58984375, "f_4": 0.5732421875}, "sample44": {"f_0": 0.4580078125, "f_1": 0.4404296875, "f_2": 0.447265625, "f_3": 0.47265625, "f_4": 0.505859375}, "sample45": {"f_0": 0.455078125, "f_1": 0.404296875, "f_2": 0.36328125, "f_3": 0.33984375, "f_4": 0.3388671875}, "sample46": {"f_0": 0.474609375, "f_1": 0.4873046875, "f_2": 0.556640625, "f_3": 0.5810546875, "f_4": 0.609375}, "sample47": {"f_0": 0.45703125, "f_1": 0.427734375, "f_2": 0.4404296875, "f_3": 0.43359375, "f_4": 0.43359375}, "sample48": {"f_0": 0.451171875, "f_1": 0.361328125, "f_2": 0.3779296875, "f_3": 0.333984375, "f_4": 0.310546875}, "sample49": {"f_0": 0.4736328125, "f_1": 0.4755859375, "f_2": 0.48046875, "f_3": 0.529296875, "f_4": 0.509765625}, "sample50": {"f_0": 0.46484375, "f_1": 0.4208984375, "f_2": 0.4326171875, "f_3": 0.4658203125, "f_4": 0.482421875}, "sample51": {"f_0": 0.4677734375, "f_1": 0.4736328125, "f_2": 0.5078125, "f_3": 0.5107421875, "f_4": 0.5615234375}, "sample52": {"f_0": 0.474609375, "f_1": 0.4052734375, "f_2": 0.3486328125, "f_3": 0.3115234375, "f_4": 0.27734375}, "sample53": {"f_0": 0.458984375, "f_1": 0.4287109375, "f_2": 0.376953125, "f_3": 0.35546875, "f_4": 0.3359375}, "sample54": {"f_0": 0.4658203125, "f_1": 0.4326171875, "f_2": 0.4658203125, "f_3": 0.4873046875, "f_4": 0.4970703125}, "sample55": {"f_0": 0.47265625, "f_1": 0.451171875, "f_2": 0.49609375, "f_3": 0.501953125, "f_4": 0.51171875}, "sample56": {"f_0": 0.44921875, "f_1": 0.3759765625, "f_2": 0.3994140625, "f_3": 0.39453125, "f_4": 0.361328125}, "sample57": {"f_0": 0.4755859375, "f_1": 0.4482421875, "f_2": 0.4462890625, "f_3": 0.416015625, "f_4": 0.451171875}, "sample58": {"f_0": 0.4482421875, "f_1": 0.4384765625, "f_2": 0.4833984375, "f_3": 0.4873046875, "f_4": 0.5126953125}, "sample59": {"f_0": 0.4375, "f_1": 0.4140625, "f_2": 0.4208984375, "f_3": 0.3876953125, "f_4": 0.40234375}, "sample60": {"f_0": 0.4638671875, "f_1": 0.5009765625, "f_2": 0.513671875, "f_3": 0.517578125, "f_4": 0.5673828125}, "sample61": {"f_0": 0.4873046875, "f_1": 0.46484375, "f_2": 0.439453125, "f_3": 0.453125, "f_4": 0.4296875}, "sample62": {"f_0": 0.486328125, "f_1": 0.44921875, "f_2": 0.4501953125, "f_3": 0.462890625, "f_4": 0.4765625}, "sample63": {"f_0": 0.4697265625, "f_1": 0.439453125, "f_2": 0.521484375, "f_3": 0.541015625, "f_4": 0.5791015625}, "sample64": {"f_0": 0.4697265625, "f_1": 0.4755859375, "f_2": 0.5380859375, "f_3": 0.57421875, "f_4": 0.5830078125}, "sample65": {"f_0": 0.4716796875, "f_1": 0.4521484375, "f_2": 0.4697265625, "f_3": 0.5224609375, "f_4": 0.494140625}, "sample66": {"f_0": 0.46484375, "f_1": 0.3994140625, "f_2": 0.4599609375, "f_3": 0.458984375, "f_4": 0.443359375}, "sample67": {"f_0": 0.4736328125, "f_1": 0.4326171875, "f_2": 0.4375, "f_3": 0.44921875, "f_4": 0.4052734375}, "sample68": {"f_0": 0.490234375, "f_1": 0.427734375, "f_2": 0.3837890625, "f_3": 0.435546875, "f_4": 0.42578125}, "sample69": {"f_0": 0.4814453125, "f_1": 0.455078125, "f_2": 0.4599609375, "f_3": 0.4814453125, "f_4": 0.478515625},