{"sample0": {"f_0": 0.5, "f_1": 0.529296875, "f_2": 0.5859375, "f_3": 0.595703125, "f_4": 0.66015625}, "sample1": {"f_0": 0.5068359375, "f_1": 0.4912109375, "f_2": 0.515625, "f_3": 0.4873046875, "f_4": 0.4775390625}, "sample2": {"f_0": 0.513671875, "f_1": 0.515625, "f_2": 0.5458984375, "f_3": 0.5224609375, "f_4": 0.5380859375}, "sample3": {"f_0": 0.482421875, "f_1": 0.5126953125, "f_2": 0.4970703125, "f_3": 0.5244140625, "f_4": 0.490234375}, "sample4": {"f_0": 0.4892578125, "f_1": 0.4267578125, "f_2": 0.3681640625, "f_3": 0.306640625, "f_4": 0.216796875}, "sample5": {"f_0": 0.4970703125, "f_1": 0.5166015625, "f_2": 0.5244140625, "f_3": 0.5439453125, "f_4": 0.51171875}, "sample6": {"f_0": 0.513671875, "f_1": 0.4677734375, "f_2": 0.3876953125, "f_3": 0.3232421875, "f_4": 0.2646484375}, "sample7": {"f_0": 0.4931640625, "f_1": 0.4599609375, "f_2": 0.4365234375, "f_3": 0.4189453125, "f_4": 0.4013671875}, "sample8": {"f_0": 0.5078125, "f_1": 0.478515625, "f_2": 0.453125, "f_3": 0.46484375, "f_4": 0.4287109375}, "sample9": {"f_0": 0.4970703125, "f_1": 0.48046875, "f_2": 0.47265625, "f_3": 0.447265625, "f_4": 0.4306640625}, "sample10": {"f_0": 0.4794921875, "f_1": 0.5146484375, "f_2": 0.5654296875, "f_3": 0.6279296875, "f_4": 0.6640625}, "sample11": {"f_0": 0.50390625, "f_1": 0.4365234375, "f_2": 0.4052734375, "f_3": 0.3671875, "f_4": 0.29296875}, "sample12": {"f_0": 0.5, "f_1": 0.4375, "f_2": 0.3935546875, "f_3": 0.3134765625, "f_4": 0.2705078125}, "sample13": {"f_0": 0.4921875, "f_1": 0.484375, "f_2": 0.4697265625, "f_3": 0.4345703125, "f_4": 0.4287109375}, "sample14": {"f_0": 0.4892578125, "f_1": 0.4736328125, "f_2": 0.46484375, "f_3": 0.453125, "f_4": 0.400390625}, "sample15": {"f_0": 0.4755859375, "f_1": 0.4091796875, "f_2": 0.3154296875, "f_3": 0.251953125, "f_4": 0.1953125}, "sample16": {"f_0": 0.5048828125, "f_1": 0.423828125, "f_2": 0.40234375, "f_3": 0.318359375, "f_4": 0.3037109375}, "sample17": {"f_0": 0.5146484375, "f_1": 0.484375, "f_2": 0.43359375, "f_3": 0.4130859375, "f_4": 0.359375}, "sample18": {"f_0": 0.505859375, "f_1": 0.5068359375, "f_2": 0.458984375, "f_3": 0.40234375, "f_4": 0.3486328125}, "sample19": {"f_0": 0.5166015625, "f_1": 0.5234375, "f_2": 0.494140625, "f_3": 0.5205078125, "f_4": 0.5078125}, "sample20": {"f_0": 0.4892578125, "f_1": 0.533203125, "f_2": 0.5634765625, "f_3": 0.552734375, "f_4": 0.591796875}, "sample21": {"f_0": 0.490234375, "f_1": 0.501953125, "f_2": 0.49609375, "f_3": 0.5029296875, "f_4": 0.4775390625}, "sample22": {"f_0": 0.509765625, "f_1": 0.43359375, "f_2": 0.4072265625, "f_3": 0.3408203125, "f_4": 0.3271484375}, "sample23": {"f_0": 0.4931640625, "f_1": 0.4482421875, "f_2": 0.408203125, "f_3": 0.3349609375, "f_4": 0.2685546875}, "sample24": {"f_0": 0.478515625, "f_1": 0.5078125, "f_2": 0.5107421875, "f_3": 0.498046875, "f_4": 0.494140625}, "sample25": {"f_0": 0.4794921875, "f_1": 0.45703125, "f_2": 0.4599609375, "f_3": 0.4091796875, "f_4": 0.349609375}, "sample26": {"f_0": 0.50390625, "f_1": 0.5341796875, "f_2": 0.6015625, "f_3": 0.603515625, "f_4": 0.6640625}, "sample27": {"f_0": 0.5, "f_1": 0.40234375, "f_2": 0.3173828125, "f_3": 0.234375, "f_4": 0.1591796875}, "sample28": {"f_0": 0.505859375, "f_1": 0.4814453125, "f_2": 0.42578125, "f_3": 0.4072265625, "f_4": 0.3740234375}, "sample29": {"f_0": 0.49609375, "f_1": 0.4775390625, "f_2": 0.474609375, "f_3": 0.4541015625, "f_4": 0.41015625}, "sample30": {"f_0": 0.46484375, "f_1": 0.51953125, "f_2": 0.546875, "f_3": 0.5458984375, "f_4": 0.576171875}, "sample31": {"f_0": 0.51171875, "f_1": 0.423828125, "f_2": 0.3681640625, "f_3": 0.3193359375, "f_4": 0.2431640625}, "sample32": {"f_0": 0.4775390625, "f_1": 0.494140625, "f_2": 0.4609375, "f_3": 0.4609375, "f_4": 0.4267578125}, "sample33": {"f_0": 0.498046875, "f_1": 0.40234375, "f_2": 0.3515625, "f_3": 0.279296875, "f_4": 0.2041015625}, "sample34": {"f_0": 0.48046875, "f_1": 0.5498046875, "f_2": 0.5732421875, "f_3": 0.6318359375, "f_4": 0.658203125}, "sample35": {"f_0": 0.5107421875, "f_1": 0.4931640625, "f_2": 0.537109375, "f_3": 0.5361328125, "f_4": 0.546875}, "sample36": {"f_0": 0.5078125, "f_1": 0.4462890625, "f_2": 0.427734375, "f_3": 0.4111328125, "f_4": 0.361328125}, "sample37": {"f_0": 0.49609375, "f_1": 0.505859375, "f_2": 0.4404296875, "f_3": 0.40625, "f_4": 0.390625}, "sample38": {"f_0": 0.5166015625, "f_1": 0.5126953125, "f_2": 0.5908203125, "f_3": 0.6025390625, "f_4": 0.623046875}, "sample39": {"f_0": 0.4716796875, "f_1": 0.517578125, "f_2": 0.5234375, "f_3": 0.546875, "f_4": 0.572265625}, "sample40": {"f_0": 0.4892578125, "f_1": 0.462890625, "f_2": 0.4560546875, "f_3": 0.453125, "f_4": 0.4453125}, "sample41": {"f_0": 0.4912109375, "f_1": 0.474609375, "f_2": 0.46484375, "f_3": 0.40625, "f_4": 0.3740234375}, "sample42": {"f_0": 0.513671875, "f_1": 0.447265625, "f_2": 0.3427734375, "f_3": 0.255859375, "f_4": 0.205078125}, "sample43": {"f_0": 0.501953125, "f_1": 0.4169921875, "f_2": 0.349609375, "f_3": 0.2509765625, "f_4": 0.2158203125}, "sample44": {"f_0": 0.513671875, "f_1": 0.447265625, "f_2": 0.421875, "f_3": 0.3759765625, "f_4": 0.328125}, "sample45": {"f_0": 0.4833984375, "f_1": 0.517578125, "f_2": 0.55078125, "f_3": 0.5703125, "f_4": 0.576171875}, "sample46": {"f_0": 0.5048828125, "f_1": 0.4150390625, "f_2": 0.3818359375, "f_3": 0.2783203125, "f_4": 0.21875}, "sample47": {"f_0": 0.49609375, "f_1": 0.490234375, "f_2": 0.4931640625, "f_3": 0.4599609375, "f_4": 0.4599609375}, "sample48": {"f_0": 0.5078125, "f_1": 0.525390625, "f_2": 0.5546875, "f_3": 0.5693359375, "f_4": 0.6259765625}, "sample49": {"f_0": 0.513671875, "f_1": 0.46875, "f_2": 0.4599609375, "f_3": 0.3896484375, "f_4": 0.38671875}, "sample50": {"f_0": 0.51953125, "f_1": 0.49609375, "f_2": 0.4541015625, "f_3": 0.4443359375, "f_4": 0.41796875}, "sample51": {"f_0": 0.4697265625, "f_1": 0.451171875, "f_2": 0.41015625, "f_3": 0.3740234375, "f_4": 0.3408203125}, "sample52": {"f_0": 0.4970703125, "f_1": 0.5693359375, "f_2": 0.6005859375, "f_3": 0.630859375, "f_4": 0.6376953125}, "sample53": {"f_0": 0.4951171875, "f_1": 0.5126953125, "f_2": 0.5693359375, "f_3": 0.5966796875, "f_4": 0.609375}, "sample54": {"f_0": 0.5048828125, "f_1": 0.4580078125, "f_2": 0.4365234375, "f_3": 0.3857421875, "f_4": 0.34765625}, "sample55": {"f_0": 0.4814453125, "f_1": 0.4541015625, "f_2": 0.4169921875, "f_3": 0.376953125, "f_4": 0.3603515625}, "sample56": {"f_0": 0.5107421875, "f_1": 0.529296875, "f_2": 0.5166015625, "f_3": 0.5693359375, "f_4": 0.5693359375}, "sample57": {"f_0": 0.4970703125, "f_1": 0.5166015625, "f_2": 0.5283203125, "f_3": 0.4931640625, "f_4": 0.505859375}, "sample58": {"f_0": 0.5146484375, "f_1": 0.490234375, "f_2": 0.4443359375, "f_3": 0.4052734375, "f_4": 0.375}, "sample59": {"f_0": 0.5341796875, "f_1": 0.4794921875, "f_2": 0.501953125, "f_3": 0.5078125, "f_4": 0.5244140625}, "sample60": {"f_0": 0.5380859375, "f_1": 0.44921875, "f_2": 0.3876953125, "f_3": 0.35546875, "f_4": 0.3134765625}, "sample61": {"f_0": 0.5302734375, "f_1": 0.50390625, "f_2": 0.51171875, "f_3": 0.5380859375, "f_4": 0.509765625}, "sample62": {"f_0": 0.49609375, "f_1": 0.5029296875, "f_2": 0.470703125, "f_3": 0.46875, "f_4": 0.4833984375}, "sample63": {"f_0": 0.494140625, "f_1": 0.40234375, "f_2": 0.34765625, "f_3": 0.32421875, "f_4": 0.2646484375}, "sample64": {"f_0": 0.501953125, "f_1": 0.4287109375, "f_2": 0.4033203125, "f_3": 0.30078125, "f_4": 0.2626953125}, "sample65": {"f_0": 0.5048828125, "f_1": 0.4697265625, "f_2": 0.40625, "f_3": 0.376953125, "f_4": 0.34765625}, "sample66": {"f_0": 0.498046875, "f_1": 0.443359375, "f_2": 0.4541015625, "f_3": 0.419921875, "f_4": 0.396484375}, "sample67": {"f_0": 0.5107421875, "f_1": 0.494140625, "f_2": 0.51171875, "f_3": 0.474609375, "f_4": 0.439453125}, "sample68": {"f_0": 0.4775390625, "f_1": 0.4716796875, "f_2": 0.5048828125, "f_3": 0.46484375, "f_4": 0.4951171875}, "sample69": {"f_0": 0.505859375, "f_1": 0.48046875, "f_2": 0.44921875, "f_3": 0.3994140625, "f_4": 0.37890625}, "sample70": {"f_0": 0.501953125, "f_1": 0.4296875,