{"sample0": {"f_0": 0, "f_1": 0.00921281985938549, "f_2": 0.015129368752241135, "f_3": 0.028142128139734268, "f_4": 0.03293341025710106}, "sample1": {"f_0": 0, "f_1": 0.009584879502654076, "f_2": 0.01635841280221939, "f_3": 0.010676502250134945, "f_4": 0.021035468205809593}, "sample2": {"f_0": 0, "f_1": 0.010034591890871525, "f_2": 0.010198173113167286, "f_3": 0.009730695746839046, "f_4": 0.015552827157080173}, "sample3": {"f_0": 0, "f_1": 0.010784576646983624, "f_2": 0.0023783750366419554, "f_3": 0.007109339814633131, "f_4": 0.016052914783358574}, "sample4": {"f_0": 0, "f_1": 0.014276519417762756, "f_2": 0.021657906472682953, "f_3": 0.06440522521734238, "f_4": 0.07544751465320587}, "sample5": {"f_0": 0, "f_1": 0.014810469932854176, "f_2": 0.012308605946600437, "f_3": 0.009860093705356121, "f_4": 0.017290279269218445}, "sample6": {"f_0": 0, "f_1": 0.018232502043247223, "f_2": 0.03589203953742981, "f_3": 0.046118371188640594, "f_4": 0.059337202459573746}, "sample7": {"f_0": 0, "f_1": 0.005539192818105221, "f_2": 0.004552516620606184, "f_3": 0.015496569685637951, "f_4": 0.009024198167026043}, "sample8": {"f_0": 0, "f_1": 0.016492934897542, "f_2": 0.012428751215338707, "f_3": 0.010976303368806839, "f_4": 0.019454902037978172}, "sample9": {"f_0": 0, "f_1": 0.011894783936440945, "f_2": 0.011043811216950417, "f_3": 0.016661543399095535, "f_4": 0.010006456635892391}, "sample10": {"f_0": 0, "f_1": 0.010586931370198727, "f_2": 0.017715750262141228, "f_3": 0.018483232706785202, "f_4": 0.024263035506010056}, "sample11": {"f_0": 0, "f_1": 0.0035112514160573483, "f_2": 0.011600438505411148, "f_3": 0.013050996698439121, "f_4": 0.016873760148882866}, "sample12": {"f_0": 0, "f_1": 0.015203023329377174, "f_2": 0.03730842098593712, "f_3": 0.04192056879401207, "f_4": 0.0628238245844841}, "sample13": {"f_0": 0, "f_1": 0.011965385638177395, "f_2": 0.011272216215729713, "f_3": 0.010642523877322674, "f_4": 0.025433629751205444}, "sample14": {"f_0": 0, "f_1": 0.018422244116663933, "f_2": 0.003934517968446016, "f_3": 0.015060367994010448, "f_4": 0.012848274782299995}, "sample15": {"f_0": 0, "f_1": 0.013033689931035042, "f_2": 0.036197729408741, "f_3": 0.06372718513011932, "f_4": 0.09061744809150696}, "sample16": {"f_0": 0, "f_1": 0.006421971134841442, "f_2": 0.016813989728689194, "f_3": 0.02308061718940735, "f_4": 0.0439804382622242}, "sample17": {"f_0": 0, "f_1": 0.007038399111479521, "f_2": 0.005620239768177271, "f_3": 0.0165482759475708, "f_4": 0.018919387832283974}, "sample18": {"f_0": 0, "f_1": 0.004809300880879164, "f_2": 0.009842648170888424, "f_3": 0.0062711783684790134, "f_4": 0.009497622027993202}, "sample19": {"f_0": 0, "f_1": 0.010363297536969185, "f_2": 0.013738940469920635, "f_3": 0.007855276577174664, "f_4": 0.008514657616615295}, "sample20": {"f_0": 0, "f_1": 0.013511709868907928, "f_2": 0.01875384710729122, "f_3": 0.022343669086694717, "f_4": 0.04161504656076431}, "sample21": {"f_0": 0, "f_1": 0.00264348485507071, "f_2": 0.006543140858411789, "f_3": 0.008559024892747402, "f_4": 0.014802330173552036}, "sample22": {"f_0": 0, "f_1": 0.02313503809273243, "f_2": 0.02118118666112423, "f_3": 0.02702399715781212, "f_4": 0.06396801769733429}, "sample23": {"f_0": 0, "f_1": 0.0069021377712488174, "f_2": 0.019829824566841125, "f_3": 0.027587657794356346, "f_4": 0.035899657756090164}, "sample24": {"f_0": 0, "f_1": 0.004221650771796703, "f_2": 0.005606029648333788, "f_3": 0.017348626628518105, "f_4": 0.011196847073733807}, "sample25": {"f_0": 0, "f_1": 0.014274136163294315, "f_2": 0.020656010136008263, "f_3": 0.02412666752934456, "f_4": 0.032558538019657135}, "sample26": {"f_0": 0, "f_1": 0.004167316015809774, "f_2": 0.007793699391186237, "f_3": 0.02442721277475357, "f_4": 0.028072774410247803}, "sample27": {"f_0": 0, "f_1": 0.0067941960878670216, "f_2": 0.03344306722283363, "f_3": 0.07900869846343994, "f_4": 0.10059871524572372}, "sample28": {"f_0": 0, "f_1": 0.010813325643539429, "f_2": 0.011269613169133663, "f_3": 0.017297515645623207, "f_4": 0.021222766488790512}, "sample29": {"f_0": 0, "f_1": 0.014240453951060772, "f_2": 0.0003618801129050553, "f_3": 0.013640093617141247, "f_4": 0.01015299092978239}, "sample30": {"f_0": 0, "f_1": 0.01423014048486948, "f_2": 0.01079555507749319, "f_3": 0.010384545661509037, "f_4": 0.028158502653241158}, "sample31": {"f_0": 0, "f_1": 0.009007924236357212, "f_2": 0.019013525918126106, "f_3": 0.0412541925907135, "f_4": 0.05548970028758049}, "sample32": {"f_0": 0, "f_1": 0.00544312410056591, "f_2": 0.003831268986687064, "f_3": 0.011979052796959877, "f_4": 0.010652057826519012}, "sample33": {"f_0": 0, "f_1": 0.024055561050772667, "f_2": 0.033670369535684586, "f_3": 0.05007191374897957, "f_4": 0.08272648602724075}, "sample34": {"f_0": 0, "f_1": 0.012103297747671604, "f_2": 0.02240774966776371, "f_3": 0.046016741544008255, "f_4": 0.05036463215947151}, "sample35": {"f_0": 0, "f_1": 0.011946429498493671, "f_2": 0.013766489923000336, "f_3": 0.009106148034334183, "f_4": 0.011083348654210567}, "sample36": {"f_0": 0, "f_1": 0.007638630922883749, "f_2": 0.019031746312975883, "f_3": 0.015654675662517548, "f_4": 0.02619967609643936}, "sample37": {"f_0": 0, "f_1": 0.005077982321381569, "f_2": 0.010493027046322823, "f_3": 0.008223802782595158, "f_4": 0.015188027173280716}, "sample38": {"f_0": 0, "f_1": 0.016550716012716293, "f_2": 0.027749842032790184, "f_3": 0.03415795415639877, "f_4": 0.034624721854925156}, "sample39": {"f_0": 0, "f_1": 0.004316658712923527, "f_2": 0.01590874046087265, "f_3": 0.022407960146665573, "f_4": 0.029059378430247307}, "sample40": {"f_0": 0, "f_1": 0.00901377946138382, "f_2": 0.0068056643940508366, "f_3": 0.013169519603252411, "f_4": 0.006522214040160179}, "sample41": {"f_0": 0, "f_1": 0.005029806401580572, "f_2": 0.006267822813242674, "f_3": 0.006457103881984949, "f_4": 0.009445128031075}, "sample42": {"f_0": 0, "f_1": 0.008238543756306171, "f_2": 0.01235676184296608, "f_3": 0.06063074991106987, "f_4": 0.08535518497228622}, "sample43": {"f_0": 0, "f_1": 0.016453871503472328, "f_2": 0.035634201020002365, "f_3": 0.07420080155134201, "f_4": 0.09423718601465225}, "sample44": {"f_0": 0, "f_1": 0.013494041748344898, "f_2": 0.024854913353919983, "f_3": 0.029219776391983032, "f_4": 0.035380769520998}, "sample45": {"f_0": 0, "f_1": 0.012018649838864803, "f_2": 0.007649824023246765, "f_3": 0.007952171377837658, "f_4": 0.01222960278391838}, "sample46": {"f_0": 0, "f_1": 0.017440421506762505, "f_2": 0.02502499148249626, "f_3": 0.052907686680555344, "f_4": 0.08225502818822861}, "sample47": {"f_0": 0, "f_1": 0.002138757146894932, "f_2": 0.007395750377327204, "f_3": 0.021520650014281273, "f_4": 0.013368705287575722}, "sample48": {"f_0": 0, "f_1": 0.009701295755803585, "f_2": 0.011710313148796558, "f_3": 0.008480045944452286, "f_4": 0.017244156450033188}, "sample49": {"f_0": 0, "f_1": 0.014260486699640751, "f_2": 0.018386071547865868, "f_3": 0.018316728994250298, "f_4": 0.026097847148776054}, "sample50": {"f_0": 0, "f_1": 0.010022623464465141, "f_2": 0.016930265352129936, "f_3": 0.022099267691373825, "f_4": 0.026819024235010147}, "sample51": {"f_0": 0, "f_1": 0.012109312228858471, "f_2": 0.024898499250411987, "f_3": 0.03841255605220795, "f_4": 0.036905113607645035}, "sample52": {"f_0": 0, "f_1": 0.011539674364030361, "f_2": 0.015685759484767914, "f_3": 0.028748612850904465, "f_4": 0.024108175188302994}, "sample53": {"f_0": 0, "f_1": 0.004838988184928894, "f_2": 0.017214398831129074, "f_3": 0.023871297016739845, "f_4": 0.022287731990218163}, "sample54": {"f_0": 0, "f_1": 0.004808892495930195, "f_2": 0.012942998670041561, "f_3": 0.017534688115119934, "f_4": 0.020644303411245346}, "sample55": {"f_0": 0, "f_1": 0.0058853342197835445, "f_2": 0.006183275952935219, "f_3": 0.020033452659845352, "f_4": 0.022399794310331345}, "sample56": {"f_0": 0, "f_1": 0.008225180208683014, "f_2": 0.0031496796291321516, "f_3": 0.010245684534311295, "f_4": 0.007796403020620346}, "sample57": {"f_0": 0, "f_1": 0.007926841266453266, "f_2": 0.008203160017728806,