{"sample0": {"f_0": 0.473876953125, "f_1": 0.47021484375, "f_2": 0.4833984375, "f_3": 0.54443359375, "f_4": 0.53564453125}, "sample1": {"f_0": 0.494140625, "f_1": 0.468994140625, "f_2": 0.465576171875, "f_3": 0.46044921875, "f_4": 0.42236328125}, "sample2": {"f_0": 0.474609375, "f_1": 0.4541015625, "f_2": 0.478271484375, "f_3": 0.4482421875, "f_4": 0.471923828125}, "sample3": {"f_0": 0.46875, "f_1": 0.425537109375, "f_2": 0.45703125, "f_3": 0.449462890625, "f_4": 0.4091796875}, "sample4": {"f_0": 0.486083984375, "f_1": 0.36572265625, "f_2": 0.30419921875, "f_3": 0.234375, "f_4": 0.189208984375}, "sample5": {"f_0": 0.485107421875, "f_1": 0.463134765625, "f_2": 0.464599609375, "f_3": 0.4658203125, "f_4": 0.45263671875}, "sample6": {"f_0": 0.4814453125, "f_1": 0.34814453125, "f_2": 0.28173828125, "f_3": 0.240234375, "f_4": 0.234375}, "sample7": {"f_0": 0.472412109375, "f_1": 0.421142578125, "f_2": 0.410888671875, "f_3": 0.35888671875, "f_4": 0.345458984375}, "sample8": {"f_0": 0.474853515625, "f_1": 0.404052734375, "f_2": 0.391357421875, "f_3": 0.355712890625, "f_4": 0.3662109375}, "sample9": {"f_0": 0.472900390625, "f_1": 0.431640625, "f_2": 0.3720703125, "f_3": 0.401123046875, "f_4": 0.377197265625}, "sample10": {"f_0": 0.469482421875, "f_1": 0.469970703125, "f_2": 0.499755859375, "f_3": 0.501220703125, "f_4": 0.53759765625}, "sample11": {"f_0": 0.4814453125, "f_1": 0.431884765625, "f_2": 0.33740234375, "f_3": 0.3369140625, "f_4": 0.297607421875}, "sample12": {"f_0": 0.481689453125, "f_1": 0.37109375, "f_2": 0.28369140625, "f_3": 0.2744140625, "f_4": 0.2265625}, "sample13": {"f_0": 0.478271484375, "f_1": 0.374755859375, "f_2": 0.348876953125, "f_3": 0.39794921875, "f_4": 0.328125}, "sample14": {"f_0": 0.481201171875, "f_1": 0.371337890625, "f_2": 0.423828125, "f_3": 0.366943359375, "f_4": 0.356201171875}, "sample15": {"f_0": 0.485107421875, "f_1": 0.335205078125, "f_2": 0.283447265625, "f_3": 0.240234375, "f_4": 0.172119140625}, "sample16": {"f_0": 0.479736328125, "f_1": 0.431884765625, "f_2": 0.367431640625, "f_3": 0.3330078125, "f_4": 0.26123046875}, "sample17": {"f_0": 0.478271484375, "f_1": 0.380859375, "f_2": 0.376708984375, "f_3": 0.32666015625, "f_4": 0.3564453125}, "sample18": {"f_0": 0.471435546875, "f_1": 0.398681640625, "f_2": 0.39111328125, "f_3": 0.364990234375, "f_4": 0.336669921875}, "sample19": {"f_0": 0.4794921875, "f_1": 0.40625, "f_2": 0.428466796875, "f_3": 0.437744140625, "f_4": 0.4345703125}, "sample20": {"f_0": 0.4921875, "f_1": 0.456298828125, "f_2": 0.473388671875, "f_3": 0.493408203125, "f_4": 0.53759765625}, "sample21": {"f_0": 0.4833984375, "f_1": 0.4365234375, "f_2": 0.44482421875, "f_3": 0.4755859375, "f_4": 0.454345703125}, "sample22": {"f_0": 0.498046875, "f_1": 0.349365234375, "f_2": 0.3330078125, "f_3": 0.31005859375, "f_4": 0.24560546875}, "sample23": {"f_0": 0.470458984375, "f_1": 0.383544921875, "f_2": 0.32958984375, "f_3": 0.29150390625, "f_4": 0.281494140625}, "sample24": {"f_0": 0.489990234375, "f_1": 0.400146484375, "f_2": 0.39599609375, "f_3": 0.379638671875, "f_4": 0.405029296875}, "sample25": {"f_0": 0.4794921875, "f_1": 0.375244140625, "f_2": 0.3359375, "f_3": 0.30419921875, "f_4": 0.288330078125}, "sample26": {"f_0": 0.4912109375, "f_1": 0.447509765625, "f_2": 0.4833984375, "f_3": 0.532958984375, "f_4": 0.547119140625}, "sample27": {"f_0": 0.4833984375, "f_1": 0.361083984375, "f_2": 0.279052734375, "f_3": 0.1767578125, "f_4": 0.15673828125}, "sample28": {"f_0": 0.48486328125, "f_1": 0.435791015625, "f_2": 0.38232421875, "f_3": 0.344970703125, "f_4": 0.303466796875}, "sample29": {"f_0": 0.4736328125, "f_1": 0.400146484375, "f_2": 0.40380859375, "f_3": 0.352783203125, "f_4": 0.357177734375}, "sample30": {"f_0": 0.48193359375, "f_1": 0.47509765625, "f_2": 0.482421875, "f_3": 0.44873046875, "f_4": 0.510986328125}, "sample31": {"f_0": 0.488525390625, "f_1": 0.391845703125, "f_2": 0.31591796875, "f_3": 0.265625, "f_4": 0.231689453125}, "sample32": {"f_0": 0.483154296875, "f_1": 0.42724609375, "f_2": 0.416015625, "f_3": 0.437744140625, "f_4": 0.424560546875}, "sample33": {"f_0": 0.48046875, "f_1": 0.3017578125, "f_2": 0.285888671875, "f_3": 0.2392578125, "f_4": 0.1865234375}, "sample34": {"f_0": 0.470703125, "f_1": 0.468017578125, "f_2": 0.5263671875, "f_3": 0.577392578125, "f_4": 0.5810546875}, "sample35": {"f_0": 0.4794921875, "f_1": 0.4189453125, "f_2": 0.436767578125, "f_3": 0.459716796875, "f_4": 0.428955078125}, "sample36": {"f_0": 0.475341796875, "f_1": 0.391845703125, "f_2": 0.3642578125, "f_3": 0.348876953125, "f_4": 0.308837890625}, "sample37": {"f_0": 0.478515625, "f_1": 0.39306640625, "f_2": 0.401611328125, "f_3": 0.339599609375, "f_4": 0.3125}, "sample38": {"f_0": 0.460693359375, "f_1": 0.47216796875, "f_2": 0.516357421875, "f_3": 0.554443359375, "f_4": 0.544677734375}, "sample39": {"f_0": 0.473876953125, "f_1": 0.468994140625, "f_2": 0.500244140625, "f_3": 0.502197265625, "f_4": 0.52490234375}, "sample40": {"f_0": 0.468994140625, "f_1": 0.477783203125, "f_2": 0.45263671875, "f_3": 0.428955078125, "f_4": 0.371337890625}, "sample41": {"f_0": 0.4853515625, "f_1": 0.45068359375, "f_2": 0.435302734375, "f_3": 0.387939453125, "f_4": 0.375244140625}, "sample42": {"f_0": 0.47216796875, "f_1": 0.39990234375, "f_2": 0.31494140625, "f_3": 0.218505859375, "f_4": 0.16748046875}, "sample43": {"f_0": 0.47705078125, "f_1": 0.371826171875, "f_2": 0.260498046875, "f_3": 0.198486328125, "f_4": 0.168212890625}, "sample44": {"f_0": 0.4619140625, "f_1": 0.402099609375, "f_2": 0.314453125, "f_3": 0.2880859375, "f_4": 0.271728515625}, "sample45": {"f_0": 0.47509765625, "f_1": 0.413330078125, "f_2": 0.447265625, "f_3": 0.419189453125, "f_4": 0.459716796875}, "sample46": {"f_0": 0.483642578125, "f_1": 0.357666015625, "f_2": 0.270751953125, "f_3": 0.240234375, "f_4": 0.1845703125}, "sample47": {"f_0": 0.46533203125, "f_1": 0.4111328125, "f_2": 0.434814453125, "f_3": 0.3427734375, "f_4": 0.346435546875}, "sample48": {"f_0": 0.4794921875, "f_1": 0.40673828125, "f_2": 0.48388671875, "f_3": 0.452880859375, "f_4": 0.514404296875}, "sample49": {"f_0": 0.47216796875, "f_1": 0.371826171875, "f_2": 0.323974609375, "f_3": 0.3359375, "f_4": 0.28271484375}, "sample50": {"f_0": 0.479248046875, "f_1": 0.404541015625, "f_2": 0.3642578125, "f_3": 0.32421875, "f_4": 0.331298828125}, "sample51": {"f_0": 0.477294921875, "f_1": 0.345703125, "f_2": 0.323974609375, "f_3": 0.28564453125, "f_4": 0.281494140625}, "sample52": {"f_0": 0.475341796875, "f_1": 0.52734375, "f_2": 0.50439453125, "f_3": 0.54150390625, "f_4": 0.5078125}, "sample53": {"f_0": 0.47607421875, "f_1": 0.466064453125, "f_2": 0.50048828125, "f_3": 0.5078125, "f_4": 0.53173828125}, "sample54": {"f_0": 0.478759765625, "f_1": 0.3798828125, "f_2": 0.335693359375, "f_3": 0.338134765625, "f_4": 0.3076171875}, "sample55": {"f_0": 0.464599609375, "f_1": 0.448486328125, "f_2": 0.3955078125, "f_3": 0.322265625, "f_4": 0.332275390625}, "sample56": {"f_0": 0.468994140625, "f_1": 0.392822265625, "f_2": 0.39892578125, "f_3": 0.46337890625, "f_4": 0.440185546875}, "sample57": {"f_0": 0.4814453125, "f_1": 0.432861328125, "f_2": 0.47119140625, "f_3": 0.4541015625, "f_4": 0.468994140625}, "sample58": {"f_0": 0.483154296875, "f_1": 0.4150390625, "f_2": 0.364013671875, "f_3": 0.36669921875, "f_4": 0.35009765625}, "sample59": {"f_0": 0.474853515625, "f_1": 0.435302734375, "f_2": 0.449462890625, "f_3": 0.438232421875, "f_4": 0.415771484375}, "sample60": {"f_0": 0.45849609375, "f_1": 0.4052734375, "f_2": 0.3583984375, "f_3": 0.319091796875, "f_4": 0.266357421875}, "sample61": {"f_0": 0.481689453125, "f_1": 0.445556640625, "f_2": 0.44970703125, "f_3": 0.489013671875, "f_4": 0.4638671875}, "sample62": {"f_0": 0.470458984375, "f_1": 0.4453125, "f_2": 0.39697265625, "f_3": 0.40380859375, "f_4": 0.40087890625}, "sample63": {"f_0": 0.468994140625, "f_1": 0.403564453125, "f_2": 0.324462890625, "f_3": 0.266357421875, "f_4": 0.248779296875}, "sample64": {"f_0": 0.467041015625, "f_1": 0.3662109375,