{"sample0": {"f_0": 0.5010924935340881, "f_1": 0.41978004574775696, "f_2": 0.3723198473453522, "f_3": 0.29586952924728394, "f_4": 0.2856602966785431}, "sample1": {"f_0": 0.4896753430366516, "f_1": 0.3910526931285858, "f_2": 0.36267128586769104, "f_3": 0.3486291766166687, "f_4": 0.3232709765434265}, "sample2": {"f_0": 0.49356913566589355, "f_1": 0.4145320653915405, "f_2": 0.3829503357410431, "f_3": 0.39841610193252563, "f_4": 0.359535813331604}, "sample3": {"f_0": 0.5100334882736206, "f_1": 0.43922436237335205, "f_2": 0.4103935658931732, "f_3": 0.4080197811126709, "f_4": 0.42405474185943604}, "sample4": {"f_0": 0.5055459141731262, "f_1": 0.5031682848930359, "f_2": 0.5605898499488831, "f_3": 0.6275437474250793, "f_4": 0.6365118622779846}, "sample5": {"f_0": 0.49999862909317017, "f_1": 0.4143633544445038, "f_2": 0.3840104043483734, "f_3": 0.3546328544616699, "f_4": 0.3703312277793884}, "sample6": {"f_0": 0.4951895475387573, "f_1": 0.5454995036125183, "f_2": 0.5824715495109558, "f_3": 0.6283015608787537, "f_4": 0.6212871670722961}, "sample7": {"f_0": 0.4796445071697235, "f_1": 0.4482062757015228, "f_2": 0.4666811525821686, "f_3": 0.522072434425354, "f_4": 0.5258741974830627}, "sample8": {"f_0": 0.508223295211792, "f_1": 0.470691055059433, "f_2": 0.4805227220058441, "f_3": 0.4974474012851715, "f_4": 0.4840671718120575}, "sample9": {"f_0": 0.49774521589279175, "f_1": 0.43035465478897095, "f_2": 0.49268653988838196, "f_3": 0.44955334067344666, "f_4": 0.44068339467048645}, "sample10": {"f_0": 0.5064409971237183, "f_1": 0.42584922909736633, "f_2": 0.3531191647052765, "f_3": 0.35797518491744995, "f_4": 0.27602994441986084}, "sample11": {"f_0": 0.4808354377746582, "f_1": 0.42899760603904724, "f_2": 0.49601253867149353, "f_3": 0.49886640906333923, "f_4": 0.5027583837509155}, "sample12": {"f_0": 0.5002230405807495, "f_1": 0.5165084004402161, "f_2": 0.5988588333129883, "f_3": 0.5930290222167969, "f_4": 0.630889356136322}, "sample13": {"f_0": 0.5014365911483765, "f_1": 0.5070539116859436, "f_2": 0.5271360278129578, "f_3": 0.5027348399162292, "f_4": 0.5255975723266602}, "sample14": {"f_0": 0.5063138008117676, "f_1": 0.5016507506370544, "f_2": 0.42972564697265625, "f_3": 0.4924180209636688, "f_4": 0.4472842812538147}, "sample15": {"f_0": 0.48781126737594604, "f_1": 0.5302817821502686, "f_2": 0.5853312015533447, "f_3": 0.6067681908607483, "f_4": 0.6311860680580139}, "sample16": {"f_0": 0.5152316689491272, "f_1": 0.4734898507595062, "f_2": 0.5136122703552246, "f_3": 0.564030647277832, "f_4": 0.6072195768356323}, "sample17": {"f_0": 0.5019386410713196, "f_1": 0.5104551315307617, "f_2": 0.47530582547187805, "f_3": 0.5501113533973694, "f_4": 0.5058441758155823}, "sample18": {"f_0": 0.5038322806358337, "f_1": 0.4893326759338379, "f_2": 0.45608294010162354, "f_3": 0.4574822783470154, "f_4": 0.45224007964134216}, "sample19": {"f_0": 0.5064106583595276, "f_1": 0.4842062294483185, "f_2": 0.4488160014152527, "f_3": 0.45286715030670166, "f_4": 0.4339052140712738}, "sample20": {"f_0": 0.5027461051940918, "f_1": 0.39076071977615356, "f_2": 0.34786173701286316, "f_3": 0.3282146155834198, "f_4": 0.2752736508846283}, "sample21": {"f_0": 0.5058596134185791, "f_1": 0.4149731397628784, "f_2": 0.4137037396430969, "f_3": 0.3959777057170868, "f_4": 0.39907869696617126}, "sample22": {"f_0": 0.49672454595565796, "f_1": 0.5340490341186523, "f_2": 0.5558995604515076, "f_3": 0.5570328831672668, "f_4": 0.6155210733413696}, "sample23": {"f_0": 0.5085818767547607, "f_1": 0.4955904185771942, "f_2": 0.5280830264091492, "f_3": 0.5281972289085388, "f_4": 0.5751020908355713}, "sample24": {"f_0": 0.5089378952980042, "f_1": 0.4897323250770569, "f_2": 0.46402016282081604, "f_3": 0.5008348226547241, "f_4": 0.4652238190174103}, "sample25": {"f_0": 0.48194441199302673, "f_1": 0.49989214539527893, "f_2": 0.5363661646842957, "f_3": 0.5428397059440613, "f_4": 0.5808285474777222}, "sample26": {"f_0": 0.5094326138496399, "f_1": 0.40745458006858826, "f_2": 0.3763178884983063, "f_3": 0.3102603256702423, "f_4": 0.2983628213405609}, "sample27": {"f_0": 0.5030752420425415, "f_1": 0.5083829164505005, "f_2": 0.5618138313293457, "f_3": 0.6437471508979797, "f_4": 0.6521275043487549}, "sample28": {"f_0": 0.4990183413028717, "f_1": 0.45120900869369507, "f_2": 0.47969940304756165, "f_3": 0.5159327387809753, "f_4": 0.5616514086723328}, "sample29": {"f_0": 0.5067553520202637, "f_1": 0.5025569796562195, "f_2": 0.44359666109085083, "f_3": 0.48741820454597473, "f_4": 0.4254653751850128}, "sample30": {"f_0": 0.5175270438194275, "f_1": 0.3660668432712555, "f_2": 0.3644484281539917, "f_3": 0.38447949290275574, "f_4": 0.3057354688644409}, "sample31": {"f_0": 0.5084649324417114, "f_1": 0.49679628014564514, "f_2": 0.5322189927101135, "f_3": 0.6047468185424805, "f_4": 0.6134759187698364}, "sample32": {"f_0": 0.5237055420875549, "f_1": 0.43303579092025757, "f_2": 0.4169873893260956, "f_3": 0.4080270826816559, "f_4": 0.4120981991291046}, "sample33": {"f_0": 0.5109302401542664, "f_1": 0.5769437551498413, "f_2": 0.5784773826599121, "f_3": 0.6120031476020813, "f_4": 0.6539637446403503}, "sample34": {"f_0": 0.5028014183044434, "f_1": 0.40584781765937805, "f_2": 0.3252626061439514, "f_3": 0.2574976980686188, "f_4": 0.2416621297597885}, "sample35": {"f_0": 0.49673622846603394, "f_1": 0.4485631287097931, "f_2": 0.3982040286064148, "f_3": 0.3716244697570801, "f_4": 0.38140869140625}, "sample36": {"f_0": 0.4799242317676544, "f_1": 0.48474714159965515, "f_2": 0.5180343985557556, "f_3": 0.5355416536331177, "f_4": 0.5431469082832336}, "sample37": {"f_0": 0.49796029925346375, "f_1": 0.44480660557746887, "f_2": 0.44582676887512207, "f_3": 0.462690532207489, "f_4": 0.4327344298362732}, "sample38": {"f_0": 0.4915459156036377, "f_1": 0.37721022963523865, "f_2": 0.34788066148757935, "f_3": 0.2786099314689636, "f_4": 0.2878308594226837}, "sample39": {"f_0": 0.5045518279075623, "f_1": 0.3915811777114868, "f_2": 0.3576138913631439, "f_3": 0.32721641659736633, "f_4": 0.28091296553611755}, "sample40": {"f_0": 0.49318748712539673, "f_1": 0.3776121139526367, "f_2": 0.3910728693008423, "f_3": 0.4446878731250763, "f_4": 0.4388401508331299}, "sample41": {"f_0": 0.49634015560150146, "f_1": 0.4094127118587494, "f_2": 0.4295538067817688, "f_3": 0.44554343819618225, "f_4": 0.44168752431869507}, "sample42": {"f_0": 0.5128865242004395, "f_1": 0.4711190164089203, "f_2": 0.5271092057228088, "f_3": 0.6237314939498901, "f_4": 0.6425334811210632}, "sample43": {"f_0": 0.4962664544582367, "f_1": 0.5110382437705994, "f_2": 0.5918782949447632, "f_3": 0.644667387008667, "f_4": 0.640670895576477}, "sample44": {"f_0": 0.5049742460250854, "f_1": 0.4966185390949249, "f_2": 0.5617794394493103, "f_3": 0.5641462802886963, "f_4": 0.5487642884254456}, "sample45": {"f_0": 0.48713988065719604, "f_1": 0.465026319026947, "f_2": 0.4185281991958618, "f_3": 0.44647157192230225, "f_4": 0.3839458227157593}, "sample46": {"f_0": 0.4947480261325836, "f_1": 0.5167626738548279, "f_2": 0.5897409319877625, "f_3": 0.6089634895324707, "f_4": 0.6214187741279602}, "sample47": {"f_0": 0.49782687425613403, "f_1": 0.4720763862133026, "f_2": 0.45949578285217285, "f_3": 0.5538106560707092, "f_4": 0.5167492032051086}, "sample48": {"f_0": 0.5054136514663696, "f_1": 0.47678297758102417, "f_2": 0.36691105365753174, "f_3": 0.3970670700073242, "f_4": 0.3171495199203491}, "sample49": {"f_0": 0.4994964003562927, "f_1": 0.49574220180511475, "f_2": 0.5520186424255371, "f_3": 0.5168886780738831, "f_4": 0.5755660533905029}, "sample50": {"f_0": 0.5130128264427185, "f_1": 0.481870174407959, "f_2": 0.5254091024398804, "f_3": 0.5569981336593628, "f_4": 0.5588275194168091}, "sample51": {"f_0": 0.4961434602737427, "f_1": 0.5302053093910217, "f_2": 0.539584755897522, "f_3": 0.595910906791687, "f_4": 0.577908992767334}, "sample52": {"f_0": 0.5073501467704773, "f_1": 0.3462880849838257, "f_2": 0.3729758858680725, "f_3": 0.30233702063560486, "f_4": 0.32004088163375854}, "sample53": {"f_0": 0.5128609538078308,