{"sample0": {"f_0": 0.945068359375, "f_1": 0.830810546875, "f_2": 0.831787109375, "f_3": 0.807373046875, "f_4": 0.772216796875}, "sample1": {"f_0": 0.947265625, "f_1": 0.817138671875, "f_2": 0.814453125, "f_3": 0.76220703125, "f_4": 0.72265625}, "sample2": {"f_0": 0.95166015625, "f_1": 0.840576171875, "f_2": 0.8291015625, "f_3": 0.8076171875, "f_4": 0.7919921875}, "sample3": {"f_0": 0.953857421875, "f_1": 0.845458984375, "f_2": 0.8330078125, "f_3": 0.8125, "f_4": 0.795166015625}, "sample4": {"f_0": 0.948486328125, "f_1": 0.844482421875, "f_2": 0.78173828125, "f_3": 0.74267578125, "f_4": 0.702880859375}, "sample5": {"f_0": 0.945556640625, "f_1": 0.829345703125, "f_2": 0.8154296875, "f_3": 0.811767578125, "f_4": 0.80615234375}, "sample6": {"f_0": 0.94384765625, "f_1": 0.83447265625, "f_2": 0.80078125, "f_3": 0.760986328125, "f_4": 0.770751953125}, "sample7": {"f_0": 0.95263671875, "f_1": 0.84375, "f_2": 0.8427734375, "f_3": 0.8427734375, "f_4": 0.813720703125}, "sample8": {"f_0": 0.943359375, "f_1": 0.849609375, "f_2": 0.828857421875, "f_3": 0.813232421875, "f_4": 0.80224609375}, "sample9": {"f_0": 0.947509765625, "f_1": 0.83447265625, "f_2": 0.815673828125, "f_3": 0.796142578125, "f_4": 0.758056640625}, "sample10": {"f_0": 0.955078125, "f_1": 0.84423828125, "f_2": 0.8212890625, "f_3": 0.79541015625, "f_4": 0.794189453125}, "sample11": {"f_0": 0.9541015625, "f_1": 0.833740234375, "f_2": 0.7998046875, "f_3": 0.798583984375, "f_4": 0.740966796875}, "sample12": {"f_0": 0.952880859375, "f_1": 0.840087890625, "f_2": 0.79150390625, "f_3": 0.7666015625, "f_4": 0.75244140625}, "sample13": {"f_0": 0.947265625, "f_1": 0.827392578125, "f_2": 0.850341796875, "f_3": 0.840576171875, "f_4": 0.822021484375}, "sample14": {"f_0": 0.95263671875, "f_1": 0.822265625, "f_2": 0.839111328125, "f_3": 0.80810546875, "f_4": 0.76953125}, "sample15": {"f_0": 0.95068359375, "f_1": 0.838134765625, "f_2": 0.79541015625, "f_3": 0.73974609375, "f_4": 0.688232421875}, "sample16": {"f_0": 0.947021484375, "f_1": 0.858642578125, "f_2": 0.82568359375, "f_3": 0.8037109375, "f_4": 0.777099609375}, "sample17": {"f_0": 0.95068359375, "f_1": 0.822998046875, "f_2": 0.82373046875, "f_3": 0.80517578125, "f_4": 0.777099609375}, "sample18": {"f_0": 0.953125, "f_1": 0.82861328125, "f_2": 0.827392578125, "f_3": 0.789794921875, "f_4": 0.756591796875}, "sample19": {"f_0": 0.948486328125, "f_1": 0.845947265625, "f_2": 0.83837890625, "f_3": 0.844482421875, "f_4": 0.83935546875}, "sample20": {"f_0": 0.94189453125, "f_1": 0.82080078125, "f_2": 0.80615234375, "f_3": 0.787109375, "f_4": 0.7734375}, "sample21": {"f_0": 0.951171875, "f_1": 0.82177734375, "f_2": 0.830078125, "f_3": 0.81396484375, "f_4": 0.822509765625}, "sample22": {"f_0": 0.94775390625, "f_1": 0.815673828125, "f_2": 0.828369140625, "f_3": 0.78955078125, "f_4": 0.750732421875}, "sample23": {"f_0": 0.94873046875, "f_1": 0.82373046875, "f_2": 0.81640625, "f_3": 0.781494140625, "f_4": 0.7724609375}, "sample24": {"f_0": 0.939453125, "f_1": 0.85107421875, "f_2": 0.84619140625, "f_3": 0.840087890625, "f_4": 0.826171875}, "sample25": {"f_0": 0.951171875, "f_1": 0.828857421875, "f_2": 0.826416015625, "f_3": 0.808837890625, "f_4": 0.79443359375}, "sample26": {"f_0": 0.9443359375, "f_1": 0.831787109375, "f_2": 0.824951171875, "f_3": 0.820068359375, "f_4": 0.783447265625}, "sample27": {"f_0": 0.949951171875, "f_1": 0.833984375, "f_2": 0.7919921875, "f_3": 0.715576171875, "f_4": 0.65625}, "sample28": {"f_0": 0.94775390625, "f_1": 0.846435546875, "f_2": 0.819091796875, "f_3": 0.80517578125, "f_4": 0.797607421875}, "sample29": {"f_0": 0.948486328125, "f_1": 0.837890625, "f_2": 0.816650390625, "f_3": 0.782958984375, "f_4": 0.748779296875}, "sample30": {"f_0": 0.949462890625, "f_1": 0.839599609375, "f_2": 0.80859375, "f_3": 0.78857421875, "f_4": 0.758544921875}, "sample31": {"f_0": 0.951416015625, "f_1": 0.839111328125, "f_2": 0.79833984375, "f_3": 0.758056640625, "f_4": 0.7314453125}, "sample32": {"f_0": 0.94873046875, "f_1": 0.822509765625, "f_2": 0.80419921875, "f_3": 0.812255859375, "f_4": 0.783935546875}, "sample33": {"f_0": 0.953125, "f_1": 0.81103515625, "f_2": 0.791748046875, "f_3": 0.7666015625, "f_4": 0.728271484375}, "sample34": {"f_0": 0.94873046875, "f_1": 0.831787109375, "f_2": 0.802734375, "f_3": 0.790771484375, "f_4": 0.76318359375}, "sample35": {"f_0": 0.947021484375, "f_1": 0.8330078125, "f_2": 0.8251953125, "f_3": 0.795654296875, "f_4": 0.7548828125}, "sample36": {"f_0": 0.947998046875, "f_1": 0.846923828125, "f_2": 0.81689453125, "f_3": 0.82861328125, "f_4": 0.775146484375}, "sample37": {"f_0": 0.947509765625, "f_1": 0.822021484375, "f_2": 0.79296875, "f_3": 0.76123046875, "f_4": 0.7373046875}, "sample38": {"f_0": 0.9404296875, "f_1": 0.84326171875, "f_2": 0.82080078125, "f_3": 0.7939453125, "f_4": 0.776611328125}, "sample39": {"f_0": 0.943115234375, "f_1": 0.83251953125, "f_2": 0.80078125, "f_3": 0.77734375, "f_4": 0.756591796875}, "sample40": {"f_0": 0.937255859375, "f_1": 0.83056640625, "f_2": 0.81591796875, "f_3": 0.804443359375, "f_4": 0.79736328125}, "sample41": {"f_0": 0.943115234375, "f_1": 0.830322265625, "f_2": 0.80908203125, "f_3": 0.790283203125, "f_4": 0.762939453125}, "sample42": {"f_0": 0.942626953125, "f_1": 0.84130859375, "f_2": 0.808837890625, "f_3": 0.73583984375, "f_4": 0.68505859375}, "sample43": {"f_0": 0.934814453125, "f_1": 0.824462890625, "f_2": 0.780517578125, "f_3": 0.736328125, "f_4": 0.67626953125}, "sample44": {"f_0": 0.939453125, "f_1": 0.841796875, "f_2": 0.811279296875, "f_3": 0.777099609375, "f_4": 0.744384765625}, "sample45": {"f_0": 0.9384765625, "f_1": 0.833251953125, "f_2": 0.8310546875, "f_3": 0.80712890625, "f_4": 0.797607421875}, "sample46": {"f_0": 0.94189453125, "f_1": 0.820556640625, "f_2": 0.79296875, "f_3": 0.7373046875, "f_4": 0.697509765625}, "sample47": {"f_0": 0.94384765625, "f_1": 0.83837890625, "f_2": 0.8388671875, "f_3": 0.833984375, "f_4": 0.817138671875}, "sample48": {"f_0": 0.937744140625, "f_1": 0.8359375, "f_2": 0.82958984375, "f_3": 0.82275390625, "f_4": 0.7900390625}, "sample49": {"f_0": 0.93994140625, "f_1": 0.80810546875, "f_2": 0.8095703125, "f_3": 0.814453125, "f_4": 0.7939453125}, "sample50": {"f_0": 0.942626953125, "f_1": 0.83349609375, "f_2": 0.826171875, "f_3": 0.811279296875, "f_4": 0.811279296875}, "sample51": {"f_0": 0.941162109375, "f_1": 0.818603515625, "f_2": 0.8310546875, "f_3": 0.79296875, "f_4": 0.788818359375}, "sample52": {"f_0": 0.94384765625, "f_1": 0.82568359375, "f_2": 0.809814453125, "f_3": 0.794921875, "f_4": 0.767578125}, "sample53": {"f_0": 0.945556640625, "f_1": 0.837158203125, "f_2": 0.81689453125, "f_3": 0.793212890625, "f_4": 0.798828125}, "sample54": {"f_0": 0.9423828125, "f_1": 0.81884765625, "f_2": 0.794677734375, "f_3": 0.792236328125, "f_4": 0.75634765625}, "sample55": {"f_0": 0.942138671875, "f_1": 0.8369140625, "f_2": 0.817626953125, "f_3": 0.80712890625, "f_4": 0.777587890625}, "sample56": {"f_0": 0.94287109375, "f_1": 0.829833984375, "f_2": 0.8291015625, "f_3": 0.827392578125, "f_4": 0.806640625}, "sample57": {"f_0": 0.947021484375, "f_1": 0.82568359375, "f_2": 0.829345703125, "f_3": 0.812744140625, "f_4": 0.8134765625}, "sample58": {"f_0": 0.945556640625, "f_1": 0.8212890625, "f_2": 0.81689453125, "f_3": 0.814453125, "f_4": 0.825439453125}, "sample59": {"f_0": 0.938232421875, "f_1": 0.8330078125, "f_2": 0.79833984375, "f_3": 0.789794921875, "f_4": 0.79736328125}, "sample60": {"f_0": 0.939697265625, "f_1": 0.8408203125, "f_2": 0.817138671875, "f_3": 0.79638671875, "f_4": 0.769287109375}, "sample61": {"f_0": 0.940673828125, "f_1": 0.82666015625, "f_2": 0.827880859375, "f_3": 0.82763671875, "f_4": 0.81494140625}, "sample62": {"f_0": 0.9375, "f_1": 0.83984375, "f_2": 0.80810546875, "f_3": 0.816162109375, "f_4": 0.8330078125}, "sample63": {"f_0": 0.943359375, "f_1": 0.845458984375, "f_2": 0.803955078125, "f_3": 0.756103515625, "f_4": 0.739990234375}, "sample64": {"f_0": 0.938720703125, "f_1": 0.830810546875, "f_2": 0.796142578125,