{"sample_id":{"0":0,"1":1,"2":2,"3":3,"4":4,"5":5,"6":6,"7":7,"8":8,"9":9,"10":10,"11":11,"12":12,"13":13,"14":14,"15":15,"16":16,"17":17,"18":18,"19":19,"20":20,"21":21,"22":22,"23":23,"24":24,"25":25,"26":26,"27":27,"28":28,"29":29,"30":30,"31":31,"32":32,"33":33,"34":34,"35":35,"36":36,"37":37,"38":38,"39":39,"40":40,"41":41,"42":42,"43":43,"44":44,"45":45,"46":46,"47":47,"48":48,"49":49,"50":50,"51":51,"52":52,"53":53,"54":54,"55":55,"56":56,"57":57,"58":58,"59":59,"60":60,"61":61,"62":62,"63":63,"64":64,"65":65,"66":66,"67":67,"68":68,"69":69,"70":70,"71":71,"72":72,"73":73,"74":74,"75":75,"76":76,"77":77,"78":78,"79":79,"80":80,"81":81,"82":82,"83":83,"84":84,"85":85,"86":86,"87":87,"88":88,"89":89,"90":90,"91":91,"92":92,"93":93,"94":94,"95":95},"f_0 Re":{"0":0.9953052998,"1":1.0,"2":0.9973295331,"3":0.9998548627,"4":0.9957571626,"5":0.9979819295,"6":1.0,"7":0.9992191811,"8":0.9982373941,"9":1.0,"10":1.0,"11":0.9982209527,"12":0.9977347557,"13":0.9996858951,"14":1.0,"15":1.0,"16":0.9997080027,"17":1.0,"18":1.0,"19":0.9972334993,"20":1.0,"21":0.9997093843,"22":0.998577714,"23":1.0,"24":0.9999427415,"25":0.9997856617,"26":0.9991981225,"27":1.0,"28":0.9992205623,"29":0.9957317105,"30":0.9996997132,"31":0.9982332489,"32":1.0,"33":0.999617219,"34":0.9984596975,"35":0.9962552504,"36":0.997551024,"37":0.9975480437,"38":0.999206746,"39":1.0,"40":0.9985702634,"41":1.0,"42":0.9998730421,"43":0.997824192,"44":0.9989518746,"45":0.9958421588,"46":0.9987157042,"47":0.9978111982,"48":0.9996928042,"49":0.9993209243,"50":0.9994676067,"51":0.9972404076,"52":0.9977389011,"53":0.9984543594,"54":1.0,"55":0.9996106625,"56":0.9973577261,"57":1.0,"58":0.9996981692,"59":0.9990515113,"60":0.9963461757,"61":0.9979860743,"62":0.998721287,"63":0.9974931087,"64":1.0,"65":1.0,"66":1.0,"67":1.0,"68":1.0,"69":0.9992026006,"70":0.9989554272,"71":0.9847186208,"72":1.0,"73":0.9845254421,"74":0.9866535068,"75":0.98703444,"76":0.9881433276,"77":0.9893111149,"78":0.9884480834,"79":0.9869295657,"80":0.9875776619,"81":0.9884290695,"82":0.9915459221,"83":1.0,"84":0.9999634677,"85":0.9992848039,"86":1.0,"87":0.9982054038,"88":0.9994511564,"89":1.0,"90":0.9983488321,"91":1.0,"92":1.0,"93":1.0,"94":1.0,"95":0.9988684654},"f_1 Re":{"0":0.9137059752,"1":0.9277235956,"2":0.9138450319,"3":0.9182294146,"4":0.9097606807,"5":0.907659281,"6":0.9228428804,"7":0.9215803684,"8":0.9179371772,"9":0.9207151308,"10":0.9131532819,"11":0.9154644992,"12":0.919631468,"13":0.9225135383,"14":0.9285929523,"15":0.9174030628,"16":0.9232032663,"17":0.9291067743,"18":0.9288159098,"19":0.9365341763,"20":0.9179900298,"21":0.917372739,"22":0.9172487264,"23":0.9218384635,"24":0.9240872277,"25":0.9331914789,"26":0.9185770821,"27":0.9135851779,"28":0.9288054652,"29":0.9307256158,"30":0.9170580306,"31":0.9144072539,"32":0.9145088037,"33":0.9237775221,"34":0.9253428094,"35":0.9250364788,"36":0.9034320013,"37":0.9157699308,"38":0.9267348439,"39":0.9262091621,"40":0.9056335186,"41":0.9214806595,"42":0.9115462392,"43":0.9213307981,"44":0.9246573985,"45":0.9204815133,"46":0.9305502927,"47":0.9323396672,"48":0.924945306,"49":0.9286682614,"50":0.9215396274,"51":0.9104388886,"52":0.9081612034,"53":0.9115843677,"54":0.9125811464,"55":0.9247542927,"56":0.9169450633,"57":0.901687253,"58":0.9202514451,"59":0.9370236528,"60":0.9091873714,"61":0.9115095949,"62":0.9238541485,"63":0.9216274457,"64":0.9114132263,"65":0.9161694492,"66":0.9236142182,"67":0.9174186913,"68":0.9205464106,"69":0.9299361557,"70":0.912869759,"71":0.8658809628,"72":0.9071911442,"73":0.8994470577,"74":0.9005314529,"75":0.9002549749,"76":0.9029828288,"77":0.9144741325,"78":0.9163195245,"79":0.8724765208,"80":0.9108672365,"81":0.9069188063,"82":0.9146222136,"83":0.9288995254,"84":0.9170978356,"85":0.9293032576,"86":0.9293046643,"87":0.9169514386,"88":0.9242025757,"89":0.9227505056,"90":0.8967168916,"91":0.9165345092,"92":0.9097705421,"93":0.9209877936,"94":0.9340291909,"95":0.9107210505},"f_1 Im":{"0":-0.0234669652,"1":-0.0130561876,"2":-0.0785153312,"3":-0.0314217277,"4":0.094808818,"5":0.0317875606,"6":-0.0407313932,"7":-0.0320472994,"8":-0.0930422326,"9":0.0556867706,"10":0.048254446,"11":-0.1200823031,"12":-0.0242631755,"13":0.0218895481,"14":0.0622455272,"15":0.0576167266,"16":0.0563871193,"17":0.0352438346,"18":0.0634339302,"19":0.0193994191,"20":-0.1287297605,"21":0.0151324972,"22":0.050741257,"23":-0.1226859085,"24":0.0684597176,"25":0.0370590136,"26":-0.0783803659,"27":0.0379326088,"28":-0.1334647236,"29":0.0391226312,"30":-0.0896743401,"31":0.0747135412,"32":-0.0686727267,"33":0.0435918822,"34":-0.0035283444,"35":0.0706264293,"36":-0.1829112021,"37":0.1137950032,"38":-0.0882731826,"39":0.0160104877,"40":-0.0333478224,"41":-0.0288663855,"42":0.1037957968,"43":-0.0531584713,"44":0.0963554285,"45":-0.0546761114,"46":-0.1054252729,"47":-0.0423600703,"48":0.0224232586,"49":-0.1193110149,"50":0.105525602,"51":-0.1681213904,"52":-0.2014677092,"53":-0.0575035956,"54":0.0260252643,"55":-0.0863401429,"56":0.1011257577,"57":0.008039535,"58":0.0694077147,"59":0.0648597038,"60":-0.0554454537,"61":0.0445322795,"62":-0.1032469812,"63":0.0235214481,"64":0.0659784442,"65":-0.0076261448,"66":0.0570084753,"67":0.0180775772,"68":0.0545397212,"69":0.0429096949,"70":-0.0584404858,"71":-0.150896017,"72":0.0914461099,"73":-0.0473614691,"74":-0.0831654899,"75":-0.027464706,"76":-0.0198447348,"77":0.0088974329,"78":0.0402777267,"79":-0.2057937516,"80":0.0599071895,"81":0.136257083,"82":-0.0271877517,"83":-0.0864481023,"84":-0.0326128931,"85":-0.0065144277,"86":-0.0387925499,"87":-0.0836957099,"88":0.0131392159,"89":0.0072532769,"90":-0.1579722499,"91":-0.032916662,"92":0.1230722374,"93":-0.097333001,"94":0.0790120271,"95":0.0657678764},"f_2 Re":{"0":0.8798070346,"1":0.9152536027,"2":0.8764671476,"3":0.8882841702,"4":0.8869386815,"5":0.890425101,"6":0.9066030452,"7":0.8958898209,"8":0.8795185421,"9":0.9031559852,"10":0.9056865164,"11":0.8446760984,"12":0.9115336573,"13":0.8848448724,"14":0.9170362095,"15":0.9128072305,"16":0.8895530219,"17":0.9317581926,"18":0.9172845408,"19":0.9142478126,"20":0.8829539083,"21":0.8695125801,"22":0.9375784807,"23":0.8733984124,"24":0.9172567087,"25":0.8943140935,"26":0.9041953734,"27":0.9169065408,"28":0.8570674717,"29":0.9071803787,"30":0.8972422534,"31":0.8878268229,"32":0.8978581435,"33":0.9194246713,"34":0.8991897148,"35":0.9241052009,"36":0.8509625256,"37":0.8771723674,"38":0.9221066367,"39":0.9121618012,"40":0.8929577355,"41":0.8793469986,"42":0.8858510019,"43":0.9035607799,"44":0.9145976036,"45":0.89725521,"46":0.8727793511,"47":0.9060778278,"48":0.8954721576,"49":0.9082607236,"50":0.9091562049,"51":0.8787085449,"52":0.8265874029,"53":0.8928305807,"54":0.8908231447,"55":0.8410548658,"56":0.8922413354,"57":0.9061286059,"58":0.8897848944,"59":0.928379401,"60":0.9075395621,"61":0.897962991,"62":0.9121108382,"63":0.8868182442,"64":0.8787996438,"65":0.8797015157,"66":0.8783635354,"67":0.921810269,"68":0.9028061185,"69":0.9032837695,"70":0.8727981679,"71":0.8154382307,"72":0.865938585,"73":0.8768512965,"74":0.8360046007,"75":0.8945872593,"76":0.888740145,"77":0.9097235453,"78":0.911974606,"79":0.7670885955,"80":0.8832164052,"81":0.8731408062,"82":0.9110970639,"83":0.89093412,"84":0.9059320944,"85":0.9031839838,"86":0.9234680718,"87":0.8816401504,"88":0.9340982845,"89":0.9282348464,"90":0.8220391321,"91":0.8786029194,"92":0.9054411575,"93":0.8935424219,"94":0.910310059,"95":0.9061047671},"f_2 Im":{"0":-0.084743201,"1":-0.0595471412,"2":-0.1890437584,"3":-0.113080356,"4":0.1839307984,"5":0.0233427373,"6":-0.0761212503,"7":-0.1167982761,"8":-0.1844299865,"9":0.0678308828,"10":0.05696015,"11":-0.1981794899,"12":-0.0015893167,"13":0.0380226745,"14":0.1228748214,"15":0.070608822,"16":-0.0517904367,"17":0.0452560319,"18":0.0066642853,"19":0.0032712255,"20":-0.2285679537,"21":0.0391989268,"22":0.0786925999,"23":-0.1990682144,"24":0.0841618591,"25":-0.0490546893,"26":-0.114650507,"27":0.033392499,"28":-0.2779559099,"29":-0.0006602096,"30":-0.1423469859,