{"sample0": {"f_0": 0.983642578125, "f_1": 0.912841796875, "f_2": 0.88134765625, "f_3": 0.82763671875, "f_4": 0.791015625}, "sample1": {"f_0": 0.989013671875, "f_1": 0.926025390625, "f_2": 0.9169921875, "f_3": 0.909912109375, "f_4": 0.89501953125}, "sample2": {"f_0": 0.986572265625, "f_1": 0.908203125, "f_2": 0.84521484375, "f_3": 0.736572265625, "f_4": 0.614013671875}, "sample3": {"f_0": 0.98681640625, "f_1": 0.917236328125, "f_2": 0.892333984375, "f_3": 0.853515625, "f_4": 0.79931640625}, "sample4": {"f_0": 0.9873046875, "f_1": 0.91259765625, "f_2": 0.897216796875, "f_3": 0.877685546875, "f_4": 0.82568359375}, "sample5": {"f_0": 0.990234375, "f_1": 0.905517578125, "f_2": 0.87939453125, "f_3": 0.801025390625, "f_4": 0.7333984375}, "sample6": {"f_0": 0.990234375, "f_1": 0.9208984375, "f_2": 0.906982421875, "f_3": 0.88134765625, "f_4": 0.850830078125}, "sample7": {"f_0": 0.990234375, "f_1": 0.921630859375, "f_2": 0.88232421875, "f_3": 0.8544921875, "f_4": 0.80810546875}, "sample8": {"f_0": 0.99072265625, "f_1": 0.9111328125, "f_2": 0.852783203125, "f_3": 0.7734375, "f_4": 0.675537109375}, "sample9": {"f_0": 0.98876953125, "f_1": 0.9208984375, "f_2": 0.901611328125, "f_3": 0.855712890625, "f_4": 0.82177734375}, "sample10": {"f_0": 0.989013671875, "f_1": 0.9111328125, "f_2": 0.906005859375, "f_3": 0.882568359375, "f_4": 0.846923828125}, "sample11": {"f_0": 0.988037109375, "f_1": 0.914306640625, "f_2": 0.85546875, "f_3": 0.7822265625, "f_4": 0.70458984375}, "sample12": {"f_0": 0.990234375, "f_1": 0.918701171875, "f_2": 0.906005859375, "f_3": 0.897705078125, "f_4": 0.88671875}, "sample13": {"f_0": 0.989501953125, "f_1": 0.91357421875, "f_2": 0.88720703125, "f_3": 0.85302734375, "f_4": 0.78662109375}, "sample14": {"f_0": 0.99072265625, "f_1": 0.924072265625, "f_2": 0.9189453125, "f_3": 0.8955078125, "f_4": 0.877197265625}, "sample15": {"f_0": 0.990966796875, "f_1": 0.91455078125, "f_2": 0.901611328125, "f_3": 0.876708984375, "f_4": 0.824462890625}, "sample16": {"f_0": 0.989013671875, "f_1": 0.921875, "f_2": 0.875732421875, "f_3": 0.78662109375, "f_4": 0.7373046875}, "sample17": {"f_0": 0.9873046875, "f_1": 0.929931640625, "f_2": 0.926513671875, "f_3": 0.921630859375, "f_4": 0.89892578125}, "sample18": {"f_0": 0.9873046875, "f_1": 0.928466796875, "f_2": 0.91552734375, "f_3": 0.913818359375, "f_4": 0.876708984375}, "sample19": {"f_0": 0.991455078125, "f_1": 0.927978515625, "f_2": 0.9052734375, "f_3": 0.893798828125, "f_4": 0.889892578125}, "sample20": {"f_0": 0.98974609375, "f_1": 0.922119140625, "f_2": 0.89013671875, "f_3": 0.8466796875, "f_4": 0.772216796875}, "sample21": {"f_0": 0.99072265625, "f_1": 0.914794921875, "f_2": 0.866943359375, "f_3": 0.80029296875, "f_4": 0.70751953125}, "sample22": {"f_0": 0.986328125, "f_1": 0.923583984375, "f_2": 0.933349609375, "f_3": 0.932373046875, "f_4": 0.925537109375}, "sample23": {"f_0": 0.989501953125, "f_1": 0.915283203125, "f_2": 0.87939453125, "f_3": 0.837890625, "f_4": 0.767822265625}, "sample24": {"f_0": 0.98876953125, "f_1": 0.921630859375, "f_2": 0.91943359375, "f_3": 0.90478515625, "f_4": 0.90478515625}, "sample25": {"f_0": 0.990478515625, "f_1": 0.927490234375, "f_2": 0.86865234375, "f_3": 0.8193359375, "f_4": 0.716064453125}, "sample26": {"f_0": 0.989013671875, "f_1": 0.921875, "f_2": 0.910888671875, "f_3": 0.867431640625, "f_4": 0.829345703125}, "sample27": {"f_0": 0.989990234375, "f_1": 0.914306640625, "f_2": 0.913330078125, "f_3": 0.875732421875, "f_4": 0.844970703125}, "sample28": {"f_0": 0.990478515625, "f_1": 0.92333984375, "f_2": 0.873291015625, "f_3": 0.798828125, "f_4": 0.742919921875}, "sample29": {"f_0": 0.987060546875, "f_1": 0.92578125, "f_2": 0.90234375, "f_3": 0.867431640625, "f_4": 0.8466796875}, "sample30": {"f_0": 0.9892578125, "f_1": 0.92138671875, "f_2": 0.902587890625, "f_3": 0.850341796875, "f_4": 0.807373046875}, "sample31": {"f_0": 0.98876953125, "f_1": 0.91455078125, "f_2": 0.89111328125, "f_3": 0.8583984375, "f_4": 0.836181640625}, "sample32": {"f_0": 0.98876953125, "f_1": 0.9130859375, "f_2": 0.890869140625, "f_3": 0.828369140625, "f_4": 0.77587890625}, "sample33": {"f_0": 0.986572265625, "f_1": 0.921630859375, "f_2": 0.9208984375, "f_3": 0.922119140625, "f_4": 0.901123046875}, "sample34": {"f_0": 0.9892578125, "f_1": 0.922119140625, "f_2": 0.869384765625, "f_3": 0.790771484375, "f_4": 0.68310546875}, "sample35": {"f_0": 0.987060546875, "f_1": 0.920166015625, "f_2": 0.921142578125, "f_3": 0.91162109375, "f_4": 0.893798828125}, "sample36": {"f_0": 0.984619140625, "f_1": 0.912353515625, "f_2": 0.86669921875, "f_3": 0.788330078125, "f_4": 0.68359375}, "sample37": {"f_0": 0.984619140625, "f_1": 0.913330078125, "f_2": 0.895751953125, "f_3": 0.868896484375, "f_4": 0.84619140625}, "sample38": {"f_0": 0.992431640625, "f_1": 0.930908203125, "f_2": 0.927490234375, "f_3": 0.92041015625, "f_4": 0.91552734375}, "sample39": {"f_0": 0.98828125, "f_1": 0.919921875, "f_2": 0.906982421875, "f_3": 0.912353515625, "f_4": 0.893798828125}, "sample40": {"f_0": 0.986083984375, "f_1": 0.902099609375, "f_2": 0.87548828125, "f_3": 0.80126953125, "f_4": 0.704833984375}, "sample41": {"f_0": 0.98779296875, "f_1": 0.915771484375, "f_2": 0.88525390625, "f_3": 0.817626953125, "f_4": 0.762939453125}, "sample42": {"f_0": 0.98681640625, "f_1": 0.915771484375, "f_2": 0.9052734375, "f_3": 0.90234375, "f_4": 0.879150390625}, "sample43": {"f_0": 0.986083984375, "f_1": 0.927734375, "f_2": 0.906005859375, "f_3": 0.895263671875, "f_4": 0.855224609375}, "sample44": {"f_0": 0.9892578125, "f_1": 0.92333984375, "f_2": 0.91015625, "f_3": 0.878173828125, "f_4": 0.849365234375}, "sample45": {"f_0": 0.985107421875, "f_1": 0.922607421875, "f_2": 0.90283203125, "f_3": 0.878662109375, "f_4": 0.841064453125}, "sample46": {"f_0": 0.987060546875, "f_1": 0.92578125, "f_2": 0.899169921875, "f_3": 0.845947265625, "f_4": 0.79248046875}, "sample47": {"f_0": 0.98583984375, "f_1": 0.91455078125, "f_2": 0.893798828125, "f_3": 0.866455078125, "f_4": 0.773193359375}, "sample48": {"f_0": 0.9873046875, "f_1": 0.916259765625, "f_2": 0.876953125, "f_3": 0.82177734375, "f_4": 0.751220703125}, "sample49": {"f_0": 0.98681640625, "f_1": 0.930908203125, "f_2": 0.91455078125, "f_3": 0.895751953125, "f_4": 0.889404296875}, "sample50": {"f_0": 0.990966796875, "f_1": 0.9267578125, "f_2": 0.91357421875, "f_3": 0.8916015625, "f_4": 0.8701171875}, "sample51": {"f_0": 0.98876953125, "f_1": 0.918701171875, "f_2": 0.88916015625, "f_3": 0.812255859375, "f_4": 0.748291015625}, "sample52": {"f_0": 0.98876953125, "f_1": 0.907958984375, "f_2": 0.827880859375, "f_3": 0.731201171875, "f_4": 0.581787109375}, "sample53": {"f_0": 0.9912109375, "f_1": 0.91455078125, "f_2": 0.883544921875, "f_3": 0.826171875, "f_4": 0.763671875}, "sample54": {"f_0": 0.987060546875, "f_1": 0.912841796875, "f_2": 0.889892578125, "f_3": 0.856201171875, "f_4": 0.814208984375}, "sample55": {"f_0": 0.986572265625, "f_1": 0.900146484375, "f_2": 0.795166015625, "f_3": 0.652099609375, "f_4": 0.523681640625}, "sample56": {"f_0": 0.98681640625, "f_1": 0.92236328125, "f_2": 0.90673828125, "f_3": 0.909423828125, "f_4": 0.872314453125}, "sample57": {"f_0": 0.98779296875, "f_1": 0.906005859375, "f_2": 0.902099609375, "f_3": 0.8662109375, "f_4": 0.8359375}, "sample58": {"f_0": 0.987548828125, "f_1": 0.9091796875, "f_2": 0.86572265625, "f_3": 0.802734375, "f_4": 0.7265625}, "sample59": {"f_0": 0.98974609375, "f_1": 0.932373046875, "f_2": 0.92333984375, "f_3": 0.918212890625, "f_4": 0.916015625}, "sample60": {"f_0": 0.98583984375, "f_1": 0.909912109375, "f_2": 0.90771484375, "f_3": 0.890380859375, "f_4": 0.862548828125}, "sample61": {"f_0": 0.98876953125, "f_1": 0.91162109375, "f_2": 0.885498046875, "f_3": 0.846923828125, "f_4": 0.810546875}, "sample62": {"f_0": 0.98974609375, "f_1": 0.92822265625, "f_2": 0.92822265625, "f_3": 0.924072265625, "f_4": 0.91357421875}, "sample63": {"f_0": 0.98779296875, "f_1": 0.911865234375, "f_2": 0.8701171875, "f_3": 0.819580078125, "f_4": 0.7392578125},