{"sample0": {"f_0": 0.46875, "f_1": 0.4892578125, "f_2": 0.390625, "f_3": 0.3916015625, "f_4": 0.37890625}, "sample1": {"f_0": 0.486328125, "f_1": 0.4736328125, "f_2": 0.4951171875, "f_3": 0.5146484375, "f_4": 0.5244140625}, "sample2": {"f_0": 0.4462890625, "f_1": 0.373046875, "f_2": 0.263671875, "f_3": 0.1767578125, "f_4": 0.099609375}, "sample3": {"f_0": 0.498046875, "f_1": 0.517578125, "f_2": 0.537109375, "f_3": 0.5302734375, "f_4": 0.5498046875}, "sample4": {"f_0": 0.509765625, "f_1": 0.5283203125, "f_2": 0.5263671875, "f_3": 0.5517578125, "f_4": 0.56640625}, "sample5": {"f_0": 0.4609375, "f_1": 0.4130859375, "f_2": 0.3837890625, "f_3": 0.3134765625, "f_4": 0.2568359375}, "sample6": {"f_0": 0.4853515625, "f_1": 0.48046875, "f_2": 0.4990234375, "f_3": 0.4853515625, "f_4": 0.498046875}, "sample7": {"f_0": 0.494140625, "f_1": 0.4150390625, "f_2": 0.3515625, "f_3": 0.2880859375, "f_4": 0.2255859375}, "sample8": {"f_0": 0.48046875, "f_1": 0.396484375, "f_2": 0.279296875, "f_3": 0.18359375, "f_4": 0.140625}, "sample9": {"f_0": 0.4794921875, "f_1": 0.4892578125, "f_2": 0.5146484375, "f_3": 0.5048828125, "f_4": 0.4697265625}, "sample10": {"f_0": 0.4658203125, "f_1": 0.4462890625, "f_2": 0.4580078125, "f_3": 0.427734375, "f_4": 0.39453125}, "sample11": {"f_0": 0.4912109375, "f_1": 0.404296875, "f_2": 0.3583984375, "f_3": 0.3330078125, "f_4": 0.255859375}, "sample12": {"f_0": 0.4853515625, "f_1": 0.4990234375, "f_2": 0.546875, "f_3": 0.5263671875, "f_4": 0.552734375}, "sample13": {"f_0": 0.513671875, "f_1": 0.4052734375, "f_2": 0.4033203125, "f_3": 0.29296875, "f_4": 0.2421875}, "sample14": {"f_0": 0.482421875, "f_1": 0.515625, "f_2": 0.5263671875, "f_3": 0.59765625, "f_4": 0.59375}, "sample15": {"f_0": 0.49609375, "f_1": 0.505859375, "f_2": 0.5546875, "f_3": 0.6357421875, "f_4": 0.6337890625}, "sample16": {"f_0": 0.4775390625, "f_1": 0.4482421875, "f_2": 0.33203125, "f_3": 0.2734375, "f_4": 0.2158203125}, "sample17": {"f_0": 0.4892578125, "f_1": 0.4619140625, "f_2": 0.455078125, "f_3": 0.419921875, "f_4": 0.390625}, "sample18": {"f_0": 0.4755859375, "f_1": 0.474609375, "f_2": 0.4482421875, "f_3": 0.42578125, "f_4": 0.421875}, "sample19": {"f_0": 0.4794921875, "f_1": 0.4794921875, "f_2": 0.5283203125, "f_3": 0.60546875, "f_4": 0.56640625}, "sample20": {"f_0": 0.4638671875, "f_1": 0.384765625, "f_2": 0.35546875, "f_3": 0.2822265625, "f_4": 0.2412109375}, "sample21": {"f_0": 0.4921875, "f_1": 0.4296875, "f_2": 0.3935546875, "f_3": 0.3427734375, "f_4": 0.26171875}, "sample22": {"f_0": 0.498046875, "f_1": 0.4599609375, "f_2": 0.4873046875, "f_3": 0.4658203125, "f_4": 0.466796875}, "sample23": {"f_0": 0.4697265625, "f_1": 0.427734375, "f_2": 0.330078125, "f_3": 0.287109375, "f_4": 0.2314453125}, "sample24": {"f_0": 0.4912109375, "f_1": 0.4716796875, "f_2": 0.4794921875, "f_3": 0.484375, "f_4": 0.46484375}, "sample25": {"f_0": 0.4521484375, "f_1": 0.400390625, "f_2": 0.3232421875, "f_3": 0.232421875, "f_4": 0.1630859375}, "sample26": {"f_0": 0.509765625, "f_1": 0.49609375, "f_2": 0.5048828125, "f_3": 0.470703125, "f_4": 0.4873046875}, "sample27": {"f_0": 0.486328125, "f_1": 0.474609375, "f_2": 0.4609375, "f_3": 0.46484375, "f_4": 0.4658203125}, "sample28": {"f_0": 0.474609375, "f_1": 0.408203125, "f_2": 0.3388671875, "f_3": 0.2646484375, "f_4": 0.1982421875}, "sample29": {"f_0": 0.474609375, "f_1": 0.46875, "f_2": 0.3994140625, "f_3": 0.3701171875, "f_4": 0.3125}, "sample30": {"f_0": 0.4755859375, "f_1": 0.451171875, "f_2": 0.4208984375, "f_3": 0.4150390625, "f_4": 0.4013671875}, "sample31": {"f_0": 0.455078125, "f_1": 0.5283203125, "f_2": 0.583984375, "f_3": 0.58984375, "f_4": 0.6337890625}, "sample32": {"f_0": 0.4716796875, "f_1": 0.419921875, "f_2": 0.3671875, "f_3": 0.3134765625, "f_4": 0.2509765625}, "sample33": {"f_0": 0.4892578125, "f_1": 0.486328125, "f_2": 0.451171875, "f_3": 0.435546875, "f_4": 0.4208984375}, "sample34": {"f_0": 0.458984375, "f_1": 0.38671875, "f_2": 0.3271484375, "f_3": 0.2080078125, "f_4": 0.1484375}, "sample35": {"f_0": 0.4853515625, "f_1": 0.4990234375, "f_2": 0.5380859375, "f_3": 0.5546875, "f_4": 0.587890625}, "sample36": {"f_0": 0.51171875, "f_1": 0.3720703125, "f_2": 0.3427734375, "f_3": 0.2294921875, "f_4": 0.173828125}, "sample37": {"f_0": 0.513671875, "f_1": 0.521484375, "f_2": 0.572265625, "f_3": 0.6005859375, "f_4": 0.587890625}, "sample38": {"f_0": 0.490234375, "f_1": 0.48046875, "f_2": 0.51171875, "f_3": 0.494140625, "f_4": 0.5029296875}, "sample39": {"f_0": 0.48828125, "f_1": 0.4619140625, "f_2": 0.4140625, "f_3": 0.3720703125, "f_4": 0.376953125}, "sample40": {"f_0": 0.478515625, "f_1": 0.4111328125, "f_2": 0.330078125, "f_3": 0.23828125, "f_4": 0.1845703125}, "sample41": {"f_0": 0.4794921875, "f_1": 0.4521484375, "f_2": 0.4189453125, "f_3": 0.4248046875, "f_4": 0.376953125}, "sample42": {"f_0": 0.4482421875, "f_1": 0.5126953125, "f_2": 0.5390625, "f_3": 0.5517578125, "f_4": 0.5849609375}, "sample43": {"f_0": 0.4765625, "f_1": 0.4619140625, "f_2": 0.4736328125, "f_3": 0.447265625, "f_4": 0.4453125}, "sample44": {"f_0": 0.4912109375, "f_1": 0.4755859375, "f_2": 0.427734375, "f_3": 0.369140625, "f_4": 0.314453125}, "sample45": {"f_0": 0.4755859375, "f_1": 0.4833984375, "f_2": 0.5107421875, "f_3": 0.5166015625, "f_4": 0.5224609375}, "sample46": {"f_0": 0.4794921875, "f_1": 0.4189453125, "f_2": 0.3388671875, "f_3": 0.310546875, "f_4": 0.2548828125}, "sample47": {"f_0": 0.494140625, "f_1": 0.4423828125, "f_2": 0.3603515625, "f_3": 0.2578125, "f_4": 0.2578125}, "sample48": {"f_0": 0.5107421875, "f_1": 0.5341796875, "f_2": 0.591796875, "f_3": 0.6162109375, "f_4": 0.611328125}, "sample49": {"f_0": 0.4775390625, "f_1": 0.494140625, "f_2": 0.4462890625, "f_3": 0.4736328125, "f_4": 0.427734375}, "sample50": {"f_0": 0.4755859375, "f_1": 0.5166015625, "f_2": 0.4775390625, "f_3": 0.5146484375, "f_4": 0.5234375}, "sample51": {"f_0": 0.4853515625, "f_1": 0.400390625, "f_2": 0.3212890625, "f_3": 0.267578125, "f_4": 0.1884765625}, "sample52": {"f_0": 0.4912109375, "f_1": 0.3466796875, "f_2": 0.2646484375, "f_3": 0.1650390625, "f_4": 0.09765625}, "sample53": {"f_0": 0.4677734375, "f_1": 0.470703125, "f_2": 0.443359375, "f_3": 0.46875, "f_4": 0.400390625}, "sample54": {"f_0": 0.5087890625, "f_1": 0.48828125, "f_2": 0.4541015625, "f_3": 0.4443359375, "f_4": 0.404296875}, "sample55": {"f_0": 0.484375, "f_1": 0.3388671875, "f_2": 0.2255859375, "f_3": 0.125, "f_4": 0.05859375}, "sample56": {"f_0": 0.4990234375, "f_1": 0.5185546875, "f_2": 0.529296875, "f_3": 0.5615234375, "f_4": 0.6015625}, "sample57": {"f_0": 0.5185546875, "f_1": 0.453125, "f_2": 0.4453125, "f_3": 0.40234375, "f_4": 0.345703125}, "sample58": {"f_0": 0.4873046875, "f_1": 0.5576171875, "f_2": 0.62890625, "f_3": 0.6591796875, "f_4": 0.689453125}, "sample59": {"f_0": 0.48046875, "f_1": 0.455078125, "f_2": 0.421875, "f_3": 0.41015625, "f_4": 0.4189453125}, "sample60": {"f_0": 0.4619140625, "f_1": 0.46484375, "f_2": 0.4658203125, "f_3": 0.451171875, "f_4": 0.4365234375}, "sample61": {"f_0": 0.4921875, "f_1": 0.45703125, "f_2": 0.384765625, "f_3": 0.369140625, "f_4": 0.3291015625}, "sample62": {"f_0": 0.4892578125, "f_1": 0.4716796875, "f_2": 0.4873046875, "f_3": 0.470703125, "f_4": 0.49609375}, "sample63": {"f_0": 0.482421875, "f_1": 0.5625, "f_2": 0.57421875, "f_3": 0.6142578125, "f_4": 0.619140625}, "sample64": {"f_0": 0.46875, "f_1": 0.462890625, "f_2": 0.408203125, "f_3": 0.38671875, "f_4": 0.3349609375}, "sample65": {"f_0": 0.501953125, "f_1": 0.482421875, "f_2": 0.498046875, "f_3": 0.4716796875, "f_4": 0.4404296875}, "sample66": {"f_0": 0.5205078125, "f_1": 0.5107421875, "f_2": 0.6083984375, "f_3": 0.626953125, "f_4": 0.6337890625}, "sample67": {"f_0": 0.47265625, "f_1": 0.494140625, "f_2": 0.4892578125, "f_3": 0.4521484375, "f_4": 0.4384765625}, "sample68": {"f_0": 0.5380859375, "f_1": 0.521484375, "f_2": 0.5302734375, "f_3": 0.5771484375, "f_4": 0.5859375}, "sample69": {"f_0": 0.4912109375, "f_1": 0.4130859375, "f_2": 0.388671875, "f_3": 0.3349609375,