{"sample0": {"f_0": 0.484375, "f_1": 0.5, "f_2": 0.46875, "f_3": 0.4775390625, "f_4": 0.453125}, "sample1": {"f_0": 0.4658203125, "f_1": 0.4501953125, "f_2": 0.4365234375, "f_3": 0.4326171875, "f_4": 0.3935546875}, "sample2": {"f_0": 0.4951171875, "f_1": 0.578125, "f_2": 0.67578125, "f_3": 0.701171875, "f_4": 0.701171875}, "sample3": {"f_0": 0.4736328125, "f_1": 0.4296875, "f_2": 0.376953125, "f_3": 0.3447265625, "f_4": 0.28515625}, "sample4": {"f_0": 0.458984375, "f_1": 0.447265625, "f_2": 0.404296875, "f_3": 0.3427734375, "f_4": 0.32421875}, "sample5": {"f_0": 0.4931640625, "f_1": 0.51953125, "f_2": 0.5244140625, "f_3": 0.53515625, "f_4": 0.533203125}, "sample6": {"f_0": 0.4765625, "f_1": 0.4658203125, "f_2": 0.4462890625, "f_3": 0.4384765625, "f_4": 0.419921875}, "sample7": {"f_0": 0.462890625, "f_1": 0.55078125, "f_2": 0.576171875, "f_3": 0.6455078125, "f_4": 0.65234375}, "sample8": {"f_0": 0.4873046875, "f_1": 0.5751953125, "f_2": 0.642578125, "f_3": 0.6865234375, "f_4": 0.728515625}, "sample9": {"f_0": 0.515625, "f_1": 0.470703125, "f_2": 0.4228515625, "f_3": 0.3935546875, "f_4": 0.373046875}, "sample10": {"f_0": 0.4990234375, "f_1": 0.5205078125, "f_2": 0.5205078125, "f_3": 0.4892578125, "f_4": 0.4951171875}, "sample11": {"f_0": 0.4921875, "f_1": 0.5234375, "f_2": 0.5244140625, "f_3": 0.55078125, "f_4": 0.52734375}, "sample12": {"f_0": 0.4609375, "f_1": 0.447265625, "f_2": 0.4462890625, "f_3": 0.3828125, "f_4": 0.3701171875}, "sample13": {"f_0": 0.48046875, "f_1": 0.51171875, "f_2": 0.56640625, "f_3": 0.587890625, "f_4": 0.5849609375}, "sample14": {"f_0": 0.50390625, "f_1": 0.4248046875, "f_2": 0.4287109375, "f_3": 0.388671875, "f_4": 0.3427734375}, "sample15": {"f_0": 0.5078125, "f_1": 0.4326171875, "f_2": 0.4033203125, "f_3": 0.318359375, "f_4": 0.29296875}, "sample16": {"f_0": 0.474609375, "f_1": 0.5556640625, "f_2": 0.5791015625, "f_3": 0.568359375, "f_4": 0.5888671875}, "sample17": {"f_0": 0.490234375, "f_1": 0.5283203125, "f_2": 0.51953125, "f_3": 0.5380859375, "f_4": 0.5908203125}, "sample18": {"f_0": 0.4814453125, "f_1": 0.4873046875, "f_2": 0.48828125, "f_3": 0.4970703125, "f_4": 0.482421875}, "sample19": {"f_0": 0.490234375, "f_1": 0.44921875, "f_2": 0.3955078125, "f_3": 0.37109375, "f_4": 0.3232421875}, "sample20": {"f_0": 0.4833984375, "f_1": 0.5224609375, "f_2": 0.6064453125, "f_3": 0.6484375, "f_4": 0.6396484375}, "sample21": {"f_0": 0.4716796875, "f_1": 0.48828125, "f_2": 0.544921875, "f_3": 0.5322265625, "f_4": 0.5400390625}, "sample22": {"f_0": 0.5068359375, "f_1": 0.4765625, "f_2": 0.470703125, "f_3": 0.5322265625, "f_4": 0.5087890625}, "sample23": {"f_0": 0.4775390625, "f_1": 0.52734375, "f_2": 0.5595703125, "f_3": 0.6328125, "f_4": 0.6357421875}, "sample24": {"f_0": 0.4970703125, "f_1": 0.4921875, "f_2": 0.505859375, "f_3": 0.4677734375, "f_4": 0.458984375}, "sample25": {"f_0": 0.4833984375, "f_1": 0.560546875, "f_2": 0.6279296875, "f_3": 0.6376953125, "f_4": 0.6572265625}, "sample26": {"f_0": 0.498046875, "f_1": 0.4580078125, "f_2": 0.4658203125, "f_3": 0.41796875, "f_4": 0.42578125}, "sample27": {"f_0": 0.484375, "f_1": 0.4775390625, "f_2": 0.4677734375, "f_3": 0.466796875, "f_4": 0.482421875}, "sample28": {"f_0": 0.490234375, "f_1": 0.521484375, "f_2": 0.6005859375, "f_3": 0.6328125, "f_4": 0.654296875}, "sample29": {"f_0": 0.4892578125, "f_1": 0.5068359375, "f_2": 0.5302734375, "f_3": 0.5595703125, "f_4": 0.5859375}, "sample30": {"f_0": 0.482421875, "f_1": 0.5126953125, "f_2": 0.5009765625, "f_3": 0.486328125, "f_4": 0.455078125}, "sample31": {"f_0": 0.4970703125, "f_1": 0.416015625, "f_2": 0.3896484375, "f_3": 0.3388671875, "f_4": 0.2880859375}, "sample32": {"f_0": 0.509765625, "f_1": 0.5185546875, "f_2": 0.56640625, "f_3": 0.58984375, "f_4": 0.56640625}, "sample33": {"f_0": 0.5, "f_1": 0.4599609375, "f_2": 0.484375, "f_3": 0.4951171875, "f_4": 0.53515625}, "sample34": {"f_0": 0.5185546875, "f_1": 0.5625, "f_2": 0.6484375, "f_3": 0.654296875, "f_4": 0.6875}, "sample35": {"f_0": 0.4892578125, "f_1": 0.443359375, "f_2": 0.4140625, "f_3": 0.41015625, "f_4": 0.361328125}, "sample36": {"f_0": 0.5009765625, "f_1": 0.53515625, "f_2": 0.6083984375, "f_3": 0.6201171875, "f_4": 0.630859375}, "sample37": {"f_0": 0.48046875, "f_1": 0.4580078125, "f_2": 0.41015625, "f_3": 0.3486328125, "f_4": 0.294921875}, "sample38": {"f_0": 0.4755859375, "f_1": 0.4970703125, "f_2": 0.4267578125, "f_3": 0.42578125, "f_4": 0.4453125}, "sample39": {"f_0": 0.4853515625, "f_1": 0.525390625, "f_2": 0.5498046875, "f_3": 0.5439453125, "f_4": 0.5693359375}, "sample40": {"f_0": 0.4765625, "f_1": 0.564453125, "f_2": 0.5546875, "f_3": 0.6318359375, "f_4": 0.640625}, "sample41": {"f_0": 0.4619140625, "f_1": 0.4775390625, "f_2": 0.4833984375, "f_3": 0.4345703125, "f_4": 0.4072265625}, "sample42": {"f_0": 0.4873046875, "f_1": 0.4150390625, "f_2": 0.404296875, "f_3": 0.388671875, "f_4": 0.3291015625}, "sample43": {"f_0": 0.4912109375, "f_1": 0.4609375, "f_2": 0.4619140625, "f_3": 0.455078125, "f_4": 0.4423828125}, "sample44": {"f_0": 0.5029296875, "f_1": 0.49609375, "f_2": 0.537109375, "f_3": 0.5556640625, "f_4": 0.5888671875}, "sample45": {"f_0": 0.4814453125, "f_1": 0.4365234375, "f_2": 0.4248046875, "f_3": 0.3759765625, "f_4": 0.3359375}, "sample46": {"f_0": 0.4814453125, "f_1": 0.5390625, "f_2": 0.5927734375, "f_3": 0.630859375, "f_4": 0.6474609375}, "sample47": {"f_0": 0.52734375, "f_1": 0.5263671875, "f_2": 0.5947265625, "f_3": 0.6142578125, "f_4": 0.6533203125}, "sample48": {"f_0": 0.4638671875, "f_1": 0.431640625, "f_2": 0.33984375, "f_3": 0.279296875, "f_4": 0.22265625}, "sample49": {"f_0": 0.490234375, "f_1": 0.48828125, "f_2": 0.4697265625, "f_3": 0.4365234375, "f_4": 0.4609375}, "sample50": {"f_0": 0.4638671875, "f_1": 0.458984375, "f_2": 0.4404296875, "f_3": 0.423828125, "f_4": 0.3876953125}, "sample51": {"f_0": 0.5, "f_1": 0.5615234375, "f_2": 0.6416015625, "f_3": 0.6552734375, "f_4": 0.685546875}, "sample52": {"f_0": 0.4873046875, "f_1": 0.5615234375, "f_2": 0.6572265625, "f_3": 0.703125, "f_4": 0.7021484375}, "sample53": {"f_0": 0.451171875, "f_1": 0.443359375, "f_2": 0.42578125, "f_3": 0.40625, "f_4": 0.39453125}, "sample54": {"f_0": 0.494140625, "f_1": 0.505859375, "f_2": 0.4638671875, "f_3": 0.466796875, "f_4": 0.46484375}, "sample55": {"f_0": 0.4990234375, "f_1": 0.61328125, "f_2": 0.6513671875, "f_3": 0.7158203125, "f_4": 0.681640625}, "sample56": {"f_0": 0.4775390625, "f_1": 0.44921875, "f_2": 0.4248046875, "f_3": 0.39453125, "f_4": 0.4013671875}, "sample57": {"f_0": 0.4697265625, "f_1": 0.4775390625, "f_2": 0.4892578125, "f_3": 0.4912109375, "f_4": 0.478515625}, "sample58": {"f_0": 0.48828125, "f_1": 0.408203125, "f_2": 0.3369140625, "f_3": 0.2255859375, "f_4": 0.171875}, "sample59": {"f_0": 0.4833984375, "f_1": 0.4775390625, "f_2": 0.5107421875, "f_3": 0.51953125, "f_4": 0.55078125}, "sample60": {"f_0": 0.4873046875, "f_1": 0.4873046875, "f_2": 0.4619140625, "f_3": 0.4833984375, "f_4": 0.5087890625}, "sample61": {"f_0": 0.50390625, "f_1": 0.470703125, "f_2": 0.5380859375, "f_3": 0.521484375, "f_4": 0.5390625}, "sample62": {"f_0": 0.494140625, "f_1": 0.46875, "f_2": 0.490234375, "f_3": 0.4775390625, "f_4": 0.4755859375}, "sample63": {"f_0": 0.4560546875, "f_1": 0.4013671875, "f_2": 0.34765625, "f_3": 0.2939453125, "f_4": 0.232421875}, "sample64": {"f_0": 0.494140625, "f_1": 0.4775390625, "f_2": 0.48828125, "f_3": 0.4677734375, "f_4": 0.4287109375}, "sample65": {"f_0": 0.462890625, "f_1": 0.4814453125, "f_2": 0.4482421875, "f_3": 0.41796875, "f_4": 0.390625}, "sample66": {"f_0": 0.4970703125, "f_1": 0.423828125, "f_2": 0.3623046875, "f_3": 0.2705078125, "f_4": 0.2373046875}, "sample67": {"f_0": 0.486328125, "f_1": 0.474609375, "f_2": 0.4736328125, "f_3": 0.4716796875, "f_4": 0.48046875}, "sample68": {"f_0": 0.4697265625, "f_1": 0.44140625, "f_2": 0.369140625, "f_3": 0.349609375, "f_4": 0.2939453125}, "sample69": {"f_0": 0.4892578125, "f_1": 0.517578125, "f_2": 0.5615234375, "f_3": 0.5966796875, "f_4": 0.6220703125},