{"sample0": {"f_0": 0.0068359375, "f_1": 0.015625, "f_2": 0.014404296875, "f_3": 0.01513671875, "f_4": 0.0283203125}, "sample1": {"f_0": 0.004150390625, "f_1": 0.016357421875, "f_2": 0.018310546875, "f_3": 0.016357421875, "f_4": 0.014892578125}, "sample2": {"f_0": 0.0078125, "f_1": 0.023681640625, "f_2": 0.040771484375, "f_3": 0.0966796875, "f_4": 0.1630859375}, "sample3": {"f_0": 0.00439453125, "f_1": 0.01806640625, "f_2": 0.017578125, "f_3": 0.031494140625, "f_4": 0.022216796875}, "sample4": {"f_0": 0.00634765625, "f_1": 0.0185546875, "f_2": 0.023193359375, "f_3": 0.030517578125, "f_4": 0.041748046875}, "sample5": {"f_0": 0.007568359375, "f_1": 0.015625, "f_2": 0.017333984375, "f_3": 0.030029296875, "f_4": 0.044677734375}, "sample6": {"f_0": 0.003662109375, "f_1": 0.014892578125, "f_2": 0.01708984375, "f_3": 0.015869140625, "f_4": 0.016357421875}, "sample7": {"f_0": 0.00634765625, "f_1": 0.021728515625, "f_2": 0.029052734375, "f_3": 0.052001953125, "f_4": 0.06396484375}, "sample8": {"f_0": 0.00732421875, "f_1": 0.0244140625, "f_2": 0.0458984375, "f_3": 0.07763671875, "f_4": 0.120361328125}, "sample9": {"f_0": 0.005126953125, "f_1": 0.016845703125, "f_2": 0.0146484375, "f_3": 0.01513671875, "f_4": 0.01904296875}, "sample10": {"f_0": 0.0048828125, "f_1": 0.013671875, "f_2": 0.0185546875, "f_3": 0.018310546875, "f_4": 0.01904296875}, "sample11": {"f_0": 0.00732421875, "f_1": 0.016357421875, "f_2": 0.02880859375, "f_3": 0.034423828125, "f_4": 0.05712890625}, "sample12": {"f_0": 0.0078125, "f_1": 0.016357421875, "f_2": 0.019775390625, "f_3": 0.0263671875, "f_4": 0.0205078125}, "sample13": {"f_0": 0.005859375, "f_1": 0.0107421875, "f_2": 0.0302734375, "f_3": 0.035888671875, "f_4": 0.047607421875}, "sample14": {"f_0": 0.003662109375, "f_1": 0.014892578125, "f_2": 0.0283203125, "f_3": 0.026611328125, "f_4": 0.038330078125}, "sample15": {"f_0": 0.004150390625, "f_1": 0.020263671875, "f_2": 0.0244140625, "f_3": 0.03564453125, "f_4": 0.05615234375}, "sample16": {"f_0": 0.005859375, "f_1": 0.014404296875, "f_2": 0.02783203125, "f_3": 0.050048828125, "f_4": 0.039794921875}, "sample17": {"f_0": 0.005126953125, "f_1": 0.017578125, "f_2": 0.014404296875, "f_3": 0.013916015625, "f_4": 0.026123046875}, "sample18": {"f_0": 0.003173828125, "f_1": 0.014892578125, "f_2": 0.017578125, "f_3": 0.011474609375, "f_4": 0.011962890625}, "sample19": {"f_0": 0.00830078125, "f_1": 0.012939453125, "f_2": 0.01953125, "f_3": 0.022216796875, "f_4": 0.036865234375}, "sample20": {"f_0": 0.004150390625, "f_1": 0.023193359375, "f_2": 0.03173828125, "f_3": 0.048828125, "f_4": 0.09033203125}, "sample21": {"f_0": 0.005859375, "f_1": 0.017578125, "f_2": 0.02392578125, "f_3": 0.027099609375, "f_4": 0.040771484375}, "sample22": {"f_0": 0.00634765625, "f_1": 0.021728515625, "f_2": 0.01025390625, "f_3": 0.016845703125, "f_4": 0.01171875}, "sample23": {"f_0": 0.00537109375, "f_1": 0.0146484375, "f_2": 0.036376953125, "f_3": 0.043212890625, "f_4": 0.072998046875}, "sample24": {"f_0": 0.005615234375, "f_1": 0.012939453125, "f_2": 0.015625, "f_3": 0.01708984375, "f_4": 0.014404296875}, "sample25": {"f_0": 0.005126953125, "f_1": 0.015869140625, "f_2": 0.0419921875, "f_3": 0.068359375, "f_4": 0.105712890625}, "sample26": {"f_0": 0.00634765625, "f_1": 0.016845703125, "f_2": 0.0166015625, "f_3": 0.01025390625, "f_4": 0.015869140625}, "sample27": {"f_0": 0.004638671875, "f_1": 0.01708984375, "f_2": 0.0126953125, "f_3": 0.013671875, "f_4": 0.021728515625}, "sample28": {"f_0": 0.00634765625, "f_1": 0.012451171875, "f_2": 0.035888671875, "f_3": 0.061767578125, "f_4": 0.0908203125}, "sample29": {"f_0": 0.009765625, "f_1": 0.011474609375, "f_2": 0.019287109375, "f_3": 0.01904296875, "f_4": 0.02734375}, "sample30": {"f_0": 0.005859375, "f_1": 0.01806640625, "f_2": 0.0126953125, "f_3": 0.01904296875, "f_4": 0.02392578125}, "sample31": {"f_0": 0.00732421875, "f_1": 0.02099609375, "f_2": 0.034423828125, "f_3": 0.037353515625, "f_4": 0.060302734375}, "sample32": {"f_0": 0.003173828125, "f_1": 0.017578125, "f_2": 0.016357421875, "f_3": 0.027587890625, "f_4": 0.046875}, "sample33": {"f_0": 0.0048828125, "f_1": 0.014404296875, "f_2": 0.01123046875, "f_3": 0.01171875, "f_4": 0.02294921875}, "sample34": {"f_0": 0.007080078125, "f_1": 0.023681640625, "f_2": 0.043212890625, "f_3": 0.08154296875, "f_4": 0.116943359375}, "sample35": {"f_0": 0.00927734375, "f_1": 0.01220703125, "f_2": 0.0146484375, "f_3": 0.02978515625, "f_4": 0.04052734375}, "sample36": {"f_0": 0.005615234375, "f_1": 0.0263671875, "f_2": 0.0341796875, "f_3": 0.048828125, "f_4": 0.114990234375}, "sample37": {"f_0": 0.005615234375, "f_1": 0.011962890625, "f_2": 0.02685546875, "f_3": 0.039794921875, "f_4": 0.02734375}, "sample38": {"f_0": 0.00634765625, "f_1": 0.01708984375, "f_2": 0.019287109375, "f_3": 0.017578125, "f_4": 0.0146484375}, "sample39": {"f_0": 0.0048828125, "f_1": 0.011474609375, "f_2": 0.02099609375, "f_3": 0.021728515625, "f_4": 0.034912109375}, "sample40": {"f_0": 0.006103515625, "f_1": 0.0185546875, "f_2": 0.026123046875, "f_3": 0.052734375, "f_4": 0.078857421875}, "sample41": {"f_0": 0.004638671875, "f_1": 0.010986328125, "f_2": 0.01708984375, "f_3": 0.01904296875, "f_4": 0.0283203125}, "sample42": {"f_0": 0.005126953125, "f_1": 0.0185546875, "f_2": 0.026611328125, "f_3": 0.025634765625, "f_4": 0.03271484375}, "sample43": {"f_0": 0.0068359375, "f_1": 0.022216796875, "f_2": 0.015380859375, "f_3": 0.014404296875, "f_4": 0.00927734375}, "sample44": {"f_0": 0.006591796875, "f_1": 0.0107421875, "f_2": 0.013671875, "f_3": 0.030029296875, "f_4": 0.019287109375}, "sample45": {"f_0": 0.0078125, "f_1": 0.017578125, "f_2": 0.01708984375, "f_3": 0.01416015625, "f_4": 0.026123046875}, "sample46": {"f_0": 0.0068359375, "f_1": 0.01123046875, "f_2": 0.037353515625, "f_3": 0.055908203125, "f_4": 0.079833984375}, "sample47": {"f_0": 0.006591796875, "f_1": 0.01318359375, "f_2": 0.031494140625, "f_3": 0.04296875, "f_4": 0.07470703125}, "sample48": {"f_0": 0.005859375, "f_1": 0.018310546875, "f_2": 0.03369140625, "f_3": 0.050048828125, "f_4": 0.0693359375}, "sample49": {"f_0": 0.006103515625, "f_1": 0.015380859375, "f_2": 0.01611328125, "f_3": 0.013671875, "f_4": 0.018798828125}, "sample50": {"f_0": 0.006103515625, "f_1": 0.018310546875, "f_2": 0.01513671875, "f_3": 0.019775390625, "f_4": 0.0166015625}, "sample51": {"f_0": 0.00830078125, "f_1": 0.026611328125, "f_2": 0.031494140625, "f_3": 0.07568359375, "f_4": 0.09716796875}, "sample52": {"f_0": 0.0078125, "f_1": 0.0302734375, "f_2": 0.05810546875, "f_3": 0.12255859375, "f_4": 0.17822265625}, "sample53": {"f_0": 0.007080078125, "f_1": 0.0185546875, "f_2": 0.005615234375, "f_3": 0.014892578125, "f_4": 0.014892578125}, "sample54": {"f_0": 0.00537109375, "f_1": 0.0166015625, "f_2": 0.010986328125, "f_3": 0.013671875, "f_4": 0.019287109375}, "sample55": {"f_0": 0.003662109375, "f_1": 0.021240234375, "f_2": 0.063720703125, "f_3": 0.1171875, "f_4": 0.205810546875}, "sample56": {"f_0": 0.008056640625, "f_1": 0.01953125, "f_2": 0.0224609375, "f_3": 0.013427734375, "f_4": 0.029052734375}, "sample57": {"f_0": 0.003662109375, "f_1": 0.020751953125, "f_2": 0.0126953125, "f_3": 0.0146484375, "f_4": 0.020263671875}, "sample58": {"f_0": 0.005859375, "f_1": 0.020263671875, "f_2": 0.038818359375, "f_3": 0.0634765625, "f_4": 0.108642578125}, "sample59": {"f_0": 0.00537109375, "f_1": 0.010498046875, "f_2": 0.01171875, "f_3": 0.01513671875, "f_4": 0.022705078125}, "sample60": {"f_0": 0.008056640625, "f_1": 0.015625, "f_2": 0.010009765625, "f_3": 0.0185546875, "f_4": 0.016357421875}, "sample61": {"f_0": 0.007568359375, "f_1": 0.0166015625, "f_2": 0.009521484375, "f_3": 0.021240234375, "f_4": 0.023681640625}, "sample62": {"f_0": 0.0068359375, "f_1": 0.01611328125, "f_2": 0.0166015625, "f_3": 0.01513671875, "f_4": 0.0185546875}, "sample63": {"f_0": 0.008056640625, "f_1": 0.01513671875, "f_2": 0.025146484375, "f_3": 0.05859375, "f_4": 0.062744140625}, "sample64": {"f_0": 0.004150390625, "f_1": 0.012939453125, "f_2": 0.0107421875,