{"sample0": {"f_0": 0.4921875, "f_1": 0.505859375, "f_2": 0.5283203125, "f_3": 0.5322265625, "f_4": 0.509765625}, "sample1": {"f_0": 0.494140625, "f_1": 0.5107421875, "f_2": 0.4658203125, "f_3": 0.474609375, "f_4": 0.4580078125}, "sample2": {"f_0": 0.498046875, "f_1": 0.603515625, "f_2": 0.6630859375, "f_3": 0.7080078125, "f_4": 0.7451171875}, "sample3": {"f_0": 0.515625, "f_1": 0.46484375, "f_2": 0.4150390625, "f_3": 0.365234375, "f_4": 0.291015625}, "sample4": {"f_0": 0.5029296875, "f_1": 0.48828125, "f_2": 0.40234375, "f_3": 0.3896484375, "f_4": 0.3251953125}, "sample5": {"f_0": 0.5068359375, "f_1": 0.552734375, "f_2": 0.57421875, "f_3": 0.5732421875, "f_4": 0.56640625}, "sample6": {"f_0": 0.4990234375, "f_1": 0.4501953125, "f_2": 0.44921875, "f_3": 0.4658203125, "f_4": 0.4189453125}, "sample7": {"f_0": 0.470703125, "f_1": 0.5595703125, "f_2": 0.6474609375, "f_3": 0.677734375, "f_4": 0.671875}, "sample8": {"f_0": 0.5, "f_1": 0.5888671875, "f_2": 0.6669921875, "f_3": 0.7421875, "f_4": 0.7392578125}, "sample9": {"f_0": 0.5390625, "f_1": 0.4755859375, "f_2": 0.4755859375, "f_3": 0.421875, "f_4": 0.380859375}, "sample10": {"f_0": 0.5146484375, "f_1": 0.53125, "f_2": 0.541015625, "f_3": 0.51953125, "f_4": 0.5458984375}, "sample11": {"f_0": 0.4970703125, "f_1": 0.546875, "f_2": 0.56640625, "f_3": 0.556640625, "f_4": 0.5810546875}, "sample12": {"f_0": 0.490234375, "f_1": 0.46484375, "f_2": 0.4462890625, "f_3": 0.380859375, "f_4": 0.3759765625}, "sample13": {"f_0": 0.5, "f_1": 0.556640625, "f_2": 0.5634765625, "f_3": 0.615234375, "f_4": 0.623046875}, "sample14": {"f_0": 0.5009765625, "f_1": 0.4873046875, "f_2": 0.4287109375, "f_3": 0.390625, "f_4": 0.349609375}, "sample15": {"f_0": 0.478515625, "f_1": 0.4658203125, "f_2": 0.3994140625, "f_3": 0.345703125, "f_4": 0.3115234375}, "sample16": {"f_0": 0.505859375, "f_1": 0.5576171875, "f_2": 0.626953125, "f_3": 0.6298828125, "f_4": 0.61328125}, "sample17": {"f_0": 0.494140625, "f_1": 0.513671875, "f_2": 0.548828125, "f_3": 0.56640625, "f_4": 0.5859375}, "sample18": {"f_0": 0.50390625, "f_1": 0.5078125, "f_2": 0.49609375, "f_3": 0.4775390625, "f_4": 0.517578125}, "sample19": {"f_0": 0.5009765625, "f_1": 0.4501953125, "f_2": 0.431640625, "f_3": 0.37890625, "f_4": 0.3623046875}, "sample20": {"f_0": 0.5048828125, "f_1": 0.57421875, "f_2": 0.61328125, "f_3": 0.65234375, "f_4": 0.66796875}, "sample21": {"f_0": 0.5185546875, "f_1": 0.5107421875, "f_2": 0.5634765625, "f_3": 0.5625, "f_4": 0.53515625}, "sample22": {"f_0": 0.5009765625, "f_1": 0.509765625, "f_2": 0.505859375, "f_3": 0.5185546875, "f_4": 0.4990234375}, "sample23": {"f_0": 0.501953125, "f_1": 0.5576171875, "f_2": 0.5849609375, "f_3": 0.6474609375, "f_4": 0.677734375}, "sample24": {"f_0": 0.5146484375, "f_1": 0.51953125, "f_2": 0.501953125, "f_3": 0.4990234375, "f_4": 0.4521484375}, "sample25": {"f_0": 0.5146484375, "f_1": 0.5712890625, "f_2": 0.6552734375, "f_3": 0.69140625, "f_4": 0.6923828125}, "sample26": {"f_0": 0.4765625, "f_1": 0.4794921875, "f_2": 0.46875, "f_3": 0.4462890625, "f_4": 0.4306640625}, "sample27": {"f_0": 0.4765625, "f_1": 0.484375, "f_2": 0.4853515625, "f_3": 0.4814453125, "f_4": 0.46875}, "sample28": {"f_0": 0.5166015625, "f_1": 0.5869140625, "f_2": 0.623046875, "f_3": 0.62109375, "f_4": 0.67578125}, "sample29": {"f_0": 0.5068359375, "f_1": 0.5205078125, "f_2": 0.5654296875, "f_3": 0.5673828125, "f_4": 0.5791015625}, "sample30": {"f_0": 0.48828125, "f_1": 0.4951171875, "f_2": 0.484375, "f_3": 0.501953125, "f_4": 0.4658203125}, "sample31": {"f_0": 0.4970703125, "f_1": 0.4443359375, "f_2": 0.3896484375, "f_3": 0.3271484375, "f_4": 0.2685546875}, "sample32": {"f_0": 0.5048828125, "f_1": 0.5927734375, "f_2": 0.5859375, "f_3": 0.591796875, "f_4": 0.6201171875}, "sample33": {"f_0": 0.5244140625, "f_1": 0.5107421875, "f_2": 0.513671875, "f_3": 0.5634765625, "f_4": 0.5537109375}, "sample34": {"f_0": 0.47265625, "f_1": 0.578125, "f_2": 0.642578125, "f_3": 0.6884765625, "f_4": 0.740234375}, "sample35": {"f_0": 0.4833984375, "f_1": 0.462890625, "f_2": 0.43359375, "f_3": 0.4541015625, "f_4": 0.416015625}, "sample36": {"f_0": 0.529296875, "f_1": 0.568359375, "f_2": 0.6142578125, "f_3": 0.6357421875, "f_4": 0.6376953125}, "sample37": {"f_0": 0.4990234375, "f_1": 0.4716796875, "f_2": 0.4208984375, "f_3": 0.359375, "f_4": 0.341796875}, "sample38": {"f_0": 0.5078125, "f_1": 0.4990234375, "f_2": 0.474609375, "f_3": 0.44140625, "f_4": 0.455078125}, "sample39": {"f_0": 0.462890625, "f_1": 0.546875, "f_2": 0.576171875, "f_3": 0.591796875, "f_4": 0.6025390625}, "sample40": {"f_0": 0.5068359375, "f_1": 0.6005859375, "f_2": 0.6337890625, "f_3": 0.6474609375, "f_4": 0.666015625}, "sample41": {"f_0": 0.5, "f_1": 0.4921875, "f_2": 0.484375, "f_3": 0.462890625, "f_4": 0.4345703125}, "sample42": {"f_0": 0.490234375, "f_1": 0.4658203125, "f_2": 0.3740234375, "f_3": 0.419921875, "f_4": 0.3349609375}, "sample43": {"f_0": 0.5087890625, "f_1": 0.509765625, "f_2": 0.4892578125, "f_3": 0.4541015625, "f_4": 0.466796875}, "sample44": {"f_0": 0.48828125, "f_1": 0.5302734375, "f_2": 0.560546875, "f_3": 0.5888671875, "f_4": 0.59765625}, "sample45": {"f_0": 0.4755859375, "f_1": 0.46875, "f_2": 0.4501953125, "f_3": 0.4140625, "f_4": 0.3232421875}, "sample46": {"f_0": 0.4892578125, "f_1": 0.5703125, "f_2": 0.6181640625, "f_3": 0.6494140625, "f_4": 0.6875}, "sample47": {"f_0": 0.501953125, "f_1": 0.59375, "f_2": 0.5966796875, "f_3": 0.6669921875, "f_4": 0.6923828125}, "sample48": {"f_0": 0.5361328125, "f_1": 0.4208984375, "f_2": 0.3662109375, "f_3": 0.30859375, "f_4": 0.228515625}, "sample49": {"f_0": 0.5009765625, "f_1": 0.5107421875, "f_2": 0.5185546875, "f_3": 0.4912109375, "f_4": 0.4990234375}, "sample50": {"f_0": 0.5107421875, "f_1": 0.4658203125, "f_2": 0.4541015625, "f_3": 0.4453125, "f_4": 0.416015625}, "sample51": {"f_0": 0.5234375, "f_1": 0.5751953125, "f_2": 0.6025390625, "f_3": 0.705078125, "f_4": 0.7119140625}, "sample52": {"f_0": 0.5009765625, "f_1": 0.58984375, "f_2": 0.6796875, "f_3": 0.724609375, "f_4": 0.7373046875}, "sample53": {"f_0": 0.51171875, "f_1": 0.4609375, "f_2": 0.451171875, "f_3": 0.40625, "f_4": 0.38671875}, "sample54": {"f_0": 0.5107421875, "f_1": 0.4873046875, "f_2": 0.5009765625, "f_3": 0.46875, "f_4": 0.4765625}, "sample55": {"f_0": 0.4951171875, "f_1": 0.6044921875, "f_2": 0.7158203125, "f_3": 0.7724609375, "f_4": 0.7236328125}, "sample56": {"f_0": 0.5078125, "f_1": 0.474609375, "f_2": 0.4189453125, "f_3": 0.4111328125, "f_4": 0.38671875}, "sample57": {"f_0": 0.4853515625, "f_1": 0.4814453125, "f_2": 0.5048828125, "f_3": 0.5244140625, "f_4": 0.5400390625}, "sample58": {"f_0": 0.5107421875, "f_1": 0.4228515625, "f_2": 0.337890625, "f_3": 0.2333984375, "f_4": 0.154296875}, "sample59": {"f_0": 0.49609375, "f_1": 0.4951171875, "f_2": 0.55078125, "f_3": 0.5380859375, "f_4": 0.5859375}, "sample60": {"f_0": 0.5185546875, "f_1": 0.4990234375, "f_2": 0.5341796875, "f_3": 0.4873046875, "f_4": 0.51953125}, "sample61": {"f_0": 0.5205078125, "f_1": 0.50390625, "f_2": 0.5595703125, "f_3": 0.578125, "f_4": 0.5966796875}, "sample62": {"f_0": 0.4755859375, "f_1": 0.5048828125, "f_2": 0.47265625, "f_3": 0.4775390625, "f_4": 0.4736328125}, "sample63": {"f_0": 0.466796875, "f_1": 0.4423828125, "f_2": 0.326171875, "f_3": 0.2919921875, "f_4": 0.2275390625}, "sample64": {"f_0": 0.505859375, "f_1": 0.5205078125, "f_2": 0.5126953125, "f_3": 0.5166015625, "f_4": 0.4814453125}, "sample65": {"f_0": 0.4501953125, "f_1": 0.4912109375, "f_2": 0.447265625, "f_3": 0.4169921875, "f_4": 0.3994140625}, "sample66": {"f_0": 0.5166015625, "f_1": 0.4375, "f_2": 0.3740234375, "f_3": 0.306640625, "f_4": 0.2099609375}, "sample67": {"f_0": 0.470703125, "f_1": 0.478515625, "f_2": 0.5126953125, "f_3": 0.5234375, "f_4": 0.5087890625}, "sample68": {"f_0": 0.513671875, "f_1": 0.4560546875, "f_2": 0.4091796875, "f_3": 0.34765625, "f_4": 0.296875}, "sample69": {"f_0": 0.5, "f_1": 0.5439453125, "f_2": 0.5869140625, "f_3": 0.6162109375, "f_4": 0.630859375}, "sample70": {"f_0": 0.494140625,