{"sample0": {"f_0": 0.49662789702415466, "f_1": 0.44468316435813904, "f_2": 0.43209531903266907, "f_3": 0.40696901082992554, "f_4": 0.33497998118400574}, "sample1": {"f_0": 0.49211385846138, "f_1": 0.4901321232318878, "f_2": 0.5006556510925293, "f_3": 0.507886528968811, "f_4": 0.5124225616455078}, "sample2": {"f_0": 0.504054844379425, "f_1": 0.3814897835254669, "f_2": 0.2667088210582733, "f_3": 0.17406503856182098, "f_4": 0.08458902686834335}, "sample3": {"f_0": 0.5052909255027771, "f_1": 0.5058206915855408, "f_2": 0.49972546100616455, "f_3": 0.5136420130729675, "f_4": 0.506770670413971}, "sample4": {"f_0": 0.4975936710834503, "f_1": 0.5067076086997986, "f_2": 0.541161835193634, "f_3": 0.5584526658058167, "f_4": 0.5733227133750916}, "sample5": {"f_0": 0.5050595998764038, "f_1": 0.44669511914253235, "f_2": 0.3792372941970825, "f_3": 0.2929193377494812, "f_4": 0.27511537075042725}, "sample6": {"f_0": 0.4963555932044983, "f_1": 0.48992297053337097, "f_2": 0.5001797676086426, "f_3": 0.4625067114830017, "f_4": 0.47278445959091187}, "sample7": {"f_0": 0.4988177418708801, "f_1": 0.41323450207710266, "f_2": 0.3464668393135071, "f_3": 0.28488844633102417, "f_4": 0.22186043858528137}, "sample8": {"f_0": 0.496128112077713, "f_1": 0.3824634552001953, "f_2": 0.25749218463897705, "f_3": 0.17816480994224548, "f_4": 0.12003932148218155}, "sample9": {"f_0": 0.5046256184577942, "f_1": 0.4973199963569641, "f_2": 0.4961855113506317, "f_3": 0.5078223943710327, "f_4": 0.488168329000473}, "sample10": {"f_0": 0.4976091980934143, "f_1": 0.47257229685783386, "f_2": 0.4086792767047882, "f_3": 0.4225076138973236, "f_4": 0.39500167965888977}, "sample11": {"f_0": 0.5052978992462158, "f_1": 0.408817857503891, "f_2": 0.33906352519989014, "f_3": 0.27121707797050476, "f_4": 0.22819948196411133}, "sample12": {"f_0": 0.5071130990982056, "f_1": 0.48491472005844116, "f_2": 0.533479630947113, "f_3": 0.5402745604515076, "f_4": 0.5438047051429749}, "sample13": {"f_0": 0.49845853447914124, "f_1": 0.42699870467185974, "f_2": 0.3930078446865082, "f_3": 0.31709885597229004, "f_4": 0.28446468710899353}, "sample14": {"f_0": 0.49883386492729187, "f_1": 0.5222802758216858, "f_2": 0.5602920055389404, "f_3": 0.5740700960159302, "f_4": 0.6071377992630005}, "sample15": {"f_0": 0.4953756630420685, "f_1": 0.5250325798988342, "f_2": 0.5595726370811462, "f_3": 0.6135282516479492, "f_4": 0.6237900257110596}, "sample16": {"f_0": 0.5048195719718933, "f_1": 0.45189368724823, "f_2": 0.34324952960014343, "f_3": 0.270995557308197, "f_4": 0.24525661766529083}, "sample17": {"f_0": 0.49718689918518066, "f_1": 0.4568135738372803, "f_2": 0.42123106122016907, "f_3": 0.40733084082603455, "f_4": 0.362143874168396}, "sample18": {"f_0": 0.49885308742523193, "f_1": 0.49093151092529297, "f_2": 0.4270153343677521, "f_3": 0.450971782207489, "f_4": 0.42169806361198425}, "sample19": {"f_0": 0.5060650706291199, "f_1": 0.5257630348205566, "f_2": 0.5398889183998108, "f_3": 0.5685913562774658, "f_4": 0.5893146395683289}, "sample20": {"f_0": 0.4957006573677063, "f_1": 0.3874310553073883, "f_2": 0.33646953105926514, "f_3": 0.29963818192481995, "f_4": 0.18593788146972656}, "sample21": {"f_0": 0.49884161353111267, "f_1": 0.4207806885242462, "f_2": 0.3792153596878052, "f_3": 0.3382388651371002, "f_4": 0.2538020610809326}, "sample22": {"f_0": 0.5045928359031677, "f_1": 0.46225905418395996, "f_2": 0.44687220454216003, "f_3": 0.45952871441841125, "f_4": 0.4515824615955353}, "sample23": {"f_0": 0.48777464032173157, "f_1": 0.38663211464881897, "f_2": 0.34180134534835815, "f_3": 0.2740638256072998, "f_4": 0.1984013020992279}, "sample24": {"f_0": 0.5072965025901794, "f_1": 0.5043164491653442, "f_2": 0.4891476035118103, "f_3": 0.4374285638332367, "f_4": 0.4639003574848175}, "sample25": {"f_0": 0.5050657391548157, "f_1": 0.4239816963672638, "f_2": 0.30844229459762573, "f_3": 0.25367486476898193, "f_4": 0.16671711206436157}, "sample26": {"f_0": 0.49935221672058105, "f_1": 0.46054938435554504, "f_2": 0.4852541983127594, "f_3": 0.432019978761673, "f_4": 0.42050862312316895}, "sample27": {"f_0": 0.510549783706665, "f_1": 0.4763104319572449, "f_2": 0.4767792820930481, "f_3": 0.4587318003177643, "f_4": 0.43927764892578125}, "sample28": {"f_0": 0.5067918300628662, "f_1": 0.39112192392349243, "f_2": 0.31206855177879333, "f_3": 0.23606960475444794, "f_4": 0.1910788118839264}, "sample29": {"f_0": 0.5008367896080017, "f_1": 0.4677097499370575, "f_2": 0.4183397591114044, "f_3": 0.3593372702598572, "f_4": 0.31916773319244385}, "sample30": {"f_0": 0.49712273478507996, "f_1": 0.4501340091228485, "f_2": 0.41602879762649536, "f_3": 0.3967876732349396, "f_4": 0.3761694133281708}, "sample31": {"f_0": 0.4907531440258026, "f_1": 0.5252351760864258, "f_2": 0.5815614461898804, "f_3": 0.6131319999694824, "f_4": 0.6495986580848694}, "sample32": {"f_0": 0.503320574760437, "f_1": 0.42005839943885803, "f_2": 0.38305777311325073, "f_3": 0.3097848892211914, "f_4": 0.2529430687427521}, "sample33": {"f_0": 0.5073204040527344, "f_1": 0.4644683301448822, "f_2": 0.4583224356174469, "f_3": 0.40790116786956787, "f_4": 0.4088258743286133}, "sample34": {"f_0": 0.5026028156280518, "f_1": 0.40437039732933044, "f_2": 0.2965358793735504, "f_3": 0.21091988682746887, "f_4": 0.13884133100509644}, "sample35": {"f_0": 0.502811849117279, "f_1": 0.5122618675231934, "f_2": 0.5227426290512085, "f_3": 0.559872567653656, "f_4": 0.583525538444519}, "sample36": {"f_0": 0.5045713186264038, "f_1": 0.36902865767478943, "f_2": 0.32091453671455383, "f_3": 0.24615910649299622, "f_4": 0.1546630710363388}, "sample37": {"f_0": 0.5095599889755249, "f_1": 0.5048507452011108, "f_2": 0.5392541885375977, "f_3": 0.5800905823707581, "f_4": 0.5670549869537354}, "sample38": {"f_0": 0.5172603130340576, "f_1": 0.4684378206729889, "f_2": 0.4973822236061096, "f_3": 0.48844802379608154, "f_4": 0.5177613496780396}, "sample39": {"f_0": 0.5014001131057739, "f_1": 0.4498547911643982, "f_2": 0.405059278011322, "f_3": 0.3759568929672241, "f_4": 0.34619593620300293}, "sample40": {"f_0": 0.49584266543388367, "f_1": 0.4175364077091217, "f_2": 0.33787497878074646, "f_3": 0.2814587652683258, "f_4": 0.19858989119529724}, "sample41": {"f_0": 0.5025656819343567, "f_1": 0.4683534801006317, "f_2": 0.450550377368927, "f_3": 0.4094699025154114, "f_4": 0.36554887890815735}, "sample42": {"f_0": 0.5010898113250732, "f_1": 0.5095168352127075, "f_2": 0.5486432909965515, "f_3": 0.558247447013855, "f_4": 0.6190706491470337}, "sample43": {"f_0": 0.5040736198425293, "f_1": 0.46377626061439514, "f_2": 0.4442552328109741, "f_3": 0.4664550721645355, "f_4": 0.41478443145751953}, "sample44": {"f_0": 0.4846567213535309, "f_1": 0.48021456599235535, "f_2": 0.4091455936431885, "f_3": 0.349558025598526, "f_4": 0.3401384949684143}, "sample45": {"f_0": 0.50082927942276, "f_1": 0.48424583673477173, "f_2": 0.4827834367752075, "f_3": 0.5021448135375977, "f_4": 0.5216788053512573}, "sample46": {"f_0": 0.5051262974739075, "f_1": 0.4164966940879822, "f_2": 0.33845993876457214, "f_3": 0.26205557584762573, "f_4": 0.21481841802597046}, "sample47": {"f_0": 0.49692875146865845, "f_1": 0.40089061856269836, "f_2": 0.34375935792922974, "f_3": 0.3035828471183777, "f_4": 0.21051107347011566}, "sample48": {"f_0": 0.5112934708595276, "f_1": 0.5369806289672852, "f_2": 0.5937829613685608, "f_3": 0.6138736009597778, "f_4": 0.6196951270103455}, "sample49": {"f_0": 0.4968482553958893, "f_1": 0.43246904015541077, "f_2": 0.43078166246414185, "f_3": 0.433300256729126, "f_4": 0.45335444808006287}, "sample50": {"f_0": 0.48814693093299866, "f_1": 0.5162475109100342, "f_2": 0.48852282762527466, "f_3": 0.5279051661491394, "f_4": 0.5108221173286438}, "sample51": {"f_0": 0.5095575451850891, "f_1": 0.3869151175022125, "f_2": 0.3228943347930908, "f_3": 0.23224343359470367, "f_4": 0.17193859815597534}, "sample52": {"f_0": 0.5025709271430969, "f_1": 0.3351726233959198, "f_2": 0.25629281997680664, "f_3": 0.13972991704940796, "f_4": 0.07025585323572159}, "sample53": {"f_0": 0.5053626894950867,