{"sample0": {"f_0": 1.0, "f_1": 0.9912109375, "f_2": 0.958984375, "f_3": 0.9091796875, "f_4": 0.8359375}, "sample1": {"f_0": 1.0, "f_1": 0.998046875, "f_2": 0.994140625, "f_3": 0.984375, "f_4": 0.974609375}, "sample2": {"f_0": 1.0, "f_1": 0.9736328125, "f_2": 0.9228515625, "f_3": 0.8046875, "f_4": 0.6640625}, "sample3": {"f_0": 1.0, "f_1": 0.9931640625, "f_2": 0.94921875, "f_3": 0.9140625, "f_4": 0.861328125}, "sample4": {"f_0": 1.0, "f_1": 0.994140625, "f_2": 0.9765625, "f_3": 0.9423828125, "f_4": 0.9189453125}, "sample5": {"f_0": 1.0, "f_1": 0.98046875, "f_2": 0.943359375, "f_3": 0.8896484375, "f_4": 0.7900390625}, "sample6": {"f_0": 1.0, "f_1": 0.994140625, "f_2": 0.9794921875, "f_3": 0.953125, "f_4": 0.9306640625}, "sample7": {"f_0": 1.0, "f_1": 0.9912109375, "f_2": 0.9638671875, "f_3": 0.9169921875, "f_4": 0.8447265625}, "sample8": {"f_0": 1.0, "f_1": 0.9755859375, "f_2": 0.9375, "f_3": 0.8291015625, "f_4": 0.697265625}, "sample9": {"f_0": 1.0, "f_1": 0.9951171875, "f_2": 0.9697265625, "f_3": 0.951171875, "f_4": 0.9169921875}, "sample10": {"f_0": 1.0, "f_1": 0.9931640625, "f_2": 0.9736328125, "f_3": 0.9462890625, "f_4": 0.8974609375}, "sample11": {"f_0": 1.0, "f_1": 0.9873046875, "f_2": 0.935546875, "f_3": 0.869140625, "f_4": 0.7998046875}, "sample12": {"f_0": 1.0, "f_1": 0.9990234375, "f_2": 0.98046875, "f_3": 0.970703125, "f_4": 0.96484375}, "sample13": {"f_0": 1.0, "f_1": 0.9931640625, "f_2": 0.9453125, "f_3": 0.9169921875, "f_4": 0.845703125}, "sample14": {"f_0": 1.0, "f_1": 0.99609375, "f_2": 0.9931640625, "f_3": 0.9755859375, "f_4": 0.9697265625}, "sample15": {"f_0": 1.0, "f_1": 0.9951171875, "f_2": 0.9814453125, "f_3": 0.939453125, "f_4": 0.9072265625}, "sample16": {"f_0": 1.0, "f_1": 0.9912109375, "f_2": 0.9296875, "f_3": 0.865234375, "f_4": 0.787109375}, "sample17": {"f_0": 1.0, "f_1": 1.0, "f_2": 0.9951171875, "f_3": 0.9873046875, "f_4": 0.9794921875}, "sample18": {"f_0": 1.0, "f_1": 0.99609375, "f_2": 0.978515625, "f_3": 0.9638671875, "f_4": 0.94140625}, "sample19": {"f_0": 1.0, "f_1": 0.998046875, "f_2": 0.9912109375, "f_3": 0.98046875, "f_4": 0.9560546875}, "sample20": {"f_0": 1.0, "f_1": 0.9873046875, "f_2": 0.9521484375, "f_3": 0.9091796875, "f_4": 0.818359375}, "sample21": {"f_0": 1.0, "f_1": 0.9853515625, "f_2": 0.9365234375, "f_3": 0.865234375, "f_4": 0.7646484375}, "sample22": {"f_0": 1.0, "f_1": 1.0, "f_2": 1.0, "f_3": 1.0, "f_4": 0.9970703125}, "sample23": {"f_0": 1.0, "f_1": 0.994140625, "f_2": 0.9580078125, "f_3": 0.90234375, "f_4": 0.859375}, "sample24": {"f_0": 1.0, "f_1": 1.0, "f_2": 0.9951171875, "f_3": 0.9833984375, "f_4": 0.982421875}, "sample25": {"f_0": 1.0, "f_1": 0.9833984375, "f_2": 0.9404296875, "f_3": 0.8759765625, "f_4": 0.7734375}, "sample26": {"f_0": 1.0, "f_1": 0.9970703125, "f_2": 0.9794921875, "f_3": 0.947265625, "f_4": 0.90625}, "sample27": {"f_0": 1.0, "f_1": 0.9931640625, "f_2": 0.982421875, "f_3": 0.953125, "f_4": 0.91796875}, "sample28": {"f_0": 1.0, "f_1": 0.9892578125, "f_2": 0.955078125, "f_3": 0.884765625, "f_4": 0.8125}, "sample29": {"f_0": 1.0, "f_1": 0.994140625, "f_2": 0.9755859375, "f_3": 0.939453125, "f_4": 0.900390625}, "sample30": {"f_0": 1.0, "f_1": 0.9951171875, "f_2": 0.9755859375, "f_3": 0.931640625, "f_4": 0.875}, "sample31": {"f_0": 1.0, "f_1": 0.9892578125, "f_2": 0.9677734375, "f_3": 0.947265625, "f_4": 0.90625}, "sample32": {"f_0": 1.0, "f_1": 0.98828125, "f_2": 0.9482421875, "f_3": 0.892578125, "f_4": 0.8359375}, "sample33": {"f_0": 1.0, "f_1": 0.998046875, "f_2": 0.9990234375, "f_3": 0.994140625, "f_4": 0.9892578125}, "sample34": {"f_0": 1.0, "f_1": 0.9814453125, "f_2": 0.9365234375, "f_3": 0.84765625, "f_4": 0.7607421875}, "sample35": {"f_0": 1.0, "f_1": 0.9990234375, "f_2": 0.9970703125, "f_3": 0.9931640625, "f_4": 0.978515625}, "sample36": {"f_0": 1.0, "f_1": 0.98046875, "f_2": 0.93359375, "f_3": 0.8525390625, "f_4": 0.7421875}, "sample37": {"f_0": 1.0, "f_1": 0.9912109375, "f_2": 0.9814453125, "f_3": 0.951171875, "f_4": 0.908203125}, "sample38": {"f_0": 1.0, "f_1": 0.9990234375, "f_2": 1.0, "f_3": 0.9970703125, "f_4": 0.9921875}, "sample39": {"f_0": 1.0, "f_1": 0.99609375, "f_2": 0.990234375, "f_3": 0.978515625, "f_4": 0.9677734375}, "sample40": {"f_0": 1.0, "f_1": 0.9853515625, "f_2": 0.94140625, "f_3": 0.8623046875, "f_4": 0.765625}, "sample41": {"f_0": 1.0, "f_1": 0.9892578125, "f_2": 0.9501953125, "f_3": 0.8974609375, "f_4": 0.8251953125}, "sample42": {"f_0": 1.0, "f_1": 0.994140625, "f_2": 0.98046875, "f_3": 0.9638671875, "f_4": 0.9541015625}, "sample43": {"f_0": 1.0, "f_1": 0.99609375, "f_2": 0.962890625, "f_3": 0.953125, "f_4": 0.9306640625}, "sample44": {"f_0": 1.0, "f_1": 0.99609375, "f_2": 0.9736328125, "f_3": 0.951171875, "f_4": 0.9052734375}, "sample45": {"f_0": 1.0, "f_1": 0.9921875, "f_2": 0.9697265625, "f_3": 0.94921875, "f_4": 0.9228515625}, "sample46": {"f_0": 1.0, "f_1": 0.98046875, "f_2": 0.9677734375, "f_3": 0.951171875, "f_4": 0.87109375}, "sample47": {"f_0": 1.0, "f_1": 0.986328125, "f_2": 0.96875, "f_3": 0.904296875, "f_4": 0.8515625}, "sample48": {"f_0": 1.0, "f_1": 0.986328125, "f_2": 0.9482421875, "f_3": 0.8876953125, "f_4": 0.806640625}, "sample49": {"f_0": 1.0, "f_1": 0.99609375, "f_2": 0.98828125, "f_3": 0.970703125, "f_4": 0.94140625}, "sample50": {"f_0": 1.0, "f_1": 0.9970703125, "f_2": 0.9853515625, "f_3": 0.9619140625, "f_4": 0.935546875}, "sample51": {"f_0": 1.0, "f_1": 0.984375, "f_2": 0.9541015625, "f_3": 0.8955078125, "f_4": 0.8125}, "sample52": {"f_0": 1.0, "f_1": 0.9814453125, "f_2": 0.8955078125, "f_3": 0.779296875, "f_4": 0.6357421875}, "sample53": {"f_0": 1.0, "f_1": 0.9921875, "f_2": 0.9580078125, "f_3": 0.880859375, "f_4": 0.8203125}, "sample54": {"f_0": 1.0, "f_1": 0.9931640625, "f_2": 0.958984375, "f_3": 0.9189453125, "f_4": 0.87890625}, "sample55": {"f_0": 1.0, "f_1": 0.9580078125, "f_2": 0.8515625, "f_3": 0.7236328125, "f_4": 0.5732421875}, "sample56": {"f_0": 1.0, "f_1": 0.998046875, "f_2": 0.98828125, "f_3": 0.984375, "f_4": 0.9599609375}, "sample57": {"f_0": 1.0, "f_1": 0.98828125, "f_2": 0.9736328125, "f_3": 0.9365234375, "f_4": 0.9052734375}, "sample58": {"f_0": 1.0, "f_1": 0.986328125, "f_2": 0.958984375, "f_3": 0.8671875, "f_4": 0.8056640625}, "sample59": {"f_0": 1.0, "f_1": 0.9970703125, "f_2": 0.9970703125, "f_3": 0.9951171875, "f_4": 0.990234375}, "sample60": {"f_0": 1.0, "f_1": 0.9951171875, "f_2": 0.9892578125, "f_3": 0.9658203125, "f_4": 0.9375}, "sample61": {"f_0": 1.0, "f_1": 0.9931640625, "f_2": 0.97265625, "f_3": 0.91796875, "f_4": 0.865234375}, "sample62": {"f_0": 1.0, "f_1": 0.9990234375, "f_2": 0.998046875, "f_3": 0.9873046875, "f_4": 0.9873046875}, "sample63": {"f_0": 1.0, "f_1": 0.9892578125, "f_2": 0.95703125, "f_3": 0.876953125, "f_4": 0.8056640625}, "sample64": {"f_0": 1.0, "f_1": 0.9951171875, "f_2": 0.9599609375, "f_3": 0.8779296875, "f_4": 0.8310546875}, "sample65": {"f_0": 1.0, "f_1": 0.994140625, "f_2": 0.9619140625, "f_3": 0.92578125, "f_4": 0.87109375}, "sample66": {"f_0": 1.0, "f_1": 0.9931640625, "f_2": 0.9599609375, "f_3": 0.9091796875, "f_4": 0.8369140625}, "sample67": {"f_0": 1.0, "f_1": 0.99609375, "f_2": 0.9951171875, "f_3": 0.9912109375, "f_4": 0.978515625}, "sample68": {"f_0": 1.0, "f_1": 0.9921875, "f_2": 0.96875, "f_3": 0.9111328125, "f_4": 0.8623046875}, "sample69": {"f_0": 1.0, "f_1": 0.99609375, "f_2": 0.9716796875, "f_3": 0.9541015625, "f_4": 0.9130859375}, "sample70": {"f_0": 1.0, "f_1": 0.986328125, "f_2": 0.9697265625, "f_3": 0.9189453125, "f_4": 0.8525390625}, "sample71": {"f_0": 1.0, "f_1": 0.96875, "f_2": 0.8857421875, "f_3": 0.7724609375, "f_4": 0.595703125}, "sample72": {"f_0": 1.0, "f_1": 0.9765625, "f_2": 0.958984375, "f_3": 0.89453125, "f_4": 0.841796875}, "sample73": {"f_0": 1.0, "f_1": 0.9677734375, "f_2": 0.86328125, "f_3": 0.748046875, "f_4": 0.5869140625}, "sample74": {"f_0": 1.0, "f_1": 0.9521484375, "f_2": 0.8544921875, "f_3": 0.7158203125, "f_4": 0.54296875}, "sample75": {"f_0": 1.0, "f_1": 0.998046875, "f_2": 0.9990234375, "f_3": 0.990234375,