{"sample0": {"f_0": 0.505615234375, "f_1": 0.440185546875, "f_2": 0.46484375, "f_3": 0.462158203125, "f_4": 0.482666015625}, "sample1": {"f_0": 0.482421875, "f_1": 0.440673828125, "f_2": 0.439453125, "f_3": 0.41748046875, "f_4": 0.39404296875}, "sample2": {"f_0": 0.51513671875, "f_1": 0.548583984375, "f_2": 0.624267578125, "f_3": 0.665283203125, "f_4": 0.6748046875}, "sample3": {"f_0": 0.51123046875, "f_1": 0.43115234375, "f_2": 0.408935546875, "f_3": 0.356201171875, "f_4": 0.3056640625}, "sample4": {"f_0": 0.5029296875, "f_1": 0.418212890625, "f_2": 0.37255859375, "f_3": 0.34716796875, "f_4": 0.320068359375}, "sample5": {"f_0": 0.482177734375, "f_1": 0.499267578125, "f_2": 0.52392578125, "f_3": 0.572998046875, "f_4": 0.507568359375}, "sample6": {"f_0": 0.488525390625, "f_1": 0.44970703125, "f_2": 0.420166015625, "f_3": 0.412109375, "f_4": 0.413818359375}, "sample7": {"f_0": 0.503173828125, "f_1": 0.50927734375, "f_2": 0.58837890625, "f_3": 0.63427734375, "f_4": 0.656982421875}, "sample8": {"f_0": 0.48681640625, "f_1": 0.56591796875, "f_2": 0.61474609375, "f_3": 0.665283203125, "f_4": 0.6728515625}, "sample9": {"f_0": 0.496337890625, "f_1": 0.441650390625, "f_2": 0.43115234375, "f_3": 0.3955078125, "f_4": 0.343994140625}, "sample10": {"f_0": 0.490478515625, "f_1": 0.4892578125, "f_2": 0.484130859375, "f_3": 0.48876953125, "f_4": 0.477294921875}, "sample11": {"f_0": 0.491943359375, "f_1": 0.5302734375, "f_2": 0.543212890625, "f_3": 0.551025390625, "f_4": 0.51904296875}, "sample12": {"f_0": 0.5009765625, "f_1": 0.442138671875, "f_2": 0.406005859375, "f_3": 0.3681640625, "f_4": 0.36669921875}, "sample13": {"f_0": 0.49853515625, "f_1": 0.499267578125, "f_2": 0.537841796875, "f_3": 0.54638671875, "f_4": 0.578369140625}, "sample14": {"f_0": 0.4990234375, "f_1": 0.427734375, "f_2": 0.377197265625, "f_3": 0.3408203125, "f_4": 0.3154296875}, "sample15": {"f_0": 0.503662109375, "f_1": 0.400390625, "f_2": 0.35888671875, "f_3": 0.318115234375, "f_4": 0.251708984375}, "sample16": {"f_0": 0.4951171875, "f_1": 0.47998046875, "f_2": 0.557373046875, "f_3": 0.5810546875, "f_4": 0.569580078125}, "sample17": {"f_0": 0.50439453125, "f_1": 0.482421875, "f_2": 0.5009765625, "f_3": 0.5361328125, "f_4": 0.56591796875}, "sample18": {"f_0": 0.515380859375, "f_1": 0.462890625, "f_2": 0.492431640625, "f_3": 0.46484375, "f_4": 0.453369140625}, "sample19": {"f_0": 0.506103515625, "f_1": 0.4296875, "f_2": 0.390380859375, "f_3": 0.35986328125, "f_4": 0.34765625}, "sample20": {"f_0": 0.504638671875, "f_1": 0.528076171875, "f_2": 0.590576171875, "f_3": 0.60595703125, "f_4": 0.644775390625}, "sample21": {"f_0": 0.4970703125, "f_1": 0.49755859375, "f_2": 0.516845703125, "f_3": 0.503662109375, "f_4": 0.49658203125}, "sample22": {"f_0": 0.511962890625, "f_1": 0.462646484375, "f_2": 0.475830078125, "f_3": 0.4912109375, "f_4": 0.485107421875}, "sample23": {"f_0": 0.510498046875, "f_1": 0.534423828125, "f_2": 0.591064453125, "f_3": 0.611083984375, "f_4": 0.619384765625}, "sample24": {"f_0": 0.493896484375, "f_1": 0.4599609375, "f_2": 0.4560546875, "f_3": 0.48974609375, "f_4": 0.447265625}, "sample25": {"f_0": 0.495361328125, "f_1": 0.519287109375, "f_2": 0.607666015625, "f_3": 0.639404296875, "f_4": 0.659912109375}, "sample26": {"f_0": 0.51123046875, "f_1": 0.46142578125, "f_2": 0.4501953125, "f_3": 0.462646484375, "f_4": 0.425048828125}, "sample27": {"f_0": 0.50341796875, "f_1": 0.4443359375, "f_2": 0.4580078125, "f_3": 0.451416015625, "f_4": 0.438720703125}, "sample28": {"f_0": 0.492919921875, "f_1": 0.52685546875, "f_2": 0.596435546875, "f_3": 0.656494140625, "f_4": 0.631591796875}, "sample29": {"f_0": 0.50439453125, "f_1": 0.4853515625, "f_2": 0.53173828125, "f_3": 0.537841796875, "f_4": 0.526123046875}, "sample30": {"f_0": 0.49072265625, "f_1": 0.493896484375, "f_2": 0.47216796875, "f_3": 0.48828125, "f_4": 0.461669921875}, "sample31": {"f_0": 0.50341796875, "f_1": 0.408447265625, "f_2": 0.366943359375, "f_3": 0.304443359375, "f_4": 0.26513671875}, "sample32": {"f_0": 0.48974609375, "f_1": 0.5107421875, "f_2": 0.528564453125, "f_3": 0.550048828125, "f_4": 0.58203125}, "sample33": {"f_0": 0.501953125, "f_1": 0.496826171875, "f_2": 0.493408203125, "f_3": 0.522705078125, "f_4": 0.53564453125}, "sample34": {"f_0": 0.49951171875, "f_1": 0.536865234375, "f_2": 0.614990234375, "f_3": 0.66650390625, "f_4": 0.68115234375}, "sample35": {"f_0": 0.501708984375, "f_1": 0.436279296875, "f_2": 0.407470703125, "f_3": 0.3837890625, "f_4": 0.365966796875}, "sample36": {"f_0": 0.51220703125, "f_1": 0.55224609375, "f_2": 0.589111328125, "f_3": 0.595458984375, "f_4": 0.633056640625}, "sample37": {"f_0": 0.50439453125, "f_1": 0.41015625, "f_2": 0.386962890625, "f_3": 0.318115234375, "f_4": 0.306640625}, "sample38": {"f_0": 0.483154296875, "f_1": 0.480224609375, "f_2": 0.44091796875, "f_3": 0.45703125, "f_4": 0.439697265625}, "sample39": {"f_0": 0.502685546875, "f_1": 0.492431640625, "f_2": 0.53369140625, "f_3": 0.54736328125, "f_4": 0.57275390625}, "sample40": {"f_0": 0.4921875, "f_1": 0.520263671875, "f_2": 0.574462890625, "f_3": 0.59228515625, "f_4": 0.605712890625}, "sample41": {"f_0": 0.505615234375, "f_1": 0.44189453125, "f_2": 0.441162109375, "f_3": 0.468505859375, "f_4": 0.42529296875}, "sample42": {"f_0": 0.494140625, "f_1": 0.427001953125, "f_2": 0.393798828125, "f_3": 0.363037109375, "f_4": 0.304443359375}, "sample43": {"f_0": 0.495361328125, "f_1": 0.489013671875, "f_2": 0.487060546875, "f_3": 0.445068359375, "f_4": 0.452880859375}, "sample44": {"f_0": 0.5, "f_1": 0.479248046875, "f_2": 0.509521484375, "f_3": 0.550048828125, "f_4": 0.533447265625}, "sample45": {"f_0": 0.4912109375, "f_1": 0.462158203125, "f_2": 0.439208984375, "f_3": 0.388427734375, "f_4": 0.353271484375}, "sample46": {"f_0": 0.5029296875, "f_1": 0.509033203125, "f_2": 0.584716796875, "f_3": 0.63671875, "f_4": 0.67724609375}, "sample47": {"f_0": 0.49072265625, "f_1": 0.562744140625, "f_2": 0.56201171875, "f_3": 0.599853515625, "f_4": 0.619140625}, "sample48": {"f_0": 0.509765625, "f_1": 0.396484375, "f_2": 0.33740234375, "f_3": 0.282470703125, "f_4": 0.220458984375}, "sample49": {"f_0": 0.505126953125, "f_1": 0.51123046875, "f_2": 0.4794921875, "f_3": 0.48291015625, "f_4": 0.44921875}, "sample50": {"f_0": 0.505615234375, "f_1": 0.44921875, "f_2": 0.4599609375, "f_3": 0.39306640625, "f_4": 0.39453125}, "sample51": {"f_0": 0.494873046875, "f_1": 0.55859375, "f_2": 0.59814453125, "f_3": 0.669677734375, "f_4": 0.679931640625}, "sample52": {"f_0": 0.51416015625, "f_1": 0.586669921875, "f_2": 0.642822265625, "f_3": 0.671630859375, "f_4": 0.68310546875}, "sample53": {"f_0": 0.503173828125, "f_1": 0.490478515625, "f_2": 0.440673828125, "f_3": 0.42626953125, "f_4": 0.36767578125}, "sample54": {"f_0": 0.51171875, "f_1": 0.46826171875, "f_2": 0.441162109375, "f_3": 0.437744140625, "f_4": 0.4345703125}, "sample55": {"f_0": 0.492919921875, "f_1": 0.58349609375, "f_2": 0.6396484375, "f_3": 0.667724609375, "f_4": 0.6474609375}, "sample56": {"f_0": 0.49951171875, "f_1": 0.43603515625, "f_2": 0.40673828125, "f_3": 0.391357421875, "f_4": 0.3525390625}, "sample57": {"f_0": 0.49755859375, "f_1": 0.468505859375, "f_2": 0.465087890625, "f_3": 0.47607421875, "f_4": 0.468017578125}, "sample58": {"f_0": 0.507568359375, "f_1": 0.378662109375, "f_2": 0.30810546875, "f_3": 0.228515625, "f_4": 0.16650390625}, "sample59": {"f_0": 0.508544921875, "f_1": 0.460693359375, "f_2": 0.505126953125, "f_3": 0.51318359375, "f_4": 0.53662109375}, "sample60": {"f_0": 0.49609375, "f_1": 0.46630859375, "f_2": 0.46533203125, "f_3": 0.465087890625, "f_4": 0.462158203125}, "sample61": {"f_0": 0.4921875, "f_1": 0.4873046875, "f_2": 0.51904296875, "f_3": 0.524169921875, "f_4": 0.5048828125}, "sample62": {"f_0": 0.503662109375, "f_1": 0.48583984375, "f_2": 0.490478515625, "f_3": 0.47900390625, "f_4": 0.477783203125}, "sample63": {"f_0": 0.499267578125, "f_1": 0.411376953125, "f_2": 0.3515625, "f_3": 0.25927734375, "f_4": 0.220703125}, "sample64": {"f_0": 0.510986328125,