{"sample0": {"f_0": 0, "f_1": 0.0009765625, "f_2": 0.0087890625, "f_3": 0.0126953125, "f_4": 0.0439453125}, "sample1": {"f_0": 0, "f_1": 0.0009765625, "f_2": 0.0009765625, "f_3": 0.001953125, "f_4": 0.001953125}, "sample2": {"f_0": 0, "f_1": 0, "f_2": 0.0009765625, "f_3": 0.0068359375, "f_4": 0.0087890625}, "sample3": {"f_0": 0, "f_1": 0.0009765625, "f_2": 0, "f_3": 0, "f_4": 0.0009765625}, "sample4": {"f_0": 0, "f_1": 0.0048828125, "f_2": 0.0185546875, "f_3": 0.044921875, "f_4": 0.076171875}, "sample5": {"f_0": 0, "f_1": 0, "f_2": 0, "f_3": 0.0009765625, "f_4": 0.001953125}, "sample6": {"f_0": 0, "f_1": 0.0048828125, "f_2": 0.0185546875, "f_3": 0.0283203125, "f_4": 0.0595703125}, "sample7": {"f_0": 0, "f_1": 0.0009765625, "f_2": 0.0009765625, "f_3": 0.005859375, "f_4": 0.0126953125}, "sample8": {"f_0": 0, "f_1": 0, "f_2": 0.0009765625, "f_3": 0.001953125, "f_4": 0.00390625}, "sample9": {"f_0": 0, "f_1": 0, "f_2": 0, "f_3": 0, "f_4": 0}, "sample10": {"f_0": 0, "f_1": 0.00390625, "f_2": 0.00390625, "f_3": 0.0234375, "f_4": 0.0302734375}, "sample11": {"f_0": 0, "f_1": 0, "f_2": 0.0048828125, "f_3": 0.013671875, "f_4": 0.02734375}, "sample12": {"f_0": 0, "f_1": 0.0009765625, "f_2": 0.013671875, "f_3": 0.033203125, "f_4": 0.0546875}, "sample13": {"f_0": 0, "f_1": 0, "f_2": 0, "f_3": 0.0048828125, "f_4": 0.0009765625}, "sample14": {"f_0": 0, "f_1": 0.0009765625, "f_2": 0.0009765625, "f_3": 0.0048828125, "f_4": 0.005859375}, "sample15": {"f_0": 0, "f_1": 0.005859375, "f_2": 0.029296875, "f_3": 0.0478515625, "f_4": 0.0693359375}, "sample16": {"f_0": 0, "f_1": 0.001953125, "f_2": 0.0078125, "f_3": 0.013671875, "f_4": 0.037109375}, "sample17": {"f_0": 0, "f_1": 0, "f_2": 0.0009765625, "f_3": 0.0078125, "f_4": 0.0107421875}, "sample18": {"f_0": 0, "f_1": 0, "f_2": 0.0029296875, "f_3": 0.001953125, "f_4": 0.0087890625}, "sample19": {"f_0": 0, "f_1": 0, "f_2": 0, "f_3": 0, "f_4": 0.0009765625}, "sample20": {"f_0": 0, "f_1": 0.001953125, "f_2": 0.0029296875, "f_3": 0.0048828125, "f_4": 0.0146484375}, "sample21": {"f_0": 0, "f_1": 0, "f_2": 0, "f_3": 0, "f_4": 0}, "sample22": {"f_0": 0, "f_1": 0.0009765625, "f_2": 0.005859375, "f_3": 0.013671875, "f_4": 0.0166015625}, "sample23": {"f_0": 0, "f_1": 0.0029296875, "f_2": 0.009765625, "f_3": 0.0224609375, "f_4": 0.0439453125}, "sample24": {"f_0": 0, "f_1": 0, "f_2": 0, "f_3": 0, "f_4": 0.0009765625}, "sample25": {"f_0": 0, "f_1": 0.001953125, "f_2": 0.005859375, "f_3": 0.009765625, "f_4": 0.0107421875}, "sample26": {"f_0": 0, "f_1": 0.0029296875, "f_2": 0.0068359375, "f_3": 0.015625, "f_4": 0.0283203125}, "sample27": {"f_0": 0, "f_1": 0.009765625, "f_2": 0.0263671875, "f_3": 0.0908203125, "f_4": 0.126953125}, "sample28": {"f_0": 0, "f_1": 0.0009765625, "f_2": 0.00390625, "f_3": 0.01171875, "f_4": 0.01171875}, "sample29": {"f_0": 0, "f_1": 0, "f_2": 0.0009765625, "f_3": 0.0029296875, "f_4": 0.00390625}, "sample30": {"f_0": 0, "f_1": 0, "f_2": 0.001953125, "f_3": 0.0009765625, "f_4": 0.0126953125}, "sample31": {"f_0": 0, "f_1": 0.001953125, "f_2": 0.01953125, "f_3": 0.0400390625, "f_4": 0.056640625}, "sample32": {"f_0": 0, "f_1": 0, "f_2": 0.0009765625, "f_3": 0.0009765625, "f_4": 0.00390625}, "sample33": {"f_0": 0, "f_1": 0.0078125, "f_2": 0.0185546875, "f_3": 0.0478515625, "f_4": 0.05859375}, "sample34": {"f_0": 0, "f_1": 0.001953125, "f_2": 0.0107421875, "f_3": 0.017578125, "f_4": 0.033203125}, "sample35": {"f_0": 0, "f_1": 0, "f_2": 0, "f_3": 0.0107421875, "f_4": 0.0087890625}, "sample36": {"f_0": 0, "f_1": 0, "f_2": 0.0029296875, "f_3": 0.005859375, "f_4": 0.009765625}, "sample37": {"f_0": 0, "f_1": 0.0009765625, "f_2": 0.001953125, "f_3": 0.0029296875, "f_4": 0.0087890625}, "sample38": {"f_0": 0, "f_1": 0.001953125, "f_2": 0.005859375, "f_3": 0.0146484375, "f_4": 0.0234375}, "sample39": {"f_0": 0, "f_1": 0.0009765625, "f_2": 0.0048828125, "f_3": 0.0029296875, "f_4": 0.0068359375}, "sample40": {"f_0": 0, "f_1": 0, "f_2": 0, "f_3": 0, "f_4": 0.001953125}, "sample41": {"f_0": 0, "f_1": 0.0009765625, "f_2": 0.0009765625, "f_3": 0.0068359375, "f_4": 0.005859375}, "sample42": {"f_0": 0, "f_1": 0.001953125, "f_2": 0.015625, "f_3": 0.05078125, "f_4": 0.076171875}, "sample43": {"f_0": 0, "f_1": 0.0029296875, "f_2": 0.025390625, "f_3": 0.046875, "f_4": 0.07421875}, "sample44": {"f_0": 0, "f_1": 0.001953125, "f_2": 0.0048828125, "f_3": 0.0048828125, "f_4": 0.013671875}, "sample45": {"f_0": 0, "f_1": 0.0009765625, "f_2": 0.001953125, "f_3": 0.0078125, "f_4": 0.0087890625}, "sample46": {"f_0": 0, "f_1": 0.0068359375, "f_2": 0.0166015625, "f_3": 0.056640625, "f_4": 0.0693359375}, "sample47": {"f_0": 0, "f_1": 0, "f_2": 0.0009765625, "f_3": 0.0009765625, "f_4": 0}, "sample48": {"f_0": 0, "f_1": 0, "f_2": 0.0048828125, "f_3": 0.01171875, "f_4": 0.013671875}, "sample49": {"f_0": 0, "f_1": 0.0009765625, "f_2": 0.0009765625, "f_3": 0.009765625, "f_4": 0.0126953125}, "sample50": {"f_0": 0, "f_1": 0, "f_2": 0, "f_3": 0.001953125, "f_4": 0.00390625}, "sample51": {"f_0": 0, "f_1": 0, "f_2": 0.0029296875, "f_3": 0.01953125, "f_4": 0.015625}, "sample52": {"f_0": 0, "f_1": 0.0009765625, "f_2": 0.0068359375, "f_3": 0.01171875, "f_4": 0.0478515625}, "sample53": {"f_0": 0, "f_1": 0.0009765625, "f_2": 0.001953125, "f_3": 0.0087890625, "f_4": 0.0185546875}, "sample54": {"f_0": 0, "f_1": 0, "f_2": 0.0068359375, "f_3": 0.005859375, "f_4": 0.0166015625}, "sample55": {"f_0": 0, "f_1": 0.0009765625, "f_2": 0, "f_3": 0.0087890625, "f_4": 0.0107421875}, "sample56": {"f_0": 0, "f_1": 0, "f_2": 0, "f_3": 0.001953125, "f_4": 0.0087890625}, "sample57": {"f_0": 0, "f_1": 0, "f_2": 0, "f_3": 0, "f_4": 0}, "sample58": {"f_0": 0, "f_1": 0.0009765625, "f_2": 0.0009765625, "f_3": 0.0068359375, "f_4": 0.0107421875}, "sample59": {"f_0": 0, "f_1": 0, "f_2": 0, "f_3": 0, "f_4": 0}, "sample60": {"f_0": 0, "f_1": 0.0029296875, "f_2": 0.017578125, "f_3": 0.0205078125, "f_4": 0.0341796875}, "sample61": {"f_0": 0, "f_1": 0, "f_2": 0, "f_3": 0, "f_4": 0}, "sample62": {"f_0": 0, "f_1": 0, "f_2": 0, "f_3": 0.0009765625, "f_4": 0.0009765625}, "sample63": {"f_0": 0, "f_1": 0.0029296875, "f_2": 0.017578125, "f_3": 0.03125, "f_4": 0.0625}, "sample64": {"f_0": 0, "f_1": 0.0009765625, "f_2": 0.013671875, "f_3": 0.0302734375, "f_4": 0.0537109375}, "sample65": {"f_0": 0, "f_1": 0.001953125, "f_2": 0.005859375, "f_3": 0.005859375, "f_4": 0.0068359375}, "sample66": {"f_0": 0, "f_1": 0, "f_2": 0.001953125, "f_3": 0.00390625, "f_4": 0.0068359375}, "sample67": {"f_0": 0, "f_1": 0, "f_2": 0, "f_3": 0.0009765625, "f_4": 0}, "sample68": {"f_0": 0, "f_1": 0, "f_2": 0.0009765625, "f_3": 0, "f_4": 0.001953125}, "sample69": {"f_0": 0, "f_1": 0.0009765625, "f_2": 0.001953125, "f_3": 0.00390625, "f_4": 0.01171875}, "sample70": {"f_0": 0, "f_1": 0.0078125, "f_2": 0.025390625, "f_3": 0.04296875, "f_4": 0.107421875}, "sample71": {"f_0": 0, "f_1": 0, "f_2": 0.0009765625, "f_3": 0.0009765625, "f_4": 0.0009765625}, "sample72": {"f_0": 0, "f_1": 0, "f_2": 0, "f_3": 0.0009765625, "f_4": 0.0009765625}, "sample73": {"f_0": 0, "f_1": 0, "f_2": 0.0009765625, "f_3": 0.001953125, "f_4": 0.001953125}, "sample74": {"f_0": 0, "f_1": 0.001953125, "f_2": 0.0126953125, "f_3": 0.0244140625, "f_4": 0.033203125}, "sample75": {"f_0": 0, "f_1": 0, "f_2": 0.0009765625, "f_3": 0.0009765625, "f_4": 0}, "sample76": {"f_0": 0, "f_1": 0, "f_2": 0.0029296875, "f_3": 0.0078125, "f_4": 0.0126953125}, "sample77": {"f_0": 0, "f_1": 0, "f_2": 0, "f_3": 0, "f_4": 0}, "sample78": {"f_0": 0, "f_1": 0, "f_2": 0, "f_3": 0, "f_4": 0}, "sample79": {"f_0": 0, "f_1": 0, "f_2": 0, "f_3": 0, "f_4": 0.0009765625}}