{"sample0": {"f_0": 0.517578125, "f_1": 0.4697265625, "f_2": 0.4091796875, "f_3": 0.3466796875, "f_4": 0.30859375}, "sample1": {"f_0": 0.4951171875, "f_1": 0.4736328125, "f_2": 0.4833984375, "f_3": 0.453125, "f_4": 0.4091796875}, "sample2": {"f_0": 0.482421875, "f_1": 0.4736328125, "f_2": 0.4677734375, "f_3": 0.4052734375, "f_4": 0.4091796875}, "sample3": {"f_0": 0.5, "f_1": 0.513671875, "f_2": 0.4853515625, "f_3": 0.458984375, "f_4": 0.4482421875}, "sample4": {"f_0": 0.509765625, "f_1": 0.580078125, "f_2": 0.5859375, "f_3": 0.69140625, "f_4": 0.7158203125}, "sample5": {"f_0": 0.4970703125, "f_1": 0.509765625, "f_2": 0.494140625, "f_3": 0.4228515625, "f_4": 0.427734375}, "sample6": {"f_0": 0.4912109375, "f_1": 0.55078125, "f_2": 0.5869140625, "f_3": 0.6298828125, "f_4": 0.689453125}, "sample7": {"f_0": 0.4970703125, "f_1": 0.517578125, "f_2": 0.5478515625, "f_3": 0.5712890625, "f_4": 0.5693359375}, "sample8": {"f_0": 0.486328125, "f_1": 0.53125, "f_2": 0.5107421875, "f_3": 0.5419921875, "f_4": 0.51953125}, "sample9": {"f_0": 0.4833984375, "f_1": 0.51953125, "f_2": 0.494140625, "f_3": 0.517578125, "f_4": 0.4775390625}, "sample10": {"f_0": 0.505859375, "f_1": 0.4453125, "f_2": 0.4248046875, "f_3": 0.337890625, "f_4": 0.3203125}, "sample11": {"f_0": 0.484375, "f_1": 0.552734375, "f_2": 0.587890625, "f_3": 0.5966796875, "f_4": 0.6220703125}, "sample12": {"f_0": 0.515625, "f_1": 0.521484375, "f_2": 0.59765625, "f_3": 0.646484375, "f_4": 0.681640625}, "sample13": {"f_0": 0.4873046875, "f_1": 0.501953125, "f_2": 0.5380859375, "f_3": 0.5478515625, "f_4": 0.548828125}, "sample14": {"f_0": 0.5361328125, "f_1": 0.5087890625, "f_2": 0.5205078125, "f_3": 0.533203125, "f_4": 0.5107421875}, "sample15": {"f_0": 0.4833984375, "f_1": 0.59765625, "f_2": 0.65234375, "f_3": 0.685546875, "f_4": 0.7353515625}, "sample16": {"f_0": 0.5458984375, "f_1": 0.548828125, "f_2": 0.59765625, "f_3": 0.6494140625, "f_4": 0.6298828125}, "sample17": {"f_0": 0.490234375, "f_1": 0.52734375, "f_2": 0.552734375, "f_3": 0.5869140625, "f_4": 0.59375}, "sample18": {"f_0": 0.4853515625, "f_1": 0.5087890625, "f_2": 0.533203125, "f_3": 0.5625, "f_4": 0.5302734375}, "sample19": {"f_0": 0.509765625, "f_1": 0.498046875, "f_2": 0.4755859375, "f_3": 0.478515625, "f_4": 0.490234375}, "sample20": {"f_0": 0.4951171875, "f_1": 0.46484375, "f_2": 0.4560546875, "f_3": 0.3876953125, "f_4": 0.3896484375}, "sample21": {"f_0": 0.4716796875, "f_1": 0.4892578125, "f_2": 0.4970703125, "f_3": 0.4873046875, "f_4": 0.482421875}, "sample22": {"f_0": 0.5029296875, "f_1": 0.5673828125, "f_2": 0.607421875, "f_3": 0.6103515625, "f_4": 0.626953125}, "sample23": {"f_0": 0.5205078125, "f_1": 0.5390625, "f_2": 0.58984375, "f_3": 0.64453125, "f_4": 0.671875}, "sample24": {"f_0": 0.5146484375, "f_1": 0.4794921875, "f_2": 0.470703125, "f_3": 0.478515625, "f_4": 0.5}, "sample25": {"f_0": 0.498046875, "f_1": 0.533203125, "f_2": 0.5556640625, "f_3": 0.5859375, "f_4": 0.6044921875}, "sample26": {"f_0": 0.4990234375, "f_1": 0.455078125, "f_2": 0.400390625, "f_3": 0.41015625, "f_4": 0.32421875}, "sample27": {"f_0": 0.5009765625, "f_1": 0.576171875, "f_2": 0.666015625, "f_3": 0.7080078125, "f_4": 0.7216796875}, "sample28": {"f_0": 0.5185546875, "f_1": 0.556640625, "f_2": 0.560546875, "f_3": 0.587890625, "f_4": 0.6357421875}, "sample29": {"f_0": 0.478515625, "f_1": 0.51171875, "f_2": 0.48828125, "f_3": 0.515625, "f_4": 0.46875}, "sample30": {"f_0": 0.5107421875, "f_1": 0.48046875, "f_2": 0.4462890625, "f_3": 0.423828125, "f_4": 0.41796875}, "sample31": {"f_0": 0.4912109375, "f_1": 0.583984375, "f_2": 0.6181640625, "f_3": 0.654296875, "f_4": 0.6953125}, "sample32": {"f_0": 0.513671875, "f_1": 0.48046875, "f_2": 0.5048828125, "f_3": 0.5126953125, "f_4": 0.4755859375}, "sample33": {"f_0": 0.509765625, "f_1": 0.5595703125, "f_2": 0.62109375, "f_3": 0.6689453125, "f_4": 0.7080078125}, "sample34": {"f_0": 0.49609375, "f_1": 0.4736328125, "f_2": 0.396484375, "f_3": 0.330078125, "f_4": 0.2958984375}, "sample35": {"f_0": 0.478515625, "f_1": 0.4599609375, "f_2": 0.4052734375, "f_3": 0.37109375, "f_4": 0.365234375}, "sample36": {"f_0": 0.4853515625, "f_1": 0.5361328125, "f_2": 0.5419921875, "f_3": 0.556640625, "f_4": 0.609375}, "sample37": {"f_0": 0.5439453125, "f_1": 0.51953125, "f_2": 0.52734375, "f_3": 0.53125, "f_4": 0.513671875}, "sample38": {"f_0": 0.505859375, "f_1": 0.4931640625, "f_2": 0.44140625, "f_3": 0.3916015625, "f_4": 0.3056640625}, "sample39": {"f_0": 0.486328125, "f_1": 0.486328125, "f_2": 0.4365234375, "f_3": 0.4228515625, "f_4": 0.4052734375}, "sample40": {"f_0": 0.4814453125, "f_1": 0.5185546875, "f_2": 0.533203125, "f_3": 0.5029296875, "f_4": 0.5322265625}, "sample41": {"f_0": 0.501953125, "f_1": 0.53515625, "f_2": 0.5283203125, "f_3": 0.5400390625, "f_4": 0.5087890625}, "sample42": {"f_0": 0.5361328125, "f_1": 0.5908203125, "f_2": 0.6513671875, "f_3": 0.7021484375, "f_4": 0.751953125}, "sample43": {"f_0": 0.525390625, "f_1": 0.560546875, "f_2": 0.6015625, "f_3": 0.7021484375, "f_4": 0.7265625}, "sample44": {"f_0": 0.490234375, "f_1": 0.53125, "f_2": 0.5810546875, "f_3": 0.6103515625, "f_4": 0.6259765625}, "sample45": {"f_0": 0.501953125, "f_1": 0.4599609375, "f_2": 0.4462890625, "f_3": 0.3984375, "f_4": 0.3759765625}, "sample46": {"f_0": 0.5107421875, "f_1": 0.59375, "f_2": 0.62890625, "f_3": 0.6845703125, "f_4": 0.6884765625}, "sample47": {"f_0": 0.5, "f_1": 0.5234375, "f_2": 0.5087890625, "f_3": 0.5185546875, "f_4": 0.5498046875}, "sample48": {"f_0": 0.498046875, "f_1": 0.447265625, "f_2": 0.439453125, "f_3": 0.40625, "f_4": 0.330078125}, "sample49": {"f_0": 0.4990234375, "f_1": 0.5361328125, "f_2": 0.5439453125, "f_3": 0.5693359375, "f_4": 0.6142578125}, "sample50": {"f_0": 0.4951171875, "f_1": 0.50390625, "f_2": 0.5498046875, "f_3": 0.5302734375, "f_4": 0.5537109375}, "sample51": {"f_0": 0.4853515625, "f_1": 0.521484375, "f_2": 0.5888671875, "f_3": 0.6123046875, "f_4": 0.642578125}, "sample52": {"f_0": 0.48828125, "f_1": 0.4560546875, "f_2": 0.3994140625, "f_3": 0.341796875, "f_4": 0.2900390625}, "sample53": {"f_0": 0.50390625, "f_1": 0.4794921875, "f_2": 0.4228515625, "f_3": 0.4072265625, "f_4": 0.3505859375}, "sample54": {"f_0": 0.525390625, "f_1": 0.5390625, "f_2": 0.5087890625, "f_3": 0.5830078125, "f_4": 0.6044921875}, "sample55": {"f_0": 0.4873046875, "f_1": 0.5166015625, "f_2": 0.552734375, "f_3": 0.5576171875, "f_4": 0.6025390625}, "sample56": {"f_0": 0.5087890625, "f_1": 0.46875, "f_2": 0.44140625, "f_3": 0.443359375, "f_4": 0.4306640625}, "sample57": {"f_0": 0.498046875, "f_1": 0.4970703125, "f_2": 0.474609375, "f_3": 0.494140625, "f_4": 0.4892578125}, "sample58": {"f_0": 0.5078125, "f_1": 0.5322265625, "f_2": 0.529296875, "f_3": 0.548828125, "f_4": 0.603515625}, "sample59": {"f_0": 0.4912109375, "f_1": 0.4970703125, "f_2": 0.4560546875, "f_3": 0.4873046875, "f_4": 0.4482421875}, "sample60": {"f_0": 0.4853515625, "f_1": 0.5478515625, "f_2": 0.58203125, "f_3": 0.6298828125, "f_4": 0.6669921875}, "sample61": {"f_0": 0.5107421875, "f_1": 0.46484375, "f_2": 0.4609375, "f_3": 0.455078125, "f_4": 0.5126953125}, "sample62": {"f_0": 0.5048828125, "f_1": 0.537109375, "f_2": 0.51171875, "f_3": 0.53515625, "f_4": 0.53125}, "sample63": {"f_0": 0.486328125, "f_1": 0.5244140625, "f_2": 0.6103515625, "f_3": 0.673828125, "f_4": 0.673828125}, "sample64": {"f_0": 0.51953125, "f_1": 0.5498046875, "f_2": 0.623046875, "f_3": 0.63671875, "f_4": 0.6650390625}, "sample65": {"f_0": 0.521484375, "f_1": 0.5068359375, "f_2": 0.5556640625, "f_3": 0.5419921875, "f_4": 0.53515625}, "sample66": {"f_0": 0.484375, "f_1": 0.501953125, "f_2": 0.5361328125, "f_3": 0.53125, "f_4": 0.5185546875}, "sample67": {"f_0": 0.5068359375, "f_1": 0.51171875, "f_2": 0.49609375, "f_3": 0.5068359375, "f_4": 0.4970703125}, "sample68": {"f_0": 0.5087890625, "f_1": 0.4814453125, "f_2": 0.4873046875, "f_3": 0.48046875, "f_4": 0.48046875}, "sample69": {"f_0": 0.49609375, "f_1": 0.5146484375, "f_2": 0.51953125, "f_3": 0.5556640625, "f_4": 0.5458984375},