{"sample0": {"f_0": 0.4999999999999999, "f_1": 0.4495941789870787, "f_2": 0.39791166302960135, "f_3": 0.34619949928330795, "f_4": 0.2956895619364263}, "sample1": {"f_0": 0.4999999999999999, "f_1": 0.48532494710034174, "f_2": 0.4639726845433886, "f_3": 0.43775227007065526, "f_4": 0.40883402828757415}, "sample2": {"f_0": 0.4999999999999999, "f_1": 0.4784796006154602, "f_2": 0.4547769859013352, "f_3": 0.4294122244967698, "f_4": 0.4029462901638957}, "sample3": {"f_0": 0.4999999999999999, "f_1": 0.49227005587032113, "f_2": 0.4806713969369452, "f_3": 0.46549098884713597, "f_4": 0.44718550147829284}, "sample4": {"f_0": 0.4999999999999999, "f_1": 0.5653028457789879, "f_2": 0.6228109014436968, "f_3": 0.6698731735833241, "f_4": 0.70453877200822}, "sample5": {"f_0": 0.4999999999999999, "f_1": 0.48713539768068465, "f_2": 0.4728585637213061, "f_3": 0.45747590286666395, "f_4": 0.44132139205075843}, "sample6": {"f_0": 0.4999999999999999, "f_1": 0.5588490995022483, "f_2": 0.6116819684130235, "f_3": 0.6565339913596595, "f_4": 0.6918791960906734}, "sample7": {"f_0": 0.4999999999999999, "f_1": 0.5257826735724235, "f_2": 0.55060403347936, "f_3": 0.574380738648875, "f_4": 0.5970486244871843}, "sample8": {"f_0": 0.4999999999999999, "f_1": 0.5128196734888772, "f_2": 0.5227663473786341, "f_3": 0.5296554966186352, "f_4": 0.5334350642154568}, "sample9": {"f_0": 0.4999999999999999, "f_1": 0.5059731499255833, "f_2": 0.507081149328903, "f_3": 0.503262112515396, "f_4": 0.494697898781592}, "sample10": {"f_0": 0.4999999999999999, "f_1": 0.4537055142770575, "f_2": 0.40629219774298253, "f_3": 0.3588128568321627, "f_4": 0.3122982126123008}, "sample11": {"f_0": 0.4999999999999999, "f_1": 0.5407747282473101, "f_2": 0.574938936864471, "f_3": 0.6010566141074124, "f_4": 0.6180646963879751}, "sample12": {"f_0": 0.4999999999999999, "f_1": 0.5557556177875107, "f_2": 0.606287388728678, "f_3": 0.6499375982500557, "f_4": 0.6853742817614966}, "sample13": {"f_0": 0.4999999999999999, "f_1": 0.5163333030759834, "f_2": 0.5313849644071821, "f_3": 0.5450092751908061, "f_4": 0.5570800563791817}, "sample14": {"f_0": 0.4999999999999999, "f_1": 0.5160876796310457, "f_2": 0.5287887756484011, "f_3": 0.5378664870792302, "f_4": 0.5432244892492982}, "sample15": {"f_0": 0.4999999999999999, "f_1": 0.5745378036393749, "f_2": 0.6385005320754331, "f_3": 0.6882153440474705, "f_4": 0.721018581787823}, "sample16": {"f_0": 0.4999999999999999, "f_1": 0.5471851420444457, "f_2": 0.5902258745702448, "f_3": 0.6280550516704897, "f_4": 0.6597595510718864}, "sample17": {"f_0": 0.4999999999999999, "f_1": 0.5244773125974798, "f_2": 0.5448678464865405, "f_3": 0.5608241088238439, "f_4": 0.5721817179749925}, "sample18": {"f_0": 0.4999999999999999, "f_1": 0.5171858270676076, "f_2": 0.5294569372307608, "f_3": 0.5367205464168953, "f_4": 0.5391055322668477}, "sample19": {"f_0": 0.4999999999999999, "f_1": 0.4962428709312799, "f_2": 0.4922937067845396, "f_3": 0.4881442325821128, "f_4": 0.48378990115112114}, "sample20": {"f_0": 0.4999999999999999, "f_1": 0.46845701787259014, "f_2": 0.4348600550559425, "f_3": 0.40009518588737064, "f_4": 0.3650743813737252}, "sample21": {"f_0": 0.4999999999999999, "f_1": 0.499851081294349, "f_2": 0.49937379500272455, "f_3": 0.49856044902888746, "f_4": 0.4974150853575524}, "sample22": {"f_0": 0.4999999999999999, "f_1": 0.5402136671204559, "f_2": 0.5757001325773538, "f_3": 0.6053589581992201, "f_4": 0.628328636336269}, "sample23": {"f_0": 0.4999999999999999, "f_1": 0.5488953024767579, "f_2": 0.5938077370609586, "f_3": 0.6337800179652251, "f_4": 0.6680143380954081}, "sample24": {"f_0": 0.4999999999999999, "f_1": 0.49382998056372956, "f_2": 0.4875591230863765, "f_3": 0.48120460965682643, "f_4": 0.4747845560265814}, "sample25": {"f_0": 0.4999999999999999, "f_1": 0.5300968807768018, "f_2": 0.5585318682997558, "f_3": 0.5849410494427021, "f_4": 0.6089950056001374}, "sample26": {"f_0": 0.4999999999999999, "f_1": 0.4574386663395169, "f_2": 0.4139268465335447, "f_3": 0.37030578094580086, "f_4": 0.32739871742010485}, "sample27": {"f_0": 0.4999999999999999, "f_1": 0.5843353404256572, "f_2": 0.6540946142096882, "f_3": 0.7041391547933159, "f_4": 0.7312970456722654}, "sample28": {"f_0": 0.4999999999999999, "f_1": 0.5320831199809383, "f_2": 0.5628796372779057, "f_3": 0.5922381424547821, "f_4": 0.6200408707215022}, "sample29": {"f_0": 0.4999999999999999, "f_1": 0.5027416580659315, "f_2": 0.4981346132051298, "f_3": 0.48729773575550744, "f_4": 0.4717709193054265}, "sample30": {"f_0": 0.4999999999999999, "f_1": 0.47646286158564766, "f_2": 0.44983233122668675, "f_3": 0.4212370541174993, "f_4": 0.39188562663894727}, "sample31": {"f_0": 0.4999999999999999, "f_1": 0.5628022068752976, "f_2": 0.618810186858689, "f_3": 0.6658252470696482, "f_4": 0.7020952496821907}, "sample32": {"f_0": 0.4999999999999999, "f_1": 0.50596229452809, "f_2": 0.5072868347060323, "f_3": 0.5040689036252012, "f_4": 0.4966677882704008}, "sample33": {"f_0": 0.4999999999999999, "f_1": 0.5650232292578655, "f_2": 0.6223185081509285, "f_3": 0.6693287604721171, "f_4": 0.7041178900338024}, "sample34": {"f_0": 0.4999999999999999, "f_1": 0.44662444491499603, "f_2": 0.39187275885847794, "f_3": 0.33725004286276844, "f_4": 0.2842336752196554}, "sample35": {"f_0": 0.4999999999999999, "f_1": 0.47058250019643205, "f_2": 0.4367990107936244, "f_3": 0.39991962816272675, "f_4": 0.3613935763596172}, "sample36": {"f_0": 0.4999999999999999, "f_1": 0.525990576876925, "f_2": 0.5483994357242957, "f_3": 0.5667747313676239, "f_4": 0.5807658180276817}, "sample37": {"f_0": 0.4999999999999999, "f_1": 0.5149189218841536, "f_2": 0.5220842205556128, "f_3": 0.5213880712213402, "f_4": 0.5132500210284386}, "sample38": {"f_0": 0.4999999999999999, "f_1": 0.46123296772147787, "f_2": 0.4209995773897236, "f_3": 0.38025903393145427, "f_4": 0.339965130379546}, "sample39": {"f_0": 0.4999999999999999, "f_1": 0.47311681424797464, "f_2": 0.4435954258267244, "f_3": 0.41218483214993606, "f_4": 0.37969665264716795}, "sample40": {"f_0": 0.4999999999999999, "f_1": 0.5095184332954157, "f_2": 0.5169906804866019, "f_3": 0.5223203324653837, "f_4": 0.5254646451713793}, "sample41": {"f_0": 0.4999999999999999, "f_1": 0.5167772866285826, "f_2": 0.5274692320808421, "f_3": 0.5317699157483518, "f_4": 0.529727734773611}, "sample42": {"f_0": 0.4999999999999999, "f_1": 0.5709684177202595, "f_2": 0.6328920102805841, "f_3": 0.6828046716158834, "f_4": 0.7184934987788268}, "sample43": {"f_0": 0.4999999999999999, "f_1": 0.5716434030511982, "f_2": 0.6330801887371115, "f_3": 0.6808326748148651, "f_4": 0.712912660068586}, "sample44": {"f_0": 0.4999999999999999, "f_1": 0.5345130546419328, "f_2": 0.5631398854127114, "f_3": 0.584778415010307, "f_4": 0.5986667776671434}, "sample45": {"f_0": 0.4999999999999999, "f_1": 0.47035269775421024, "f_2": 0.4383102528974472, "f_3": 0.40488693231228784, "f_4": 0.3711392665453961}, "sample46": {"f_0": 0.4999999999999999, "f_1": 0.5703253320291561, "f_2": 0.6304066615783225, "f_3": 0.6767140713883778, "f_4": 0.7068521471265671}, "sample47": {"f_0": 0.4999999999999999, "f_1": 0.5061947785997583, "f_2": 0.5122023317736363, "f_3": 0.5180052704139049, "f_4": 0.5235907246878673}, "sample48": {"f_0": 0.4999999999999999, "f_1": 0.46849026454751164, "f_2": 0.4355942361494669, "f_3": 0.40167297522330286, "f_4": 0.3671212347760036}, "sample49": {"f_0": 0.4999999999999999, "f_1": 0.5276800005906291, "f_2": 0.5537932014350471, "f_3": 0.5780290387959798, "f_4": 0.6001165623985713}, "sample50": {"f_0": 0.4999999999999999, "f_1": 0.5159785471016529, "f_2": 0.5314771112711925, "f_3": 0.5464182595737376, "f_4": 0.5607334629057319}, "sample51": {"f_0": 0.4999999999999999, "f_1": 0.5384745004958116, "f_2": 0.5749154011601183, "f_3": 0.6088991959293102, "f_4": 0.6400624882500588}, "sample52": {"f_0": 0.4999999999999999, "f_1": 0.45102862543790784, "f_2": 0.39978078013477586, "f_3": 0.3478668643627347, "f_4": 0.29691196957429694}, "sample53": {"f_0": 0.4999999999999999, "f_1": 0.46970110734962617,