{"sample0": {"f_0": 0.509765625, "f_1": 0.5478515625, "f_2": 0.5791015625, "f_3": 0.64453125, "f_4": 0.6474609375}, "sample1": {"f_0": 0.49609375, "f_1": 0.537109375, "f_2": 0.4892578125, "f_3": 0.48046875, "f_4": 0.48046875}, "sample2": {"f_0": 0.51953125, "f_1": 0.494140625, "f_2": 0.5224609375, "f_3": 0.5439453125, "f_4": 0.56640625}, "sample3": {"f_0": 0.46484375, "f_1": 0.4775390625, "f_2": 0.474609375, "f_3": 0.5, "f_4": 0.49609375}, "sample4": {"f_0": 0.490234375, "f_1": 0.48828125, "f_2": 0.3505859375, "f_3": 0.2822265625, "f_4": 0.21484375}, "sample5": {"f_0": 0.4716796875, "f_1": 0.5068359375, "f_2": 0.521484375, "f_3": 0.5517578125, "f_4": 0.5380859375}, "sample6": {"f_0": 0.5009765625, "f_1": 0.443359375, "f_2": 0.37109375, "f_3": 0.3115234375, "f_4": 0.2568359375}, "sample7": {"f_0": 0.5, "f_1": 0.4765625, "f_2": 0.458984375, "f_3": 0.4267578125, "f_4": 0.39453125}, "sample8": {"f_0": 0.5068359375, "f_1": 0.4794921875, "f_2": 0.46875, "f_3": 0.4541015625, "f_4": 0.4287109375}, "sample9": {"f_0": 0.4833984375, "f_1": 0.4794921875, "f_2": 0.4677734375, "f_3": 0.455078125, "f_4": 0.404296875}, "sample10": {"f_0": 0.4970703125, "f_1": 0.5126953125, "f_2": 0.5849609375, "f_3": 0.6123046875, "f_4": 0.6728515625}, "sample11": {"f_0": 0.5029296875, "f_1": 0.466796875, "f_2": 0.3974609375, "f_3": 0.3720703125, "f_4": 0.3056640625}, "sample12": {"f_0": 0.5146484375, "f_1": 0.458984375, "f_2": 0.392578125, "f_3": 0.31640625, "f_4": 0.27734375}, "sample13": {"f_0": 0.5185546875, "f_1": 0.4736328125, "f_2": 0.48828125, "f_3": 0.4326171875, "f_4": 0.419921875}, "sample14": {"f_0": 0.494140625, "f_1": 0.4814453125, "f_2": 0.46484375, "f_3": 0.4521484375, "f_4": 0.4296875}, "sample15": {"f_0": 0.513671875, "f_1": 0.4189453125, "f_2": 0.3447265625, "f_3": 0.2705078125, "f_4": 0.1982421875}, "sample16": {"f_0": 0.5068359375, "f_1": 0.44921875, "f_2": 0.41796875, "f_3": 0.3525390625, "f_4": 0.310546875}, "sample17": {"f_0": 0.48828125, "f_1": 0.4814453125, "f_2": 0.447265625, "f_3": 0.392578125, "f_4": 0.3955078125}, "sample18": {"f_0": 0.5126953125, "f_1": 0.484375, "f_2": 0.4443359375, "f_3": 0.439453125, "f_4": 0.37890625}, "sample19": {"f_0": 0.5087890625, "f_1": 0.4853515625, "f_2": 0.525390625, "f_3": 0.515625, "f_4": 0.5234375}, "sample20": {"f_0": 0.4990234375, "f_1": 0.5048828125, "f_2": 0.5546875, "f_3": 0.5625, "f_4": 0.5830078125}, "sample21": {"f_0": 0.5009765625, "f_1": 0.49609375, "f_2": 0.4775390625, "f_3": 0.4755859375, "f_4": 0.4755859375}, "sample22": {"f_0": 0.5029296875, "f_1": 0.4501953125, "f_2": 0.3984375, "f_3": 0.328125, "f_4": 0.322265625}, "sample23": {"f_0": 0.5068359375, "f_1": 0.44921875, "f_2": 0.376953125, "f_3": 0.3623046875, "f_4": 0.283203125}, "sample24": {"f_0": 0.5126953125, "f_1": 0.5166015625, "f_2": 0.5263671875, "f_3": 0.505859375, "f_4": 0.5078125}, "sample25": {"f_0": 0.4736328125, "f_1": 0.4462890625, "f_2": 0.4501953125, "f_3": 0.4033203125, "f_4": 0.3837890625}, "sample26": {"f_0": 0.498046875, "f_1": 0.5146484375, "f_2": 0.568359375, "f_3": 0.609375, "f_4": 0.66015625}, "sample27": {"f_0": 0.5087890625, "f_1": 0.3974609375, "f_2": 0.3115234375, "f_3": 0.2392578125, "f_4": 0.1435546875}, "sample28": {"f_0": 0.4931640625, "f_1": 0.4970703125, "f_2": 0.439453125, "f_3": 0.404296875, "f_4": 0.3525390625}, "sample29": {"f_0": 0.4921875, "f_1": 0.478515625, "f_2": 0.482421875, "f_3": 0.44140625, "f_4": 0.412109375}, "sample30": {"f_0": 0.5087890625, "f_1": 0.5419921875, "f_2": 0.52734375, "f_3": 0.53125, "f_4": 0.5556640625}, "sample31": {"f_0": 0.517578125, "f_1": 0.427734375, "f_2": 0.3603515625, "f_3": 0.29296875, "f_4": 0.2314453125}, "sample32": {"f_0": 0.53515625, "f_1": 0.5146484375, "f_2": 0.501953125, "f_3": 0.4638671875, "f_4": 0.408203125}, "sample33": {"f_0": 0.4951171875, "f_1": 0.4521484375, "f_2": 0.365234375, "f_3": 0.2646484375, "f_4": 0.25}, "sample34": {"f_0": 0.5, "f_1": 0.5400390625, "f_2": 0.5810546875, "f_3": 0.6279296875, "f_4": 0.68359375}, "sample35": {"f_0": 0.5380859375, "f_1": 0.54296875, "f_2": 0.572265625, "f_3": 0.5517578125, "f_4": 0.556640625}, "sample36": {"f_0": 0.509765625, "f_1": 0.45703125, "f_2": 0.435546875, "f_3": 0.404296875, "f_4": 0.37890625}, "sample37": {"f_0": 0.5009765625, "f_1": 0.4677734375, "f_2": 0.4599609375, "f_3": 0.4052734375, "f_4": 0.375}, "sample38": {"f_0": 0.51171875, "f_1": 0.50390625, "f_2": 0.5830078125, "f_3": 0.6142578125, "f_4": 0.6162109375}, "sample39": {"f_0": 0.4912109375, "f_1": 0.5224609375, "f_2": 0.53125, "f_3": 0.5703125, "f_4": 0.568359375}, "sample40": {"f_0": 0.509765625, "f_1": 0.48046875, "f_2": 0.4697265625, "f_3": 0.4892578125, "f_4": 0.4375}, "sample41": {"f_0": 0.509765625, "f_1": 0.484375, "f_2": 0.4443359375, "f_3": 0.43359375, "f_4": 0.396484375}, "sample42": {"f_0": 0.4677734375, "f_1": 0.423828125, "f_2": 0.3369140625, "f_3": 0.2705078125, "f_4": 0.181640625}, "sample43": {"f_0": 0.509765625, "f_1": 0.4140625, "f_2": 0.3505859375, "f_3": 0.25, "f_4": 0.2041015625}, "sample44": {"f_0": 0.494140625, "f_1": 0.4521484375, "f_2": 0.3974609375, "f_3": 0.3759765625, "f_4": 0.3544921875}, "sample45": {"f_0": 0.4853515625, "f_1": 0.515625, "f_2": 0.55078125, "f_3": 0.58203125, "f_4": 0.6279296875}, "sample46": {"f_0": 0.5087890625, "f_1": 0.416015625, "f_2": 0.33203125, "f_3": 0.2724609375, "f_4": 0.2138671875}, "sample47": {"f_0": 0.5087890625, "f_1": 0.4951171875, "f_2": 0.47265625, "f_3": 0.470703125, "f_4": 0.478515625}, "sample48": {"f_0": 0.53125, "f_1": 0.53515625, "f_2": 0.560546875, "f_3": 0.580078125, "f_4": 0.59765625}, "sample49": {"f_0": 0.5068359375, "f_1": 0.5, "f_2": 0.4521484375, "f_3": 0.4072265625, "f_4": 0.3837890625}, "sample50": {"f_0": 0.4765625, "f_1": 0.490234375, "f_2": 0.4423828125, "f_3": 0.4599609375, "f_4": 0.416015625}, "sample51": {"f_0": 0.494140625, "f_1": 0.4697265625, "f_2": 0.416015625, "f_3": 0.4013671875, "f_4": 0.3369140625}, "sample52": {"f_0": 0.478515625, "f_1": 0.5390625, "f_2": 0.5693359375, "f_3": 0.60546875, "f_4": 0.634765625}, "sample53": {"f_0": 0.4833984375, "f_1": 0.4990234375, "f_2": 0.5458984375, "f_3": 0.5693359375, "f_4": 0.611328125}, "sample54": {"f_0": 0.4892578125, "f_1": 0.4736328125, "f_2": 0.4296875, "f_3": 0.3857421875, "f_4": 0.376953125}, "sample55": {"f_0": 0.482421875, "f_1": 0.4423828125, "f_2": 0.4345703125, "f_3": 0.388671875, "f_4": 0.3525390625}, "sample56": {"f_0": 0.505859375, "f_1": 0.5283203125, "f_2": 0.5205078125, "f_3": 0.552734375, "f_4": 0.56640625}, "sample57": {"f_0": 0.513671875, "f_1": 0.474609375, "f_2": 0.51171875, "f_3": 0.5146484375, "f_4": 0.509765625}, "sample58": {"f_0": 0.4794921875, "f_1": 0.447265625, "f_2": 0.4541015625, "f_3": 0.4208984375, "f_4": 0.404296875}, "sample59": {"f_0": 0.5263671875, "f_1": 0.5185546875, "f_2": 0.5185546875, "f_3": 0.5185546875, "f_4": 0.533203125}, "sample60": {"f_0": 0.5029296875, "f_1": 0.4501953125, "f_2": 0.373046875, "f_3": 0.345703125, "f_4": 0.3037109375}, "sample61": {"f_0": 0.51171875, "f_1": 0.54296875, "f_2": 0.474609375, "f_3": 0.5029296875, "f_4": 0.5048828125}, "sample62": {"f_0": 0.49609375, "f_1": 0.4833984375, "f_2": 0.4677734375, "f_3": 0.4501953125, "f_4": 0.48046875}, "sample63": {"f_0": 0.5029296875, "f_1": 0.4423828125, "f_2": 0.3486328125, "f_3": 0.322265625, "f_4": 0.23828125}, "sample64": {"f_0": 0.48046875, "f_1": 0.4404296875, "f_2": 0.3740234375, "f_3": 0.3232421875, "f_4": 0.2666015625}, "sample65": {"f_0": 0.5068359375, "f_1": 0.44921875, "f_2": 0.4365234375, "f_3": 0.392578125, "f_4": 0.359375}, "sample66": {"f_0": 0.5068359375, "f_1": 0.4814453125, "f_2": 0.4755859375, "f_3": 0.4375, "f_4": 0.4453125}, "sample67": {"f_0": 0.5166015625, "f_1": 0.5009765625, "f_2": 0.4736328125, "f_3": 0.525390625, "f_4": 0.453125}, "sample68": {"f_0": 0.4990234375, "f_1": 0.5107421875, "f_2": 0.4873046875, "f_3": 0.4912109375, "f_4": 0.484375}, "sample69": {"f_0": 0.4931640625, "f_1": 0.466796875, "f_2": 0.44140625, "f_3": 0.3759765625, "f_4": 0.361328125}, "sample70": {"f_0": 0.5087890625,