{
    "n_samples": 5,
    "n_qubits": 12,
    "backend_qpu_name": "ibm_marrakesh",
    "beta": 1,
    "C": 10.795139821243238,
    "n_features": 10,
    "times": [
        0.0,
        0.29101917210999007,
        0.5820383442199801,
        0.8730575163299702,
        1.1640766884399603,
        1.4550958605499502,
        1.7461150326599404,
        2.0371342047699303,
        2.3281533768799205,
        2.6191725489899107
    ]
}