{"sample_id":{"0":0,"1":1,"2":2,"3":3,"4":4,"5":5,"6":6,"7":7,"8":8,"9":9,"10":10,"11":11,"12":12,"13":13,"14":14,"15":15,"16":16,"17":17,"18":18,"19":19,"20":20,"21":21,"22":22,"23":23,"24":24,"25":25,"26":26,"27":27,"28":28,"29":29,"30":30,"31":31,"32":32,"33":33,"34":34,"35":35,"36":36,"37":37,"38":38,"39":39},"f_0 Re":{"0":1.0,"1":1.0,"2":1.0,"3":1.0,"4":1.0,"5":1.0,"6":1.0,"7":1.0,"8":1.0,"9":1.0,"10":1.0,"11":1.0,"12":1.0,"13":1.0,"14":1.0,"15":1.0,"16":1.0,"17":1.0,"18":1.0,"19":1.0,"20":1.0,"21":1.0,"22":1.0,"23":1.0,"24":1.0,"25":1.0,"26":1.0,"27":1.0,"28":1.0,"29":1.0,"30":1.0,"31":1.0,"32":1.0,"33":1.0,"34":1.0,"35":1.0,"36":1.0,"37":1.0,"38":1.0,"39":1.0},"f_1 Re":{"0":0.9928131345,"1":0.9796418136,"2":0.9952882539,"3":0.9939817901,"4":0.9849732651,"5":0.9935197066,"6":0.9960734882,"7":0.9839551913,"8":0.997620776,"9":0.9978825707,"10":0.9950197936,"11":0.9947861128,"12":0.9831763109,"13":0.9971819043,"14":0.9906840579,"15":0.996379823,"16":0.9995392394,"17":0.998886309,"18":0.9997573781,"19":0.9977151855,"20":0.996803753,"21":0.9967357532,"22":1.0007049535,"23":0.9943621611,"24":0.9865286372,"25":0.9934205164,"26":0.9919246099,"27":0.99798868,"28":0.9911908281,"29":1.0004439417,"30":1.0030603638,"31":0.9966459943,"32":0.994769245,"33":0.984657296,"34":0.9987323712,"35":0.9931495741,"36":0.9989063107,"37":0.9807013017,"38":0.9956439512,"39":1.0005765168},"f_1 Im":{"0":-0.1138681475,"1":-0.1799304761,"2":0.0634387564,"3":-0.1237583395,"4":0.007908095,"5":0.1142625126,"6":-0.09109986,"7":-0.0541658792,"8":-0.0175144971,"9":0.0523429274,"10":0.0997970555,"11":-0.1099221147,"12":-0.1569838963,"13":-0.0350427808,"14":-0.0469354274,"15":0.0252270697,"16":-0.0160780957,"17":-0.0506992917,"18":-0.0252918975,"19":0.0099172517,"20":-0.0464796932,"21":-0.0540070744,"22":-0.0436522821,"23":0.0002691389,"24":-0.0065656982,"25":-0.0743329247,"26":0.0847470641,"27":-0.0497836385,"28":-0.0274968064,"29":-0.0411175731,"30":-0.0298472274,"31":-0.0984250205,"32":0.0606255672,"33":-0.0629496548,"34":0.0203613939,"35":-0.1165394536,"36":-0.0410432665,"37":-0.0827130119,"38":-0.0034387704,"39":0.0337106237},"f_2 Re":{"0":0.9784348036,"1":0.9146960498,"2":0.9674682945,"3":0.9831611286,"4":0.9795160786,"5":0.9793428642,"6":0.9775711139,"7":0.9722365464,"8":0.9877662856,"9":0.9878006453,"10":0.9894790492,"11":0.9796945168,"12":0.9630377627,"13":0.9925087801,"14":0.9694166114,"15":0.9855738933,"16":0.964057512,"17":0.9949193177,"18":0.9976669949,"19":0.9942636518,"20":0.9831442568,"21":0.9786047077,"22":0.9930220653,"23":0.9942662329,"24":0.9640413005,"25":0.9674570109,"26":0.9700013849,"27":0.9918557113,"28":0.9851752462,"29":0.9999502008,"30":0.9916024022,"31":0.9905121753,"32":0.9798792756,"33":0.9611785007,"34":0.970919745,"35":0.9546426901,"36":0.9866687103,"37":0.9427443375,"38":0.987721372,"39":0.9955952456},"f_2 Im":{"0":-0.2033662894,"1":-0.333717441,"2":0.1452034187,"3":-0.1668560748,"4":0.0966497139,"5":0.2022161443,"6":-0.1760341388,"7":-0.1749871662,"8":-0.0324334156,"9":0.1559715769,"10":0.1546671712,"11":-0.2081552617,"12":-0.2314759218,"13":-0.049606899,"14":-0.0686811326,"15":0.0447998152,"16":0.0233405503,"17":-0.1110532169,"18":-0.0325498551,"19":0.0633223035,"20":-0.0505095111,"21":-0.0517595202,"22":-0.0754973956,"23":-0.0226745125,"24":-0.055199718,"25":-0.0976616417,"26":0.1937536039,"27":-0.081496232,"28":-0.0231161457,"29":-0.0383035883,"30":0.0159599688,"31":-0.1183697642,"32":0.1753023757,"33":-0.1290698932,"34":0.0520057341,"35":-0.2555795837,"36":-0.110335938,"37":-0.2171954343,"38":0.0123935396,"39":0.0964233463},"f_3 Re":{"0":0.9448347785,"1":0.8119722432,"2":0.9388654306,"3":0.9645709339,"4":0.9608304806,"5":0.9401778912,"6":0.9856630471,"7":0.942200656,"8":0.9519332001,"9":0.9820836141,"10":0.95122015,"11":0.9704768571,"12":0.9269390774,"13":0.9902624532,"14":0.9527686903,"15":0.966703769,"16":0.9363985401,"17":0.9945028415,"18":0.9970237871,"19":0.9835554753,"20":0.9619988478,"21":0.9761072083,"22":0.9877591822,"23":0.9603223508,"24":0.9309710556,"25":0.9348647295,"26":0.9297556798,"27":0.9757507288,"28":0.919563743,"29":0.99898613,"30":0.985689772,"31":0.9825703038,"32":0.969920591,"33":0.9139673535,"34":0.9455168734,"35":0.8816851882,"36":0.9774015944,"37":0.8687178857,"38":0.9808230372,"39":0.9702591548},"f_3 Im":{"0":-0.3316746509,"1":-0.4364666007,"2":0.1907511788,"3":-0.2262949335,"4":0.099574217,"5":0.3271375526,"6":-0.1643274592,"7":-0.2897725467,"8":0.0012872019,"9":0.186354111,"10":0.3053576816,"11":-0.2349227864,"12":-0.3459549916,"13":-0.1051957274,"14":-0.1093622504,"15":0.0339664829,"16":0.0233618178,"17":-0.1050778083,"18":-0.0334076127,"19":0.10964979,"20":-0.0520239027,"21":-0.0800853895,"22":-0.1002951051,"23":0.0191682965,"24":-0.0535573902,"25":-0.1293194082,"26":0.2667983498,"27":-0.1029188299,"28":0.0891392401,"29":-0.0179316003,"30":-0.0219453647,"31":-0.1604066581,"32":0.2106306809,"33":-0.1482265525,"34":0.1062066981,"35":-0.3567151209,"36":-0.1297792273,"37":-0.2722041592,"38":-0.0097844516,"39":0.2339995138},"f_4 Re":{"0":0.9071866354,"1":0.6882618147,"2":0.8907792388,"3":0.9386983059,"4":0.9020519815,"5":0.8684746803,"6":0.9533066251,"7":0.8920862529,"8":0.9419963668,"9":0.9716594505,"10":0.9140401882,"11":0.9359429152,"12":0.8592838932,"13":0.9767172936,"14":0.8892136518,"15":0.9334334564,"16":0.9032196787,"17":0.9906099114,"18":0.9853071492,"19":0.9783169904,"20":0.9413997274,"21":0.952632134,"22":0.9730881423,"23":0.9320331193,"24":0.8823628485,"25":0.8982485055,"26":0.8919234643,"27":0.968187026,"28":0.8842589897,"29":0.9961149513,"30":0.961900429,"31":0.9666531603,"32":0.9420207159,"33":0.8300818552,"34":0.9101067985,"35":0.7749341029,"36":0.9579509228,"37":0.7942598673,"38":0.9576621554,"39":0.9792894715},"f_4 Im":{"0":-0.4093182979,"1":-0.5910761109,"2":0.2276729162,"3":-0.2858302332,"4":0.1349672951,"5":0.4979687109,"6":-0.2584957885,"7":-0.3571141894,"8":-0.0298704239,"9":0.2285495052,"10":0.4032289942,"11":-0.3434832992,"12":-0.4481657874,"13":-0.0867160975,"14":-0.1182850367,"15":0.0663689715,"16":-0.0271973974,"17":-0.1370009164,"18":-0.1205759113,"19":0.1076195622,"20":-0.0799701385,"21":-0.1477868836,"22":-0.1178400898,"23":-0.0040248379,"24":-0.0357116131,"25":-0.2057305896,"26":0.3588744174,"27":-0.1629086995,"28":0.0981082631,"29":-0.0318501748,"30":0.0034529936,"31":-0.2593933884,"32":0.2799797727,"33":-0.2052164396,"34":0.1287225969,"35":-0.4819235882,"36":-0.1754181715,"37":-0.4085395909,"38":-0.0014907501,"39":0.2135154353},"expected_value":{"0":0.2854403315,"1":1.4390682468,"2":3.9328492764,"3":0.4910688795,"4":3.3793070266,"5":4.6661254136,"6":0.6171002329,"7":0.8081007857,"8":1.8055772536,"9":2.2799671623,"10":3.4572977954,"11":0.3539225838,"12":0.4784477695,"13":0.7604668353,"14":1.4027753685,"15":2.4429237702,"16":1.8325875155,"17":0.5973704757,"18":0.8784979365,"19":1.9147828542,"20":1.2352942387,"21":1.349801856,"22":1.0184705111,"23":2.3015382594,"24":2.04235444,"25":1.1034830289,"26":4.0383838469,"27":0.8902389436,"28":2.5881677938,"29":0.9451085695,"30":1.3337625055,"31":0.4673265369,"32":2.9969701354,"33":1.4251745495,"34":2.6554488831,"35":0.8759471111,"36":0.6543945713,"37":1.0533589665,"38":1.277211214,"39":2.2581287146}}