{"sample0": {"f_0": 0.513671875, "f_1": 0.5009765625, "f_2": 0.4951171875, "f_3": 0.4638671875, "f_4": 0.46484375}, "sample1": {"f_0": 0.494140625, "f_1": 0.4384765625, "f_2": 0.3515625, "f_3": 0.3076171875, "f_4": 0.220703125}, "sample2": {"f_0": 0.4931640625, "f_1": 0.5458984375, "f_2": 0.61328125, "f_3": 0.62109375, "f_4": 0.642578125}, "sample3": {"f_0": 0.4990234375, "f_1": 0.4482421875, "f_2": 0.453125, "f_3": 0.4423828125, "f_4": 0.396484375}, "sample4": {"f_0": 0.509765625, "f_1": 0.5400390625, "f_2": 0.5966796875, "f_3": 0.6181640625, "f_4": 0.6513671875}, "sample5": {"f_0": 0.490234375, "f_1": 0.50390625, "f_2": 0.50390625, "f_3": 0.5234375, "f_4": 0.5498046875}, "sample6": {"f_0": 0.5009765625, "f_1": 0.513671875, "f_2": 0.525390625, "f_3": 0.6103515625, "f_4": 0.5771484375}, "sample7": {"f_0": 0.5234375, "f_1": 0.4716796875, "f_2": 0.4052734375, "f_3": 0.3310546875, "f_4": 0.2705078125}, "sample8": {"f_0": 0.5166015625, "f_1": 0.4267578125, "f_2": 0.3916015625, "f_3": 0.330078125, "f_4": 0.2705078125}, "sample9": {"f_0": 0.51171875, "f_1": 0.46875, "f_2": 0.5078125, "f_3": 0.4921875, "f_4": 0.4501953125}, "sample10": {"f_0": 0.5029296875, "f_1": 0.48828125, "f_2": 0.48828125, "f_3": 0.5048828125, "f_4": 0.4921875}, "sample11": {"f_0": 0.4912109375, "f_1": 0.4892578125, "f_2": 0.4638671875, "f_3": 0.4658203125, "f_4": 0.44140625}, "sample12": {"f_0": 0.5341796875, "f_1": 0.466796875, "f_2": 0.439453125, "f_3": 0.4150390625, "f_4": 0.3662109375}, "sample13": {"f_0": 0.4873046875, "f_1": 0.4541015625, "f_2": 0.4658203125, "f_3": 0.4306640625, "f_4": 0.447265625}, "sample14": {"f_0": 0.5087890625, "f_1": 0.451171875, "f_2": 0.3720703125, "f_3": 0.3017578125, "f_4": 0.25390625}, "sample15": {"f_0": 0.505859375, "f_1": 0.53125, "f_2": 0.5947265625, "f_3": 0.615234375, "f_4": 0.6337890625}, "sample16": {"f_0": 0.5126953125, "f_1": 0.4443359375, "f_2": 0.412109375, "f_3": 0.32421875, "f_4": 0.27734375}, "sample17": {"f_0": 0.482421875, "f_1": 0.4990234375, "f_2": 0.4912109375, "f_3": 0.5029296875, "f_4": 0.4970703125}, "sample18": {"f_0": 0.498046875, "f_1": 0.548828125, "f_2": 0.572265625, "f_3": 0.57421875, "f_4": 0.5859375}, "sample19": {"f_0": 0.486328125, "f_1": 0.4501953125, "f_2": 0.45703125, "f_3": 0.4033203125, "f_4": 0.3515625}, "sample20": {"f_0": 0.515625, "f_1": 0.4326171875, "f_2": 0.3779296875, "f_3": 0.361328125, "f_4": 0.3115234375}, "sample21": {"f_0": 0.5126953125, "f_1": 0.4326171875, "f_2": 0.4013671875, "f_3": 0.3447265625, "f_4": 0.3046875}, "sample22": {"f_0": 0.49609375, "f_1": 0.4599609375, "f_2": 0.423828125, "f_3": 0.3701171875, "f_4": 0.3515625}, "sample23": {"f_0": 0.4931640625, "f_1": 0.54296875, "f_2": 0.544921875, "f_3": 0.5947265625, "f_4": 0.6162109375}, "sample24": {"f_0": 0.4912109375, "f_1": 0.4443359375, "f_2": 0.35546875, "f_3": 0.2822265625, "f_4": 0.2333984375}, "sample25": {"f_0": 0.5, "f_1": 0.4384765625, "f_2": 0.3857421875, "f_3": 0.3232421875, "f_4": 0.25390625}, "sample26": {"f_0": 0.5048828125, "f_1": 0.5234375, "f_2": 0.556640625, "f_3": 0.5986328125, "f_4": 0.595703125}, "sample27": {"f_0": 0.50390625, "f_1": 0.4677734375, "f_2": 0.423828125, "f_3": 0.3984375, "f_4": 0.3466796875}, "sample28": {"f_0": 0.447265625, "f_1": 0.4013671875, "f_2": 0.345703125, "f_3": 0.310546875, "f_4": 0.240234375}, "sample29": {"f_0": 0.4765625, "f_1": 0.4755859375, "f_2": 0.4697265625, "f_3": 0.4853515625, "f_4": 0.4599609375}, "sample30": {"f_0": 0.4921875, "f_1": 0.4580078125, "f_2": 0.4248046875, "f_3": 0.4033203125, "f_4": 0.376953125}, "sample31": {"f_0": 0.5302734375, "f_1": 0.4677734375, "f_2": 0.484375, "f_3": 0.4921875, "f_4": 0.466796875}, "sample32": {"f_0": 0.4765625, "f_1": 0.517578125, "f_2": 0.54296875, "f_3": 0.5537109375, "f_4": 0.587890625}, "sample33": {"f_0": 0.494140625, "f_1": 0.396484375, "f_2": 0.34375, "f_3": 0.26953125, "f_4": 0.1982421875}, "sample34": {"f_0": 0.4921875, "f_1": 0.4443359375, "f_2": 0.3896484375, "f_3": 0.3232421875, "f_4": 0.2763671875}, "sample35": {"f_0": 0.501953125, "f_1": 0.455078125, "f_2": 0.3857421875, "f_3": 0.357421875, "f_4": 0.2666015625}, "sample36": {"f_0": 0.494140625, "f_1": 0.4755859375, "f_2": 0.4580078125, "f_3": 0.4365234375, "f_4": 0.39453125}, "sample37": {"f_0": 0.4765625, "f_1": 0.439453125, "f_2": 0.3603515625, "f_3": 0.298828125, "f_4": 0.1865234375}, "sample38": {"f_0": 0.5224609375, "f_1": 0.470703125, "f_2": 0.427734375, "f_3": 0.375, "f_4": 0.3505859375}, "sample39": {"f_0": 0.5107421875, "f_1": 0.4521484375, "f_2": 0.4912109375, "f_3": 0.4892578125, "f_4": 0.44140625}}