{"sample0": {"f_0": 1.0, "f_1": 1.0, "f_2": 0.9990234375, "f_3": 0.9990234375, "f_4": 0.9931640625}, "sample1": {"f_0": 1.0, "f_1": 0.986328125, "f_2": 0.9599609375, "f_3": 0.8935546875, "f_4": 0.8408203125}, "sample2": {"f_0": 1.0, "f_1": 0.9951171875, "f_2": 0.966796875, "f_3": 0.9306640625, "f_4": 0.89453125}, "sample3": {"f_0": 1.0, "f_1": 0.998046875, "f_2": 0.99609375, "f_3": 0.9873046875, "f_4": 0.9833984375}, "sample4": {"f_0": 1.0, "f_1": 0.986328125, "f_2": 0.974609375, "f_3": 0.94140625, "f_4": 0.873046875}, "sample5": {"f_0": 1.0, "f_1": 1.0, "f_2": 1.0, "f_3": 0.99609375, "f_4": 0.99609375}, "sample6": {"f_0": 1.0, "f_1": 1.0, "f_2": 0.9921875, "f_3": 0.98828125, "f_4": 0.9775390625}, "sample7": {"f_0": 1.0, "f_1": 0.9892578125, "f_2": 0.9755859375, "f_3": 0.9541015625, "f_4": 0.9052734375}, "sample8": {"f_0": 1.0, "f_1": 0.9931640625, "f_2": 0.9716796875, "f_3": 0.9345703125, "f_4": 0.8935546875}, "sample9": {"f_0": 1.0, "f_1": 0.9990234375, "f_2": 1.0, "f_3": 0.9990234375, "f_4": 0.9970703125}, "sample10": {"f_0": 1.0, "f_1": 1.0, "f_2": 1.0, "f_3": 0.9990234375, "f_4": 1.0}, "sample11": {"f_0": 1.0, "f_1": 1.0, "f_2": 0.9990234375, "f_3": 0.998046875, "f_4": 0.994140625}, "sample12": {"f_0": 1.0, "f_1": 0.9931640625, "f_2": 0.9892578125, "f_3": 0.9794921875, "f_4": 0.9482421875}, "sample13": {"f_0": 1.0, "f_1": 0.998046875, "f_2": 0.9951171875, "f_3": 0.9892578125, "f_4": 0.9853515625}, "sample14": {"f_0": 1.0, "f_1": 0.9892578125, "f_2": 0.9697265625, "f_3": 0.9296875, "f_4": 0.861328125}, "sample15": {"f_0": 1.0, "f_1": 0.99609375, "f_2": 0.984375, "f_3": 0.953125, "f_4": 0.9150390625}, "sample16": {"f_0": 1.0, "f_1": 0.9921875, "f_2": 0.9609375, "f_3": 0.921875, "f_4": 0.85546875}, "sample17": {"f_0": 1.0, "f_1": 1.0, "f_2": 1.0, "f_3": 1.0, "f_4": 1.0}, "sample18": {"f_0": 1.0, "f_1": 0.9990234375, "f_2": 0.9951171875, "f_3": 0.986328125, "f_4": 0.9853515625}, "sample19": {"f_0": 1.0, "f_1": 0.99609375, "f_2": 0.9921875, "f_3": 0.98046875, "f_4": 0.9560546875}, "sample20": {"f_0": 1.0, "f_1": 0.9921875, "f_2": 0.9794921875, "f_3": 0.9482421875, "f_4": 0.9150390625}, "sample21": {"f_0": 1.0, "f_1": 0.9951171875, "f_2": 0.9755859375, "f_3": 0.9599609375, "f_4": 0.931640625}, "sample22": {"f_0": 1.0, "f_1": 0.9990234375, "f_2": 0.986328125, "f_3": 0.978515625, "f_4": 0.9521484375}, "sample23": {"f_0": 1.0, "f_1": 0.994140625, "f_2": 0.98828125, "f_3": 0.9404296875, "f_4": 0.916015625}, "sample24": {"f_0": 1.0, "f_1": 0.982421875, "f_2": 0.9482421875, "f_3": 0.900390625, "f_4": 0.8466796875}, "sample25": {"f_0": 1.0, "f_1": 0.9892578125, "f_2": 0.9638671875, "f_3": 0.9306640625, "f_4": 0.8779296875}, "sample26": {"f_0": 1.0, "f_1": 0.9951171875, "f_2": 0.98828125, "f_3": 0.966796875, "f_4": 0.953125}, "sample27": {"f_0": 1.0, "f_1": 0.9970703125, "f_2": 0.9912109375, "f_3": 0.9736328125, "f_4": 0.9609375}, "sample28": {"f_0": 1.0, "f_1": 0.9833984375, "f_2": 0.947265625, "f_3": 0.8974609375, "f_4": 0.84375}, "sample29": {"f_0": 1.0, "f_1": 1.0, "f_2": 1.0, "f_3": 1.0, "f_4": 0.99609375}, "sample30": {"f_0": 1.0, "f_1": 0.9990234375, "f_2": 0.986328125, "f_3": 0.9736328125, "f_4": 0.947265625}, "sample31": {"f_0": 1.0, "f_1": 1.0, "f_2": 0.9990234375, "f_3": 0.99609375, "f_4": 0.998046875}, "sample32": {"f_0": 1.0, "f_1": 1.0, "f_2": 0.9921875, "f_3": 0.9912109375, "f_4": 0.978515625}, "sample33": {"f_0": 1.0, "f_1": 0.984375, "f_2": 0.94921875, "f_3": 0.875, "f_4": 0.78515625}, "sample34": {"f_0": 1.0, "f_1": 0.9921875, "f_2": 0.9580078125, "f_3": 0.9248046875, "f_4": 0.869140625}, "sample35": {"f_0": 1.0, "f_1": 0.998046875, "f_2": 0.9755859375, "f_3": 0.93359375, "f_4": 0.8759765625}, "sample36": {"f_0": 1.0, "f_1": 1.0, "f_2": 0.990234375, "f_3": 0.9833984375, "f_4": 0.966796875}, "sample37": {"f_0": 1.0, "f_1": 0.9833984375, "f_2": 0.9482421875, "f_3": 0.890625, "f_4": 0.8193359375}, "sample38": {"f_0": 1.0, "f_1": 0.99609375, "f_2": 0.984375, "f_3": 0.97265625, "f_4": 0.94140625}, "sample39": {"f_0": 1.0, "f_1": 1.0, "f_2": 0.998046875, "f_3": 0.998046875, "f_4": 0.998046875}}