{"sample0": {"f_0": 0.4999999999999999, "f_1": 0.49030924063634646, "f_2": 0.4804484380468132, "f_3": 0.4704321336738103, "f_4": 0.460275098273764}, "sample1": {"f_0": 0.4999999999999999, "f_1": 0.4329004174412193, "f_2": 0.3620566295977694, "f_3": 0.29204984152052477, "f_4": 0.22740713258931153}, "sample2": {"f_0": 0.4999999999999999, "f_1": 0.5426796069848386, "f_2": 0.579956676264603, "f_3": 0.6106301627274888, "f_4": 0.6337117847920807}, "sample3": {"f_0": 0.4999999999999999, "f_1": 0.4793156242544357, "f_2": 0.45794416600771765, "f_3": 0.4360263899352284, "f_4": 0.41370665907473114}, "sample4": {"f_0": 0.4999999999999999, "f_1": 0.5477908549792941, "f_2": 0.5884997199243208, "f_3": 0.6204581050537084, "f_4": 0.6423561669441772}, "sample5": {"f_0": 0.4999999999999999, "f_1": 0.5084989685034154, "f_2": 0.5168409230289879, "f_3": 0.5250160522390134, "f_4": 0.5330147410063429}, "sample6": {"f_0": 0.4999999999999999, "f_1": 0.5202307204491132, "f_2": 0.539468079561693, "f_3": 0.5575804960256012, "f_4": 0.5744440830063519}, "sample7": {"f_0": 0.4999999999999999, "f_1": 0.4500340139609815, "f_2": 0.39731434956341793, "f_3": 0.3437757693404296, "f_4": 0.29138308927245876}, "sample8": {"f_0": 0.4999999999999999, "f_1": 0.4431845953355403, "f_2": 0.3831646714163666, "f_3": 0.32276102670757145, "f_4": 0.26481249366935716}, "sample9": {"f_0": 0.4999999999999999, "f_1": 0.4951952612730386, "f_2": 0.49034654381940884, "f_3": 0.48545562175580537, "f_4": 0.4805242846413361}, "sample10": {"f_0": 0.4999999999999999, "f_1": 0.49616932337857406, "f_2": 0.4923104122357476, "f_3": 0.488424165763711, "f_4": 0.4845114895242525}, "sample11": {"f_0": 0.4999999999999999, "f_1": 0.49003296524239315, "f_2": 0.47988657706544047, "f_3": 0.46957665519012004, "f_4": 0.45911927431065286}, "sample12": {"f_0": 0.4999999999999999, "f_1": 0.46972717361885774, "f_2": 0.4381392697433534, "f_3": 0.4056748166214419, "f_4": 0.3727845114505203}, "sample13": {"f_0": 0.4999999999999999, "f_1": 0.482027595394226, "f_2": 0.46352044600235315, "f_3": 0.44457101958100387, "f_4": 0.42527399364714086}, "sample14": {"f_0": 0.4999999999999999, "f_1": 0.44070591887265115, "f_2": 0.3780597823024411, "f_3": 0.3152575477718517, "f_4": 0.25550313626234195}, "sample15": {"f_0": 0.4999999999999999, "f_1": 0.541929015886305, "f_2": 0.578677910426237, "f_3": 0.609106296299767, "f_4": 0.6322699234592766}, "sample16": {"f_0": 0.4999999999999999, "f_1": 0.44071351742760817, "f_2": 0.37807541667298494, "f_3": 0.3152804589604232, "f_4": 0.2555314057651973}, "sample17": {"f_0": 0.4999999999999999, "f_1": 0.49543943941893237, "f_2": 0.49083915728411187, "f_3": 0.4862006707925211, "f_4": 0.4815255097411386}, "sample18": {"f_0": 0.4999999999999999, "f_1": 0.5206887011449226, "f_2": 0.5403341734098513, "f_3": 0.5587957420281988, "f_4": 0.5759412097780736}, "sample19": {"f_0": 0.4999999999999999, "f_1": 0.4683352138097123, "f_2": 0.4352559720946287, "f_3": 0.40126357671382346, "f_4": 0.36687316798234976}, "sample20": {"f_0": 0.4999999999999999, "f_1": 0.4534023716603435, "f_2": 0.4042900831481388, "f_3": 0.35423835104534646, "f_4": 0.3048525234380049}, "sample21": {"f_0": 0.4999999999999999, "f_1": 0.45665913225583654, "f_2": 0.41104152307381175, "f_3": 0.3644190387872031, "f_4": 0.31809156269110667}, "sample22": {"f_0": 0.4999999999999999, "f_1": 0.4666188652560144, "f_2": 0.4316989328873254, "f_3": 0.3958267055627182, "f_4": 0.3596046803557557}, "sample23": {"f_0": 0.4999999999999999, "f_1": 0.5423750972780627, "f_2": 0.5794386110285474, "f_3": 0.6100143450770369, "f_4": 0.6331319904112785}, "sample24": {"f_0": 0.4999999999999999, "f_1": 0.4321907320725717, "f_2": 0.36060792227492966, "f_3": 0.28997472626831294, "f_4": 0.22495164257929595}, "sample25": {"f_0": 0.4999999999999999, "f_1": 0.4443731216783181, "f_2": 0.3856157427634604, "f_3": 0.32637932256843405, "f_4": 0.2693369374097142}, "sample26": {"f_0": 0.4999999999999999, "f_1": 0.5298100158111853, "f_2": 0.5572674819640993, "f_3": 0.5819551447540856, "f_4": 0.6034978414220957}, "sample27": {"f_0": 0.4999999999999999, "f_1": 0.4679315173861348, "f_2": 0.434419497792549, "f_3": 0.39998449485819215, "f_4": 0.36516139923728713}, "sample28": {"f_0": 0.4999999999999999, "f_1": 0.431778449658857, "f_2": 0.35976685143617554, "f_3": 0.2887720890515695, "f_4": 0.22353317088573252}, "sample29": {"f_0": 0.4999999999999999, "f_1": 0.4919838001663518, "f_2": 0.4838491843147632, "f_3": 0.47560438665215204, "f_4": 0.46725775291618904}, "sample30": {"f_0": 0.4999999999999999, "f_1": 0.4686672991150164, "f_2": 0.43594398185868255, "f_3": 0.40231586965567395, "f_4": 0.36828221682216}, "sample31": {"f_0": 0.4999999999999999, "f_1": 0.4892226724345128, "f_2": 0.47823743517109557, "f_3": 0.46706428369148906, "f_4": 0.4557235555215062}, "sample32": {"f_0": 0.4999999999999999, "f_1": 0.5229494681904069, "f_2": 0.5445884089953313, "f_3": 0.5647251459940029, "f_4": 0.5831813091955462}, "sample33": {"f_0": 0.4999999999999999, "f_1": 0.4238395537280059, "f_2": 0.3436557408578969, "f_3": 0.2660540450557961, "f_4": 0.19742723707849916}, "sample34": {"f_0": 0.4999999999999999, "f_1": 0.44152014732263245, "f_2": 0.3797356340928228, "f_3": 0.3177158588588349, "f_4": 0.2585419077718018}, "sample35": {"f_0": 0.4999999999999999, "f_1": 0.4459576915224708, "f_2": 0.3888865589889871, "f_3": 0.33122267966487595, "f_4": 0.2754274321703985}, "sample36": {"f_0": 0.4999999999999999, "f_1": 0.47540532852072465, "f_2": 0.44988189786983224, "f_3": 0.4236658022930901, "f_4": 0.39699954325500847}, "sample37": {"f_0": 0.4999999999999999, "f_1": 0.4309321565324946, "f_2": 0.35804164574770564, "f_3": 0.28631014885714207, "f_4": 0.22064013459762313}, "sample38": {"f_0": 0.4999999999999999, "f_1": 0.4621898444121524, "f_2": 0.4225139440471703, "f_3": 0.38182130952530485, "f_4": 0.34098270820299587}, "sample39": {"f_0": 0.4999999999999999, "f_1": 0.49031452321644897, "f_2": 0.48045917908283, "f_3": 0.4704484852951379, "f_4": 0.46029718839161293}}