{"sample0": {"f_0": 0.9999999999999996, "f_1": 0.9997234991343583, "f_2": 0.9988944042853197, "f_3": 0.9975139380952484, "f_4": 0.9955841362979956}, "sample1": {"f_0": 0.9999999999999996, "f_1": 0.9878750703034541, "f_2": 0.9522843554545954, "f_3": 0.8955293750021842, "f_4": 0.821280263068428}, "sample2": {"f_0": 0.9999999999999996, "f_1": 0.9939588609615898, "f_2": 0.9760300857710594, "f_3": 0.9467913289548877, "f_4": 0.9071846459543352}, "sample3": {"f_0": 0.9999999999999996, "f_1": 0.9987650175140386, "f_2": 0.9950682043587714, "f_3": 0.9889339098648695, "f_4": 0.9804025380124044}, "sample4": {"f_0": 0.9999999999999996, "f_1": 0.9923151423055073, "f_2": 0.969575540090218, "f_3": 0.9327131965917496, "f_4": 0.8832389484184833}, "sample5": {"f_0": 0.9999999999999996, "f_1": 0.9997794730463048, "f_2": 0.9991181515566164, "f_3": 0.9980168133400749, "f_4": 0.9964767537287452}, "sample6": {"f_0": 0.9999999999999996, "f_1": 0.9987175216784426, "f_2": 0.9948788587172135, "f_3": 0.9885102671271466, "f_4": 0.9796553073383918}, "sample7": {"f_0": 0.9999999999999996, "f_1": 0.9931189248052789, "f_2": 0.9727282282655723, "f_3": 0.9395762299337461, "f_4": 0.8948795772411418}, "sample8": {"f_0": 0.9999999999999996, "f_1": 0.9911879309790991, "f_2": 0.9651658709053543, "f_3": 0.9231567967890884, "f_4": 0.8671350385535909}, "sample9": {"f_0": 0.9999999999999996, "f_1": 0.9999313948722852, "f_2": 0.999725604591348, "f_3": 0.9993827044546195, "f_4": 0.9989028199272078}, "sample10": {"f_0": 0.9999999999999996, "f_1": 0.999956309298303, "f_2": 0.9998252473738911, "f_3": 0.999606844766431, "f_4": 0.9993011523674601}, "sample11": {"f_0": 0.9999999999999996, "f_1": 0.9997076597473015, "f_2": 0.998831094790934, "f_3": 0.9973716718254066, "f_4": 0.9953316663071392}, "sample12": {"f_0": 0.9999999999999996, "f_1": 0.997396976804302, "f_2": 0.9896240444425786, "f_3": 0.976789112905425, "f_4": 0.9590703668568744}, "sample13": {"f_0": 0.9999999999999996, "f_1": 0.9990631888250469, "f_2": 0.9962574359144696, "f_3": 0.9915967597252314, "f_4": 0.985104446516196}, "sample14": {"f_0": 0.9999999999999996, "f_1": 0.9904344934775993, "f_2": 0.9622259681238938, "f_3": 0.9168135110495933, "f_4": 0.8565138857445219}, "sample15": {"f_0": 0.9999999999999996, "f_1": 0.9941815223237989, "f_2": 0.9769066476016909, "f_3": 0.9487114476893047, "f_4": 0.9104708726733897}, "sample16": {"f_0": 0.9999999999999996, "f_1": 0.9904368471850455, "f_2": 0.9622351428295796, "f_3": 0.9168332720450342, "f_4": 0.8565468883161966}, "sample17": {"f_0": 0.9999999999999996, "f_1": 0.999938161524458, "f_2": 0.9997526664924848, "f_3": 0.9994435760813075, "f_4": 0.9990109922305507}, "sample18": {"f_0": 0.9999999999999996, "f_1": 0.9986573741583141, "f_2": 0.9946391107353941, "f_3": 0.9879739831942267, "f_4": 0.978709718321348}, "sample19": {"f_0": 0.9999999999999996, "f_1": 0.9971585171333077, "f_2": 0.9886771299992686, "f_3": 0.9746843704177592, "f_4": 0.9553922927173601}, "sample20": {"f_0": 0.9999999999999996, "f_1": 0.9939861668420532, "f_2": 0.9761375537108872, "f_3": 0.9470266330410189, "f_4": 0.9075871020056866}, "sample21": {"f_0": 0.9999999999999996, "f_1": 0.9947723052179681, "f_2": 0.9792349744331222, "f_3": 0.9538212045685047, "f_4": 0.9192395579287187}, "sample22": {"f_0": 0.9999999999999996, "f_1": 0.9968508171998661, "f_2": 0.9874561613451122, "f_3": 0.9719738217084372, "f_4": 0.950663834117517}, "sample23": {"f_0": 0.9999999999999996, "f_1": 0.9940497605222217, "f_2": 0.9763878706213832, "f_3": 0.9475748234950323, "f_4": 0.9085249899724287}, "sample24": {"f_0": 0.9999999999999996, "f_1": 0.9876284307784833, "f_2": 0.9513300203139471, "f_3": 0.8934997995274222, "f_4": 0.8179535048432084}, "sample25": {"f_0": 0.9999999999999996, "f_1": 0.9915389585040963, "f_2": 0.9665376432067629, "f_3": 0.926124252327639, "f_4": 0.872122462545225}, "sample26": {"f_0": 0.9999999999999996, "f_1": 0.9971506813779802, "f_2": 0.9886460248005076, "f_3": 0.9746152701415017, "f_4": 0.9552716338837945}, "sample27": {"f_0": 0.9999999999999996, "f_1": 0.9970874985009338, "f_2": 0.9883952348836397, "f_3": 0.9740582290458007, "f_4": 0.9542991825927246}, "sample28": {"f_0": 0.9999999999999996, "f_1": 0.9874840897900832, "f_2": 0.9507718152050424, "f_3": 0.8923137764171861, "f_4": 0.8160121364372702}, "sample29": {"f_0": 0.9999999999999996, "f_1": 0.9998102044613668, "f_2": 0.9992410099646503, "f_3": 0.9982929926729223, "f_4": 0.9969671122099288}, "sample30": {"f_0": 0.9999999999999996, "f_1": 0.9972163116467357, "f_2": 0.9889065741647999, "f_3": 0.9751941567245777, "f_4": 0.9562826385085937}, "sample31": {"f_0": 0.9999999999999996, "f_1": 0.9996587098906793, "f_2": 0.9986354607837266, "f_3": 0.9969321152114045, "f_4": 0.9945517736270282}, "sample32": {"f_0": 0.9999999999999996, "f_1": 0.9983391364106712, "f_2": 0.9933712574712842, "f_3": 0.9851403683511558, "f_4": 0.9737193777652038}, "sample33": {"f_0": 0.9999999999999996, "f_1": 0.9845538875857062, "f_2": 0.9394879897493087, "f_3": 0.868514802085641, "f_4": 0.7774810437149926}, "sample34": {"f_0": 0.9999999999999996, "f_1": 0.9906851701548761, "f_2": 0.96320343291307, "f_3": 0.9189200560412795, "f_4": 0.8600349975156552}, "sample35": {"f_0": 0.9999999999999996, "f_1": 0.9919965757297539, "f_2": 0.9683279285192822, "f_3": 0.9300043529047338, "f_4": 0.8786616880071533}, "sample36": {"f_0": 0.9999999999999996, "f_1": 0.9982656065445538, "f_2": 0.9930784694883936, "f_3": 0.9844865703598534, "f_4": 0.9725693850715649}, "sample37": {"f_0": 0.9999999999999996, "f_1": 0.9871853658713419, "f_2": 0.9496172760072419, "f_3": 0.8898633108158117, "f_4": 0.8120073380392627}, "sample38": {"f_0": 0.9999999999999996, "f_1": 0.9959877535271283, "f_2": 0.984036870757897, "f_3": 0.9644030844242415, "f_4": 0.9375065310059857}, "sample39": {"f_0": 0.9999999999999996, "f_1": 0.9997237977728258, "f_2": 0.9988955979588806, "f_3": 0.997516620561539, "f_4": 0.9955888969228212}}