{"sample0": {"f_0": 0.4951171875, "f_1": 0.525390625, "f_2": 0.5205078125, "f_3": 0.5322265625, "f_4": 0.529296875}, "sample1": {"f_0": 0.513671875, "f_1": 0.5771484375, "f_2": 0.607421875, "f_3": 0.638671875, "f_4": 0.6884765625}, "sample2": {"f_0": 0.4873046875, "f_1": 0.455078125, "f_2": 0.4150390625, "f_3": 0.353515625, "f_4": 0.318359375}, "sample3": {"f_0": 0.5009765625, "f_1": 0.533203125, "f_2": 0.54296875, "f_3": 0.5546875, "f_4": 0.533203125}, "sample4": {"f_0": 0.5126953125, "f_1": 0.46875, "f_2": 0.375, "f_3": 0.3359375, "f_4": 0.291015625}, "sample5": {"f_0": 0.4970703125, "f_1": 0.4921875, "f_2": 0.505859375, "f_3": 0.4970703125, "f_4": 0.4404296875}, "sample6": {"f_0": 0.5, "f_1": 0.4921875, "f_2": 0.478515625, "f_3": 0.4384765625, "f_4": 0.39453125}, "sample7": {"f_0": 0.5, "f_1": 0.53515625, "f_2": 0.5986328125, "f_3": 0.6474609375, "f_4": 0.6611328125}, "sample8": {"f_0": 0.50390625, "f_1": 0.541015625, "f_2": 0.6142578125, "f_3": 0.6025390625, "f_4": 0.6552734375}, "sample9": {"f_0": 0.48828125, "f_1": 0.490234375, "f_2": 0.4990234375, "f_3": 0.5263671875, "f_4": 0.5146484375}, "sample10": {"f_0": 0.5029296875, "f_1": 0.4931640625, "f_2": 0.54296875, "f_3": 0.5087890625, "f_4": 0.49609375}, "sample11": {"f_0": 0.505859375, "f_1": 0.5302734375, "f_2": 0.53515625, "f_3": 0.49609375, "f_4": 0.5166015625}, "sample12": {"f_0": 0.462890625, "f_1": 0.5703125, "f_2": 0.5654296875, "f_3": 0.6064453125, "f_4": 0.619140625}, "sample13": {"f_0": 0.5, "f_1": 0.4921875, "f_2": 0.521484375, "f_3": 0.544921875, "f_4": 0.5458984375}, "sample14": {"f_0": 0.4794921875, "f_1": 0.572265625, "f_2": 0.5849609375, "f_3": 0.62109375, "f_4": 0.6298828125}, "sample15": {"f_0": 0.5087890625, "f_1": 0.4365234375, "f_2": 0.4130859375, "f_3": 0.380859375, "f_4": 0.3125}, "sample16": {"f_0": 0.478515625, "f_1": 0.56640625, "f_2": 0.5927734375, "f_3": 0.595703125, "f_4": 0.6748046875}, "sample17": {"f_0": 0.5078125, "f_1": 0.517578125, "f_2": 0.5380859375, "f_3": 0.51171875, "f_4": 0.505859375}, "sample18": {"f_0": 0.4912109375, "f_1": 0.5029296875, "f_2": 0.462890625, "f_3": 0.3955078125, "f_4": 0.4248046875}, "sample19": {"f_0": 0.5146484375, "f_1": 0.53515625, "f_2": 0.5830078125, "f_3": 0.5751953125, "f_4": 0.615234375}, "sample20": {"f_0": 0.501953125, "f_1": 0.5478515625, "f_2": 0.5634765625, "f_3": 0.6103515625, "f_4": 0.6455078125}, "sample21": {"f_0": 0.49609375, "f_1": 0.5419921875, "f_2": 0.5615234375, "f_3": 0.5859375, "f_4": 0.6591796875}, "sample22": {"f_0": 0.4912109375, "f_1": 0.544921875, "f_2": 0.5810546875, "f_3": 0.591796875, "f_4": 0.6279296875}, "sample23": {"f_0": 0.5, "f_1": 0.4638671875, "f_2": 0.41015625, "f_3": 0.349609375, "f_4": 0.3291015625}, "sample24": {"f_0": 0.48828125, "f_1": 0.5537109375, "f_2": 0.609375, "f_3": 0.6201171875, "f_4": 0.6240234375}, "sample25": {"f_0": 0.5224609375, "f_1": 0.5712890625, "f_2": 0.5966796875, "f_3": 0.615234375, "f_4": 0.6640625}, "sample26": {"f_0": 0.490234375, "f_1": 0.470703125, "f_2": 0.42578125, "f_3": 0.4228515625, "f_4": 0.3544921875}, "sample27": {"f_0": 0.4814453125, "f_1": 0.546875, "f_2": 0.5634765625, "f_3": 0.5869140625, "f_4": 0.6220703125}, "sample28": {"f_0": 0.4990234375, "f_1": 0.5732421875, "f_2": 0.65234375, "f_3": 0.62109375, "f_4": 0.6474609375}, "sample29": {"f_0": 0.5224609375, "f_1": 0.5263671875, "f_2": 0.52734375, "f_3": 0.5322265625, "f_4": 0.5302734375}, "sample30": {"f_0": 0.5048828125, "f_1": 0.552734375, "f_2": 0.537109375, "f_3": 0.615234375, "f_4": 0.6201171875}, "sample31": {"f_0": 0.50390625, "f_1": 0.5224609375, "f_2": 0.515625, "f_3": 0.5224609375, "f_4": 0.5537109375}, "sample32": {"f_0": 0.46484375, "f_1": 0.4853515625, "f_2": 0.423828125, "f_3": 0.4267578125, "f_4": 0.4169921875}, "sample33": {"f_0": 0.501953125, "f_1": 0.5439453125, "f_2": 0.6357421875, "f_3": 0.646484375, "f_4": 0.671875}, "sample34": {"f_0": 0.521484375, "f_1": 0.568359375, "f_2": 0.6171875, "f_3": 0.625, "f_4": 0.6669921875}, "sample35": {"f_0": 0.505859375, "f_1": 0.54296875, "f_2": 0.5859375, "f_3": 0.63671875, "f_4": 0.65625}, "sample36": {"f_0": 0.4833984375, "f_1": 0.513671875, "f_2": 0.5625, "f_3": 0.5576171875, "f_4": 0.55859375}, "sample37": {"f_0": 0.505859375, "f_1": 0.544921875, "f_2": 0.62109375, "f_3": 0.630859375, "f_4": 0.6669921875}, "sample38": {"f_0": 0.509765625, "f_1": 0.541015625, "f_2": 0.5478515625, "f_3": 0.5810546875, "f_4": 0.6064453125}, "sample39": {"f_0": 0.5263671875, "f_1": 0.5, "f_2": 0.5576171875, "f_3": 0.4970703125, "f_4": 0.552734375}}