{"sample0": {"f_0": 1.0, "f_1": 0.3251953125, "f_2": 0.2470703125, "f_3": 0.2421875, "f_4": 0.79296875, "f_5": 0.345703125, "f_6": 0.306640625, "f_7": 0.3466796875, "f_8": 0.4326171875, "f_9": 0.2470703125}, "sample1": {"f_0": 1.0, "f_1": 0.224609375, "f_2": 0.3603515625, "f_3": 0.3916015625, "f_4": 0.3212890625, "f_5": 0.1162109375, "f_6": 0.5478515625, "f_7": 0.494140625, "f_8": 0.23828125, "f_9": 0.794921875}, "sample2": {"f_0": 1.0, "f_1": 0.5986328125, "f_2": 0.2939453125, "f_3": 0.44921875, "f_4": 0.515625, "f_5": 0.2255859375, "f_6": 0.0986328125, "f_7": 0.20703125, "f_8": 0.232421875, "f_9": 0.1962890625}, "sample3": {"f_0": 1.0, "f_1": 0.4599609375, "f_2": 0.2177734375, "f_3": 0.7197265625, "f_4": 0.578125, "f_5": 0.138671875, "f_6": 0.3017578125, "f_7": 0.5859375, "f_8": 0.33203125, "f_9": 0.2490234375}, "sample4": {"f_0": 1.0, "f_1": 0.9150390625, "f_2": 0.8076171875, "f_3": 0.70703125, "f_4": 0.5693359375, "f_5": 0.3876953125, "f_6": 0.2666015625, "f_7": 0.17578125, "f_8": 0.12890625, "f_9": 0.109375}, "sample5": {"f_0": 1.0, "f_1": 0.23828125, "f_2": 0.3251953125, "f_3": 0.31640625, "f_4": 0.5029296875, "f_5": 0.3310546875, "f_6": 0.69921875, "f_7": 0.2041015625, "f_8": 0.1455078125, "f_9": 0.6435546875}, "sample6": {"f_0": 1.0, "f_1": 0.400390625, "f_2": 0.244140625, "f_3": 0.1376953125, "f_4": 0.666015625, "f_5": 0.46484375, "f_6": 0.3017578125, "f_7": 0.103515625, "f_8": 0.3173828125, "f_9": 0.51171875}, "sample7": {"f_0": 1.0, "f_1": 0.671875, "f_2": 0.4658203125, "f_3": 0.13671875, "f_4": 0.142578125, "f_5": 0.1416015625, "f_6": 0.32421875, "f_7": 0.4208984375, "f_8": 0.53125, "f_9": 0.5380859375}, "sample8": {"f_0": 1.0, "f_1": 0.7119140625, "f_2": 0.2998046875, "f_3": 0.115234375, "f_4": 0.3505859375, "f_5": 0.798828125, "f_6": 0.869140625, "f_7": 0.53515625, "f_8": 0.251953125, "f_9": 0.1669921875}, "sample9": {"f_0": 1.0, "f_1": 0.556640625, "f_2": 0.4599609375, "f_3": 0.16015625, "f_4": 0.0888671875, "f_5": 0.09765625, "f_6": 0.2578125, "f_7": 0.4833984375, "f_8": 0.6787109375, "f_9": 0.916015625}, "sample10": {"f_0": 1.0, "f_1": 0.7890625, "f_2": 0.6669921875, "f_3": 0.4404296875, "f_4": 0.2373046875, "f_5": 0.189453125, "f_6": 0.2080078125, "f_7": 0.33203125, "f_8": 0.416015625, "f_9": 0.486328125}, "sample11": {"f_0": 1.0, "f_1": 0.568359375, "f_2": 0.2607421875, "f_3": 0.4736328125, "f_4": 0.31640625, "f_5": 0.228515625, "f_6": 0.326171875, "f_7": 0.26171875, "f_8": 0.65234375, "f_9": 0.8310546875}, "sample12": {"f_0": 1.0, "f_1": 0.3388671875, "f_2": 0.2646484375, "f_3": 0.2587890625, "f_4": 0.7744140625, "f_5": 0.33984375, "f_6": 0.5009765625, "f_7": 0.2236328125, "f_8": 0.4541015625, "f_9": 0.2763671875}, "sample13": {"f_0": 1.0, "f_1": 0.4775390625, "f_2": 0.23828125, "f_3": 0.384765625, "f_4": 0.28515625, "f_5": 0.3759765625, "f_6": 0.1796875, "f_7": 0.34765625, "f_8": 0.8935546875, "f_9": 0.5}, "sample14": {"f_0": 1.0, "f_1": 0.390625, "f_2": 0.1826171875, "f_3": 0.3427734375, "f_4": 0.265625, "f_5": 0.513671875, "f_6": 0.220703125, "f_7": 0.220703125, "f_8": 0.8740234375, "f_9": 0.5400390625}, "sample15": {"f_0": 1.0, "f_1": 0.6748046875, "f_2": 0.2724609375, "f_3": 0.205078125, "f_4": 0.484375, "f_5": 0.5986328125, "f_6": 0.27734375, "f_7": 0.05859375, "f_8": 0.0947265625, "f_9": 0.251953125}, "sample16": {"f_0": 1.0, "f_1": 0.732421875, "f_2": 0.52734375, "f_3": 0.3740234375, "f_4": 0.1708984375, "f_5": 0.150390625, "f_6": 0.1845703125, "f_7": 0.16796875, "f_8": 0.3505859375, "f_9": 0.37109375}, "sample17": {"f_0": 1.0, "f_1": 0.3916015625, "f_2": 0.12890625, "f_3": 0.412109375, "f_4": 0.443359375, "f_5": 0.4580078125, "f_6": 0.36328125, "f_7": 0.09375, "f_8": 0.328125, "f_9": 0.6865234375}, "sample18": {"f_0": 1.0, "f_1": 0.8759765625, "f_2": 0.642578125, "f_3": 0.546875, "f_4": 0.4287109375, "f_5": 0.212890625, "f_6": 0.125, "f_7": 0.2314453125, "f_8": 0.28515625, "f_9": 0.3818359375}, "sample19": {"f_0": 1.0, "f_1": 0.623046875, "f_2": 0.4814453125, "f_3": 0.2841796875, "f_4": 0.1748046875, "f_5": 0.400390625, "f_6": 0.41015625, "f_7": 0.712890625, "f_8": 0.578125, "f_9": 0.3818359375}, "sample20": {"f_0": 1.0, "f_1": 0.83203125, "f_2": 0.515625, "f_3": 0.24609375, "f_4": 0.2333984375, "f_5": 0.388671875, "f_6": 0.5146484375, "f_7": 0.5078125, "f_8": 0.36328125, "f_9": 0.2490234375}, "sample21": {"f_0": 1.0, "f_1": 0.712890625, "f_2": 0.3681640625, "f_3": 0.4404296875, "f_4": 0.5048828125, "f_5": 0.2490234375, "f_6": 0.06640625, "f_7": 0.2080078125, "f_8": 0.287109375, "f_9": 0.2373046875}, "sample22": {"f_0": 1.0, "f_1": 0.4580078125, "f_2": 0.572265625, "f_3": 0.5810546875, "f_4": 0.181640625, "f_5": 0.4189453125, "f_6": 0.2099609375, "f_7": 0.3291015625, "f_8": 0.4208984375, "f_9": 0.3603515625}, "sample23": {"f_0": 1.0, "f_1": 0.9384765625, "f_2": 0.814453125, "f_3": 0.64453125, "f_4": 0.51953125, "f_5": 0.32421875, "f_6": 0.130859375, "f_7": 0.0693359375, "f_8": 0.05859375, "f_9": 0.0966796875}, "sample24": {"f_0": 1.0, "f_1": 0.4736328125, "f_2": 0.3994140625, "f_3": 0.5322265625, "f_4": 0.5107421875, "f_5": 0.5615234375, "f_6": 0.1181640625, "f_7": 0.2490234375, "f_8": 0.4228515625, "f_9": 0.287109375}, "sample25": {"f_0": 1.0, "f_1": 0.826171875, "f_2": 0.5361328125, "f_3": 0.4541015625, "f_4": 0.412109375, "f_5": 0.369140625, "f_6": 0.3115234375, "f_7": 0.337890625, "f_8": 0.517578125, "f_9": 0.5126953125}, "sample26": {"f_0": 1.0, "f_1": 0.859375, "f_2": 0.62890625, "f_3": 0.466796875, "f_4": 0.263671875, "f_5": 0.09375, "f_6": 0.0732421875, "f_7": 0.201171875, "f_8": 0.375, "f_9": 0.5615234375}, "sample27": {"f_0": 1.0, "f_1": 0.5380859375, "f_2": 0.119140625, "f_3": 0.4443359375, "f_4": 0.7001953125, "f_5": 0.4228515625, "f_6": 0.21875, "f_7": 0.2685546875, "f_8": 0.2255859375, "f_9": 0.3173828125}, "sample28": {"f_0": 1.0, "f_1": 0.546875, "f_2": 0.4189453125, "f_3": 0.0791015625, "f_4": 0.1123046875, "f_5": 0.1025390625, "f_6": 0.46875, "f_7": 0.55859375, "f_8": 0.896484375, "f_9": 0.4345703125}, "sample29": {"f_0": 1.0, "f_1": 0.9951171875, "f_2": 0.978515625, "f_3": 0.95703125, "f_4": 0.939453125, "f_5": 0.9072265625, "f_6": 0.8671875, "f_7": 0.830078125, "f_8": 0.7978515625, "f_9": 0.728515625}, "sample30": {"f_0": 1.0, "f_1": 0.5419921875, "f_2": 0.1474609375, "f_3": 0.5078125, "f_4": 0.759765625, "f_5": 0.4052734375, "f_6": 0.1953125, "f_7": 0.47265625, "f_8": 0.615234375, "f_9": 0.33984375}, "sample31": {"f_0": 1.0, "f_1": 0.9208984375, "f_2": 0.751953125, "f_3": 0.6025390625, "f_4": 0.4970703125, "f_5": 0.4765625, "f_6": 0.390625, "f_7": 0.3857421875, "f_8": 0.306640625, "f_9": 0.3720703125}, "sample32": {"f_0": 1.0, "f_1": 0.5263671875, "f_2": 0.2802734375, "f_3": 0.072265625, "f_4": 0.44140625, "f_5": 0.6650390625, "f_6": 0.7255859375, "f_7": 0.3154296875, "f_8": 0.1015625, "f_9": 0.2705078125}, "sample33": {"f_0": 1.0, "f_1": 0.4287109375, "f_2": 0.1630859375, "f_3": 0.26953125, "f_4": 0.560546875, "f_5": 0.669921875, "f_6": 0.283203125, "f_7": 0.0908203125, "f_8": 0.48828125, "f_9": 0.3994140625}, "sample34": {"f_0": 1.0, "f_1": 0.740234375, "f_2": 0.5654296875, "f_3": 0.36328125, "f_4": 0.283203125, "f_5": 0.4287109375, "f_6": 0.4912109375, "f_7": 0.7197265625, "f_8": 0.61328125, "f_9": 0.451171875}, "sample35": {"f_0": 1.0, "f_1": 0.7958984375, "f_2": 0.4287109375, "f_3": 0.2666015625, "f_4": 0.43359375, "f_5": 0.7744140625, "f_6": 0.939453125, "f_7": 0.6865234375, "f_8": 0.4052734375, "f_9": 0.33984375}, "sample36": {"f_0": 1.0, "f_1": 0.4658203125, "f_2": 0.1337890625, "f_3": 0.708984375, "f_4": 0.849609375, "f_5": 0.18359375, "f_6": 0.29296875, "f_7": 0.7587890625, "f_8": 0.5126953125, "f_9": 0.123046875}, "sample37": {"f_0": 1.0, "f_1": 0.716796875, "f_2": 0.4638671875, "f_3": 0.5205078125, "f_4": 0.4287109375, "f_5": 0.1474609375, "f_6": 0.1240234375, "f_7": 0.20703125, "f_8": 0.1962890625, "f_9": 0.1806640625}, "sample38": {"f_0": 1.0, "f_1": 0.666015625, "f_2": 0.388671875, "f_3": 0.4580078125, "f_4": 0.4296875, "f_5": 0.5419921875, "f_6": 0.4677734375, "f_7": 0.197265625,