{"sample0": {"f_0": 0.96875, "f_1": 0.2978515625, "f_2": 0.205078125, "f_3": 0.201171875, "f_4": 0.4375, "f_5": 0.2041015625, "f_6": 0.1591796875, "f_7": 0.1826171875, "f_8": 0.1982421875, "f_9": 0.119140625}, "sample1": {"f_0": 0.966796875, "f_1": 0.19921875, "f_2": 0.291015625, "f_3": 0.30078125, "f_4": 0.2109375, "f_5": 0.107421875, "f_6": 0.2705078125, "f_7": 0.1953125, "f_8": 0.1474609375, "f_9": 0.2412109375}, "sample2": {"f_0": 0.9609375, "f_1": 0.498046875, "f_2": 0.234375, "f_3": 0.3037109375, "f_4": 0.296875, "f_5": 0.158203125, "f_6": 0.1181640625, "f_7": 0.146484375, "f_8": 0.1474609375, "f_9": 0.1123046875}, "sample3": {"f_0": 0.96484375, "f_1": 0.3916015625, "f_2": 0.19140625, "f_3": 0.45703125, "f_4": 0.33203125, "f_5": 0.13671875, "f_6": 0.1875, "f_7": 0.248046875, "f_8": 0.1728515625, "f_9": 0.1318359375}, "sample4": {"f_0": 0.96875, "f_1": 0.7841796875, "f_2": 0.60546875, "f_3": 0.4697265625, "f_4": 0.3173828125, "f_5": 0.2353515625, "f_6": 0.1865234375, "f_7": 0.1455078125, "f_8": 0.109375, "f_9": 0.1171875}, "sample5": {"f_0": 0.970703125, "f_1": 0.2451171875, "f_2": 0.2802734375, "f_3": 0.2197265625, "f_4": 0.27734375, "f_5": 0.177734375, "f_6": 0.326171875, "f_7": 0.1328125, "f_8": 0.123046875, "f_9": 0.2197265625}, "sample6": {"f_0": 0.9697265625, "f_1": 0.3369140625, "f_2": 0.22265625, "f_3": 0.1298828125, "f_4": 0.3740234375, "f_5": 0.2685546875, "f_6": 0.1748046875, "f_7": 0.09765625, "f_8": 0.1533203125, "f_9": 0.18359375}, "sample7": {"f_0": 0.9794921875, "f_1": 0.5244140625, "f_2": 0.3349609375, "f_3": 0.1513671875, "f_4": 0.123046875, "f_5": 0.1220703125, "f_6": 0.193359375, "f_7": 0.1962890625, "f_8": 0.234375, "f_9": 0.220703125}, "sample8": {"f_0": 0.970703125, "f_1": 0.625, "f_2": 0.2265625, "f_3": 0.09765625, "f_4": 0.25390625, "f_5": 0.3681640625, "f_6": 0.384765625, "f_7": 0.244140625, "f_8": 0.1533203125, "f_9": 0.12890625}, "sample9": {"f_0": 0.9677734375, "f_1": 0.4677734375, "f_2": 0.375, "f_3": 0.1240234375, "f_4": 0.1318359375, "f_5": 0.0859375, "f_6": 0.158203125, "f_7": 0.1943359375, "f_8": 0.2333984375, "f_9": 0.2587890625}, "sample10": {"f_0": 0.97265625, "f_1": 0.6845703125, "f_2": 0.4560546875, "f_3": 0.271484375, "f_4": 0.1552734375, "f_5": 0.1396484375, "f_6": 0.142578125, "f_7": 0.158203125, "f_8": 0.193359375, "f_9": 0.162109375}, "sample11": {"f_0": 0.9765625, "f_1": 0.4716796875, "f_2": 0.1875, "f_3": 0.2998046875, "f_4": 0.1787109375, "f_5": 0.1572265625, "f_6": 0.14453125, "f_7": 0.123046875, "f_8": 0.2041015625, "f_9": 0.2353515625}, "sample12": {"f_0": 0.97265625, "f_1": 0.2841796875, "f_2": 0.2333984375, "f_3": 0.1962890625, "f_4": 0.4462890625, "f_5": 0.1806640625, "f_6": 0.2392578125, "f_7": 0.1328125, "f_8": 0.16796875, "f_9": 0.1220703125}, "sample13": {"f_0": 0.9736328125, "f_1": 0.3984375, "f_2": 0.177734375, "f_3": 0.26953125, "f_4": 0.166015625, "f_5": 0.2275390625, "f_6": 0.13671875, "f_7": 0.189453125, "f_8": 0.310546875, "f_9": 0.1923828125}, "sample14": {"f_0": 0.96875, "f_1": 0.3505859375, "f_2": 0.158203125, "f_3": 0.2275390625, "f_4": 0.2041015625, "f_5": 0.251953125, "f_6": 0.1337890625, "f_7": 0.142578125, "f_8": 0.30078125, "f_9": 0.1748046875}, "sample15": {"f_0": 0.9755859375, "f_1": 0.564453125, "f_2": 0.2236328125, "f_3": 0.1953125, "f_4": 0.2958984375, "f_5": 0.3193359375, "f_6": 0.18359375, "f_7": 0.1025390625, "f_8": 0.1220703125, "f_9": 0.1357421875}, "sample16": {"f_0": 0.96484375, "f_1": 0.6181640625, "f_2": 0.365234375, "f_3": 0.2509765625, "f_4": 0.123046875, "f_5": 0.126953125, "f_6": 0.1455078125, "f_7": 0.142578125, "f_8": 0.166015625, "f_9": 0.1689453125}, "sample17": {"f_0": 0.97265625, "f_1": 0.306640625, "f_2": 0.130859375, "f_3": 0.2822265625, "f_4": 0.28125, "f_5": 0.2373046875, "f_6": 0.19140625, "f_7": 0.095703125, "f_8": 0.1513671875, "f_9": 0.2158203125}, "sample18": {"f_0": 0.974609375, "f_1": 0.7392578125, "f_2": 0.4765625, "f_3": 0.333984375, "f_4": 0.216796875, "f_5": 0.1494140625, "f_6": 0.125, "f_7": 0.16015625, "f_8": 0.154296875, "f_9": 0.1728515625}, "sample19": {"f_0": 0.9814453125, "f_1": 0.5400390625, "f_2": 0.3701171875, "f_3": 0.2255859375, "f_4": 0.1552734375, "f_5": 0.2001953125, "f_6": 0.2099609375, "f_7": 0.2978515625, "f_8": 0.2255859375, "f_9": 0.158203125}, "sample20": {"f_0": 0.9697265625, "f_1": 0.6953125, "f_2": 0.3955078125, "f_3": 0.1953125, "f_4": 0.1796875, "f_5": 0.22265625, "f_6": 0.234375, "f_7": 0.2294921875, "f_8": 0.1806640625, "f_9": 0.1328125}, "sample21": {"f_0": 0.9677734375, "f_1": 0.6171875, "f_2": 0.2685546875, "f_3": 0.30859375, "f_4": 0.3134765625, "f_5": 0.1640625, "f_6": 0.13671875, "f_7": 0.125, "f_8": 0.1611328125, "f_9": 0.13671875}, "sample22": {"f_0": 0.9716796875, "f_1": 0.4072265625, "f_2": 0.3994140625, "f_3": 0.376953125, "f_4": 0.158203125, "f_5": 0.2353515625, "f_6": 0.126953125, "f_7": 0.1748046875, "f_8": 0.197265625, "f_9": 0.166015625}, "sample23": {"f_0": 0.978515625, "f_1": 0.7705078125, "f_2": 0.5703125, "f_3": 0.4169921875, "f_4": 0.2998046875, "f_5": 0.1826171875, "f_6": 0.12109375, "f_7": 0.1142578125, "f_8": 0.12109375, "f_9": 0.1162109375}, "sample24": {"f_0": 0.966796875, "f_1": 0.4521484375, "f_2": 0.2919921875, "f_3": 0.373046875, "f_4": 0.3056640625, "f_5": 0.2890625, "f_6": 0.1142578125, "f_7": 0.1484375, "f_8": 0.1962890625, "f_9": 0.1240234375}, "sample25": {"f_0": 0.9755859375, "f_1": 0.669921875, "f_2": 0.4052734375, "f_3": 0.2958984375, "f_4": 0.2705078125, "f_5": 0.2255859375, "f_6": 0.1796875, "f_7": 0.1484375, "f_8": 0.224609375, "f_9": 0.19140625}, "sample26": {"f_0": 0.974609375, "f_1": 0.712890625, "f_2": 0.453125, "f_3": 0.3154296875, "f_4": 0.216796875, "f_5": 0.1142578125, "f_6": 0.1298828125, "f_7": 0.16015625, "f_8": 0.1826171875, "f_9": 0.2314453125}, "sample27": {"f_0": 0.96875, "f_1": 0.4501953125, "f_2": 0.1279296875, "f_3": 0.2861328125, "f_4": 0.4287109375, "f_5": 0.23828125, "f_6": 0.1318359375, "f_7": 0.1396484375, "f_8": 0.15234375, "f_9": 0.1494140625}, "sample28": {"f_0": 0.9697265625, "f_1": 0.4345703125, "f_2": 0.333984375, "f_3": 0.1103515625, "f_4": 0.1201171875, "f_5": 0.1005859375, "f_6": 0.2451171875, "f_7": 0.22265625, "f_8": 0.2841796875, "f_9": 0.169921875}, "sample29": {"f_0": 0.966796875, "f_1": 0.8173828125, "f_2": 0.689453125, "f_3": 0.607421875, "f_4": 0.48828125, "f_5": 0.46875, "f_6": 0.3935546875, "f_7": 0.32421875, "f_8": 0.29296875, "f_9": 0.2587890625}, "sample30": {"f_0": 0.9677734375, "f_1": 0.4619140625, "f_2": 0.1435546875, "f_3": 0.3291015625, "f_4": 0.40625, "f_5": 0.24609375, "f_6": 0.12109375, "f_7": 0.185546875, "f_8": 0.244140625, "f_9": 0.1767578125}, "sample31": {"f_0": 0.9775390625, "f_1": 0.744140625, "f_2": 0.5234375, "f_3": 0.40234375, "f_4": 0.298828125, "f_5": 0.2578125, "f_6": 0.2216796875, "f_7": 0.1708984375, "f_8": 0.1806640625, "f_9": 0.1376953125}, "sample32": {"f_0": 0.974609375, "f_1": 0.423828125, "f_2": 0.2421875, "f_3": 0.09375, "f_4": 0.2783203125, "f_5": 0.33203125, "f_6": 0.33984375, "f_7": 0.1630859375, "f_8": 0.119140625, "f_9": 0.15234375}, "sample33": {"f_0": 0.966796875, "f_1": 0.3466796875, "f_2": 0.146484375, "f_3": 0.21875, "f_4": 0.3056640625, "f_5": 0.3359375, "f_6": 0.1689453125, "f_7": 0.1005859375, "f_8": 0.2119140625, "f_9": 0.171875}, "sample34": {"f_0": 0.9638671875, "f_1": 0.6328125, "f_2": 0.388671875, "f_3": 0.22265625, "f_4": 0.1728515625, "f_5": 0.2333984375, "f_6": 0.2333984375, "f_7": 0.2705078125, "f_8": 0.2109375, "f_9": 0.18359375}, "sample35": {"f_0": 0.970703125, "f_1": 0.6572265625, "f_2": 0.306640625, "f_3": 0.1865234375, "f_4": 0.279296875, "f_5": 0.3603515625, "f_6": 0.3916015625, "f_7": 0.2685546875, "f_8": 0.16796875, "f_9": 0.1533203125}, "sample36": {"f_0": 0.982421875, "f_1": 0.373046875, "f_2": 0.12890625, "f_3": 0.4365234375, "f_4": 0.4462890625, "f_5": 0.1787109375, "f_6": 0.1884765625, "f_7": 0.263671875, "f_8": 0.1962890625, "f_9": 0.11328125}, "sample37": {"f_0": 0.974609375, "f_1": 0.619140625, "f_2": 0.328125, "f_3": 0.3310546875, "f_4": 0.255859375,