{"sample0": {"f_0": 0, "f_1": 0.31287551019852267, "f_2": 0.2433973805701024, "f_3": 0.30541760573902904, "f_4": 0.03932823595947808, "f_5": 0.25244397766822957, "f_6": 0.2387119433233895, "f_7": 0.17093299283571536, "f_8": 0.14827167417515832, "f_9": 0.2792417884726715}, "sample1": {"f_0": 0, "f_1": 0.3875631645553144, "f_2": 0.18317191572350294, "f_3": 0.17275211171567237, "f_4": 0.18497529436022495, "f_5": 0.445720477427292, "f_6": 0.17889698488285358, "f_7": 0.20108218829836128, "f_8": 0.3862601199293361, "f_9": 0.013602683769983234}, "sample2": {"f_0": 0, "f_1": 0.07507326799247091, "f_2": 0.2516066802451864, "f_3": 0.10603184081116634, "f_4": 0.09034707721740065, "f_5": 0.4149074535275199, "f_6": 0.5421752016906342, "f_7": 0.35015455236414955, "f_8": 0.26843872718905737, "f_9": 0.32172478371630814}, "sample3": {"f_0": 0, "f_1": 0.17396229144744382, "f_2": 0.3690203339634569, "f_3": 0.13837404346959864, "f_4": 0.0763892375248727, "f_5": 0.4261661324965501, "f_6": 0.303875106599198, "f_7": 0.05725522719784871, "f_8": 0.2211999526809742, "f_9": 0.24810763172195638}, "sample4": {"f_0": 0, "f_1": 0.009521723001607894, "f_2": 0.02825992398490519, "f_3": 0.05395004455220632, "f_4": 0.11008575722655124, "f_5": 0.19570283071678038, "f_6": 0.2685533670191477, "f_7": 0.3263142888819345, "f_8": 0.4109953652401559, "f_9": 0.4939009367284215}, "sample5": {"f_0": 0, "f_1": 0.3271061265664571, "f_2": 0.18779320114761983, "f_3": 0.22936206533825915, "f_4": 0.09931835466185321, "f_5": 0.289838529297901, "f_6": 0.039517649513627795, "f_7": 0.2867871413444595, "f_8": 0.38320505139176614, "f_9": 0.21501063545420043}, "sample6": {"f_0": 0, "f_1": 0.26451421271818965, "f_2": 0.25764893881295164, "f_3": 0.38912422518325174, "f_4": 0.06425726770205302, "f_5": 0.17186916744547145, "f_6": 0.21242896090225385, "f_7": 0.5197523210378044, "f_8": 0.37102570034922, "f_9": 0.09303260794779265}, "sample7": {"f_0": 0, "f_1": 0.05509545242498608, "f_2": 0.11429415584424116, "f_3": 0.4078191802331774, "f_4": 0.4716818622473358, "f_5": 0.5208733717255296, "f_6": 0.3011418357511007, "f_7": 0.14600210498146302, "f_8": 0.07894421396115356, "f_9": 0.18112137493129224}, "sample8": {"f_0": 0, "f_1": 0.08929716156828514, "f_2": 0.3221740211926377, "f_3": 0.43181317045564677, "f_4": 0.290101536504864, "f_5": 0.10509276442204252, "f_6": 0.006227803079518246, "f_7": 0.10848188433527042, "f_8": 0.3100770777255659, "f_9": 0.3629854788618857}, "sample9": {"f_0": 0, "f_1": 0.07952404831186742, "f_2": 0.10429102544740736, "f_3": 0.39054628306788175, "f_4": 0.5133319545457419, "f_5": 0.4937500819534241, "f_6": 0.28779954760983173, "f_7": 0.09809577893027777, "f_8": 0.03692205581453082, "f_9": 0.021295741885837164}, "sample10": {"f_0": 0, "f_1": 0.010627824135249547, "f_2": 0.04026036787574719, "f_3": 0.14774099574141866, "f_4": 0.29399291051190507, "f_5": 0.33675304850181575, "f_6": 0.3794089889418683, "f_7": 0.24412981231173977, "f_8": 0.18351180357667632, "f_9": 0.12134103079586835}, "sample11": {"f_0": 0, "f_1": 0.19525306623086766, "f_2": 0.25313148503464683, "f_3": 0.10607866682895666, "f_4": 0.23355580065325973, "f_5": 0.27040611481984755, "f_6": 0.2172420786653052, "f_7": 0.2926068175665497, "f_8": 0.11566004471940972, "f_9": 0.027897493542402885}, "sample12": {"f_0": 0, "f_1": 0.29978130092256183, "f_2": 0.22514005570958628, "f_3": 0.29766130477971053, "f_4": 0.012844364669071694, "f_5": 0.23442453773420113, "f_6": 0.09173400409392403, "f_7": 0.2849322740384154, "f_8": 0.11909433068752191, "f_9": 0.23104241159314637}, "sample13": {"f_0": 0, "f_1": 0.24456126001956882, "f_2": 0.28160488141570883, "f_3": 0.13857476886063602, "f_4": 0.23588177537220165, "f_5": 0.14464603682449567, "f_6": 0.30767128125859183, "f_7": 0.3931080102100259, "f_8": 0.02809866057430161, "f_9": 0.18325748643597758}, "sample14": {"f_0": 0, "f_1": 0.28140204960270243, "f_2": 0.34897532301863066, "f_3": 0.19640033657753037, "f_4": 0.24539552146385946, "f_5": 0.08177357248244906, "f_6": 0.37633814444869584, "f_7": 0.412583564014914, "f_8": 0.02153729977477265, "f_9": 0.1376680414001716}, "sample15": {"f_0": 0, "f_1": 0.04065439432899949, "f_2": 0.23891899852664536, "f_3": 0.27093602158196106, "f_4": 0.11659499705793605, "f_5": 0.11107210065031999, "f_6": 0.26427206282415777, "f_7": 0.5637089688688677, "f_8": 0.5271048106624086, "f_9": 0.23539458214074727}, "sample16": {"f_0": 0, "f_1": 0.02447335959670689, "f_2": 0.07151457240550575, "f_3": 0.1760050162482816, "f_4": 0.43622891353209364, "f_5": 0.43322411124210797, "f_6": 0.4326584535586659, "f_7": 0.35582513883961847, "f_8": 0.1599864652477841, "f_9": 0.15139836017754033}, "sample17": {"f_0": 0, "f_1": 0.19527856777967859, "f_2": 0.4356541844213672, "f_3": 0.14344353780423896, "f_4": 0.11399469235870897, "f_5": 0.13827337775880782, "f_6": 0.1761918470903681, "f_7": 0.5376999559759993, "f_8": 0.31717148663830075, "f_9": 0.02734502091126247}, "sample18": {"f_0": 0, "f_1": 0.032056949725131255, "f_2": 0.0794532331975387, "f_3": 0.1125220003682404, "f_4": 0.20151264921741685, "f_5": 0.3459225549979613, "f_6": 0.4118594034077638, "f_7": 0.3665426897679637, "f_8": 0.33893600534312124, "f_9": 0.34829062774426317}, "sample19": {"f_0": 0, "f_1": 0.08725176465327476, "f_2": 0.09925818557113733, "f_3": 0.26639891387303816, "f_4": 0.42676588064821597, "f_5": 0.26295679377806747, "f_6": 0.28237567050903795, "f_7": 0.12390260784908337, "f_8": 0.05679851275132691, "f_9": 0.14237886689106666}, "sample20": {"f_0": 0, "f_1": 0.07125709218009735, "f_2": 0.22026612671055348, "f_3": 0.3146619658581605, "f_4": 0.27934566585000414, "f_5": 0.1623828149949594, "f_6": 0.08042713504134014, "f_7": 0.10278188022420989, "f_8": 0.19209675001823753, "f_9": 0.257570771832365}, "sample21": {"f_0": 0, "f_1": 0.11285240983334463, "f_2": 0.20444499443907538, "f_3": 0.11435625068713706, "f_4": 0.16688097828988493, "f_5": 0.43387214551590897, "f_6": 0.504575658947518, "f_7": 0.3073109126564095, "f_8": 0.21486416666861383, "f_9": 0.2737054873504755}, "sample22": {"f_0": 0, "f_1": 0.14132470318163184, "f_2": 0.0679401043444057, "f_3": 0.10940038439201366, "f_4": 0.33809105705083564, "f_5": 0.14215016200192568, "f_6": 0.31389519433835683, "f_7": 0.3607415301557948, "f_8": 0.16788702133384745, "f_9": 0.25492144855514404}, "sample23": {"f_0": 0, "f_1": 0.03149115760436001, "f_2": 0.10531327955096532, "f_3": 0.20219870784137817, "f_4": 0.3325882363657208, "f_5": 0.477659039994918, "f_6": 0.5744849045080537, "f_7": 0.6007287069382182, "f_8": 0.5969125399209783, "f_9": 0.5758061942912222}, "sample24": {"f_0": 0, "f_1": 0.09350362283010294, "f_2": 0.13602980585098354, "f_3": 0.24802493575789364, "f_4": 0.108743761023875, "f_5": 0.07512457205146562, "f_6": 0.4533420997786115, "f_7": 0.2996289041704613, "f_8": 0.2690659427574331, "f_9": 0.23125940591483451}, "sample25": {"f_0": 0, "f_1": 0.010784733900904606, "f_2": 0.06803259402207983, "f_3": 0.11150578367490818, "f_4": 0.12798915940806782, "f_5": 0.2578898257282841, "f_6": 0.3815643661388433, "f_7": 0.30057678083626327, "f_8": 0.17675534592453812, "f_9": 0.15818025262671195}, "sample26": {"f_0": 0, "f_1": 0.059821123186098245, "f_2": 0.1652602325064902, "f_3": 0.27227891395595616, "f_4": 0.43767072820340996, "f_5": 0.5787802761287685, "f_6": 0.5451352982124003, "f_7": 0.40575943110108975, "f_8": 0.2978198668543232, "f_9": 0.18506667479743472}, "sample27": {"f_0": 0, "f_1": 0.218699613043382, "f_2": 0.4396586735119333, "f_3": 0.17613871878556145, "f_4": 0.04047162560639901, "f_5": 0.22819108615298594, "f_6": 0.30116691177539534, "f_7": 0.23808330670253214, "f_8": 0.2665998143460597, "f_9": 0.20643731062753773}, "sample28": {"f_0": 0, "f_1": 0.07447845716257569, "f_2": 0.1318581375396117, "f_3": 0.5210787832097157, "f_4": 0.47332538398236723, "f_5": 0.4489894067211559, "f_6": 0.11130879171851824, "f_7": 0.07623476108536813, "f_8": 0.008877076782836994, "f_9": 0.11391790747464761}, "sample29": {"f_0": 0, "f_1": 0.0019032668811690392, "f_2": 0.007270763972951453,