{"sample0": {"f_0": 0.4951171875, "f_1": 0.5576171875, "f_2": 0.193359375, "f_3": 0.13671875, "f_4": 0.23828125, "f_5": 0.5146484375, "f_6": 0.10546875, "f_7": 0.265625, "f_8": 0.1953125, "f_9": 0.41015625}, "sample1": {"f_0": 0.5087890625, "f_1": 0.5546875, "f_2": 0.1318359375, "f_3": 0.4345703125, "f_4": 0.3427734375, "f_5": 0.2744140625, "f_6": 0.078125, "f_7": 0.595703125, "f_8": 0.0771484375, "f_9": 0.380859375}, "sample2": {"f_0": 0.4921875, "f_1": 0.2197265625, "f_2": 0.1533203125, "f_3": 0.279296875, "f_4": 0.2490234375, "f_5": 0.078125, "f_6": 0.1708984375, "f_7": 0.439453125, "f_8": 0.330078125, "f_9": 0.1357421875}, "sample3": {"f_0": 0.5224609375, "f_1": 0.568359375, "f_2": 0.083984375, "f_3": 0.126953125, "f_4": 0.4130859375, "f_5": 0.3232421875, "f_6": 0.0732421875, "f_7": 0.2919921875, "f_8": 0.466796875, "f_9": 0.1982421875}, "sample4": {"f_0": 0.4970703125, "f_1": 0.5556640625, "f_2": 0.5400390625, "f_3": 0.517578125, "f_4": 0.54296875, "f_5": 0.4755859375, "f_6": 0.373046875, "f_7": 0.3046875, "f_8": 0.2890625, "f_9": 0.2265625}, "sample5": {"f_0": 0.5078125, "f_1": 0.078125, "f_2": 0.2607421875, "f_3": 0.4501953125, "f_4": 0.2265625, "f_5": 0.52734375, "f_6": 0.26171875, "f_7": 0.2099609375, "f_8": 0.28515625, "f_9": 0.7998046875}, "sample6": {"f_0": 0.4833984375, "f_1": 0.619140625, "f_2": 0.3720703125, "f_3": 0.1845703125, "f_4": 0.2001953125, "f_5": 0.53515625, "f_6": 0.40625, "f_7": 0.435546875, "f_8": 0.0341796875, "f_9": 0.2216796875}, "sample7": {"f_0": 0.5126953125, "f_1": 0.4990234375, "f_2": 0.4306640625, "f_3": 0.337890625, "f_4": 0.1474609375, "f_5": 0.1162109375, "f_6": 0.072265625, "f_7": 0.220703125, "f_8": 0.392578125, "f_9": 0.619140625}, "sample8": {"f_0": 0.5146484375, "f_1": 0.6396484375, "f_2": 0.5263671875, "f_3": 0.2392578125, "f_4": 0.0419921875, "f_5": 0.1708984375, "f_6": 0.3955078125, "f_7": 0.5068359375, "f_8": 0.412109375, "f_9": 0.1572265625}, "sample9": {"f_0": 0.494140625, "f_1": 0.2275390625, "f_2": 0.265625, "f_3": 0.1728515625, "f_4": 0.349609375, "f_5": 0.296875, "f_6": 0.3916015625, "f_7": 0.23046875, "f_8": 0.4052734375, "f_9": 0.3408203125}, "sample10": {"f_0": 0.4931640625, "f_1": 0.45703125, "f_2": 0.3779296875, "f_3": 0.3486328125, "f_4": 0.376953125, "f_5": 0.4296875, "f_6": 0.4921875, "f_7": 0.4658203125, "f_8": 0.5244140625, "f_9": 0.4755859375}, "sample11": {"f_0": 0.5126953125, "f_1": 0.072265625, "f_2": 0.2392578125, "f_3": 0.251953125, "f_4": 0.107421875, "f_5": 0.255859375, "f_6": 0.2568359375, "f_7": 0.4189453125, "f_8": 0.6376953125, "f_9": 0.2998046875}, "sample12": {"f_0": 0.490234375, "f_1": 0.0419921875, "f_2": 0.205078125, "f_3": 0.4365234375, "f_4": 0.4775390625, "f_5": 0.1181640625, "f_6": 0.2861328125, "f_7": 0.1533203125, "f_8": 0.318359375, "f_9": 0.3076171875}, "sample13": {"f_0": 0.5107421875, "f_1": 0.66015625, "f_2": 0.205078125, "f_3": 0.2607421875, "f_4": 0.22265625, "f_5": 0.22265625, "f_6": 0.2783203125, "f_7": 0.03515625, "f_8": 0.2939453125, "f_9": 0.6162109375}, "sample14": {"f_0": 0.494140625, "f_1": 0.658203125, "f_2": 0.20703125, "f_3": 0.2119140625, "f_4": 0.1650390625, "f_5": 0.322265625, "f_6": 0.5205078125, "f_7": 0.064453125, "f_8": 0.318359375, "f_9": 0.587890625}, "sample15": {"f_0": 0.505859375, "f_1": 0.4384765625, "f_2": 0.3388671875, "f_3": 0.3193359375, "f_4": 0.4443359375, "f_5": 0.59375, "f_6": 0.4462890625, "f_7": 0.283203125, "f_8": 0.224609375, "f_9": 0.2451171875}, "sample16": {"f_0": 0.4921875, "f_1": 0.3046875, "f_2": 0.283203125, "f_3": 0.13671875, "f_4": 0.134765625, "f_5": 0.14453125, "f_6": 0.08203125, "f_7": 0.1611328125, "f_8": 0.240234375, "f_9": 0.2919921875}, "sample17": {"f_0": 0.5029296875, "f_1": 0.1181640625, "f_2": 0.3955078125, "f_3": 0.3974609375, "f_4": 0.3046875, "f_5": 0.41796875, "f_6": 0.16796875, "f_7": 0.2021484375, "f_8": 0.583984375, "f_9": 0.42578125}, "sample18": {"f_0": 0.5146484375, "f_1": 0.5595703125, "f_2": 0.5283203125, "f_3": 0.5078125, "f_4": 0.49609375, "f_5": 0.3935546875, "f_6": 0.20703125, "f_7": 0.09375, "f_8": 0.05859375, "f_9": 0.029296875}, "sample19": {"f_0": 0.5078125, "f_1": 0.15625, "f_2": 0.2021484375, "f_3": 0.126953125, "f_4": 0.4609375, "f_5": 0.541015625, "f_6": 0.6513671875, "f_7": 0.7021484375, "f_8": 0.3173828125, "f_9": 0.2119140625}, "sample20": {"f_0": 0.5048828125, "f_1": 0.689453125, "f_2": 0.673828125, "f_3": 0.435546875, "f_4": 0.220703125, "f_5": 0.162109375, "f_6": 0.3056640625, "f_7": 0.3916015625, "f_8": 0.40625, "f_9": 0.337890625}, "sample21": {"f_0": 0.5048828125, "f_1": 0.65234375, "f_2": 0.4365234375, "f_3": 0.3564453125, "f_4": 0.5791015625, "f_5": 0.6162109375, "f_6": 0.302734375, "f_7": 0.15234375, "f_8": 0.205078125, "f_9": 0.1875}, "sample22": {"f_0": 0.4873046875, "f_1": 0.1181640625, "f_2": 0.419921875, "f_3": 0.1494140625, "f_4": 0.28515625, "f_5": 0.38671875, "f_6": 0.2685546875, "f_7": 0.666015625, "f_8": 0.4794921875, "f_9": 0.5009765625}, "sample23": {"f_0": 0.494140625, "f_1": 0.3203125, "f_2": 0.166015625, "f_3": 0.072265625, "f_4": 0.0078125, "f_5": 0.0244140625, "f_6": 0.11328125, "f_7": 0.228515625, "f_8": 0.3447265625, "f_9": 0.46484375}, "sample24": {"f_0": 0.5107421875, "f_1": 0.318359375, "f_2": 0.2685546875, "f_3": 0.04296875, "f_4": 0.1640625, "f_5": 0.2431640625, "f_6": 0.1787109375, "f_7": 0.1083984375, "f_8": 0.0380859375, "f_9": 0.3818359375}, "sample25": {"f_0": 0.5029296875, "f_1": 0.3857421875, "f_2": 0.310546875, "f_3": 0.3486328125, "f_4": 0.18359375, "f_5": 0.080078125, "f_6": 0.0390625, "f_7": 0.064453125, "f_8": 0.1005859375, "f_9": 0.09375}, "sample26": {"f_0": 0.4921875, "f_1": 0.69921875, "f_2": 0.708984375, "f_3": 0.69140625, "f_4": 0.6669921875, "f_5": 0.478515625, "f_6": 0.2197265625, "f_7": 0.0927734375, "f_8": 0.056640625, "f_9": 0.072265625}, "sample27": {"f_0": 0.494140625, "f_1": 0.05078125, "f_2": 0.240234375, "f_3": 0.490234375, "f_4": 0.2578125, "f_5": 0.0673828125, "f_6": 0.2060546875, "f_7": 0.263671875, "f_8": 0.2470703125, "f_9": 0.30078125}, "sample28": {"f_0": 0.4697265625, "f_1": 0.248046875, "f_2": 0.216796875, "f_3": 0.2216796875, "f_4": 0.2724609375, "f_5": 0.3017578125, "f_6": 0.3837890625, "f_7": 0.4248046875, "f_8": 0.5166015625, "f_9": 0.2998046875}, "sample29": {"f_0": 0.529296875, "f_1": 0.4833984375, "f_2": 0.40625, "f_3": 0.384765625, "f_4": 0.3134765625, "f_5": 0.29296875, "f_6": 0.2265625, "f_7": 0.2158203125, "f_8": 0.1865234375, "f_9": 0.1259765625}, "sample30": {"f_0": 0.482421875, "f_1": 0.0810546875, "f_2": 0.322265625, "f_3": 0.59375, "f_4": 0.279296875, "f_5": 0.0439453125, "f_6": 0.205078125, "f_7": 0.3681640625, "f_8": 0.2001953125, "f_9": 0.0927734375}, "sample31": {"f_0": 0.4794921875, "f_1": 0.48046875, "f_2": 0.455078125, "f_3": 0.423828125, "f_4": 0.408203125, "f_5": 0.33984375, "f_6": 0.2431640625, "f_7": 0.154296875, "f_8": 0.1552734375, "f_9": 0.2197265625}, "sample32": {"f_0": 0.5068359375, "f_1": 0.0546875, "f_2": 0.0498046875, "f_3": 0.3896484375, "f_4": 0.5810546875, "f_5": 0.4931640625, "f_6": 0.177734375, "f_7": 0.044921875, "f_8": 0.21484375, "f_9": 0.5908203125}, "sample33": {"f_0": 0.5185546875, "f_1": 0.572265625, "f_2": 0.4951171875, "f_3": 0.0595703125, "f_4": 0.15234375, "f_5": 0.51953125, "f_6": 0.3994140625, "f_7": 0.2529296875, "f_8": 0.158203125, "f_9": 0.224609375}, "sample34": {"f_0": 0.484375, "f_1": 0.3466796875, "f_2": 0.296875, "f_3": 0.3935546875, "f_4": 0.4052734375, "f_5": 0.57421875, "f_6": 0.462890625, "f_7": 0.4140625, "f_8": 0.3466796875, "f_9": 0.2958984375}, "sample35": {"f_0": 0.490234375, "f_1": 0.3828125, "f_2": 0.294921875, "f_3": 0.2861328125, "f_4": 0.212890625, "f_5": 0.310546875, "f_6": 0.3095703125, "f_7": 0.26953125, "f_8": 0.3095703125, "f_9": 0.39453125}, "sample36": {"f_0": 0.5244140625, "f_1": 0.048828125, "f_2": 0.3759765625, "f_3": 0.5859375, "f_4": 0.2138671875, "f_5": 0.09765625, "f_6": 0.455078125, "f_7": 0.33203125, "f_8": 0.0654296875, "f_9": 0.2080078125}, "sample37": {"f_0": 0.5078125, "f_1": 0.212890625, "f_2": 0.234375,