{"sample0": {"f_0": 0.5205078125, "f_1": 0.0576171875, "f_2": 0.2744140625, "f_3": 0.4052734375, "f_4": 0.5693359375, "f_5": 0.0849609375, "f_6": 0.419921875, "f_7": 0.228515625, "f_8": 0.4013671875, "f_9": 0.1162109375}, "sample1": {"f_0": 0.4912109375, "f_1": 0.0888671875, "f_2": 0.4169921875, "f_3": 0.123046875, "f_4": 0.2041015625, "f_5": 0.287109375, "f_6": 0.66796875, "f_7": 0.0771484375, "f_8": 0.5654296875, "f_9": 0.39453125}, "sample2": {"f_0": 0.5107421875, "f_1": 0.4443359375, "f_2": 0.3798828125, "f_3": 0.3017578125, "f_4": 0.349609375, "f_5": 0.576171875, "f_6": 0.4755859375, "f_7": 0.1376953125, "f_8": 0.18359375, "f_9": 0.4296875}, "sample3": {"f_0": 0.5029296875, "f_1": 0.0947265625, "f_2": 0.5009765625, "f_3": 0.712890625, "f_4": 0.2099609375, "f_5": 0.203125, "f_6": 0.56640625, "f_7": 0.328125, "f_8": 0.1005859375, "f_9": 0.302734375}, "sample4": {"f_0": 0.5068359375, "f_1": 0.345703125, "f_2": 0.310546875, "f_3": 0.205078125, "f_4": 0.13671875, "f_5": 0.107421875, "f_6": 0.150390625, "f_7": 0.205078125, "f_8": 0.2841796875, "f_9": 0.36328125}, "sample5": {"f_0": 0.484375, "f_1": 0.509765625, "f_2": 0.224609375, "f_3": 0.1005859375, "f_4": 0.40234375, "f_5": 0.072265625, "f_6": 0.4853515625, "f_7": 0.3037109375, "f_8": 0.2275390625, "f_9": 0.052734375}, "sample6": {"f_0": 0.5087890625, "f_1": 0.0517578125, "f_2": 0.1630859375, "f_3": 0.33203125, "f_4": 0.50390625, "f_5": 0.095703125, "f_6": 0.130859375, "f_7": 0.1591796875, "f_8": 0.6484375, "f_9": 0.3408203125}, "sample7": {"f_0": 0.5146484375, "f_1": 0.2431640625, "f_2": 0.1875, "f_3": 0.205078125, "f_4": 0.447265625, "f_5": 0.5283203125, "f_6": 0.5615234375, "f_7": 0.2734375, "f_8": 0.21484375, "f_9": 0.087890625}, "sample8": {"f_0": 0.4921875, "f_1": 0.17578125, "f_2": 0.0771484375, "f_3": 0.3330078125, "f_4": 0.625, "f_5": 0.7431640625, "f_6": 0.4794921875, "f_7": 0.169921875, "f_8": 0.1103515625, "f_9": 0.3349609375}, "sample9": {"f_0": 0.5126953125, "f_1": 0.390625, "f_2": 0.28125, "f_3": 0.37890625, "f_4": 0.2353515625, "f_5": 0.2763671875, "f_6": 0.1396484375, "f_7": 0.30859375, "f_8": 0.2705078125, "f_9": 0.62109375}, "sample10": {"f_0": 0.5205078125, "f_1": 0.369140625, "f_2": 0.31640625, "f_3": 0.1796875, "f_4": 0.177734375, "f_5": 0.1201171875, "f_6": 0.1064453125, "f_7": 0.10546875, "f_8": 0.087890625, "f_9": 0.140625}, "sample11": {"f_0": 0.48828125, "f_1": 0.6806640625, "f_2": 0.2939453125, "f_3": 0.330078125, "f_4": 0.40234375, "f_5": 0.2451171875, "f_6": 0.2646484375, "f_7": 0.140625, "f_8": 0.1494140625, "f_9": 0.556640625}, "sample12": {"f_0": 0.541015625, "f_1": 0.53125, "f_2": 0.2451171875, "f_3": 0.1240234375, "f_4": 0.337890625, "f_5": 0.4013671875, "f_6": 0.33984375, "f_7": 0.3369140625, "f_8": 0.2353515625, "f_9": 0.1962890625}, "sample13": {"f_0": 0.5029296875, "f_1": 0.0498046875, "f_2": 0.296875, "f_3": 0.2607421875, "f_4": 0.265625, "f_5": 0.3115234375, "f_6": 0.2138671875, "f_7": 0.6826171875, "f_8": 0.61328125, "f_9": 0.0908203125}, "sample14": {"f_0": 0.5185546875, "f_1": 0.0380859375, "f_2": 0.3154296875, "f_3": 0.2998046875, "f_4": 0.373046875, "f_5": 0.2841796875, "f_6": 0.103515625, "f_7": 0.5771484375, "f_8": 0.5751953125, "f_9": 0.095703125}, "sample15": {"f_0": 0.505859375, "f_1": 0.26171875, "f_2": 0.185546875, "f_3": 0.1884765625, "f_4": 0.1640625, "f_5": 0.14453125, "f_6": 0.119140625, "f_7": 0.3427734375, "f_8": 0.3994140625, "f_9": 0.224609375}, "sample16": {"f_0": 0.505859375, "f_1": 0.4677734375, "f_2": 0.330078125, "f_3": 0.3935546875, "f_4": 0.4765625, "f_5": 0.4033203125, "f_6": 0.5234375, "f_7": 0.3740234375, "f_8": 0.2890625, "f_9": 0.2421875}, "sample17": {"f_0": 0.509765625, "f_1": 0.484375, "f_2": 0.1943359375, "f_3": 0.173828125, "f_4": 0.2626953125, "f_5": 0.1689453125, "f_6": 0.3623046875, "f_7": 0.380859375, "f_8": 0.0615234375, "f_9": 0.3291015625}, "sample18": {"f_0": 0.4951171875, "f_1": 0.2890625, "f_2": 0.177734375, "f_3": 0.1337890625, "f_4": 0.107421875, "f_5": 0.150390625, "f_6": 0.34765625, "f_7": 0.50390625, "f_8": 0.56640625, "f_9": 0.72265625}, "sample19": {"f_0": 0.4833984375, "f_1": 0.568359375, "f_2": 0.408203125, "f_3": 0.4453125, "f_4": 0.1552734375, "f_5": 0.0478515625, "f_6": 0.03125, "f_7": 0.13671875, "f_8": 0.306640625, "f_9": 0.3193359375}, "sample20": {"f_0": 0.494140625, "f_1": 0.2109375, "f_2": 0.0712890625, "f_3": 0.1142578125, "f_4": 0.26171875, "f_5": 0.384765625, "f_6": 0.3203125, "f_7": 0.193359375, "f_8": 0.1591796875, "f_9": 0.1875}, "sample21": {"f_0": 0.5244140625, "f_1": 0.1474609375, "f_2": 0.1044921875, "f_3": 0.2060546875, "f_4": 0.0869140625, "f_5": 0.0498046875, "f_6": 0.2900390625, "f_7": 0.4052734375, "f_8": 0.2841796875, "f_9": 0.35546875}, "sample22": {"f_0": 0.5009765625, "f_1": 0.4658203125, "f_2": 0.21875, "f_3": 0.5185546875, "f_4": 0.2412109375, "f_5": 0.16015625, "f_6": 0.23046875, "f_7": 0.0439453125, "f_8": 0.12890625, "f_9": 0.09375}, "sample23": {"f_0": 0.50390625, "f_1": 0.666015625, "f_2": 0.7314453125, "f_3": 0.8037109375, "f_4": 0.8046875, "f_5": 0.771484375, "f_6": 0.6044921875, "f_7": 0.4296875, "f_8": 0.2900390625, "f_9": 0.166015625}, "sample24": {"f_0": 0.5087890625, "f_1": 0.291015625, "f_2": 0.2685546875, "f_3": 0.7607421875, "f_4": 0.4228515625, "f_5": 0.404296875, "f_6": 0.390625, "f_7": 0.4248046875, "f_8": 0.6083984375, "f_9": 0.1591796875}, "sample25": {"f_0": 0.50390625, "f_1": 0.4638671875, "f_2": 0.2890625, "f_3": 0.24609375, "f_4": 0.3583984375, "f_5": 0.541015625, "f_6": 0.6123046875, "f_7": 0.55859375, "f_8": 0.58984375, "f_9": 0.58984375}, "sample26": {"f_0": 0.4912109375, "f_1": 0.248046875, "f_2": 0.08984375, "f_3": 0.0380859375, "f_4": 0.0458984375, "f_5": 0.1689453125, "f_6": 0.3955078125, "f_7": 0.5048828125, "f_8": 0.578125, "f_9": 0.671875}, "sample27": {"f_0": 0.4873046875, "f_1": 0.671875, "f_2": 0.291015625, "f_3": 0.111328125, "f_4": 0.474609375, "f_5": 0.5830078125, "f_6": 0.3212890625, "f_7": 0.263671875, "f_8": 0.2666015625, "f_9": 0.224609375}, "sample28": {"f_0": 0.5234375, "f_1": 0.373046875, "f_2": 0.302734375, "f_3": 0.373046875, "f_4": 0.3095703125, "f_5": 0.2568359375, "f_6": 0.1845703125, "f_7": 0.2529296875, "f_8": 0.38671875, "f_9": 0.2763671875}, "sample29": {"f_0": 0.474609375, "f_1": 0.5380859375, "f_2": 0.5556640625, "f_3": 0.6083984375, "f_4": 0.65234375, "f_5": 0.6474609375, "f_6": 0.6884765625, "f_7": 0.7412109375, "f_8": 0.734375, "f_9": 0.732421875}, "sample30": {"f_0": 0.505859375, "f_1": 0.6494140625, "f_2": 0.2470703125, "f_3": 0.0966796875, "f_4": 0.5048828125, "f_5": 0.6875, "f_6": 0.31640625, "f_7": 0.2119140625, "f_8": 0.5048828125, "f_9": 0.486328125}, "sample31": {"f_0": 0.525390625, "f_1": 0.447265625, "f_2": 0.3232421875, "f_3": 0.2099609375, "f_4": 0.1845703125, "f_5": 0.205078125, "f_6": 0.2958984375, "f_7": 0.3798828125, "f_8": 0.40234375, "f_9": 0.3994140625}, "sample32": {"f_0": 0.48828125, "f_1": 0.6513671875, "f_2": 0.5546875, "f_3": 0.2392578125, "f_4": 0.076171875, "f_5": 0.2109375, "f_6": 0.6591796875, "f_7": 0.5859375, "f_8": 0.4228515625, "f_9": 0.0732421875}, "sample33": {"f_0": 0.513671875, "f_1": 0.080078125, "f_2": 0.09375, "f_3": 0.59375, "f_4": 0.5244140625, "f_5": 0.1943359375, "f_6": 0.1123046875, "f_7": 0.2998046875, "f_8": 0.49609375, "f_9": 0.3408203125}, "sample34": {"f_0": 0.4970703125, "f_1": 0.37109375, "f_2": 0.3505859375, "f_3": 0.16796875, "f_4": 0.1220703125, "f_5": 0.08203125, "f_6": 0.150390625, "f_7": 0.33203125, "f_8": 0.275390625, "f_9": 0.2783203125}, "sample35": {"f_0": 0.5068359375, "f_1": 0.4033203125, "f_2": 0.244140625, "f_3": 0.205078125, "f_4": 0.2744140625, "f_5": 0.5224609375, "f_6": 0.640625, "f_7": 0.443359375, "f_8": 0.2060546875, "f_9": 0.1474609375}, "sample36": {"f_0": 0.521484375, "f_1": 0.6455078125, "f_2": 0.201171875, "f_3": 0.1962890625, "f_4": 0.6982421875, "f_5": 0.494140625, "f_6": 0.1103515625, "f_7": 0.435546875, "f_8": 0.669921875, "f_9": 0.2744140625}, "sample37": {"f_0": 0.482421875, "f_1": 0.5458984375, "f_2": 0.3271484375,