{"sample0": {"f_0": 0.5068359375, "f_1": 0.49609375, "f_2": 0.18359375, "f_3": 0.134765625, "f_4": 0.1904296875, "f_5": 0.263671875, "f_6": 0.11328125, "f_7": 0.169921875, "f_8": 0.119140625, "f_9": 0.1669921875}, "sample1": {"f_0": 0.4970703125, "f_1": 0.4345703125, "f_2": 0.12890625, "f_3": 0.298828125, "f_4": 0.2294921875, "f_5": 0.185546875, "f_6": 0.103515625, "f_7": 0.2626953125, "f_8": 0.0986328125, "f_9": 0.1611328125}, "sample2": {"f_0": 0.5048828125, "f_1": 0.2265625, "f_2": 0.150390625, "f_3": 0.234375, "f_4": 0.1806640625, "f_5": 0.1220703125, "f_6": 0.126953125, "f_7": 0.1845703125, "f_8": 0.134765625, "f_9": 0.119140625}, "sample3": {"f_0": 0.4951171875, "f_1": 0.44921875, "f_2": 0.099609375, "f_3": 0.1484375, "f_4": 0.275390625, "f_5": 0.2265625, "f_6": 0.1103515625, "f_7": 0.171875, "f_8": 0.1845703125, "f_9": 0.134765625}, "sample4": {"f_0": 0.5244140625, "f_1": 0.4501953125, "f_2": 0.384765625, "f_3": 0.4033203125, "f_4": 0.306640625, "f_5": 0.279296875, "f_6": 0.2138671875, "f_7": 0.1513671875, "f_8": 0.1455078125, "f_9": 0.1484375}, "sample5": {"f_0": 0.458984375, "f_1": 0.1015625, "f_2": 0.2080078125, "f_3": 0.2900390625, "f_4": 0.162109375, "f_5": 0.2900390625, "f_6": 0.2001953125, "f_7": 0.126953125, "f_8": 0.1494140625, "f_9": 0.2412109375}, "sample6": {"f_0": 0.4775390625, "f_1": 0.5283203125, "f_2": 0.265625, "f_3": 0.1318359375, "f_4": 0.173828125, "f_5": 0.2822265625, "f_6": 0.189453125, "f_7": 0.2021484375, "f_8": 0.0947265625, "f_9": 0.1416015625}, "sample7": {"f_0": 0.4892578125, "f_1": 0.4072265625, "f_2": 0.298828125, "f_3": 0.244140625, "f_4": 0.12109375, "f_5": 0.15234375, "f_6": 0.09765625, "f_7": 0.1337890625, "f_8": 0.20703125, "f_9": 0.22265625}, "sample8": {"f_0": 0.4658203125, "f_1": 0.5068359375, "f_2": 0.423828125, "f_3": 0.2158203125, "f_4": 0.1142578125, "f_5": 0.140625, "f_6": 0.228515625, "f_7": 0.228515625, "f_8": 0.1767578125, "f_9": 0.11328125}, "sample9": {"f_0": 0.4970703125, "f_1": 0.2158203125, "f_2": 0.2490234375, "f_3": 0.158203125, "f_4": 0.25, "f_5": 0.185546875, "f_6": 0.2080078125, "f_7": 0.126953125, "f_8": 0.1953125, "f_9": 0.1494140625}, "sample10": {"f_0": 0.50390625, "f_1": 0.3828125, "f_2": 0.298828125, "f_3": 0.26171875, "f_4": 0.2236328125, "f_5": 0.2265625, "f_6": 0.2236328125, "f_7": 0.2060546875, "f_8": 0.197265625, "f_9": 0.169921875}, "sample11": {"f_0": 0.4912109375, "f_1": 0.091796875, "f_2": 0.16796875, "f_3": 0.2138671875, "f_4": 0.1083984375, "f_5": 0.17578125, "f_6": 0.1513671875, "f_7": 0.173828125, "f_8": 0.2197265625, "f_9": 0.1376953125}, "sample12": {"f_0": 0.4833984375, "f_1": 0.08203125, "f_2": 0.201171875, "f_3": 0.27734375, "f_4": 0.2724609375, "f_5": 0.1259765625, "f_6": 0.15625, "f_7": 0.1240234375, "f_8": 0.1396484375, "f_9": 0.1474609375}, "sample13": {"f_0": 0.5, "f_1": 0.56640625, "f_2": 0.169921875, "f_3": 0.1767578125, "f_4": 0.169921875, "f_5": 0.15625, "f_6": 0.1640625, "f_7": 0.0869140625, "f_8": 0.166015625, "f_9": 0.2041015625}, "sample14": {"f_0": 0.5224609375, "f_1": 0.544921875, "f_2": 0.1748046875, "f_3": 0.1630859375, "f_4": 0.142578125, "f_5": 0.1845703125, "f_6": 0.255859375, "f_7": 0.1015625, "f_8": 0.1826171875, "f_9": 0.1845703125}, "sample15": {"f_0": 0.49609375, "f_1": 0.423828125, "f_2": 0.271484375, "f_3": 0.25, "f_4": 0.236328125, "f_5": 0.2900390625, "f_6": 0.185546875, "f_7": 0.15234375, "f_8": 0.1259765625, "f_9": 0.12890625}, "sample16": {"f_0": 0.5087890625, "f_1": 0.248046875, "f_2": 0.2548828125, "f_3": 0.1337890625, "f_4": 0.1279296875, "f_5": 0.14453125, "f_6": 0.119140625, "f_7": 0.12890625, "f_8": 0.1533203125, "f_9": 0.1357421875}, "sample17": {"f_0": 0.478515625, "f_1": 0.1142578125, "f_2": 0.2939453125, "f_3": 0.279296875, "f_4": 0.1953125, "f_5": 0.232421875, "f_6": 0.1162109375, "f_7": 0.1259765625, "f_8": 0.228515625, "f_9": 0.1650390625}, "sample18": {"f_0": 0.4970703125, "f_1": 0.5244140625, "f_2": 0.396484375, "f_3": 0.3388671875, "f_4": 0.275390625, "f_5": 0.23046875, "f_6": 0.1455078125, "f_7": 0.09765625, "f_8": 0.10546875, "f_9": 0.09765625}, "sample19": {"f_0": 0.501953125, "f_1": 0.17578125, "f_2": 0.1875, "f_3": 0.12890625, "f_4": 0.2939453125, "f_5": 0.3251953125, "f_6": 0.2958984375, "f_7": 0.2822265625, "f_8": 0.1767578125, "f_9": 0.13671875}, "sample20": {"f_0": 0.4990234375, "f_1": 0.5703125, "f_2": 0.4951171875, "f_3": 0.287109375, "f_4": 0.166015625, "f_5": 0.1376953125, "f_6": 0.1689453125, "f_7": 0.1640625, "f_8": 0.1806640625, "f_9": 0.1416015625}, "sample21": {"f_0": 0.4912109375, "f_1": 0.5791015625, "f_2": 0.333984375, "f_3": 0.2802734375, "f_4": 0.3193359375, "f_5": 0.3193359375, "f_6": 0.16015625, "f_7": 0.119140625, "f_8": 0.13671875, "f_9": 0.099609375}, "sample22": {"f_0": 0.4658203125, "f_1": 0.140625, "f_2": 0.34765625, "f_3": 0.140625, "f_4": 0.19140625, "f_5": 0.2275390625, "f_6": 0.193359375, "f_7": 0.294921875, "f_8": 0.2099609375, "f_9": 0.1982421875}, "sample23": {"f_0": 0.4873046875, "f_1": 0.279296875, "f_2": 0.1650390625, "f_3": 0.1201171875, "f_4": 0.095703125, "f_5": 0.1103515625, "f_6": 0.15234375, "f_7": 0.177734375, "f_8": 0.169921875, "f_9": 0.189453125}, "sample24": {"f_0": 0.4794921875, "f_1": 0.2509765625, "f_2": 0.228515625, "f_3": 0.080078125, "f_4": 0.1474609375, "f_5": 0.158203125, "f_6": 0.14453125, "f_7": 0.1064453125, "f_8": 0.091796875, "f_9": 0.166015625}, "sample25": {"f_0": 0.4697265625, "f_1": 0.3017578125, "f_2": 0.2509765625, "f_3": 0.2314453125, "f_4": 0.1455078125, "f_5": 0.0947265625, "f_6": 0.0986328125, "f_7": 0.0947265625, "f_8": 0.1083984375, "f_9": 0.1064453125}, "sample26": {"f_0": 0.4921875, "f_1": 0.5869140625, "f_2": 0.4970703125, "f_3": 0.443359375, "f_4": 0.373046875, "f_5": 0.24609375, "f_6": 0.1396484375, "f_7": 0.1064453125, "f_8": 0.1123046875, "f_9": 0.103515625}, "sample27": {"f_0": 0.4765625, "f_1": 0.0947265625, "f_2": 0.201171875, "f_3": 0.3193359375, "f_4": 0.20703125, "f_5": 0.11328125, "f_6": 0.1455078125, "f_7": 0.13671875, "f_8": 0.1181640625, "f_9": 0.1572265625}, "sample28": {"f_0": 0.4990234375, "f_1": 0.23046875, "f_2": 0.1953125, "f_3": 0.17578125, "f_4": 0.1904296875, "f_5": 0.2060546875, "f_6": 0.1953125, "f_7": 0.2080078125, "f_8": 0.19921875, "f_9": 0.1396484375}, "sample29": {"f_0": 0.4921875, "f_1": 0.3837890625, "f_2": 0.32421875, "f_3": 0.2724609375, "f_4": 0.244140625, "f_5": 0.205078125, "f_6": 0.173828125, "f_7": 0.1630859375, "f_8": 0.1640625, "f_9": 0.1376953125}, "sample30": {"f_0": 0.4765625, "f_1": 0.1005859375, "f_2": 0.279296875, "f_3": 0.3837890625, "f_4": 0.2158203125, "f_5": 0.078125, "f_6": 0.15625, "f_7": 0.1796875, "f_8": 0.119140625, "f_9": 0.1083984375}, "sample31": {"f_0": 0.5283203125, "f_1": 0.4130859375, "f_2": 0.341796875, "f_3": 0.291015625, "f_4": 0.2568359375, "f_5": 0.20703125, "f_6": 0.1337890625, "f_7": 0.1103515625, "f_8": 0.1298828125, "f_9": 0.1162109375}, "sample32": {"f_0": 0.51171875, "f_1": 0.09375, "f_2": 0.0888671875, "f_3": 0.2998046875, "f_4": 0.314453125, "f_5": 0.298828125, "f_6": 0.1494140625, "f_7": 0.1044921875, "f_8": 0.154296875, "f_9": 0.1845703125}, "sample33": {"f_0": 0.4775390625, "f_1": 0.4580078125, "f_2": 0.369140625, "f_3": 0.087890625, "f_4": 0.1591796875, "f_5": 0.27734375, "f_6": 0.2236328125, "f_7": 0.1611328125, "f_8": 0.1162109375, "f_9": 0.12109375}, "sample34": {"f_0": 0.4814453125, "f_1": 0.326171875, "f_2": 0.21875, "f_3": 0.275390625, "f_4": 0.2744140625, "f_5": 0.2607421875, "f_6": 0.22265625, "f_7": 0.1962890625, "f_8": 0.1767578125, "f_9": 0.130859375}, "sample35": {"f_0": 0.4716796875, "f_1": 0.3349609375, "f_2": 0.23828125, "f_3": 0.1962890625, "f_4": 0.18359375, "f_5": 0.205078125, "f_6": 0.197265625, "f_7": 0.1650390625, "f_8": 0.1650390625, "f_9": 0.1552734375}, "sample36": {"f_0": 0.5009765625, "f_1": 0.0810546875, "f_2": 0.2890625, "f_3": 0.3984375, "f_4": 0.1865234375, "f_5": 0.1240234375, "f_6": 0.240234375, "f_7": 0.1904296875, "f_8": 0.12109375, "f_9": 0.1318359375}, "sample37": {"f_0": 0.515625, "f_1": 0.236328125, "f_2": 0.189453125,