{"sample0": {"f_0": 5.004680467665246e-34, "f_1": 0.0012321766515673224, "f_2": 0.016552407702911647, "f_3": 0.06416542881495169, "f_4": 0.14119514059829744, "f_5": 0.22000653475944437, "f_6": 0.27047857221698685, "f_7": 0.28206698998152613, "f_8": 0.2667880556208205, "f_9": 0.2459953177462972, "f_10": 0.23430632336963103, "f_11": 0.2318360843208087}, "sample1": {"f_0": 5.004680467665246e-34, "f_1": 0.032489157813330144, "f_2": 0.1124151984575696, "f_3": 0.19944567504618946, "f_4": 0.2551596112734763, "f_5": 0.25999528518567677, "f_6": 0.21725484616975357, "f_7": 0.15036279336292216, "f_8": 0.0948463501774659, "f_9": 0.08339703156995561, "f_10": 0.1307343517196798, "f_11": 0.22880757397796436}, "sample2": {"f_0": 5.004680467665246e-34, "f_1": 0.025661073947834945, "f_2": 0.09149258397285687, "f_3": 0.17266682392081492, "f_4": 0.24750726216743751, "f_5": 0.3065785085625359, "f_6": 0.3492939584960202, "f_7": 0.37642282559351004, "f_8": 0.387405521725872, "f_9": 0.38293281314639527, "f_10": 0.36743370920147667, "f_11": 0.34778465950960546}, "sample3": {"f_0": 5.004680467665246e-34, "f_1": 0.002599307562100688, "f_2": 0.030215437878594337, "f_3": 0.09551869110100361, "f_4": 0.1639215831952396, "f_5": 0.20292891656734854, "f_6": 0.22116276705516577, "f_7": 0.23889896437559688, "f_8": 0.26453175351982117, "f_9": 0.30195385586198975, "f_10": 0.34565492591358216, "f_11": 0.37391409617060545}, "sample4": {"f_0": 5.004680467665246e-34, "f_1": 0.003957435413132244, "f_2": 0.017127642162162785, "f_3": 0.0415757813195496, "f_4": 0.0769595732181283, "f_5": 0.11978065298487149, "f_6": 0.16544609812521263, "f_7": 0.21025134082880031, "f_8": 0.25127520702547024, "f_9": 0.2852842413075557, "f_10": 0.30879877721144017, "f_11": 0.319578326261734}, "sample5": {"f_0": 5.004680467665246e-34, "f_1": 0.033552082682241996, "f_2": 0.11186184197200039, "f_3": 0.1838701675593557, "f_4": 0.2076435318094175, "f_5": 0.18280708638557924, "f_6": 0.15157004905614993, "f_7": 0.1668511099863659, "f_8": 0.25054981758263056, "f_9": 0.3724409239890343, "f_10": 0.467496809669119, "f_11": 0.4806728500669591}, "sample6": {"f_0": 5.004680467665246e-34, "f_1": 0.10881551718933995, "f_2": 0.2630507885499557, "f_3": 0.28275915964855586, "f_4": 0.2318201498953959, "f_5": 0.1741936127107602, "f_6": 0.16287254736353288, "f_7": 0.2971906529401453, "f_8": 0.4687405465398996, "f_9": 0.46405489082520607, "f_10": 0.34515337817064784, "f_11": 0.27758736228824316}, "sample7": {"f_0": 5.004680467665246e-34, "f_1": 0.0039502127172461494, "f_2": 0.02646407504164401, "f_3": 0.0760704703545449, "f_4": 0.134828001929035, "f_5": 0.17915467596799237, "f_6": 0.20738028926227142, "f_7": 0.23215926217912025, "f_8": 0.2588623853854302, "f_9": 0.2809500406612131, "f_10": 0.28901442421757445, "f_11": 0.2790068245263051}, "sample8": {"f_0": 5.004680467665246e-34, "f_1": 0.046024953979553786, "f_2": 0.16047988993355566, "f_3": 0.2870337044728007, "f_4": 0.3676033766341207, "f_5": 0.36852568086918114, "f_6": 0.2934682614304969, "f_7": 0.18211882171683869, "f_8": 0.09152442529924307, "f_9": 0.0655382447848711, "f_10": 0.11319528608255353, "f_11": 0.2115192316531902}, "sample9": {"f_0": 5.004680467665246e-34, "f_1": 0.00014712854808149355, "f_2": 0.0013293673191543116, "f_3": 0.005114687849137273, "f_4": 0.012553771153341392, "f_5": 0.023327267488673753, "f_6": 0.03596590590768578, "f_7": 0.048780367146119614, "f_8": 0.06075397081760856, "f_9": 0.07192186600713976, "f_10": 0.08321310679373448, "f_11": 0.09597473005715437}, "sample10": {"f_0": 5.004680467665246e-34, "f_1": 0.017340681653596535, "f_2": 0.06351712773703132, "f_3": 0.1241402408059359, "f_4": 0.18397485606849395, "f_5": 0.23471727702675507, "f_6": 0.27807905462007493, "f_7": 0.32220522122636236, "f_8": 0.3736969351756625, "f_9": 0.43036393773017295, "f_10": 0.47952506285264346, "f_11": 0.5033336964802501}, "sample11": {"f_0": 5.004680467665246e-34, "f_1": 6.1157790071784806e-06, "f_2": 6.944623094000555e-05, "f_3": 0.0002726693969079673, "f_4": 0.0006583393909100973, "f_5": 0.0012270555840105373, "f_6": 0.001974211638328452, "f_7": 0.002875528998533337, "f_8": 0.0038497494229161925, "f_9": 0.004803219124556847, "f_10": 0.005741908247509491, "f_11": 0.006795568866372417}, "sample12": {"f_0": 5.004680467665246e-34, "f_1": 0.0011257717843661365, "f_2": 0.00467047974838767, "f_3": 0.010950497355783484, "f_4": 0.02007312558452775, "f_5": 0.03179036668322778, "f_6": 0.04572562107974869, "f_7": 0.06174422236406517, "f_8": 0.08008399880973478, "f_9": 0.10109621410019942, "f_10": 0.12483811879531945, "f_11": 0.1509175119059106}, "sample13": {"f_0": 5.004680467665246e-34, "f_1": 0.007757509012908105, "f_2": 0.04427133350041462, "f_3": 0.11526288779412203, "f_4": 0.1875073141869854, "f_5": 0.22101055616339615, "f_6": 0.21160868334652597, "f_7": 0.18950827603016776, "f_8": 0.18665512818754376, "f_9": 0.2125750787629396, "f_10": 0.2561398036835134, "f_11": 0.29895690122826984}, "sample14": {"f_0": 5.004680467665246e-34, "f_1": 0.02769952598898617, "f_2": 0.10229692080667242, "f_3": 0.20202594702154023, "f_4": 0.30096606614744625, "f_5": 0.37844637272451936, "f_6": 0.42415234738125773, "f_7": 0.43793405183325845, "f_8": 0.42636188230579253, "f_9": 0.3985804601622053, "f_10": 0.3633813145233858, "f_11": 0.3283801021638513}, "sample15": {"f_0": 5.004680467665246e-34, "f_1": 0.06021520637442476, "f_2": 0.20637342707453468, "f_3": 0.35547730190112004, "f_4": 0.43074669894017187, "f_5": 0.41437427680853656, "f_6": 0.3488117402854072, "f_7": 0.2867898095592512, "f_8": 0.2442552198918564, "f_9": 0.20160146813517266, "f_10": 0.145083751464839, "f_11": 0.09918708009195448}, "sample16": {"f_0": 5.004680467665246e-34, "f_1": 0.05793362750683186, "f_2": 0.17499376430267155, "f_3": 0.2683657058655395, "f_4": 0.3267432316518898, "f_5": 0.36278867308912016, "f_6": 0.3586144113214913, "f_7": 0.3117584457887171, "f_8": 0.26466016687635424, "f_9": 0.24907668591688362, "f_10": 0.2496196017366271, "f_11": 0.24245917034334835}, "sample17": {"f_0": 5.004680467665246e-34, "f_1": 0.02813403608479843, "f_2": 0.103065522171496, "f_3": 0.19970334553889124, "f_4": 0.2873262911959886, "f_5": 0.34370355557670756, "f_6": 0.3658610519243377, "f_7": 0.3697187151181201, "f_8": 0.3781159785197495, "f_9": 0.40523271340330497, "f_10": 0.44735595308197385, "f_11": 0.48480246275125105}, "sample18": {"f_0": 5.004680467665246e-34, "f_1": 0.001265576367523065, "f_2": 0.009352466500800852, "f_3": 0.03218626779330427, "f_4": 0.07211685794910606, "f_5": 0.1223349909405334, "f_6": 0.17167038414083347, "f_7": 0.21187666885886353, "f_8": 0.2408612917627603, "f_9": 0.26088120036716106, "f_10": 0.27500240834013234, "f_11": 0.28486956327179025}, "sample19": {"f_0": 5.004680467665246e-34, "f_1": 0.013856280746567499, "f_2": 0.05345217867844829, "f_3": 0.10955220212465021, "f_4": 0.16386521895403702, "f_5": 0.19795793424899008, "f_6": 0.2056505766119916, "f_7": 0.1957962711228469, "f_8": 0.18419169668540492, "f_9": 0.18345556153353473, "f_10": 0.1975772831039487, "f_11": 0.2216666655816457}, "sample20": {"f_0": 5.004680467665246e-34, "f_1": 0.011423340876012787, "f_2": 0.04363155494812883, "f_3": 0.09136206537432352, "f_4": 0.14846784901868204, "f_5": 0.21033702356125047, "f_6": 0.27485051076350725, "f_7": 0.34119841253208316, "f_8": 0.40747968217135394, "f_9": 0.4689734744780278, "f_10": 0.5184935612552052, "f_11": 0.548799452563544}, "sample21": {"f_0": 5.004680467665246e-34, "f_1": 0.009198037597672893, "f_2": 0.03500354583878806, "f_3": 0.07089249784078173, "f_4": 0.10561998335405746, "f_5": 0.12808135650576447, "f_6": 0.13394550643511008, "f_7": 0.12850965267771128, "f_8": 0.12376143467450804, "f_9": 0.13183722466207468, "f_10": 0.15884057022062295, "f_11": 0.20204207643112154}, "sample22": {"f_0": 5.004680467665246e-34, "f_1": 0.02331330098211092, "f_2": 0.08193872986386656, "f_3": 0.1543037104731843, "f_4": 0.22850266764008031, "f_5": 0.30588681874407675, "f_6": 0.3880607287636566, "f_7": 0.4635326513488836,