{"sample0": {"f_0": 0.9999999999999996, "f_1": 0.9320807552811986, "f_2": 0.7617143512089796, "f_3": 0.562242529099487, "f_4": 0.39562674709037454, "f_5": 0.2860550562525342, "f_6": 0.2308192613028098, "f_7": 0.22265893994515096, "f_8": 0.25870332128856743, "f_9": 0.33361515186048624, "f_10": 0.4291607846877353, "f_11": 0.5129101458657543}, "sample1": {"f_0": 0.9999999999999996, "f_1": 0.9287548208779501, "f_2": 0.7477534984120002, "f_3": 0.5333581116347049, "f_4": 0.36150976719660044, "f_5": 0.2776424128533137, "f_6": 0.29026020163655286, "f_7": 0.3751823732990175, "f_8": 0.484553008250533, "f_9": 0.5650406067651109, "f_10": 0.5803352509738676, "f_11": 0.523032809119961}, "sample2": {"f_0": 0.9999999999999996, "f_1": 0.9484748611732726, "f_2": 0.8153325492880298, "f_3": 0.6489931207236332, "f_4": 0.4932986697997184, "f_5": 0.36888072193968247, "f_6": 0.2771045225639962, "f_7": 0.21342381400495206, "f_8": 0.17481597667942278, "f_9": 0.15861970083705926, "f_10": 0.15939691209661982, "f_11": 0.16931243061155488}, "sample3": {"f_0": 0.9999999999999996, "f_1": 0.9033764154130642, "f_2": 0.6859833424463985, "f_3": 0.4798975360385311, "f_4": 0.35429084566036084, "f_5": 0.3058269024806912, "f_6": 0.30118834693322194, "f_7": 0.29678863301283515, "f_8": 0.2639425991670622, "f_9": 0.21248893025416296, "f_10": 0.17044157536340834, "f_11": 0.15107381302000472}, "sample4": {"f_0": 0.9999999999999996, "f_1": 0.9729118694092487, "f_2": 0.8984053069847023, "f_3": 0.7928000095312326, "f_4": 0.6737880388282403, "f_5": 0.5547892150706004, "f_6": 0.44460617367996075, "f_7": 0.3496647291388192, "f_8": 0.27514978490307934, "f_9": 0.22430051584961044, "f_10": 0.19751093286529237, "f_11": 0.19243874760245597}, "sample5": {"f_0": 0.9999999999999996, "f_1": 0.9204897972082416, "f_2": 0.7257320534591617, "f_3": 0.5177644209468855, "f_4": 0.39109074721999904, "f_5": 0.37627233796016685, "f_6": 0.42845634309382563, "f_7": 0.4657720627315665, "f_8": 0.42865688678290886, "f_9": 0.3184080323568774, "f_10": 0.19174696671391186, "f_11": 0.11848933129533862}, "sample6": {"f_0": 0.9999999999999996, "f_1": 0.7760230931627087, "f_2": 0.40744569528139896, "f_3": 0.25896686402926883, "f_4": 0.2779264328826893, "f_5": 0.34830307989625736, "f_6": 0.41328017777452786, "f_7": 0.3371932538903337, "f_8": 0.159560312946683, "f_9": 0.10309096934559064, "f_10": 0.17322033686824442, "f_11": 0.22545220796123}, "sample7": {"f_0": 0.9999999999999996, "f_1": 0.9190649578327108, "f_2": 0.7294718634814399, "f_3": 0.5358406015745654, "f_4": 0.40341024718590734, "f_5": 0.33363632785233716, "f_6": 0.29807661237350164, "f_7": 0.27118444185161494, "f_8": 0.24328596108755607, "f_9": 0.22089581520071971, "f_10": 0.21656841806419513, "f_11": 0.234698690008449}, "sample8": {"f_0": 0.9999999999999996, "f_1": 0.8995822115656581, "f_2": 0.6512965257907507, "f_3": 0.37712423629985203, "f_4": 0.19299749368128213, "f_5": 0.1548134876844473, "f_6": 0.245716872204061, "f_7": 0.3948719092369024, "f_8": 0.5171503805755018, "f_9": 0.5566204728285632, "f_10": 0.5071817906671168, "f_11": 0.4000500863897862}, "sample9": {"f_0": 0.9999999999999996, "f_1": 0.9824041402068525, "f_2": 0.9338256581758533, "f_3": 0.8650928089465918, "f_4": 0.7893828714582581, "f_5": 0.7178735065351829, "f_6": 0.6571557975554019, "f_7": 0.6088391573398837, "f_8": 0.570743517950011, "f_9": 0.5387748687398803, "f_10": 0.5087339037207308, "f_11": 0.47760057307392556}, "sample10": {"f_0": 0.9999999999999996, "f_1": 0.9612736418383073, "f_2": 0.857859252102483, "f_3": 0.721263917387058, "f_4": 0.585809816811043, "f_5": 0.4733855272407863, "f_6": 0.3871408414993305, "f_7": 0.3162969688554089, "f_8": 0.2479994513877296, "f_9": 0.17874720083265366, "f_10": 0.11864876291390325, "f_11": 0.08620713567335077}, "sample11": {"f_0": 0.9999999999999996, "f_1": 0.9962561442150808, "f_2": 0.9867627076541973, "f_3": 0.9751117613296982, "f_4": 0.9638532496850929, "f_5": 0.9535021443365388, "f_6": 0.943834675669674, "f_7": 0.9351582872232652, "f_8": 0.9278468397876486, "f_9": 0.9211237073932583, "f_10": 0.9131594327368001, "f_11": 0.9026927998524065}, "sample12": {"f_0": 0.9999999999999996, "f_1": 0.9958871177710683, "f_2": 0.984733318839599, "f_3": 0.9692555807769073, "f_4": 0.951862544218507, "f_5": 0.9332521316444835, "f_6": 0.9124529809961771, "f_7": 0.8881047717863482, "f_8": 0.8598285648010133, "f_9": 0.8286001375385514, "f_10": 0.7959715357275062, "f_11": 0.7629507041982303}, "sample13": {"f_0": 0.9999999999999996, "f_1": 0.9044122525251371, "f_2": 0.6831593255102464, "f_3": 0.46326544485082183, "f_4": 0.32629832839448975, "f_5": 0.2808203798868275, "f_6": 0.29283717241136153, "f_7": 0.31888881156701454, "f_8": 0.3257509119179247, "f_9": 0.299995048147609, "f_10": 0.2517845156279, "f_11": 0.20712981862477223}, "sample14": {"f_0": 0.9999999999999996, "f_1": 0.944536297571685, "f_2": 0.7974475377512241, "f_3": 0.6054809979839305, "f_4": 0.4187133110447164, "f_5": 0.2712927758091965, "f_6": 0.17614316188460213, "f_7": 0.1300598603639905, "f_8": 0.12158509640150227, "f_9": 0.13723561705288767, "f_10": 0.16492193830189258, "f_11": 0.19480036424050717}, "sample15": {"f_0": 0.9999999999999996, "f_1": 0.8788475995368278, "f_2": 0.5926375089666507, "f_3": 0.30683502376445526, "f_4": 0.14667332269744515, "f_5": 0.12705387833824652, "f_6": 0.18143571778517645, "f_7": 0.24019519503492412, "f_8": 0.2840499399939706, "f_9": 0.33470752192173037, "f_10": 0.40593102234965883, "f_11": 0.47007896200661403}, "sample16": {"f_0": 0.9999999999999996, "f_1": 0.8810489621038923, "f_2": 0.631148666892036, "f_3": 0.4190870423114193, "f_4": 0.2867748418750758, "f_5": 0.20246971140121184, "f_6": 0.17005280475958848, "f_7": 0.19529657019930813, "f_8": 0.2357575451824214, "f_9": 0.251158882442244, "f_10": 0.2506035097885174, "f_11": 0.2576760879729807}, "sample17": {"f_0": 0.9999999999999996, "f_1": 0.9433002724846461, "f_2": 0.7938530805521642, "f_3": 0.6025314187853446, "f_4": 0.42490116060551425, "f_5": 0.29742042132501356, "f_6": 0.22716135462973167, "f_7": 0.19674602376911102, "f_8": 0.17911875364843274, "f_9": 0.1543071798793463, "f_10": 0.1203384986545197, "f_11": 0.09294554064035714}, "sample18": {"f_0": 0.9999999999999996, "f_1": 0.9571823464095609, "f_2": 0.8435727058028818, "f_3": 0.6948448136963051, "f_4": 0.5484530016348442, "f_5": 0.42882333765565345, "f_6": 0.34415786835099443, "f_7": 0.29142808980347995, "f_8": 0.26262439373470453, "f_9": 0.24883330663761813, "f_10": 0.2424803141236913, "f_11": 0.23867811281536933}, "sample19": {"f_0": 0.9999999999999996, "f_1": 0.9409357835713668, "f_2": 0.7896031104147938, "f_3": 0.6061443433676581, "f_4": 0.44932006484264714, "f_5": 0.35132658446424503, "f_6": 0.3134566523968946, "f_7": 0.3151274358676906, "f_8": 0.3277821337585134, "f_9": 0.3289517026232969, "f_10": 0.3113603054138033, "f_11": 0.28252065930176523}, "sample20": {"f_0": 0.9999999999999996, "f_1": 0.9771492475279552, "f_2": 0.9138617619858053, "f_3": 0.8233052935499995, "f_4": 0.7204134485629871, "f_5": 0.6160917209836171, "f_6": 0.5149423207238185, "f_7": 0.417145983658793, "f_8": 0.32262066214263835, "f_9": 0.2344420216870908, "f_10": 0.1592607647570172, "f_11": 0.10462031563689161}, "sample21": {"f_0": 0.9999999999999996, "f_1": 0.9573671178064872, "f_2": 0.8454324012541552, "f_3": 0.7030940529124156, "f_4": 0.5727639250660713, "f_5": 0.4836564578528506, "f_6": 0.44411384359393385, "f_7": 0.4427428677419149, "f_8": 0.4560421809461172, "f_9": 0.45932615299245944, "f_10": 0.43692698589708917, "f_11": 0.3876535741013375}, "sample22": {"f_0": 0.9999999999999996, "f_1": 0.9527111006138126, "f_2": 0.8349866390757013, "f_3": 0.6950910266544723, "f_4": 0.5646812182582581, "f_5": 0.44622452764407566, "f_6": 0.3307131523770543, "f_7": 0.22103804366951071, "f_8": 0.13627211790975605, "f_9": 0.092775446697173, "f_10": 0.0883849537163168, "f_11": 0.10866855453049117}, "sample23": {"f_0": 0.9999999999999996, "f_1": 0.9328953667954736, "f_2": 0.7562874873329063, "f_3": 0.5311287291608302,