{
    "sample0": {
        "f_0": 1.0,
        "f_1": 0.6513671875,
        "f_2": 0.2392578125,
        "f_3": 0.2490234375,
        "f_4": 0.2802734375,
        "f_5": 0.244140625,
        "f_6": 0.51171875,
        "f_7": 0.81640625,
        "f_8": 0.6142578125
    },
    "sample1": {
        "f_0": 1.0,
        "f_1": 0.6064453125,
        "f_2": 0.146484375,
        "f_3": 0.193359375,
        "f_4": 0.453125,
        "f_5": 0.4580078125,
        "f_6": 0.3662109375,
        "f_7": 0.310546875,
        "f_8": 0.2841796875
    },
    "sample2": {
        "f_0": 1.0,
        "f_1": 0.8310546875,
        "f_2": 0.490234375,
        "f_3": 0.2802734375,
        "f_4": 0.291015625,
        "f_5": 0.419921875,
        "f_6": 0.5576171875,
        "f_7": 0.4951171875,
        "f_8": 0.2998046875
    },
    "sample3": {
        "f_0": 1.0,
        "f_1": 0.7802734375,
        "f_2": 0.359375,
        "f_3": 0.18359375,
        "f_4": 0.4052734375,
        "f_5": 0.6650390625,
        "f_6": 0.748046875,
        "f_7": 0.4931640625,
        "f_8": 0.2412109375
    },
    "sample4": {
        "f_0": 1.0,
        "f_1": 0.974609375,
        "f_2": 0.9189453125,
        "f_3": 0.83203125,
        "f_4": 0.779296875,
        "f_5": 0.69921875,
        "f_6": 0.66796875,
        "f_7": 0.5478515625,
        "f_8": 0.4111328125
    },
    "sample5": {
        "f_0": 1.0,
        "f_1": 0.607421875,
        "f_2": 0.1904296875,
        "f_3": 0.30859375,
        "f_4": 0.2783203125,
        "f_5": 0.3203125,
        "f_6": 0.5830078125,
        "f_7": 0.447265625,
        "f_8": 0.208984375
    },
    "sample6": {
        "f_0": 1.0,
        "f_1": 0.7158203125,
        "f_2": 0.306640625,
        "f_3": 0.234375,
        "f_4": 0.21484375,
        "f_5": 0.162109375,
        "f_6": 0.3759765625,
        "f_7": 0.72265625,
        "f_8": 0.642578125
    },
    "sample7": {
        "f_0": 1.0,
        "f_1": 0.8251953125,
        "f_2": 0.58203125,
        "f_3": 0.46875,
        "f_4": 0.380859375,
        "f_5": 0.138671875,
        "f_6": 0.0888671875,
        "f_7": 0.2109375,
        "f_8": 0.24609375
    },
    "sample8": {
        "f_0": 1.0,
        "f_1": 0.9072265625,
        "f_2": 0.6669921875,
        "f_3": 0.392578125,
        "f_4": 0.1865234375,
        "f_5": 0.1064453125,
        "f_6": 0.1904296875,
        "f_7": 0.3828125,
        "f_8": 0.6162109375
    },
    "sample9": {
        "f_0": 1.0,
        "f_1": 0.765625,
        "f_2": 0.46484375,
        "f_3": 0.41015625,
        "f_4": 0.4189453125,
        "f_5": 0.2275390625,
        "f_6": 0.0634765625,
        "f_7": 0.1064453125,
        "f_8": 0.17578125
    },
    "sample10": {
        "f_0": 1.0,
        "f_1": 0.91796875,
        "f_2": 0.740234375,
        "f_3": 0.666015625,
        "f_4": 0.5927734375,
        "f_5": 0.4296875,
        "f_6": 0.2734375,
        "f_7": 0.234375,
        "f_8": 0.2216796875
    },
    "sample11": {
        "f_0": 1.0,
        "f_1": 0.8203125,
        "f_2": 0.4609375,
        "f_3": 0.255859375,
        "f_4": 0.322265625,
        "f_5": 0.42578125,
        "f_6": 0.4111328125,
        "f_7": 0.2744140625,
        "f_8": 0.2021484375
    },
    "sample12": {
        "f_0": 1.0,
        "f_1": 0.654296875,
        "f_2": 0.25,
        "f_3": 0.244140625,
        "f_4": 0.25,
        "f_5": 0.2470703125,
        "f_6": 0.5751953125,
        "f_7": 0.8037109375,
        "f_8": 0.486328125
    },
    "sample13": {
        "f_0": 1.0,
        "f_1": 0.783203125,
        "f_2": 0.36328125,
        "f_3": 0.20703125,
        "f_4": 0.32421875,
        "f_5": 0.40625,
        "f_6": 0.3271484375,
        "f_7": 0.2861328125,
        "f_8": 0.33984375
    },
    "sample14": {
        "f_0": 1.0,
        "f_1": 0.751953125,
        "f_2": 0.318359375,
        "f_3": 0.154296875,
        "f_4": 0.2578125,
        "f_5": 0.2890625,
        "f_6": 0.2783203125,
        "f_7": 0.287109375,
        "f_8": 0.3974609375
    },
    "sample15": {
        "f_0": 1.0,
        "f_1": 0.876953125,
        "f_2": 0.580078125,
        "f_3": 0.3564453125,
        "f_4": 0.23046875,
        "f_5": 0.22265625,
        "f_6": 0.3291015625,
        "f_7": 0.537109375,
        "f_8": 0.6181640625
    },
    "sample16": {
        "f_0": 1.0,
        "f_1": 0.87890625,
        "f_2": 0.66015625,
        "f_3": 0.5146484375,
        "f_4": 0.4736328125,
        "f_5": 0.431640625,
        "f_6": 0.2802734375,
        "f_7": 0.1552734375,
        "f_8": 0.123046875
    },
    "sample17": {
        "f_0": 1.0,
        "f_1": 0.736328125,
        "f_2": 0.28515625,
        "f_3": 0.1201171875,
        "f_4": 0.1884765625,
        "f_5": 0.3251953125,
        "f_6": 0.4609375,
        "f_7": 0.47265625,
        "f_8": 0.45703125
    },
    "sample18": {
        "f_0": 1.0,
        "f_1": 0.9482421875,
        "f_2": 0.8134765625,
        "f_3": 0.6865234375,
        "f_4": 0.55859375,
        "f_5": 0.5341796875,
        "f_6": 0.4677734375,
        "f_7": 0.384765625,
        "f_8": 0.2080078125
    },
    "sample19": {
        "f_0": 1.0,
        "f_1": 0.8193359375,
        "f_2": 0.5498046875,
        "f_3": 0.4033203125,
        "f_4": 0.478515625,
        "f_5": 0.3271484375,
        "f_6": 0.1318359375,
        "f_7": 0.203125,
        "f_8": 0.4658203125
    },
    "sample20": {
        "f_0": 1.0,
        "f_1": 0.9521484375,
        "f_2": 0.7890625,
        "f_3": 0.5908203125,
        "f_4": 0.4013671875,
        "f_5": 0.2275390625,
        "f_6": 0.2060546875,
        "f_7": 0.2392578125,
        "f_8": 0.3310546875
    },
    "sample21": {
        "f_0": 1.0,
        "f_1": 0.900390625,
        "f_2": 0.634765625,
        "f_3": 0.3798828125,
        "f_4": 0.3583984375,
        "f_5": 0.4345703125,
        "f_6": 0.5458984375,
        "f_7": 0.5263671875,
        "f_8": 0.3818359375
    },
    "sample22": {
        "f_0": 1.0,
        "f_1": 0.755859375,
        "f_2": 0.390625,
        "f_3": 0.416015625,
        "f_4": 0.705078125,
        "f_5": 0.6630859375,
        "f_6": 0.3076171875,
        "f_7": 0.1748046875,
        "f_8": 0.3759765625
    },
    "sample23": {
        "f_0": 1.0,
        "f_1": 0.9697265625,
        "f_2": 0.9140625,
        "f_3": 0.83203125,
        "f_4": 0.74609375,
        "f_5": 0.6748046875,
        "f_6": 0.5771484375,
        "f_7": 0.490234375,
        "f_8": 0.3642578125
    },
    "sample24": {
        "f_0": 1.0,
        "f_1": 0.7060546875,
        "f_2": 0.400390625,
        "f_3": 0.388671875,
        "f_4": 0.5107421875,
        "f_5": 0.599609375,
        "f_6": 0.453125,
        "f_7": 0.45703125,
        "f_8": 0.591796875
    },
    "sample25": {
        "f_0": 1.0,
        "f_1": 0.935546875,
        "f_2": 0.763671875,
        "f_3": 0.58984375,
        "f_4": 0.525390625,
        "f_5": 0.451171875,
        "f_6": 0.447265625,
        "f_7": 0.453125,
        "f_8": 0.40234375
    },
    "sample26": {
        "f_0": 1.0,
        "f_1": 0.9580078125,
        "f_2": 0.8349609375,
        "f_3": 0.6884765625,
        "f_4": 0.56640625,
        "f_5": 0.4365234375,
        "f_6": 0.3623046875,
        "f_7": 0.251953125,
        "f_8": 0.1279296875
    },
    "sample27": {
        "f_0": 1.0,
        "f_1": 0.8115234375,
        "f_2": 0.4111328125,
        "f_3": 0.1630859375,
        "f_4": 0.15234375,
        "f_5": 0.326171875,
        "f_6": 0.6044921875,
        "f_7": 0.7041015625,
        "f_8": 0.595703125
    },
    "sample28": {
        "f_0": 1.0,
        "f_1": 0.7509765625,
        "f_2": 0.4609375,
        "f_3": 0.44140625,
        "f_4": 0.333984375,
        "f_5": 0.12890625,
        "f_6": 0.068359375,
        "f_7": 0.1337890625,
        "f_8": 0.173828125
    },
    "sample29": {
        "f_0": 1.0,
        "f_1": 0.9990234375,
        "f_2": 0.9814453125,
        "f_3": 0.9873046875,
        "f_4": 0.982421875,
        "f_5": 0.96875,
        "f_6": 0.9501953125,
        "f_7": 0.92578125,