{
    "sample0": {
        "f_0": 0.5263671875,
        "f_1": 0.7236328125,
        "f_2": 0.4814453125,
        "f_3": 0.2265625,
        "f_4": 0.208984375,
        "f_5": 0.1181640625,
        "f_6": 0.0703125,
        "f_7": 0.30859375,
        "f_8": 0.541015625
    },
    "sample1": {
        "f_0": 0.498046875,
        "f_1": 0.6875,
        "f_2": 0.39453125,
        "f_3": 0.154296875,
        "f_4": 0.2236328125,
        "f_5": 0.4130859375,
        "f_6": 0.44140625,
        "f_7": 0.3662109375,
        "f_8": 0.279296875
    },
    "sample2": {
        "f_0": 0.5078125,
        "f_1": 0.3515625,
        "f_2": 0.1796875,
        "f_3": 0.1376953125,
        "f_4": 0.15625,
        "f_5": 0.1767578125,
        "f_6": 0.265625,
        "f_7": 0.2509765625,
        "f_8": 0.134765625
    },
    "sample3": {
        "f_0": 0.5146484375,
        "f_1": 0.6337890625,
        "f_2": 0.4638671875,
        "f_3": 0.189453125,
        "f_4": 0.0205078125,
        "f_5": 0.091796875,
        "f_6": 0.2705078125,
        "f_7": 0.4033203125,
        "f_8": 0.3984375
    },
    "sample4": {
        "f_0": 0.5185546875,
        "f_1": 0.5283203125,
        "f_2": 0.5751953125,
        "f_3": 0.5595703125,
        "f_4": 0.515625,
        "f_5": 0.5078125,
        "f_6": 0.5546875,
        "f_7": 0.5439453125,
        "f_8": 0.51953125
    },
    "sample5": {
        "f_0": 0.4990234375,
        "f_1": 0.0732421875,
        "f_2": 0.1708984375,
        "f_3": 0.330078125,
        "f_4": 0.2587890625,
        "f_5": 0.4296875,
        "f_6": 0.4443359375,
        "f_7": 0.189453125,
        "f_8": 0.3271484375
    },
    "sample6": {
        "f_0": 0.474609375,
        "f_1": 0.744140625,
        "f_2": 0.52734375,
        "f_3": 0.328125,
        "f_4": 0.3486328125,
        "f_5": 0.2265625,
        "f_6": 0.06640625,
        "f_7": 0.2548828125,
        "f_8": 0.513671875
    },
    "sample7": {
        "f_0": 0.50390625,
        "f_1": 0.5673828125,
        "f_2": 0.43359375,
        "f_3": 0.3583984375,
        "f_4": 0.4150390625,
        "f_5": 0.3349609375,
        "f_6": 0.1806640625,
        "f_7": 0.0947265625,
        "f_8": 0.0791015625
    },
    "sample8": {
        "f_0": 0.5234375,
        "f_1": 0.5751953125,
        "f_2": 0.6396484375,
        "f_3": 0.578125,
        "f_4": 0.4638671875,
        "f_5": 0.29296875,
        "f_6": 0.12890625,
        "f_7": 0.0556640625,
        "f_8": 0.072265625
    },
    "sample9": {
        "f_0": 0.48046875,
        "f_1": 0.240234375,
        "f_2": 0.2373046875,
        "f_3": 0.3154296875,
        "f_4": 0.2275390625,
        "f_5": 0.125,
        "f_6": 0.3291015625,
        "f_7": 0.4375,
        "f_8": 0.341796875
    },
    "sample10": {
        "f_0": 0.5146484375,
        "f_1": 0.501953125,
        "f_2": 0.41796875,
        "f_3": 0.3623046875,
        "f_4": 0.3466796875,
        "f_5": 0.4150390625,
        "f_6": 0.3837890625,
        "f_7": 0.3310546875,
        "f_8": 0.333984375
    },
    "sample11": {
        "f_0": 0.490234375,
        "f_1": 0.193359375,
        "f_2": 0.056640625,
        "f_3": 0.1494140625,
        "f_4": 0.3076171875,
        "f_5": 0.2724609375,
        "f_6": 0.1494140625,
        "f_7": 0.1279296875,
        "f_8": 0.1962890625
    },
    "sample12": {
        "f_0": 0.4736328125,
        "f_1": 0.109375,
        "f_2": 0.099609375,
        "f_3": 0.232421875,
        "f_4": 0.23046875,
        "f_5": 0.3994140625,
        "f_6": 0.626953125,
        "f_7": 0.384765625,
        "f_8": 0.1083984375
    },
    "sample13": {
        "f_0": 0.5361328125,
        "f_1": 0.7353515625,
        "f_2": 0.580078125,
        "f_3": 0.287109375,
        "f_4": 0.1865234375,
        "f_5": 0.248046875,
        "f_6": 0.3125,
        "f_7": 0.21875,
        "f_8": 0.1884765625
    },
    "sample14": {
        "f_0": 0.509765625,
        "f_1": 0.7294921875,
        "f_2": 0.583984375,
        "f_3": 0.3095703125,
        "f_4": 0.1513671875,
        "f_5": 0.1962890625,
        "f_6": 0.19921875,
        "f_7": 0.1630859375,
        "f_8": 0.21875
    },
    "sample15": {
        "f_0": 0.5126953125,
        "f_1": 0.4951171875,
        "f_2": 0.4248046875,
        "f_3": 0.359375,
        "f_4": 0.32421875,
        "f_5": 0.3427734375,
        "f_6": 0.3525390625,
        "f_7": 0.4775390625,
        "f_8": 0.576171875
    },
    "sample16": {
        "f_0": 0.47265625,
        "f_1": 0.3671875,
        "f_2": 0.287109375,
        "f_3": 0.302734375,
        "f_4": 0.265625,
        "f_5": 0.1455078125,
        "f_6": 0.0966796875,
        "f_7": 0.1474609375,
        "f_8": 0.220703125
    },
    "sample17": {
        "f_0": 0.51953125,
        "f_1": 0.2265625,
        "f_2": 0.1025390625,
        "f_3": 0.330078125,
        "f_4": 0.4521484375,
        "f_5": 0.3779296875,
        "f_6": 0.302734375,
        "f_7": 0.26171875,
        "f_8": 0.3984375
    },
    "sample18": {
        "f_0": 0.5263671875,
        "f_1": 0.6015625,
        "f_2": 0.603515625,
        "f_3": 0.544921875,
        "f_4": 0.5205078125,
        "f_5": 0.4970703125,
        "f_6": 0.4921875,
        "f_7": 0.5078125,
        "f_8": 0.447265625
    },
    "sample19": {
        "f_0": 0.5224609375,
        "f_1": 0.2666015625,
        "f_2": 0.1630859375,
        "f_3": 0.21484375,
        "f_4": 0.1845703125,
        "f_5": 0.1552734375,
        "f_6": 0.2490234375,
        "f_7": 0.5478515625,
        "f_8": 0.712890625
    },
    "sample20": {
        "f_0": 0.5263671875,
        "f_1": 0.6298828125,
        "f_2": 0.71484375,
        "f_3": 0.69140625,
        "f_4": 0.5908203125,
        "f_5": 0.455078125,
        "f_6": 0.3203125,
        "f_7": 0.20703125,
        "f_8": 0.166015625
    },
    "sample21": {
        "f_0": 0.4892578125,
        "f_1": 0.673828125,
        "f_2": 0.6796875,
        "f_3": 0.5263671875,
        "f_4": 0.3564453125,
        "f_5": 0.3251953125,
        "f_6": 0.443359375,
        "f_7": 0.6259765625,
        "f_8": 0.6875
    },
    "sample22": {
        "f_0": 0.5126953125,
        "f_1": 0.1953125,
        "f_2": 0.1572265625,
        "f_3": 0.375,
        "f_4": 0.4072265625,
        "f_5": 0.1796875,
        "f_6": 0.1025390625,
        "f_7": 0.3388671875,
        "f_8": 0.5234375
    },
    "sample23": {
        "f_0": 0.5009765625,
        "f_1": 0.3681640625,
        "f_2": 0.2763671875,
        "f_3": 0.1611328125,
        "f_4": 0.1318359375,
        "f_5": 0.0869140625,
        "f_6": 0.044921875,
        "f_7": 0.0166015625,
        "f_8": 0.015625
    },
    "sample24": {
        "f_0": 0.498046875,
        "f_1": 0.3232421875,
        "f_2": 0.3232421875,
        "f_3": 0.369140625,
        "f_4": 0.1865234375,
        "f_5": 0.060546875,
        "f_6": 0.0322265625,
        "f_7": 0.1845703125,
        "f_8": 0.333984375
    },
    "sample25": {
        "f_0": 0.5390625,
        "f_1": 0.4169921875,
        "f_2": 0.353515625,
        "f_3": 0.2919921875,
        "f_4": 0.3251953125,
        "f_5": 0.318359375,
        "f_6": 0.3076171875,
        "f_7": 0.2265625,
        "f_8": 0.109375
    },
    "sample26": {
        "f_0": 0.5107421875,
        "f_1": 0.6279296875,
        "f_2": 0.693359375,
        "f_3": 0.71484375,
        "f_4": 0.697265625,
        "f_5": 0.673828125,
        "f_6": 0.662109375,
        "f_7": 0.6240234375,
        "f_8": 0.513671875
    },
    "sample27": {
        "f_0": 0.5087890625,
        "f_1": 0.212890625,
        "f_2": 0.04296875,
        "f_3": 0.1328125,
        "f_4": 0.36328125,
        "f_5": 0.466796875,
        "f_6": 0.400390625,
        "f_7": 0.2333984375,
        "f_8": 0.1181640625
    },
    "sample28": {
        "f_0": 0.529296875,
        "f_1": 0.2724609375,
        "f_2": 0.23828125,
        "f_3": 0.3095703125,
        "f_4": 0.142578125,
        "f_5": 0.1669921875,
        "f_6": 0.3583984375,
        "f_7": 0.322265625,
        "f_8": 0.234375
    },