{"sample0": {"f_0": 1.0, "f_1": 0.6513671875, "f_2": 0.2470703125, "f_3": 0.20703125, "f_4": 0.263671875, "f_5": 0.23828125, "f_6": 0.501953125, "f_7": 0.80078125, "f_8": 0.56640625}, "sample1": {"f_0": 1.0, "f_1": 0.6279296875, "f_2": 0.1240234375, "f_3": 0.1767578125, "f_4": 0.419921875, "f_5": 0.48828125, "f_6": 0.3818359375, "f_7": 0.3076171875, "f_8": 0.2890625}, "sample2": {"f_0": 1.0, "f_1": 0.8017578125, "f_2": 0.4736328125, "f_3": 0.2783203125, "f_4": 0.2900390625, "f_5": 0.4208984375, "f_6": 0.55078125, "f_7": 0.5029296875, "f_8": 0.30078125}, "sample3": {"f_0": 1.0, "f_1": 0.765625, "f_2": 0.34375, "f_3": 0.19140625, "f_4": 0.345703125, "f_5": 0.6689453125, "f_6": 0.720703125, "f_7": 0.4912109375, "f_8": 0.2060546875}, "sample4": {"f_0": 1.0, "f_1": 0.9619140625, "f_2": 0.9150390625, "f_3": 0.8310546875, "f_4": 0.771484375, "f_5": 0.7109375, "f_6": 0.658203125, "f_7": 0.5244140625, "f_8": 0.44921875}, "sample5": {"f_0": 1.0, "f_1": 0.6220703125, "f_2": 0.1845703125, "f_3": 0.306640625, "f_4": 0.251953125, "f_5": 0.318359375, "f_6": 0.591796875, "f_7": 0.458984375, "f_8": 0.1845703125}, "sample6": {"f_0": 1.0, "f_1": 0.7080078125, "f_2": 0.31640625, "f_3": 0.23828125, "f_4": 0.2236328125, "f_5": 0.142578125, "f_6": 0.3876953125, "f_7": 0.716796875, "f_8": 0.6328125}, "sample7": {"f_0": 1.0, "f_1": 0.8115234375, "f_2": 0.6015625, "f_3": 0.46875, "f_4": 0.3837890625, "f_5": 0.1513671875, "f_6": 0.107421875, "f_7": 0.2119140625, "f_8": 0.2275390625}, "sample8": {"f_0": 1.0, "f_1": 0.90234375, "f_2": 0.650390625, "f_3": 0.3828125, "f_4": 0.18359375, "f_5": 0.1171875, "f_6": 0.1845703125, "f_7": 0.37890625, "f_8": 0.6474609375}, "sample9": {"f_0": 1.0, "f_1": 0.7724609375, "f_2": 0.4423828125, "f_3": 0.435546875, "f_4": 0.4267578125, "f_5": 0.2041015625, "f_6": 0.078125, "f_7": 0.11328125, "f_8": 0.1806640625}, "sample10": {"f_0": 1.0, "f_1": 0.912109375, "f_2": 0.7685546875, "f_3": 0.6552734375, "f_4": 0.5927734375, "f_5": 0.44140625, "f_6": 0.2880859375, "f_7": 0.2080078125, "f_8": 0.2451171875}, "sample11": {"f_0": 1.0, "f_1": 0.79296875, "f_2": 0.4384765625, "f_3": 0.2373046875, "f_4": 0.3115234375, "f_5": 0.427734375, "f_6": 0.443359375, "f_7": 0.2763671875, "f_8": 0.20703125}, "sample12": {"f_0": 1.0, "f_1": 0.666015625, "f_2": 0.2353515625, "f_3": 0.2275390625, "f_4": 0.248046875, "f_5": 0.2265625, "f_6": 0.5771484375, "f_7": 0.78125, "f_8": 0.498046875}, "sample13": {"f_0": 1.0, "f_1": 0.7822265625, "f_2": 0.34375, "f_3": 0.1865234375, "f_4": 0.30078125, "f_5": 0.4072265625, "f_6": 0.3251953125, "f_7": 0.2578125, "f_8": 0.3779296875}, "sample14": {"f_0": 1.0, "f_1": 0.7490234375, "f_2": 0.3125, "f_3": 0.1591796875, "f_4": 0.25390625, "f_5": 0.3134765625, "f_6": 0.26171875, "f_7": 0.3095703125, "f_8": 0.4345703125}, "sample15": {"f_0": 1.0, "f_1": 0.86328125, "f_2": 0.6015625, "f_3": 0.345703125, "f_4": 0.2177734375, "f_5": 0.244140625, "f_6": 0.314453125, "f_7": 0.5380859375, "f_8": 0.6494140625}, "sample16": {"f_0": 1.0, "f_1": 0.892578125, "f_2": 0.6533203125, "f_3": 0.5576171875, "f_4": 0.4912109375, "f_5": 0.4130859375, "f_6": 0.2900390625, "f_7": 0.142578125, "f_8": 0.125}, "sample17": {"f_0": 1.0, "f_1": 0.728515625, "f_2": 0.2822265625, "f_3": 0.13671875, "f_4": 0.1748046875, "f_5": 0.3046875, "f_6": 0.4462890625, "f_7": 0.47265625, "f_8": 0.48046875}, "sample18": {"f_0": 1.0, "f_1": 0.9521484375, "f_2": 0.8232421875, "f_3": 0.6865234375, "f_4": 0.5908203125, "f_5": 0.51953125, "f_6": 0.435546875, "f_7": 0.365234375, "f_8": 0.2451171875}, "sample19": {"f_0": 1.0, "f_1": 0.8076171875, "f_2": 0.52734375, "f_3": 0.4404296875, "f_4": 0.46875, "f_5": 0.31640625, "f_6": 0.134765625, "f_7": 0.19921875, "f_8": 0.4560546875}, "sample20": {"f_0": 1.0, "f_1": 0.9453125, "f_2": 0.7939453125, "f_3": 0.5732421875, "f_4": 0.4130859375, "f_5": 0.2431640625, "f_6": 0.201171875, "f_7": 0.2353515625, "f_8": 0.30859375}, "sample21": {"f_0": 1.0, "f_1": 0.9052734375, "f_2": 0.646484375, "f_3": 0.3984375, "f_4": 0.3515625, "f_5": 0.447265625, "f_6": 0.5126953125, "f_7": 0.513671875, "f_8": 0.37109375}, "sample22": {"f_0": 1.0, "f_1": 0.728515625, "f_2": 0.3984375, "f_3": 0.4384765625, "f_4": 0.71484375, "f_5": 0.6650390625, "f_6": 0.2578125, "f_7": 0.1689453125, "f_8": 0.373046875}, "sample23": {"f_0": 1.0, "f_1": 0.9775390625, "f_2": 0.908203125, "f_3": 0.8193359375, "f_4": 0.73828125, "f_5": 0.6650390625, "f_6": 0.5654296875, "f_7": 0.4541015625, "f_8": 0.359375}, "sample24": {"f_0": 1.0, "f_1": 0.7587890625, "f_2": 0.4287109375, "f_3": 0.359375, "f_4": 0.5048828125, "f_5": 0.6025390625, "f_6": 0.4716796875, "f_7": 0.470703125, "f_8": 0.6162109375}, "sample25": {"f_0": 1.0, "f_1": 0.921875, "f_2": 0.7509765625, "f_3": 0.595703125, "f_4": 0.4794921875, "f_5": 0.458984375, "f_6": 0.439453125, "f_7": 0.4287109375, "f_8": 0.412109375}, "sample26": {"f_0": 1.0, "f_1": 0.9658203125, "f_2": 0.8212890625, "f_3": 0.6728515625, "f_4": 0.5537109375, "f_5": 0.4736328125, "f_6": 0.373046875, "f_7": 0.2421875, "f_8": 0.1171875}, "sample27": {"f_0": 1.0, "f_1": 0.8125, "f_2": 0.4033203125, "f_3": 0.1591796875, "f_4": 0.14453125, "f_5": 0.3251953125, "f_6": 0.59765625, "f_7": 0.6796875, "f_8": 0.6044921875}, "sample28": {"f_0": 1.0, "f_1": 0.728515625, "f_2": 0.478515625, "f_3": 0.4306640625, "f_4": 0.3505859375, "f_5": 0.1318359375, "f_6": 0.06640625, "f_7": 0.1376953125, "f_8": 0.1708984375}, "sample29": {"f_0": 1.0, "f_1": 0.9970703125, "f_2": 0.9873046875, "f_3": 0.9833984375, "f_4": 0.9755859375, "f_5": 0.9580078125, "f_6": 0.9541015625, "f_7": 0.931640625, "f_8": 0.9228515625}, "sample30": {"f_0": 1.0, "f_1": 0.82421875, "f_2": 0.44140625, "f_3": 0.1708984375, "f_4": 0.2265625, "f_5": 0.4736328125, "f_6": 0.7080078125, "f_7": 0.7451171875, "f_8": 0.5498046875}, "sample31": {"f_0": 1.0, "f_1": 0.97265625, "f_2": 0.9033203125, "f_3": 0.7900390625, "f_4": 0.69140625, "f_5": 0.5986328125, "f_6": 0.537109375, "f_7": 0.4951171875, "f_8": 0.466796875}, "sample32": {"f_0": 1.0, "f_1": 0.7294921875, "f_2": 0.4228515625, "f_3": 0.33203125, "f_4": 0.177734375, "f_5": 0.0859375, "f_6": 0.3291015625, "f_7": 0.591796875, "f_8": 0.6025390625}, "sample33": {"f_0": 1.0, "f_1": 0.654296875, "f_2": 0.314453125, "f_3": 0.2373046875, "f_4": 0.0654296875, "f_5": 0.2919921875, "f_6": 0.6455078125, "f_7": 0.576171875, "f_8": 0.6015625}, "sample34": {"f_0": 1.0, "f_1": 0.8896484375, "f_2": 0.6728515625, "f_3": 0.5576171875, "f_4": 0.5029296875, "f_5": 0.373046875, "f_6": 0.248046875, "f_7": 0.26171875, "f_8": 0.3603515625}, "sample35": {"f_0": 1.0, "f_1": 0.90625, "f_2": 0.703125, "f_3": 0.4462890625, "f_4": 0.3193359375, "f_5": 0.2568359375, "f_6": 0.3203125, "f_7": 0.4453125, "f_8": 0.642578125}, "sample36": {"f_0": 1.0, "f_1": 0.7626953125, "f_2": 0.3349609375, "f_3": 0.1162109375, "f_4": 0.234375, "f_5": 0.5341796875, "f_6": 0.904296875, "f_7": 0.83203125, "f_8": 0.5166015625}, "sample37": {"f_0": 1.0, "f_1": 0.8779296875, "f_2": 0.640625, "f_3": 0.44921875, "f_4": 0.3876953125, "f_5": 0.451171875, "f_6": 0.52734375, "f_7": 0.4306640625, "f_8": 0.2890625}, "sample38": {"f_0": 1.0, "f_1": 0.8486328125, "f_2": 0.55859375, "f_3": 0.3984375, "f_4": 0.3818359375, "f_5": 0.4267578125, "f_6": 0.4892578125, "f_7": 0.4169921875, "f_8": 0.3935546875}, "sample39": {"f_0": 1.0, "f_1": 0.890625, "f_2": 0.61328125, "f_3": 0.337890625, "f_4": 0.201171875, "f_5": 0.185546875, "f_6": 0.2998046875, "f_7": 0.3330078125, "f_8": 0.333984375}, "sample40": {"f_0": 1.0, "f_1": 0.7763671875, "f_2": 0.38671875, "f_3": 0.1845703125, "f_4": 0.240234375, "f_5": 0.447265625, "f_6": 0.57421875, "f_7": 0.5009765625, "f_8": 0.353515625}, "sample41": {"f_0": 1.0, "f_1": 0.98828125, "f_2": 0.962890625, "f_3": 0.9423828125, "f_4": 0.900390625, "f_5": 0.8251953125, "f_6": 0.7666015625, "f_7": 0.69140625, "f_8": 0.5986328125}, "sample42": {"f_0": 1.0, "f_1": 0.7255859375, "f_2": 0.3466796875, "f_3": 0.3203125, "f_4": 0.1875, "f_5": 0.0771484375, "f_6": 0.33984375, "f_7": 0.56640625, "f_8": 0.5595703125},