{
    "sample0": {
        "f_0": 1.0,
        "f_1": 0.69921875,
        "f_2": 0.2607421875,
        "f_3": 0.2197265625,
        "f_4": 0.2841796875,
        "f_5": 0.2490234375,
        "f_6": 0.484375,
        "f_7": 0.8115234375,
        "f_8": 0.568359375
    },
    "sample1": {
        "f_0": 1.0,
        "f_1": 0.6142578125,
        "f_2": 0.16015625,
        "f_3": 0.1728515625,
        "f_4": 0.3994140625,
        "f_5": 0.44140625,
        "f_6": 0.37109375,
        "f_7": 0.3369140625,
        "f_8": 0.26171875
    },
    "sample2": {
        "f_0": 1.0,
        "f_1": 0.83984375,
        "f_2": 0.50390625,
        "f_3": 0.2880859375,
        "f_4": 0.2998046875,
        "f_5": 0.4326171875,
        "f_6": 0.5498046875,
        "f_7": 0.4853515625,
        "f_8": 0.296875
    },
    "sample3": {
        "f_0": 1.0,
        "f_1": 0.759765625,
        "f_2": 0.3515625,
        "f_3": 0.181640625,
        "f_4": 0.3798828125,
        "f_5": 0.693359375,
        "f_6": 0.7392578125,
        "f_7": 0.513671875,
        "f_8": 0.201171875
    },
    "sample4": {
        "f_0": 1.0,
        "f_1": 0.978515625,
        "f_2": 0.9033203125,
        "f_3": 0.830078125,
        "f_4": 0.7861328125,
        "f_5": 0.697265625,
        "f_6": 0.6455078125,
        "f_7": 0.5361328125,
        "f_8": 0.43359375
    },
    "sample5": {
        "f_0": 1.0,
        "f_1": 0.611328125,
        "f_2": 0.2236328125,
        "f_3": 0.2724609375,
        "f_4": 0.263671875,
        "f_5": 0.3046875,
        "f_6": 0.591796875,
        "f_7": 0.443359375,
        "f_8": 0.201171875
    },
    "sample6": {
        "f_0": 1.0,
        "f_1": 0.703125,
        "f_2": 0.3505859375,
        "f_3": 0.2646484375,
        "f_4": 0.2236328125,
        "f_5": 0.1337890625,
        "f_6": 0.373046875,
        "f_7": 0.736328125,
        "f_8": 0.6318359375
    },
    "sample7": {
        "f_0": 1.0,
        "f_1": 0.8017578125,
        "f_2": 0.5654296875,
        "f_3": 0.453125,
        "f_4": 0.369140625,
        "f_5": 0.1533203125,
        "f_6": 0.111328125,
        "f_7": 0.181640625,
        "f_8": 0.244140625
    },
    "sample8": {
        "f_0": 1.0,
        "f_1": 0.892578125,
        "f_2": 0.64453125,
        "f_3": 0.3837890625,
        "f_4": 0.2001953125,
        "f_5": 0.1318359375,
        "f_6": 0.185546875,
        "f_7": 0.396484375,
        "f_8": 0.6328125
    },
    "sample9": {
        "f_0": 1.0,
        "f_1": 0.7783203125,
        "f_2": 0.478515625,
        "f_3": 0.4365234375,
        "f_4": 0.3759765625,
        "f_5": 0.2216796875,
        "f_6": 0.0595703125,
        "f_7": 0.1376953125,
        "f_8": 0.171875
    },
    "sample10": {
        "f_0": 1.0,
        "f_1": 0.9228515625,
        "f_2": 0.775390625,
        "f_3": 0.65625,
        "f_4": 0.58984375,
        "f_5": 0.4345703125,
        "f_6": 0.2822265625,
        "f_7": 0.2001953125,
        "f_8": 0.2177734375
    },
    "sample11": {
        "f_0": 1.0,
        "f_1": 0.810546875,
        "f_2": 0.455078125,
        "f_3": 0.2275390625,
        "f_4": 0.296875,
        "f_5": 0.4716796875,
        "f_6": 0.443359375,
        "f_7": 0.2861328125,
        "f_8": 0.2216796875
    },
    "sample12": {
        "f_0": 1.0,
        "f_1": 0.689453125,
        "f_2": 0.234375,
        "f_3": 0.2412109375,
        "f_4": 0.22265625,
        "f_5": 0.2216796875,
        "f_6": 0.564453125,
        "f_7": 0.7958984375,
        "f_8": 0.4853515625
    },
    "sample13": {
        "f_0": 1.0,
        "f_1": 0.7646484375,
        "f_2": 0.3798828125,
        "f_3": 0.208984375,
        "f_4": 0.306640625,
        "f_5": 0.4140625,
        "f_6": 0.3134765625,
        "f_7": 0.2802734375,
        "f_8": 0.3564453125
    },
    "sample14": {
        "f_0": 1.0,
        "f_1": 0.75,
        "f_2": 0.3408203125,
        "f_3": 0.15625,
        "f_4": 0.2626953125,
        "f_5": 0.3193359375,
        "f_6": 0.287109375,
        "f_7": 0.2626953125,
        "f_8": 0.4072265625
    },
    "sample15": {
        "f_0": 1.0,
        "f_1": 0.8798828125,
        "f_2": 0.5595703125,
        "f_3": 0.3271484375,
        "f_4": 0.236328125,
        "f_5": 0.2333984375,
        "f_6": 0.32421875,
        "f_7": 0.544921875,
        "f_8": 0.6103515625
    },
    "sample16": {
        "f_0": 1.0,
        "f_1": 0.87890625,
        "f_2": 0.6552734375,
        "f_3": 0.5068359375,
        "f_4": 0.5029296875,
        "f_5": 0.4072265625,
        "f_6": 0.251953125,
        "f_7": 0.1328125,
        "f_8": 0.11328125
    },
    "sample17": {
        "f_0": 1.0,
        "f_1": 0.7412109375,
        "f_2": 0.3017578125,
        "f_3": 0.1025390625,
        "f_4": 0.177734375,
        "f_5": 0.310546875,
        "f_6": 0.4921875,
        "f_7": 0.4736328125,
        "f_8": 0.466796875
    },
    "sample18": {
        "f_0": 1.0,
        "f_1": 0.9462890625,
        "f_2": 0.8232421875,
        "f_3": 0.6748046875,
        "f_4": 0.5986328125,
        "f_5": 0.5107421875,
        "f_6": 0.470703125,
        "f_7": 0.376953125,
        "f_8": 0.2333984375
    },
    "sample19": {
        "f_0": 1.0,
        "f_1": 0.82421875,
        "f_2": 0.5166015625,
        "f_3": 0.4599609375,
        "f_4": 0.46484375,
        "f_5": 0.3046875,
        "f_6": 0.12109375,
        "f_7": 0.185546875,
        "f_8": 0.439453125
    },
    "sample20": {
        "f_0": 1.0,
        "f_1": 0.9423828125,
        "f_2": 0.80859375,
        "f_3": 0.5908203125,
        "f_4": 0.365234375,
        "f_5": 0.2451171875,
        "f_6": 0.21875,
        "f_7": 0.240234375,
        "f_8": 0.328125
    },
    "sample21": {
        "f_0": 1.0,
        "f_1": 0.8818359375,
        "f_2": 0.6298828125,
        "f_3": 0.392578125,
        "f_4": 0.298828125,
        "f_5": 0.4306640625,
        "f_6": 0.53125,
        "f_7": 0.513671875,
        "f_8": 0.365234375
    },
    "sample22": {
        "f_0": 1.0,
        "f_1": 0.7373046875,
        "f_2": 0.3759765625,
        "f_3": 0.439453125,
        "f_4": 0.6943359375,
        "f_5": 0.673828125,
        "f_6": 0.3095703125,
        "f_7": 0.181640625,
        "f_8": 0.388671875
    },
    "sample23": {
        "f_0": 1.0,
        "f_1": 0.9755859375,
        "f_2": 0.919921875,
        "f_3": 0.8291015625,
        "f_4": 0.7373046875,
        "f_5": 0.66796875,
        "f_6": 0.5595703125,
        "f_7": 0.4775390625,
        "f_8": 0.337890625
    },
    "sample24": {
        "f_0": 1.0,
        "f_1": 0.734375,
        "f_2": 0.4072265625,
        "f_3": 0.3759765625,
        "f_4": 0.5029296875,
        "f_5": 0.6005859375,
        "f_6": 0.46484375,
        "f_7": 0.4462890625,
        "f_8": 0.6298828125
    },
    "sample25": {
        "f_0": 1.0,
        "f_1": 0.9306640625,
        "f_2": 0.759765625,
        "f_3": 0.5830078125,
        "f_4": 0.4794921875,
        "f_5": 0.4599609375,
        "f_6": 0.4267578125,
        "f_7": 0.4443359375,
        "f_8": 0.3828125
    },
    "sample26": {
        "f_0": 1.0,
        "f_1": 0.951171875,
        "f_2": 0.837890625,
        "f_3": 0.6591796875,
        "f_4": 0.546875,
        "f_5": 0.4609375,
        "f_6": 0.3671875,
        "f_7": 0.2451171875,
        "f_8": 0.134765625
    },
    "sample27": {
        "f_0": 1.0,
        "f_1": 0.8369140625,
        "f_2": 0.41796875,
        "f_3": 0.1591796875,
        "f_4": 0.142578125,
        "f_5": 0.3447265625,
        "f_6": 0.5673828125,
        "f_7": 0.7216796875,
        "f_8": 0.6064453125
    },
    "sample28": {
        "f_0": 1.0,
        "f_1": 0.7197265625,
        "f_2": 0.4736328125,
        "f_3": 0.4453125,
        "f_4": 0.3330078125,
        "f_5": 0.123046875,
        "f_6": 0.0771484375,
        "f_7": 0.1416015625,
        "f_8": 0.18359375
    },
    "sample29": {
        "f_0": 1.0,
        "f_1": 0.998046875,
        "f_2": 0.9921875,
        "f_3": 0.9833984375,
        "f_4": 0.9736328125,
        "f_5": 0.9541015625,
        "f_6": 0.958984375,