{
    "sample0": {
        "f_0": 0.486328125,
        "f_1": 0.0849609375,
        "f_2": 0.1142578125,
        "f_3": 0.283203125,
        "f_4": 0.3076171875,
        "f_5": 0.3876953125,
        "f_6": 0.6298828125,
        "f_7": 0.5224609375,
        "f_8": 0.1474609375
    },
    "sample1": {
        "f_0": 0.521484375,
        "f_1": 0.076171875,
        "f_2": 0.171875,
        "f_3": 0.40625,
        "f_4": 0.35546875,
        "f_5": 0.15234375,
        "f_6": 0.1171875,
        "f_7": 0.189453125,
        "f_8": 0.2255859375
    },
    "sample2": {
        "f_0": 0.486328125,
        "f_1": 0.46484375,
        "f_2": 0.4482421875,
        "f_3": 0.40625,
        "f_4": 0.4033203125,
        "f_5": 0.3623046875,
        "f_6": 0.3515625,
        "f_7": 0.3369140625,
        "f_8": 0.4296875
    },
    "sample3": {
        "f_0": 0.4765625,
        "f_1": 0.205078125,
        "f_2": 0.126953125,
        "f_3": 0.3427734375,
        "f_4": 0.6767578125,
        "f_5": 0.7529296875,
        "f_6": 0.4765625,
        "f_7": 0.1728515625,
        "f_8": 0.1298828125
    },
    "sample4": {
        "f_0": 0.482421875,
        "f_1": 0.4130859375,
        "f_2": 0.353515625,
        "f_3": 0.2744140625,
        "f_4": 0.279296875,
        "f_5": 0.181640625,
        "f_6": 0.197265625,
        "f_7": 0.12890625,
        "f_8": 0.0986328125
    },
    "sample5": {
        "f_0": 0.4697265625,
        "f_1": 0.6865234375,
        "f_2": 0.388671875,
        "f_3": 0.224609375,
        "f_4": 0.2109375,
        "f_5": 0.1142578125,
        "f_6": 0.203125,
        "f_7": 0.3828125,
        "f_8": 0.1767578125
    },
    "sample6": {
        "f_0": 0.5126953125,
        "f_1": 0.1103515625,
        "f_2": 0.087890625,
        "f_3": 0.177734375,
        "f_4": 0.1650390625,
        "f_5": 0.2880859375,
        "f_6": 0.57421875,
        "f_7": 0.5087890625,
        "f_8": 0.193359375
    },
    "sample7": {
        "f_0": 0.4951171875,
        "f_1": 0.2978515625,
        "f_2": 0.19921875,
        "f_3": 0.2109375,
        "f_4": 0.1396484375,
        "f_5": 0.2080078125,
        "f_6": 0.4404296875,
        "f_7": 0.5458984375,
        "f_8": 0.4921875
    },
    "sample8": {
        "f_0": 0.49609375,
        "f_1": 0.3173828125,
        "f_2": 0.1318359375,
        "f_3": 0.068359375,
        "f_4": 0.119140625,
        "f_5": 0.2548828125,
        "f_6": 0.42578125,
        "f_7": 0.591796875,
        "f_8": 0.7109375
    },
    "sample9": {
        "f_0": 0.5087890625,
        "f_1": 0.5458984375,
        "f_2": 0.3544921875,
        "f_3": 0.2138671875,
        "f_4": 0.3173828125,
        "f_5": 0.400390625,
        "f_6": 0.3046875,
        "f_7": 0.181640625,
        "f_8": 0.1953125
    },
    "sample10": {
        "f_0": 0.49609375,
        "f_1": 0.4091796875,
        "f_2": 0.3818359375,
        "f_3": 0.337890625,
        "f_4": 0.2734375,
        "f_5": 0.166015625,
        "f_6": 0.158203125,
        "f_7": 0.1806640625,
        "f_8": 0.1748046875
    },
    "sample11": {
        "f_0": 0.4970703125,
        "f_1": 0.7138671875,
        "f_2": 0.6552734375,
        "f_3": 0.361328125,
        "f_4": 0.2412109375,
        "f_5": 0.2763671875,
        "f_6": 0.427734375,
        "f_7": 0.4365234375,
        "f_8": 0.29296875
    },
    "sample12": {
        "f_0": 0.486328125,
        "f_1": 0.712890625,
        "f_2": 0.43359375,
        "f_3": 0.259765625,
        "f_4": 0.267578125,
        "f_5": 0.1328125,
        "f_6": 0.1083984375,
        "f_7": 0.4091796875,
        "f_8": 0.5263671875
    },
    "sample13": {
        "f_0": 0.4931640625,
        "f_1": 0.1591796875,
        "f_2": 0.046875,
        "f_3": 0.216796875,
        "f_4": 0.322265625,
        "f_5": 0.2666015625,
        "f_6": 0.2333984375,
        "f_7": 0.275390625,
        "f_8": 0.328125
    },
    "sample14": {
        "f_0": 0.4970703125,
        "f_1": 0.15625,
        "f_2": 0.06640625,
        "f_3": 0.2314453125,
        "f_4": 0.3779296875,
        "f_5": 0.3662109375,
        "f_6": 0.28515625,
        "f_7": 0.3525390625,
        "f_8": 0.35546875
    },
    "sample15": {
        "f_0": 0.4873046875,
        "f_1": 0.4013671875,
        "f_2": 0.2265625,
        "f_3": 0.1748046875,
        "f_4": 0.203125,
        "f_5": 0.1611328125,
        "f_6": 0.162109375,
        "f_7": 0.1552734375,
        "f_8": 0.1455078125
    },
    "sample16": {
        "f_0": 0.498046875,
        "f_1": 0.513671875,
        "f_2": 0.4140625,
        "f_3": 0.3125,
        "f_4": 0.32421875,
        "f_5": 0.3974609375,
        "f_6": 0.4677734375,
        "f_7": 0.4306640625,
        "f_8": 0.3662109375
    },
    "sample17": {
        "f_0": 0.5,
        "f_1": 0.5478515625,
        "f_2": 0.3916015625,
        "f_3": 0.2578125,
        "f_4": 0.1357421875,
        "f_5": 0.1640625,
        "f_6": 0.2724609375,
        "f_7": 0.3095703125,
        "f_8": 0.2001953125
    },
    "sample18": {
        "f_0": 0.484375,
        "f_1": 0.365234375,
        "f_2": 0.2451171875,
        "f_3": 0.2001953125,
        "f_4": 0.17578125,
        "f_5": 0.1650390625,
        "f_6": 0.1201171875,
        "f_7": 0.0791015625,
        "f_8": 0.107421875
    },
    "sample19": {
        "f_0": 0.4794921875,
        "f_1": 0.6171875,
        "f_2": 0.509765625,
        "f_3": 0.353515625,
        "f_4": 0.3876953125,
        "f_5": 0.4072265625,
        "f_6": 0.28515625,
        "f_7": 0.08203125,
        "f_8": 0.02734375
    },
    "sample20": {
        "f_0": 0.4697265625,
        "f_1": 0.3125,
        "f_2": 0.1767578125,
        "f_3": 0.0908203125,
        "f_4": 0.0478515625,
        "f_5": 0.1005859375,
        "f_6": 0.203125,
        "f_7": 0.3125,
        "f_8": 0.361328125
    },
    "sample21": {
        "f_0": 0.4873046875,
        "f_1": 0.27734375,
        "f_2": 0.1181640625,
        "f_3": 0.0869140625,
        "f_4": 0.1513671875,
        "f_5": 0.2314453125,
        "f_6": 0.173828125,
        "f_7": 0.0927734375,
        "f_8": 0.02734375
    },
    "sample22": {
        "f_0": 0.5048828125,
        "f_1": 0.611328125,
        "f_2": 0.3828125,
        "f_3": 0.1728515625,
        "f_4": 0.3369140625,
        "f_5": 0.5478515625,
        "f_6": 0.4521484375,
        "f_7": 0.2060546875,
        "f_8": 0.0859375
    },
    "sample23": {
        "f_0": 0.4990234375,
        "f_1": 0.61328125,
        "f_2": 0.6865234375,
        "f_3": 0.7333984375,
        "f_4": 0.755859375,
        "f_5": 0.787109375,
        "f_6": 0.810546875,
        "f_7": 0.787109375,
        "f_8": 0.7734375
    },
    "sample24": {
        "f_0": 0.501953125,
        "f_1": 0.41015625,
        "f_2": 0.2275390625,
        "f_3": 0.18359375,
        "f_4": 0.3857421875,
        "f_5": 0.740234375,
        "f_6": 0.712890625,
        "f_7": 0.4130859375,
        "f_8": 0.361328125
    },
    "sample25": {
        "f_0": 0.4931640625,
        "f_1": 0.509765625,
        "f_2": 0.443359375,
        "f_3": 0.3232421875,
        "f_4": 0.2578125,
        "f_5": 0.197265625,
        "f_6": 0.2529296875,
        "f_7": 0.35546875,
        "f_8": 0.4794921875
    },
    "sample26": {
        "f_0": 0.5166015625,
        "f_1": 0.3173828125,
        "f_2": 0.1982421875,
        "f_3": 0.099609375,
        "f_4": 0.0673828125,
        "f_5": 0.0439453125,
        "f_6": 0.0341796875,
        "f_7": 0.060546875,
        "f_8": 0.1181640625
    },
    "sample27": {
        "f_0": 0.5439453125,
        "f_1": 0.685546875,
        "f_2": 0.650390625,
        "f_3": 0.4443359375,
        "f_4": 0.1865234375,
        "f_5": 0.099609375,
        "f_6": 0.2421875,
        "f_7": 0.5263671875,
        "f_8": 0.5888671875
    },
    "sample28": {
        "f_0": 0.48046875,
        "f_1": 0.5166015625,
        "f_2": 0.3173828125,
        "f_3": 0.2529296875,
        "f_4": 0.380859375,
        "f_5": 0.421875,
        "f_6": 0.2578125,
        "f_7": 0.24609375,
        "f_8": 0.2724609375
    },