{
    "sample0": {
        "f_0": 0.0,
        "f_1": 0.1484375,
        "f_2": 0.3232421875,
        "f_3": 0.279296875,
        "f_4": 0.2255859375,
        "f_5": 0.3115234375,
        "f_6": 0.1943359375,
        "f_7": 0.0166015625,
        "f_8": 0.095703125
    },
    "sample1": {
        "f_0": 0.0,
        "f_1": 0.1669921875,
        "f_2": 0.4140625,
        "f_3": 0.3623046875,
        "f_4": 0.1220703125,
        "f_5": 0.13671875,
        "f_6": 0.2041015625,
        "f_7": 0.201171875,
        "f_8": 0.2431640625
    },
    "sample2": {
        "f_0": 0.0,
        "f_1": 0.0146484375,
        "f_2": 0.140625,
        "f_3": 0.2421875,
        "f_4": 0.2236328125,
        "f_5": 0.119140625,
        "f_6": 0.072265625,
        "f_7": 0.1015625,
        "f_8": 0.2802734375
    },
    "sample3": {
        "f_0": 0.0,
        "f_1": 0.0537109375,
        "f_2": 0.2421875,
        "f_3": 0.337890625,
        "f_4": 0.3134765625,
        "f_5": 0.17578125,
        "f_6": 0.02734375,
        "f_7": 0.1162109375,
        "f_8": 0.310546875
    },
    "sample4": {
        "f_0": 0.0,
        "f_1": 0.0029296875,
        "f_2": 0.015625,
        "f_3": 0.033203125,
        "f_4": 0.0380859375,
        "f_5": 0.0419921875,
        "f_6": 0.07421875,
        "f_7": 0.0986328125,
        "f_8": 0.1728515625
    },
    "sample5": {
        "f_0": 0.0,
        "f_1": 0.1826171875,
        "f_2": 0.306640625,
        "f_3": 0.19921875,
        "f_4": 0.20703125,
        "f_5": 0.2294921875,
        "f_6": 0.0771484375,
        "f_7": 0.134765625,
        "f_8": 0.3251953125
    },
    "sample6": {
        "f_0": 0.0,
        "f_1": 0.13671875,
        "f_2": 0.2802734375,
        "f_3": 0.26171875,
        "f_4": 0.2919921875,
        "f_5": 0.419921875,
        "f_6": 0.2705078125,
        "f_7": 0.0380859375,
        "f_8": 0.0869140625
    },
    "sample7": {
        "f_0": 0.0,
        "f_1": 0.0263671875,
        "f_2": 0.072265625,
        "f_3": 0.1083984375,
        "f_4": 0.1962890625,
        "f_5": 0.3984375,
        "f_6": 0.5263671875,
        "f_7": 0.4384765625,
        "f_8": 0.328125
    },
    "sample8": {
        "f_0": 0.0,
        "f_1": 0.033203125,
        "f_2": 0.115234375,
        "f_3": 0.2646484375,
        "f_4": 0.400390625,
        "f_5": 0.427734375,
        "f_6": 0.400390625,
        "f_7": 0.28515625,
        "f_8": 0.1787109375
    },
    "sample9": {
        "f_0": 0.0,
        "f_1": 0.0419921875,
        "f_2": 0.09765625,
        "f_3": 0.1240234375,
        "f_4": 0.1376953125,
        "f_5": 0.3193359375,
        "f_6": 0.5537109375,
        "f_7": 0.478515625,
        "f_8": 0.3701171875
    },
    "sample10": {
        "f_0": 0.0,
        "f_1": 0.001953125,
        "f_2": 0.021484375,
        "f_3": 0.03515625,
        "f_4": 0.0615234375,
        "f_5": 0.1474609375,
        "f_6": 0.22265625,
        "f_7": 0.30078125,
        "f_8": 0.2880859375
    },
    "sample11": {
        "f_0": 0.0,
        "f_1": 0.0908203125,
        "f_2": 0.2158203125,
        "f_3": 0.2763671875,
        "f_4": 0.1943359375,
        "f_5": 0.115234375,
        "f_6": 0.14453125,
        "f_7": 0.244140625,
        "f_8": 0.2626953125
    },
    "sample12": {
        "f_0": 0.0,
        "f_1": 0.1376953125,
        "f_2": 0.333984375,
        "f_3": 0.2412109375,
        "f_4": 0.2470703125,
        "f_5": 0.2939453125,
        "f_6": 0.138671875,
        "f_7": 0.017578125,
        "f_8": 0.1884765625
    },
    "sample13": {
        "f_0": 0.0,
        "f_1": 0.1015625,
        "f_2": 0.27734375,
        "f_3": 0.3232421875,
        "f_4": 0.19140625,
        "f_5": 0.1572265625,
        "f_6": 0.177734375,
        "f_7": 0.228515625,
        "f_8": 0.169921875
    },
    "sample14": {
        "f_0": 0.0,
        "f_1": 0.1298828125,
        "f_2": 0.310546875,
        "f_3": 0.3828125,
        "f_4": 0.2685546875,
        "f_5": 0.216796875,
        "f_6": 0.22265625,
        "f_7": 0.232421875,
        "f_8": 0.130859375
    },
    "sample15": {
        "f_0": 0.0,
        "f_1": 0.0048828125,
        "f_2": 0.05078125,
        "f_3": 0.181640625,
        "f_4": 0.26953125,
        "f_5": 0.31640625,
        "f_6": 0.2021484375,
        "f_7": 0.1103515625,
        "f_8": 0.09765625
    },
    "sample16": {
        "f_0": 0.0,
        "f_1": 0.0107421875,
        "f_2": 0.03515625,
        "f_3": 0.06640625,
        "f_4": 0.076171875,
        "f_5": 0.1376953125,
        "f_6": 0.3056640625,
        "f_7": 0.453125,
        "f_8": 0.498046875
    },
    "sample17": {
        "f_0": 0.0,
        "f_1": 0.0654296875,
        "f_2": 0.271484375,
        "f_3": 0.4345703125,
        "f_4": 0.37890625,
        "f_5": 0.20703125,
        "f_6": 0.107421875,
        "f_7": 0.0947265625,
        "f_8": 0.1005859375
    },
    "sample18": {
        "f_0": 0.0,
        "f_1": 0.0146484375,
        "f_2": 0.048828125,
        "f_3": 0.080078125,
        "f_4": 0.0986328125,
        "f_5": 0.1103515625,
        "f_6": 0.1552734375,
        "f_7": 0.216796875,
        "f_8": 0.314453125
    },
    "sample19": {
        "f_0": 0.0,
        "f_1": 0.0341796875,
        "f_2": 0.1123046875,
        "f_3": 0.125,
        "f_4": 0.1357421875,
        "f_5": 0.2275390625,
        "f_6": 0.4013671875,
        "f_7": 0.453125,
        "f_8": 0.291015625
    },
    "sample20": {
        "f_0": 0.0,
        "f_1": 0.0283203125,
        "f_2": 0.11328125,
        "f_3": 0.1923828125,
        "f_4": 0.271484375,
        "f_5": 0.291015625,
        "f_6": 0.28515625,
        "f_7": 0.2431640625,
        "f_8": 0.208984375
    },
    "sample21": {
        "f_0": 0.0,
        "f_1": 0.037109375,
        "f_2": 0.1572265625,
        "f_3": 0.22265625,
        "f_4": 0.1767578125,
        "f_5": 0.1162109375,
        "f_6": 0.1044921875,
        "f_7": 0.17578125,
        "f_8": 0.3251953125
    },
    "sample22": {
        "f_0": 0.0,
        "f_1": 0.064453125,
        "f_2": 0.1630859375,
        "f_3": 0.1455078125,
        "f_4": 0.0244140625,
        "f_5": 0.0859375,
        "f_6": 0.2783203125,
        "f_7": 0.3515625,
        "f_8": 0.2041015625
    },
    "sample23": {
        "f_0": 0.0,
        "f_1": 0.015625,
        "f_2": 0.05078125,
        "f_3": 0.0830078125,
        "f_4": 0.1572265625,
        "f_5": 0.177734375,
        "f_6": 0.2568359375,
        "f_7": 0.36328125,
        "f_8": 0.458984375
    },
    "sample24": {
        "f_0": 0.0,
        "f_1": 0.0302734375,
        "f_2": 0.1171875,
        "f_3": 0.166015625,
        "f_4": 0.0908203125,
        "f_5": 0.17578125,
        "f_6": 0.2587890625,
        "f_7": 0.1416015625,
        "f_8": 0.056640625
    },
    "sample25": {
        "f_0": 0.0,
        "f_1": 0.005859375,
        "f_2": 0.021484375,
        "f_3": 0.0556640625,
        "f_4": 0.0947265625,
        "f_5": 0.1005859375,
        "f_6": 0.119140625,
        "f_7": 0.1357421875,
        "f_8": 0.16796875
    },
    "sample26": {
        "f_0": 0.0,
        "f_1": 0.017578125,
        "f_2": 0.0830078125,
        "f_3": 0.138671875,
        "f_4": 0.2001953125,
        "f_5": 0.24609375,
        "f_6": 0.32421875,
        "f_7": 0.4521484375,
        "f_8": 0.5302734375
    },
    "sample27": {
        "f_0": 0.0,
        "f_1": 0.0791015625,
        "f_2": 0.275390625,
        "f_3": 0.4091796875,
        "f_4": 0.3994140625,
        "f_5": 0.2216796875,
        "f_6": 0.072265625,
        "f_7": 0.0537109375,
        "f_8": 0.14453125
    },
    "sample28": {
        "f_0": 0.0,
        "f_1": 0.0439453125,
        "f_2": 0.1044921875,
        "f_3": 0.1181640625,
        "f_4": 0.1806640625,
        "f_5": 0.482421875,
        "f_6": 0.587890625,
        "f_7": 0.419921875,
        "f_8": 0.3427734375
    },
    "sample29": {
        "f_0": 0.0,
        "f_1": 0.0,
        "f_2": 0.001953125,
        "f_3": 0.0068359375,
        "f_4": 0.0087890625,
        "f_5": 0.015625,
        "f_6": 0.0244140625,