{"sample0": {"f_0": 0.4892578125, "f_1": 0.107421875, "f_2": 0.1064453125, "f_3": 0.2880859375, "f_4": 0.298828125, "f_5": 0.390625, "f_6": 0.654296875, "f_7": 0.5234375, "f_8": 0.12890625}, "sample1": {"f_0": 0.4921875, "f_1": 0.0869140625, "f_2": 0.154296875, "f_3": 0.4208984375, "f_4": 0.3369140625, "f_5": 0.1435546875, "f_6": 0.09765625, "f_7": 0.1796875, "f_8": 0.2177734375}, "sample2": {"f_0": 0.5107421875, "f_1": 0.4716796875, "f_2": 0.40234375, "f_3": 0.4384765625, "f_4": 0.40234375, "f_5": 0.37109375, "f_6": 0.3642578125, "f_7": 0.3173828125, "f_8": 0.3916015625}, "sample3": {"f_0": 0.498046875, "f_1": 0.19140625, "f_2": 0.1015625, "f_3": 0.35546875, "f_4": 0.7080078125, "f_5": 0.763671875, "f_6": 0.4921875, "f_7": 0.205078125, "f_8": 0.140625}, "sample4": {"f_0": 0.482421875, "f_1": 0.42578125, "f_2": 0.3828125, "f_3": 0.3095703125, "f_4": 0.255859375, "f_5": 0.201171875, "f_6": 0.1826171875, "f_7": 0.1376953125, "f_8": 0.11328125}, "sample5": {"f_0": 0.4814453125, "f_1": 0.724609375, "f_2": 0.35546875, "f_3": 0.1884765625, "f_4": 0.2529296875, "f_5": 0.125, "f_6": 0.21875, "f_7": 0.4091796875, "f_8": 0.1767578125}, "sample6": {"f_0": 0.4892578125, "f_1": 0.1083984375, "f_2": 0.068359375, "f_3": 0.19140625, "f_4": 0.19140625, "f_5": 0.33203125, "f_6": 0.595703125, "f_7": 0.49609375, "f_8": 0.1923828125}, "sample7": {"f_0": 0.484375, "f_1": 0.275390625, "f_2": 0.220703125, "f_3": 0.2314453125, "f_4": 0.150390625, "f_5": 0.2001953125, "f_6": 0.44921875, "f_7": 0.525390625, "f_8": 0.490234375}, "sample8": {"f_0": 0.4970703125, "f_1": 0.3193359375, "f_2": 0.1455078125, "f_3": 0.0712890625, "f_4": 0.14453125, "f_5": 0.265625, "f_6": 0.3828125, "f_7": 0.5947265625, "f_8": 0.6943359375}, "sample9": {"f_0": 0.484375, "f_1": 0.546875, "f_2": 0.3583984375, "f_3": 0.2099609375, "f_4": 0.3154296875, "f_5": 0.3935546875, "f_6": 0.2900390625, "f_7": 0.1650390625, "f_8": 0.169921875}, "sample10": {"f_0": 0.509765625, "f_1": 0.4267578125, "f_2": 0.3759765625, "f_3": 0.3076171875, "f_4": 0.2744140625, "f_5": 0.1669921875, "f_6": 0.1552734375, "f_7": 0.1884765625, "f_8": 0.1748046875}, "sample11": {"f_0": 0.509765625, "f_1": 0.7138671875, "f_2": 0.623046875, "f_3": 0.3671875, "f_4": 0.2333984375, "f_5": 0.3232421875, "f_6": 0.421875, "f_7": 0.4404296875, "f_8": 0.3017578125}, "sample12": {"f_0": 0.484375, "f_1": 0.705078125, "f_2": 0.4794921875, "f_3": 0.25390625, "f_4": 0.26171875, "f_5": 0.125, "f_6": 0.107421875, "f_7": 0.4130859375, "f_8": 0.5537109375}, "sample13": {"f_0": 0.51171875, "f_1": 0.1640625, "f_2": 0.0654296875, "f_3": 0.2236328125, "f_4": 0.3310546875, "f_5": 0.298828125, "f_6": 0.22265625, "f_7": 0.326171875, "f_8": 0.3447265625}, "sample14": {"f_0": 0.5009765625, "f_1": 0.162109375, "f_2": 0.041015625, "f_3": 0.234375, "f_4": 0.3447265625, "f_5": 0.3291015625, "f_6": 0.2900390625, "f_7": 0.3564453125, "f_8": 0.3359375}, "sample15": {"f_0": 0.4990234375, "f_1": 0.3818359375, "f_2": 0.2275390625, "f_3": 0.177734375, "f_4": 0.173828125, "f_5": 0.169921875, "f_6": 0.14453125, "f_7": 0.150390625, "f_8": 0.154296875}, "sample16": {"f_0": 0.5029296875, "f_1": 0.494140625, "f_2": 0.3798828125, "f_3": 0.298828125, "f_4": 0.318359375, "f_5": 0.388671875, "f_6": 0.4765625, "f_7": 0.4599609375, "f_8": 0.36328125}, "sample17": {"f_0": 0.50390625, "f_1": 0.525390625, "f_2": 0.41015625, "f_3": 0.2177734375, "f_4": 0.1435546875, "f_5": 0.1669921875, "f_6": 0.2705078125, "f_7": 0.279296875, "f_8": 0.201171875}, "sample18": {"f_0": 0.482421875, "f_1": 0.3876953125, "f_2": 0.2734375, "f_3": 0.2041015625, "f_4": 0.166015625, "f_5": 0.1591796875, "f_6": 0.1298828125, "f_7": 0.1025390625, "f_8": 0.10546875}, "sample19": {"f_0": 0.533203125, "f_1": 0.6298828125, "f_2": 0.482421875, "f_3": 0.3671875, "f_4": 0.3798828125, "f_5": 0.388671875, "f_6": 0.275390625, "f_7": 0.0859375, "f_8": 0.0380859375}, "sample20": {"f_0": 0.45703125, "f_1": 0.333984375, "f_2": 0.185546875, "f_3": 0.0693359375, "f_4": 0.0654296875, "f_5": 0.1044921875, "f_6": 0.2060546875, "f_7": 0.2880859375, "f_8": 0.3779296875}, "sample21": {"f_0": 0.4794921875, "f_1": 0.287109375, "f_2": 0.109375, "f_3": 0.0927734375, "f_4": 0.1611328125, "f_5": 0.234375, "f_6": 0.1728515625, "f_7": 0.083984375, "f_8": 0.044921875}, "sample22": {"f_0": 0.5078125, "f_1": 0.607421875, "f_2": 0.3720703125, "f_3": 0.1669921875, "f_4": 0.3310546875, "f_5": 0.54296875, "f_6": 0.4501953125, "f_7": 0.1953125, "f_8": 0.083984375}, "sample23": {"f_0": 0.4970703125, "f_1": 0.5634765625, "f_2": 0.6708984375, "f_3": 0.7216796875, "f_4": 0.744140625, "f_5": 0.7841796875, "f_6": 0.7880859375, "f_7": 0.814453125, "f_8": 0.794921875}, "sample24": {"f_0": 0.5166015625, "f_1": 0.419921875, "f_2": 0.2265625, "f_3": 0.1748046875, "f_4": 0.3994140625, "f_5": 0.7294921875, "f_6": 0.6728515625, "f_7": 0.4140625, "f_8": 0.357421875}, "sample25": {"f_0": 0.4873046875, "f_1": 0.5126953125, "f_2": 0.443359375, "f_3": 0.3330078125, "f_4": 0.23828125, "f_5": 0.2255859375, "f_6": 0.2587890625, "f_7": 0.3681640625, "f_8": 0.498046875}, "sample26": {"f_0": 0.4697265625, "f_1": 0.353515625, "f_2": 0.2080078125, "f_3": 0.109375, "f_4": 0.064453125, "f_5": 0.0498046875, "f_6": 0.0322265625, "f_7": 0.0595703125, "f_8": 0.126953125}, "sample27": {"f_0": 0.4833984375, "f_1": 0.685546875, "f_2": 0.640625, "f_3": 0.408203125, "f_4": 0.1796875, "f_5": 0.1171875, "f_6": 0.2353515625, "f_7": 0.5166015625, "f_8": 0.62109375}, "sample28": {"f_0": 0.4931640625, "f_1": 0.548828125, "f_2": 0.3193359375, "f_3": 0.23046875, "f_4": 0.421875, "f_5": 0.427734375, "f_6": 0.255859375, "f_7": 0.1943359375, "f_8": 0.3037109375}, "sample29": {"f_0": 0.5087890625, "f_1": 0.53515625, "f_2": 0.5498046875, "f_3": 0.560546875, "f_4": 0.583984375, "f_5": 0.623046875, "f_6": 0.6337890625, "f_7": 0.6435546875, "f_8": 0.650390625}, "sample30": {"f_0": 0.5009765625, "f_1": 0.6923828125, "f_2": 0.59375, "f_3": 0.35546875, "f_4": 0.123046875, "f_5": 0.0625, "f_6": 0.2529296875, "f_7": 0.53125, "f_8": 0.673828125}, "sample31": {"f_0": 0.48828125, "f_1": 0.5009765625, "f_2": 0.40625, "f_3": 0.3544921875, "f_4": 0.291015625, "f_5": 0.220703125, "f_6": 0.1904296875, "f_7": 0.205078125, "f_8": 0.216796875}, "sample32": {"f_0": 0.4638671875, "f_1": 0.7109375, "f_2": 0.5693359375, "f_3": 0.4921875, "f_4": 0.525390625, "f_5": 0.2607421875, "f_6": 0.029296875, "f_7": 0.1318359375, "f_8": 0.3115234375}, "sample33": {"f_0": 0.5126953125, "f_1": 0.0849609375, "f_2": 0.0830078125, "f_3": 0.119140625, "f_4": 0.263671875, "f_5": 0.642578125, "f_6": 0.5234375, "f_7": 0.3408203125, "f_8": 0.2294921875}, "sample34": {"f_0": 0.486328125, "f_1": 0.4169921875, "f_2": 0.3701171875, "f_3": 0.3740234375, "f_4": 0.283203125, "f_5": 0.1728515625, "f_6": 0.1416015625, "f_7": 0.173828125, "f_8": 0.181640625}, "sample35": {"f_0": 0.5068359375, "f_1": 0.4443359375, "f_2": 0.3564453125, "f_3": 0.291015625, "f_4": 0.21875, "f_5": 0.21875, "f_6": 0.228515625, "f_7": 0.2783203125, "f_8": 0.4130859375}, "sample36": {"f_0": 0.501953125, "f_1": 0.6796875, "f_2": 0.5986328125, "f_3": 0.3330078125, "f_4": 0.1142578125, "f_5": 0.1376953125, "f_6": 0.435546875, "f_7": 0.6884765625, "f_8": 0.62109375}, "sample37": {"f_0": 0.5068359375, "f_1": 0.5859375, "f_2": 0.55078125, "f_3": 0.3994140625, "f_4": 0.2607421875, "f_5": 0.2705078125, "f_6": 0.3408203125, "f_7": 0.3681640625, "f_8": 0.37890625}, "sample38": {"f_0": 0.5, "f_1": 0.4677734375, "f_2": 0.4248046875, "f_3": 0.4482421875, "f_4": 0.419921875, "f_5": 0.306640625, "f_6": 0.2041015625, "f_7": 0.2216796875, "f_8": 0.3984375}, "sample39": {"f_0": 0.49609375, "f_1": 0.2431640625, "f_2": 0.0771484375, "f_3": 0.05859375, "f_4": 0.166015625, "f_5": 0.28125, "f_6": 0.341796875, "f_7": 0.3115234375, "f_8": 0.2744140625}, "sample40": {"f_0": 0.4951171875, "f_1": 0.615234375, "f_2": 0.4853515625, "f_3": 0.2216796875, "f_4": 0.0537109375, "f_5": 0.0302734375, "f_6": 0.1357421875, "f_7": 0.2861328125, "f_8": 0.4228515625}, "sample41": {"f_0": 0.5146484375, "f_1": 0.576171875,