{"sample0": {"f_0": 0.0, "f_1": 0.1650390625, "f_2": 0.333984375, "f_3": 0.302734375, "f_4": 0.2314453125, "f_5": 0.3017578125, "f_6": 0.205078125, "f_7": 0.0234375, "f_8": 0.1123046875}, "sample1": {"f_0": 0.0, "f_1": 0.166015625, "f_2": 0.4169921875, "f_3": 0.3447265625, "f_4": 0.103515625, "f_5": 0.1259765625, "f_6": 0.2021484375, "f_7": 0.2109375, "f_8": 0.23046875}, "sample2": {"f_0": 0.0, "f_1": 0.009765625, "f_2": 0.1181640625, "f_3": 0.2666015625, "f_4": 0.2373046875, "f_5": 0.1533203125, "f_6": 0.0732421875, "f_7": 0.0947265625, "f_8": 0.21484375}, "sample3": {"f_0": 0.0, "f_1": 0.068359375, "f_2": 0.2265625, "f_3": 0.3505859375, "f_4": 0.296875, "f_5": 0.193359375, "f_6": 0.0380859375, "f_7": 0.099609375, "f_8": 0.298828125}, "sample4": {"f_0": 0.0, "f_1": 0.0029296875, "f_2": 0.0078125, "f_3": 0.0224609375, "f_4": 0.037109375, "f_5": 0.0390625, "f_6": 0.1044921875, "f_7": 0.1171875, "f_8": 0.1826171875}, "sample5": {"f_0": 0.0, "f_1": 0.1806640625, "f_2": 0.3427734375, "f_3": 0.1884765625, "f_4": 0.216796875, "f_5": 0.21875, "f_6": 0.087890625, "f_7": 0.14453125, "f_8": 0.322265625}, "sample6": {"f_0": 0.0, "f_1": 0.130859375, "f_2": 0.27734375, "f_3": 0.2421875, "f_4": 0.2802734375, "f_5": 0.3955078125, "f_6": 0.2958984375, "f_7": 0.03125, "f_8": 0.09375}, "sample7": {"f_0": 0.0, "f_1": 0.044921875, "f_2": 0.0859375, "f_3": 0.10546875, "f_4": 0.1708984375, "f_5": 0.388671875, "f_6": 0.5302734375, "f_7": 0.4306640625, "f_8": 0.33984375}, "sample8": {"f_0": 0.0, "f_1": 0.025390625, "f_2": 0.109375, "f_3": 0.2529296875, "f_4": 0.3955078125, "f_5": 0.4501953125, "f_6": 0.359375, "f_7": 0.2421875, "f_8": 0.1435546875}, "sample9": {"f_0": 0.0, "f_1": 0.04296875, "f_2": 0.1015625, "f_3": 0.1337890625, "f_4": 0.142578125, "f_5": 0.318359375, "f_6": 0.5654296875, "f_7": 0.515625, "f_8": 0.3828125}, "sample10": {"f_0": 0.0, "f_1": 0.0048828125, "f_2": 0.021484375, "f_3": 0.0419921875, "f_4": 0.0625, "f_5": 0.1416015625, "f_6": 0.2373046875, "f_7": 0.265625, "f_8": 0.2822265625}, "sample11": {"f_0": 0.0, "f_1": 0.076171875, "f_2": 0.23828125, "f_3": 0.291015625, "f_4": 0.2080078125, "f_5": 0.1015625, "f_6": 0.126953125, "f_7": 0.259765625, "f_8": 0.2900390625}, "sample12": {"f_0": 0.0, "f_1": 0.1416015625, "f_2": 0.3115234375, "f_3": 0.267578125, "f_4": 0.244140625, "f_5": 0.2939453125, "f_6": 0.1328125, "f_7": 0.017578125, "f_8": 0.197265625}, "sample13": {"f_0": 0.0, "f_1": 0.1015625, "f_2": 0.2861328125, "f_3": 0.306640625, "f_4": 0.2001953125, "f_5": 0.1494140625, "f_6": 0.18359375, "f_7": 0.2255859375, "f_8": 0.17578125}, "sample14": {"f_0": 0.0, "f_1": 0.1005859375, "f_2": 0.33203125, "f_3": 0.4130859375, "f_4": 0.2880859375, "f_5": 0.2099609375, "f_6": 0.2333984375, "f_7": 0.220703125, "f_8": 0.130859375}, "sample15": {"f_0": 0.0, "f_1": 0.00390625, "f_2": 0.0693359375, "f_3": 0.197265625, "f_4": 0.302734375, "f_5": 0.28125, "f_6": 0.22265625, "f_7": 0.1240234375, "f_8": 0.099609375}, "sample16": {"f_0": 0.0, "f_1": 0.0078125, "f_2": 0.03125, "f_3": 0.0791015625, "f_4": 0.09765625, "f_5": 0.1396484375, "f_6": 0.3115234375, "f_7": 0.4736328125, "f_8": 0.470703125}, "sample17": {"f_0": 0.0, "f_1": 0.056640625, "f_2": 0.255859375, "f_3": 0.4267578125, "f_4": 0.4111328125, "f_5": 0.23828125, "f_6": 0.1220703125, "f_7": 0.10546875, "f_8": 0.1103515625}, "sample18": {"f_0": 0.0, "f_1": 0.015625, "f_2": 0.03515625, "f_3": 0.0888671875, "f_4": 0.0908203125, "f_5": 0.12890625, "f_6": 0.1416015625, "f_7": 0.2021484375, "f_8": 0.30859375}, "sample19": {"f_0": 0.0, "f_1": 0.04296875, "f_2": 0.1142578125, "f_3": 0.1171875, "f_4": 0.1337890625, "f_5": 0.2109375, "f_6": 0.4072265625, "f_7": 0.4443359375, "f_8": 0.287109375}, "sample20": {"f_0": 0.0, "f_1": 0.033203125, "f_2": 0.1015625, "f_3": 0.1943359375, "f_4": 0.2470703125, "f_5": 0.345703125, "f_6": 0.2978515625, "f_7": 0.2421875, "f_8": 0.1865234375}, "sample21": {"f_0": 0.0, "f_1": 0.056640625, "f_2": 0.1552734375, "f_3": 0.2373046875, "f_4": 0.193359375, "f_5": 0.146484375, "f_6": 0.0888671875, "f_7": 0.1796875, "f_8": 0.32421875}, "sample22": {"f_0": 0.0, "f_1": 0.0830078125, "f_2": 0.1513671875, "f_3": 0.150390625, "f_4": 0.037109375, "f_5": 0.068359375, "f_6": 0.2607421875, "f_7": 0.34765625, "f_8": 0.2216796875}, "sample23": {"f_0": 0.0, "f_1": 0.0126953125, "f_2": 0.0458984375, "f_3": 0.083984375, "f_4": 0.1416015625, "f_5": 0.21484375, "f_6": 0.2431640625, "f_7": 0.3681640625, "f_8": 0.46875}, "sample24": {"f_0": 0.0, "f_1": 0.0322265625, "f_2": 0.1494140625, "f_3": 0.1708984375, "f_4": 0.1005859375, "f_5": 0.1875, "f_6": 0.259765625, "f_7": 0.1201171875, "f_8": 0.0390625}, "sample25": {"f_0": 0.0, "f_1": 0.005859375, "f_2": 0.017578125, "f_3": 0.05078125, "f_4": 0.0966796875, "f_5": 0.119140625, "f_6": 0.1025390625, "f_7": 0.119140625, "f_8": 0.2060546875}, "sample26": {"f_0": 0.0, "f_1": 0.0224609375, "f_2": 0.0869140625, "f_3": 0.1533203125, "f_4": 0.197265625, "f_5": 0.2666015625, "f_6": 0.3193359375, "f_7": 0.4462890625, "f_8": 0.5556640625}, "sample27": {"f_0": 0.0, "f_1": 0.087890625, "f_2": 0.267578125, "f_3": 0.416015625, "f_4": 0.3974609375, "f_5": 0.2333984375, "f_6": 0.0576171875, "f_7": 0.0498046875, "f_8": 0.123046875}, "sample28": {"f_0": 0.0, "f_1": 0.0390625, "f_2": 0.10546875, "f_3": 0.1201171875, "f_4": 0.1962890625, "f_5": 0.46875, "f_6": 0.5537109375, "f_7": 0.3994140625, "f_8": 0.3623046875}, "sample29": {"f_0": 0.0, "f_1": 0.0, "f_2": 0.005859375, "f_3": 0.0048828125, "f_4": 0.015625, "f_5": 0.015625, "f_6": 0.029296875, "f_7": 0.017578125, "f_8": 0.0322265625}, "sample30": {"f_0": 0.0, "f_1": 0.0634765625, "f_2": 0.23828125, "f_3": 0.375, "f_4": 0.3583984375, "f_5": 0.2021484375, "f_6": 0.0361328125, "f_7": 0.0390625, "f_8": 0.193359375}, "sample31": {"f_0": 0.0, "f_1": 0.0009765625, "f_2": 0.0048828125, "f_3": 0.0146484375, "f_4": 0.037109375, "f_5": 0.0673828125, "f_6": 0.09375, "f_7": 0.09375, "f_8": 0.087890625}, "sample32": {"f_0": 0.0, "f_1": 0.1162109375, "f_2": 0.212890625, "f_3": 0.2509765625, "f_4": 0.419921875, "f_5": 0.5478515625, "f_6": 0.36328125, "f_7": 0.1123046875, "f_8": 0.060546875}, "sample33": {"f_0": 0.0, "f_1": 0.171875, "f_2": 0.255859375, "f_3": 0.283203125, "f_4": 0.5224609375, "f_5": 0.36328125, "f_6": 0.0869140625, "f_7": 0.0615234375, "f_8": 0.0615234375}, "sample34": {"f_0": 0.0, "f_1": 0.0048828125, "f_2": 0.0322265625, "f_3": 0.0537109375, "f_4": 0.0830078125, "f_5": 0.166015625, "f_6": 0.3037109375, "f_7": 0.265625, "f_8": 0.1650390625}, "sample35": {"f_0": 0.0, "f_1": 0.0029296875, "f_2": 0.0341796875, "f_3": 0.1123046875, "f_4": 0.2197265625, "f_5": 0.224609375, "f_6": 0.2119140625, "f_7": 0.115234375, "f_8": 0.0341796875}, "sample36": {"f_0": 0.0, "f_1": 0.0791015625, "f_2": 0.30078125, "f_3": 0.4375, "f_4": 0.345703125, "f_5": 0.1123046875, "f_6": 0.005859375, "f_7": 0.0625, "f_8": 0.189453125}, "sample37": {"f_0": 0.0, "f_1": 0.0234375, "f_2": 0.076171875, "f_3": 0.1240234375, "f_4": 0.138671875, "f_5": 0.08984375, "f_6": 0.0732421875, "f_7": 0.130859375, "f_8": 0.271484375}, "sample38": {"f_0": 0.0, "f_1": 0.005859375, "f_2": 0.078125, "f_3": 0.19140625, "f_4": 0.1875, "f_5": 0.1123046875, "f_6": 0.1259765625, "f_7": 0.12890625, "f_8": 0.130859375}, "sample39": {"f_0": 0.0, "f_1": 0.0458984375, "f_2": 0.203125, "f_3": 0.3056640625, "f_4": 0.3583984375, "f_5": 0.298828125, "f_6": 0.22265625, "f_7": 0.1748046875, "f_8": 0.1748046875}, "sample40": {"f_0": 0.0, "f_1": 0.05078125, "f_2": 0.2001953125, "f_3": 0.33203125, "f_4": 0.4189453125, "f_5": 0.294921875, "f_6": 0.1142578125, "f_7": 0.09765625, "f_8": 0.1865234375}, "sample41": {"f_0": 0.0, "f_1": 0.0048828125, "f_2": 0.0146484375, "f_3": 0.03125, "f_4": 0.060546875, "f_5": 0.0771484375, "f_6": 0.119140625, "f_7": 0.1513671875, "f_8": 0.2021484375}, "sample42": {"f_0": 0.0, "f_1": 0.130859375, "f_2": 0.2412109375, "f_3": 0.2265625, "f_4": 0.4140625, "f_5": 0.53515625, "f_6": 0.361328125, "f_7": 0.1201171875, "f_8": 0.0634765625}, "sample43": {"f_0": 0.0, "f_1": 0.103515625,