{"sample_id":{"0":0,"1":1,"2":2,"3":3,"4":4},"f_0 Re":{"0":1.0,"1":1.0,"2":1.0,"3":1.0,"4":1.0},"f_1 Re":{"0":0.9979879797,"1":0.9973679447,"2":0.9952763106,"3":0.9986566684,"4":0.9957136283},"f_1 Im":{"0":-0.0553148143,"1":-0.069610552,"2":-0.0688513725,"3":0.0278371886,"4":0.0563225227},"f_2 Re":{"0":0.9919701532,"1":0.9894878904,"2":0.9811704905,"3":0.9946407086,"4":0.9829386264},"f_2 Im":{"0":-0.1102942445,"1":-0.1388217684,"2":-0.1366873285,"3":0.055467331,"4":0.1114964849},"f_3 Re":{"0":0.9820008544,"1":0.9764080655,"2":0.9578773732,"3":0.9879939405,"4":0.9619255608},"f_3 Im":{"0":-0.1646075545,"1":-0.2072368574,"2":-0.2025067325,"3":0.082686769,"4":0.1643974891},"f_4 Re":{"0":0.968169421,"1":0.9582084974,"2":0.9257186578,"3":0.9787851224,"4":0.9330861703},"f_4 Im":{"0":-0.2179331817,"1":-0.2744640979,"2":-0.2653368114,"3":0.1092985277,"4":0.2139489471},"expected_value":{"0":0.3715127841,"1":0.2324265782,"2":1.0168927532,"3":4.4648336149,"4":16.156972106}}