{"sample_id":{"0":0,"1":1,"2":2,"3":3,"4":4},"f_0 Re":{"0":1.0,"1":1.0,"2":1.0,"3":1.0,"4":1.0},"f_1 Re":{"0":0.9993429365,"1":0.9969378816,"2":0.9902105455,"3":0.9984788419,"4":0.9972895972},"f_1 Im":{"0":-0.0394815083,"1":-0.066870617,"2":-0.0473757168,"3":0.0193268959,"4":0.0622356435},"f_2 Re":{"0":0.9896612505,"1":0.9916424681,"2":0.9803398582,"3":0.9931439483,"4":0.9829271333},"f_2 Im":{"0":-0.1231160175,"1":-0.1139601716,"2":-0.1279446294,"3":0.0144152567,"4":0.1426040577},"f_3 Re":{"0":0.9714165403,"1":0.9771107252,"2":0.9635816443,"3":0.9858611121,"4":0.974685},"f_3 Im":{"0":-0.1847618006,"1":-0.20111716,"2":-0.1889619536,"3":0.069410021,"4":0.1499537835},"f_4 Re":{"0":0.9673272683,"1":0.9554567143,"2":0.9310639254,"3":0.9747577695,"4":0.937795486},"f_4 Im":{"0":-0.227774326,"1":-0.2619346643,"2":-0.286063482,"3":0.1563039238,"4":0.203640701},"expected_value":{"0":0.3715127841,"1":0.2324265782,"2":1.0168927532,"3":4.4648336149,"4":16.156972106}}