{"sample0": {"f_0": 0.6672496199607849, "f_1": 0.5743928551673889, "f_2": 0.4154600501060486, "f_3": 0.28329557180404663, "f_4": 0.26336488127708435, "f_5": 0.2315548062324524, "f_6": 0.1747860312461853, "f_7": 0.15634344518184662, "f_8": 0.18599535524845123, "f_9": 0.13101036846637726}, "sample1": {"f_0": 0.6575769186019897, "f_1": 0.2991618812084198, "f_2": 0.10334664583206177, "f_3": 0.0792519748210907, "f_4": 0.16373303532600403, "f_5": 0.22568458318710327, "f_6": 0.2563844323158264, "f_7": 0.20588986575603485, "f_8": 0.20232465863227844, "f_9": 0.08635381609201431}, "sample2": {"f_0": 0.6688173413276672, "f_1": 0.28759536147117615, "f_2": 0.13050994277000427, "f_3": 0.08503847569227219, "f_4": 0.1802249401807785, "f_5": 0.1652829498052597, "f_6": 0.22821909189224243, "f_7": 0.27608972787857056, "f_8": 0.2622693181037903, "f_9": 0.24870626628398895}, "sample3": {"f_0": 0.6767963767051697, "f_1": 0.43592068552970886, "f_2": 0.26984259486198425, "f_3": 0.26548469066619873, "f_4": 0.18857185542583466, "f_5": 0.14127321541309357, "f_6": 0.1442851424217224, "f_7": 0.19488081336021423, "f_8": 0.2014203518629074, "f_9": 0.23769432306289673}, "sample4": {"f_0": 0.6744202375411987, "f_1": 0.34396180510520935, "f_2": 0.17444945871829987, "f_3": 0.10892825573682785, "f_4": 0.09838633239269257, "f_5": 0.13292935490608215, "f_6": 0.16536425054073334, "f_7": 0.14462395012378693, "f_8": 0.1406930387020111, "f_9": 0.08135563135147095}, "sample5": {"f_0": 0.681671142578125, "f_1": 0.8801512718200684, "f_2": 0.5198157429695129, "f_3": 0.2966495752334595, "f_4": 0.26670095324516296, "f_5": 0.3627076745033264, "f_6": 0.48751699924468994, "f_7": 0.38096314668655396, "f_8": 0.19430609047412872, "f_9": 0.24492304027080536}, "sample6": {"f_0": 0.7334670424461365, "f_1": 0.5342245101928711, "f_2": 0.42878246307373047, "f_3": 0.3265956938266754, "f_4": 0.27739858627319336, "f_5": 0.24215562641620636, "f_6": 0.2669878900051117, "f_7": 0.24173586070537567, "f_8": 0.218536376953125, "f_9": 0.20393015444278717}, "sample7": {"f_0": 0.7005578875541687, "f_1": 0.6972829103469849, "f_2": 0.7065759897232056, "f_3": 0.6163647770881653, "f_4": 0.38245946168899536, "f_5": 0.24686436355113983, "f_6": 0.13886506855487823, "f_7": 0.1460072100162506, "f_8": 0.25948408246040344, "f_9": 0.322614461183548}, "sample8": {"f_0": 0.7003118991851807, "f_1": 0.6162019371986389, "f_2": 0.59405118227005, "f_3": 0.4982154071331024, "f_4": 0.35767653584480286, "f_5": 0.3336259424686432, "f_6": 0.3192887306213379, "f_7": 0.288919597864151, "f_8": 0.2866595983505249, "f_9": 0.27750128507614136}, "sample9": {"f_0": 0.7010133266448975, "f_1": 0.7205279469490051, "f_2": 0.818128228187561, "f_3": 0.8268224000930786, "f_4": 0.7529451251029968, "f_5": 0.638137936592102, "f_6": 0.5851402878761292, "f_7": 0.529264509677887, "f_8": 0.4561340808868408, "f_9": 0.351811945438385}, "sample10": {"f_0": 0.7349396347999573, "f_1": 0.7045270204544067, "f_2": 0.6028925180435181, "f_3": 0.5002713203430176, "f_4": 0.48737314343452454, "f_5": 0.3968682885169983, "f_6": 0.3357732594013214, "f_7": 0.36261990666389465, "f_8": 0.43394699692726135, "f_9": 0.2241298258304596}, "sample11": {"f_0": 0.6960875391960144, "f_1": 0.707147479057312, "f_2": 0.7483583092689514, "f_3": 0.6420386433601379, "f_4": 0.4742501676082611, "f_5": 0.3770642876625061, "f_6": 0.2711388170719147, "f_7": 0.22184200584888458, "f_8": 0.20149387419223785, "f_9": 0.1778562068939209}, "sample12": {"f_0": 0.7180064916610718, "f_1": 0.38527166843414307, "f_2": 0.10487166792154312, "f_3": 0.15883107483386993, "f_4": 0.2590429186820984, "f_5": 0.19677358865737915, "f_6": 0.23711426556110382, "f_7": 0.2580707371234894, "f_8": 0.2690254747867584, "f_9": 0.24316760897636414}, "sample13": {"f_0": 0.7074453830718994, "f_1": 0.8115260601043701, "f_2": 0.7817150354385376, "f_3": 0.5723267197608948, "f_4": 0.3835877478122711, "f_5": 0.35345765948295593, "f_6": 0.31311336159706116, "f_7": 0.30504342913627625, "f_8": 0.2792462408542633, "f_9": 0.21937547624111176}, "sample14": {"f_0": 0.7089356780052185, "f_1": 0.7424720525741577, "f_2": 0.6754224896430969, "f_3": 0.5243437886238098, "f_4": 0.3041269779205322, "f_5": 0.3349626064300537, "f_6": 0.2715175449848175, "f_7": 0.26396122574806213, "f_8": 0.2570934593677521, "f_9": 0.20234808325767517}, "sample15": {"f_0": 0.6637074947357178, "f_1": 0.389668732881546, "f_2": 0.23200231790542603, "f_3": 0.15465876460075378, "f_4": 0.10480917990207672, "f_5": 0.11113260686397552, "f_6": 0.10256003588438034, "f_7": 0.09480912983417511, "f_8": 0.14835239946842194, "f_9": 0.2057380974292755}, "sample16": {"f_0": 0.7100682854652405, "f_1": 0.7320363521575928, "f_2": 0.6529021263122559, "f_3": 0.5013381242752075, "f_4": 0.28667551279067993, "f_5": 0.3479176163673401, "f_6": 0.2918736934661865, "f_7": 0.26821422576904297, "f_8": 0.2569642961025238, "f_9": 0.2432759553194046}, "sample17": {"f_0": 0.7105522155761719, "f_1": 0.4625051021575928, "f_2": 0.2818126380443573, "f_3": 0.242227241396904, "f_4": 0.12805166840553284, "f_5": 0.1039973720908165, "f_6": 0.10715671628713608, "f_7": 0.10462751239538193, "f_8": 0.14973308145999908, "f_9": 0.1821724772453308}, "sample18": {"f_0": 0.7448844909667969, "f_1": 0.6613894104957581, "f_2": 0.6323857307434082, "f_3": 0.6627829074859619, "f_4": 0.5932425260543823, "f_5": 0.42520004510879517, "f_6": 0.3757786154747009, "f_7": 0.3499756455421448, "f_8": 0.31179967522621155, "f_9": 0.22848345339298248}, "sample19": {"f_0": 0.7143797874450684, "f_1": 0.5439705848693848, "f_2": 0.33139336109161377, "f_3": 0.15457668900489807, "f_4": 0.19977042078971863, "f_5": 0.15581420063972473, "f_6": 0.18473276495933533, "f_7": 0.22334317862987518, "f_8": 0.2758142650127411, "f_9": 0.23208530247211456}, "sample20": {"f_0": 0.6940804719924927, "f_1": 0.5261660814285278, "f_2": 0.46968531608581543, "f_3": 0.4374380111694336, "f_4": 0.36732831597328186, "f_5": 0.48815202713012695, "f_6": 0.39957353472709656, "f_7": 0.32931190729141235, "f_8": 0.291743665933609, "f_9": 0.35387951135635376}, "sample21": {"f_0": 0.6855485439300537, "f_1": 0.531745970249176, "f_2": 0.5925878882408142, "f_3": 0.6800199747085571, "f_4": 0.6929730772972107, "f_5": 0.4883054196834564, "f_6": 0.5288206338882446, "f_7": 0.5544413924217224, "f_8": 0.5562029480934143, "f_9": 0.4231332242488861}, "sample22": {"f_0": 0.7161870002746582, "f_1": 0.5347205400466919, "f_2": 0.5749167799949646, "f_3": 0.6099336743354797, "f_4": 0.6135058403015137, "f_5": 0.6035496592521667, "f_6": 0.6401211619377136, "f_7": 0.664253830909729, "f_8": 0.584047257900238, "f_9": 0.5763427019119263}, "sample23": {"f_0": 0.6921615600585938, "f_1": 0.6175141930580139, "f_2": 0.5109574198722839, "f_3": 0.3521527051925659, "f_4": 0.26751431822776794, "f_5": 0.4234265387058258, "f_6": 0.3400454819202423, "f_7": 0.2853873074054718, "f_8": 0.25658273696899414, "f_9": 0.21147902309894562}, "sample24": {"f_0": 0.6956957578659058, "f_1": 0.6541315913200378, "f_2": 0.6283383965492249, "f_3": 0.45537659525871277, "f_4": 0.2820836007595062, "f_5": 0.19591175019741058, "f_6": 0.10526883602142334, "f_7": 0.09515667706727982, "f_8": 0.09600017219781876, "f_9": 0.11604093760251999}, "sample25": {"f_0": 0.7181403040885925, "f_1": 0.31606048345565796, "f_2": 0.1718108206987381, "f_3": 0.18846642971038818, "f_4": 0.3510397672653198, "f_5": 0.37481844425201416, "f_6": 0.41184985637664795, "f_7": 0.37788304686546326, "f_8": 0.28205493092536926, "f_9": 0.460542768239975}, "sample26": {"f_0": 0.7034963369369507, "f_1": 0.7865281701087952, "f_2": 0.7887037992477417, "f_3": 0.7680026292800903, "f_4": 0.6617299914360046, "f_5": 0.5059126019477844, "f_6": 0.39989301562309265, "f_7": 0.3159033954143524, "f_8": 0.27140092849731445, "f_9": 0.20731866359710693}, "sample27": {"f_0": 0.7230920791625977, "f_1": 0.2591802477836609, "f_2": 0.10566109418869019, "f_3": 0.21235883235931396, "f_4": 0.34730949997901917, "f_5": 0.3293447494506836, "f_6": 0.2960468828678131, "f_7": 0.24978196620941162,