{"sample0": {"f_0": 0, "f_1": 0.0029296875, "f_2": 0.033203125, "f_3": 0.1484375, "f_4": 0.2373046875, "f_5": 0.2646484375, "f_6": 0.2607421875, "f_7": 0.26171875, "f_8": 0.2470703125, "f_9": 0.232421875}, "sample1": {"f_0": 0, "f_1": 0.048828125, "f_2": 0.16015625, "f_3": 0.2490234375, "f_4": 0.287109375, "f_5": 0.2568359375, "f_6": 0.140625, "f_7": 0.0927734375, "f_8": 0.1591796875, "f_9": 0.2412109375}, "sample2": {"f_0": 0, "f_1": 0.0673828125, "f_2": 0.197265625, "f_3": 0.3134765625, "f_4": 0.359375, "f_5": 0.365234375, "f_6": 0.3505859375, "f_7": 0.310546875, "f_8": 0.255859375, "f_9": 0.24609375}, "sample3": {"f_0": 0, "f_1": 0.0078125, "f_2": 0.0341796875, "f_3": 0.07421875, "f_4": 0.150390625, "f_5": 0.2021484375, "f_6": 0.2021484375, "f_7": 0.19140625, "f_8": 0.154296875, "f_9": 0.3515625}, "sample4": {"f_0": 0, "f_1": 0.0263671875, "f_2": 0.0927734375, "f_3": 0.193359375, "f_4": 0.240234375, "f_5": 0.2197265625, "f_6": 0.18359375, "f_7": 0.138671875, "f_8": 0.123046875, "f_9": 0.1943359375}, "sample5": {"f_0": 0, "f_1": 0.158203125, "f_2": 0.3212890625, "f_3": 0.294921875, "f_4": 0.2998046875, "f_5": 0.16796875, "f_6": 0.2900390625, "f_7": 0.408203125, "f_8": 0.3349609375, "f_9": 0.2294921875}, "sample6": {"f_0": 0, "f_1": 0.009765625, "f_2": 0.0556640625, "f_3": 0.1494140625, "f_4": 0.26953125, "f_5": 0.21875, "f_6": 0.2451171875, "f_7": 0.234375, "f_8": 0.2998046875, "f_9": 0.333984375}, "sample7": {"f_0": 0, "f_1": 0.0556640625, "f_2": 0.1630859375, "f_3": 0.2841796875, "f_4": 0.28125, "f_5": 0.3095703125, "f_6": 0.2255859375, "f_7": 0.1201171875, "f_8": 0.076171875, "f_9": 0.087890625}, "sample8": {"f_0": 0, "f_1": 0, "f_2": 0.005859375, "f_3": 0.0390625, "f_4": 0.095703125, "f_5": 0.080078125, "f_6": 0.0888671875, "f_7": 0.1279296875, "f_8": 0.1552734375, "f_9": 0.146484375}, "sample9": {"f_0": 0, "f_1": 0.0126953125, "f_2": 0.0556640625, "f_3": 0.1298828125, "f_4": 0.2041015625, "f_5": 0.2333984375, "f_6": 0.2861328125, "f_7": 0.3037109375, "f_8": 0.3115234375, "f_9": 0.3720703125}, "sample10": {"f_0": 0, "f_1": 0.0009765625, "f_2": 0, "f_3": 0.013671875, "f_4": 0.01953125, "f_5": 0.03515625, "f_6": 0.0400390625, "f_7": 0.068359375, "f_8": 0.0712890625, "f_9": 0.08984375}, "sample11": {"f_0": 0, "f_1": 0.0517578125, "f_2": 0.1669921875, "f_3": 0.2744140625, "f_4": 0.333984375, "f_5": 0.4462890625, "f_6": 0.384765625, "f_7": 0.29296875, "f_8": 0.25, "f_9": 0.2392578125}, "sample12": {"f_0": 0, "f_1": 0.0927734375, "f_2": 0.2880859375, "f_3": 0.3310546875, "f_4": 0.2578125, "f_5": 0.3056640625, "f_6": 0.2490234375, "f_7": 0.240234375, "f_8": 0.2392578125, "f_9": 0.1943359375}, "sample13": {"f_0": 0, "f_1": 0.068359375, "f_2": 0.2294921875, "f_3": 0.322265625, "f_4": 0.2822265625, "f_5": 0.314453125, "f_6": 0.3134765625, "f_7": 0.2822265625, "f_8": 0.2607421875, "f_9": 0.3076171875}, "sample14": {"f_0": 0, "f_1": 0.0234375, "f_2": 0.0654296875, "f_3": 0.1396484375, "f_4": 0.2314453125, "f_5": 0.271484375, "f_6": 0.2861328125, "f_7": 0.2841796875, "f_8": 0.25, "f_9": 0.2001953125}, "sample15": {"f_0": 0, "f_1": 0.02734375, "f_2": 0.0732421875, "f_3": 0.1650390625, "f_4": 0.2255859375, "f_5": 0.314453125, "f_6": 0.41796875, "f_7": 0.4931640625, "f_8": 0.466796875, "f_9": 0.5458984375}, "sample16": {"f_0": 0, "f_1": 0.021484375, "f_2": 0.0859375, "f_3": 0.1796875, "f_4": 0.2470703125, "f_5": 0.2119140625, "f_6": 0.2451171875, "f_7": 0.259765625, "f_8": 0.2626953125, "f_9": 0.2607421875}, "sample17": {"f_0": 0, "f_1": 0.021484375, "f_2": 0.0556640625, "f_3": 0.1376953125, "f_4": 0.189453125, "f_5": 0.2626953125, "f_6": 0.3271484375, "f_7": 0.3701171875, "f_8": 0.4228515625, "f_9": 0.4951171875}, "sample18": {"f_0": 0, "f_1": 0.01171875, "f_2": 0.0673828125, "f_3": 0.1103515625, "f_4": 0.1669921875, "f_5": 0.1650390625, "f_6": 0.1826171875, "f_7": 0.150390625, "f_8": 0.177734375, "f_9": 0.150390625}, "sample19": {"f_0": 0, "f_1": 0.0322265625, "f_2": 0.109375, "f_3": 0.1923828125, "f_4": 0.26953125, "f_5": 0.2802734375, "f_6": 0.3212890625, "f_7": 0.275390625, "f_8": 0.2724609375, "f_9": 0.287109375}, "sample20": {"f_0": 0, "f_1": 0.0029296875, "f_2": 0.015625, "f_3": 0.0185546875, "f_4": 0.048828125, "f_5": 0.05078125, "f_6": 0.0673828125, "f_7": 0.0859375, "f_8": 0.1171875, "f_9": 0.12109375}, "sample21": {"f_0": 0, "f_1": 0.0068359375, "f_2": 0.01953125, "f_3": 0.0400390625, "f_4": 0.0751953125, "f_5": 0.1015625, "f_6": 0.134765625, "f_7": 0.193359375, "f_8": 0.2177734375, "f_9": 0.2724609375}, "sample22": {"f_0": 0, "f_1": 0, "f_2": 0.0009765625, "f_3": 0.0009765625, "f_4": 0.0009765625, "f_5": 0.0009765625, "f_6": 0.0009765625, "f_7": 0, "f_8": 0.0029296875, "f_9": 0.0048828125}, "sample23": {"f_0": 0, "f_1": 0.0205078125, "f_2": 0.0634765625, "f_3": 0.15234375, "f_4": 0.2626953125, "f_5": 0.328125, "f_6": 0.296875, "f_7": 0.279296875, "f_8": 0.2119140625, "f_9": 0.3017578125}, "sample24": {"f_0": 0, "f_1": 0.0322265625, "f_2": 0.07421875, "f_3": 0.1767578125, "f_4": 0.2353515625, "f_5": 0.453125, "f_6": 0.439453125, "f_7": 0.44140625, "f_8": 0.3740234375, "f_9": 0.1982421875}, "sample25": {"f_0": 0, "f_1": 0.03515625, "f_2": 0.146484375, "f_3": 0.205078125, "f_4": 0.294921875, "f_5": 0.376953125, "f_6": 0.32421875, "f_7": 0.2529296875, "f_8": 0.2568359375, "f_9": 0.1044921875}, "sample26": {"f_0": 0, "f_1": 0.025390625, "f_2": 0.0947265625, "f_3": 0.1630859375, "f_4": 0.2353515625, "f_5": 0.337890625, "f_6": 0.3759765625, "f_7": 0.35546875, "f_8": 0.3466796875, "f_9": 0.28125}, "sample27": {"f_0": 0, "f_1": 0.0908203125, "f_2": 0.224609375, "f_3": 0.298828125, "f_4": 0.197265625, "f_5": 0.18359375, "f_6": 0.1552734375, "f_7": 0.2001953125, "f_8": 0.244140625, "f_9": 0.271484375}, "sample28": {"f_0": 0, "f_1": 0.04296875, "f_2": 0.146484375, "f_3": 0.234375, "f_4": 0.2412109375, "f_5": 0.1962890625, "f_6": 0.1748046875, "f_7": 0.23046875, "f_8": 0.3115234375, "f_9": 0.3076171875}, "sample29": {"f_0": 0, "f_1": 0.0185546875, "f_2": 0.078125, "f_3": 0.224609375, "f_4": 0.3173828125, "f_5": 0.3759765625, "f_6": 0.3359375, "f_7": 0.2998046875, "f_8": 0.2490234375, "f_9": 0.1875}, "sample30": {"f_0": 0, "f_1": 0.0224609375, "f_2": 0.0654296875, "f_3": 0.1455078125, "f_4": 0.2255859375, "f_5": 0.2177734375, "f_6": 0.2529296875, "f_7": 0.33203125, "f_8": 0.3330078125, "f_9": 0.27734375}, "sample31": {"f_0": 0, "f_1": 0.0107421875, "f_2": 0.068359375, "f_3": 0.1865234375, "f_4": 0.2998046875, "f_5": 0.5126953125, "f_6": 0.5625, "f_7": 0.48828125, "f_8": 0.4189453125, "f_9": 0.4296875}, "sample32": {"f_0": 0, "f_1": 0.009765625, "f_2": 0.0400390625, "f_3": 0.0791015625, "f_4": 0.197265625, "f_5": 0.15625, "f_6": 0.18359375, "f_7": 0.2294921875, "f_8": 0.2685546875, "f_9": 0.2509765625}, "sample33": {"f_0": 0, "f_1": 0, "f_2": 0, "f_3": 0.0009765625, "f_4": 0.001953125, "f_5": 0.009765625, "f_6": 0.017578125, "f_7": 0.0224609375, "f_8": 0.0419921875, "f_9": 0.064453125}, "sample34": {"f_0": 0, "f_1": 0.04296875, "f_2": 0.1728515625, "f_3": 0.279296875, "f_4": 0.3212890625, "f_5": 0.2900390625, "f_6": 0.2197265625, "f_7": 0.1923828125, "f_8": 0.138671875, "f_9": 0.126953125}, "sample35": {"f_0": 0, "f_1": 0.0068359375, "f_2": 0.013671875, "f_3": 0.03125, "f_4": 0.05859375, "f_5": 0.0908203125, "f_6": 0.1455078125, "f_7": 0.1669921875, "f_8": 0.1767578125, "f_9": 0.2255859375}, "sample36": {"f_0": 0, "f_1": 0.005859375, "f_2": 0.013671875, "f_3": 0.0263671875, "f_4": 0.0673828125, "f_5": 0.095703125, "f_6": 0.119140625, "f_7": 0.185546875, "f_8": 0.2578125, "f_9": 0.3271484375}, "sample37": {"f_0": 0, "f_1": 0.013671875, "f_2": 0.017578125, "f_3": 0.060546875, "f_4": 0.0986328125, "f_5": 0.1142578125, "f_6": 0.181640625, "f_7": 0.193359375, "f_8": 0.2626953125, "f_9": 0.2265625}, "sample38": {"f_0": 0, "f_1": 0.0048828125, "f_2": 0.04296875, "f_3": 0.0947265625, "f_4": 0.1845703125, "f_5": 0.208984375, "f_6": 0.236328125, "f_7": 0.2314453125, "f_8": 0.2314453125, "f_9": 0.275390625}, "sample39": {"f_0": 0, "f_1": 0.029296875, "f_2": 0.1162109375,