{"sample0": {"f_0": 0, "f_1": 0.003953916511083043, "f_2": 0.046792515653531846, "f_3": 0.14700596957968418, "f_4": 0.24616326953423376, "f_5": 0.28251118312436696, "f_6": 0.2637679899297692, "f_7": 0.23871624031949568, "f_8": 0.23196382195872028, "f_9": 0.22731911879469266}, "sample1": {"f_0": 0, "f_1": 0.04704287610275529, "f_2": 0.1519663555010578, "f_3": 0.24105853065460317, "f_4": 0.2623463509074457, "f_5": 0.2118961461119879, "f_6": 0.1304964553859324, "f_7": 0.08188992539534865, "f_8": 0.11286178276729261, "f_9": 0.22391590011926563}, "sample2": {"f_0": 0, "f_1": 0.06072283861199622, "f_2": 0.186128629595866, "f_3": 0.2935328857001678, "f_4": 0.3601806531198288, "f_5": 0.387129861240409, "f_6": 0.37606848510367963, "f_7": 0.3460471167530166, "f_8": 0.31972406618002147, "f_9": 0.3019771955517252}, "sample3": {"f_0": 0, "f_1": 0.0079331706123135, "f_2": 0.03551425759763496, "f_3": 0.08455822009456458, "f_4": 0.14633429696832567, "f_5": 0.20933979241968217, "f_6": 0.2650374057594029, "f_7": 0.3044845158889705, "f_8": 0.3201139670911458, "f_9": 0.31217209953284464}, "sample4": {"f_0": 0, "f_1": 0.026063881722698783, "f_2": 0.09075023310019127, "f_3": 0.1609886625167083, "f_4": 0.2030083173825037, "f_5": 0.2024480361986569, "f_6": 0.17332380974749836, "f_7": 0.15002262544259276, "f_8": 0.16694528840688141, "f_9": 0.23712145390024558}, "sample5": {"f_0": 0, "f_1": 0.1548303449375428, "f_2": 0.2893956852452818, "f_3": 0.2454503116627656, "f_4": 0.17363089363632309, "f_5": 0.18303666095183235, "f_6": 0.39788819826556043, "f_7": 0.482630393571626, "f_8": 0.3428835421250316, "f_9": 0.26833532618499606}, "sample6": {"f_0": 0, "f_1": 0.006511337494079737, "f_2": 0.04423372323982454, "f_3": 0.11342604171775124, "f_4": 0.1730464658249709, "f_5": 0.2083177172619237, "f_6": 0.23865234434922775, "f_7": 0.270073673674779, "f_8": 0.28827208366226376, "f_9": 0.28127207348663635}, "sample7": {"f_0": 0, "f_1": 0.05471965959646921, "f_2": 0.1856356361588933, "f_3": 0.31687867708867995, "f_4": 0.378030315544541, "f_5": 0.3404885065183058, "f_6": 0.23058405373441035, "f_7": 0.11602617081615992, "f_8": 0.06474402918910666, "f_9": 0.10259690760549692}, "sample8": {"f_0": 0, "f_1": 0.000615663917821127, "f_2": 0.006110069514522224, "f_3": 0.020443087101472936, "f_4": 0.040368365922642147, "f_5": 0.05988389897018831, "f_6": 0.07757555283423435, "f_7": 0.09729953548047475, "f_8": 0.12372464931302432, "f_9": 0.15753448016235416}, "sample9": {"f_0": 0, "f_1": 0.01633933792104632, "f_2": 0.060156420674904246, "f_3": 0.11849029831625893, "f_4": 0.1771681206507641, "f_5": 0.22768531769741002, "f_6": 0.2704443193984214, "f_7": 0.3124023874192601, "f_8": 0.36052958487615416, "f_9": 0.4150323456641035}, "sample10": {"f_0": 0, "f_1": 0.0015024089465800223, "f_2": 0.006285424290546475, "f_3": 0.014782092971119145, "f_4": 0.02694330539850508, "f_5": 0.042237190371720156, "f_6": 0.06030930962949002, "f_7": 0.08143110179395925, "f_8": 0.10611360432364522, "f_9": 0.13433784276892244}, "sample11": {"f_0": 0, "f_1": 0.05532348573066892, "f_2": 0.188221597991532, "f_3": 0.3271435773378744, "f_4": 0.41523006792663186, "f_5": 0.43753094803061576, "f_6": 0.4110530551262239, "f_7": 0.36217866003222793, "f_8": 0.3140271790061888, "f_9": 0.28399215198971445}, "sample12": {"f_0": 0, "f_1": 0.09114757603371072, "f_2": 0.23567892877233995, "f_3": 0.32144600581743266, "f_4": 0.36580610814413245, "f_5": 0.3392427161531552, "f_6": 0.27255960353117936, "f_7": 0.24894668498374467, "f_8": 0.24827773071129666, "f_9": 0.23364155230231848}, "sample13": {"f_0": 0, "f_1": 0.07069843134235274, "f_2": 0.2232964894158629, "f_3": 0.33848464929649047, "f_4": 0.3686030767031749, "f_5": 0.38022653645907056, "f_6": 0.4359048951407874, "f_7": 0.49230945323142067, "f_8": 0.45647389031299085, "f_9": 0.31452984025005565}, "sample14": {"f_0": 0, "f_1": 0.021065165204419166, "f_2": 0.07883914871575459, "f_3": 0.14943041328991144, "f_4": 0.19677050121682296, "f_5": 0.20473755831307489, "f_6": 0.19029242053962367, "f_7": 0.1820268965869906, "f_8": 0.19535516776313036, "f_9": 0.22487751057696334}, "sample15": {"f_0": 0, "f_1": 0.020955434242184552, "f_2": 0.07715897608615278, "f_3": 0.1539301085784965, "f_4": 0.2393661907295185, "f_5": 0.32902539839091927, "f_6": 0.4191727859402164, "f_7": 0.49794015731964697, "f_8": 0.5469681964129242, "f_9": 0.553475168160344}, "sample16": {"f_0": 0, "f_1": 0.020585880744315336, "f_2": 0.07170786031936295, "f_3": 0.11960781815803548, "f_4": 0.13387279838913413, "f_5": 0.12493408835665379, "f_6": 0.13300703864301114, "f_7": 0.18228700786437319, "f_8": 0.2553751991035556, "f_9": 0.3104498316138703}, "sample17": {"f_0": 0, "f_1": 0.015786759327265747, "f_2": 0.057736629511376925, "f_3": 0.11386030115021206, "f_4": 0.1739908784194546, "f_5": 0.2347160369222856, "f_6": 0.2978259518835385, "f_7": 0.3645928225875035, "f_8": 0.43038810964858076, "f_9": 0.4843162450986777}, "sample18": {"f_0": 0, "f_1": 0.014310711949656666, "f_2": 0.05145890564981121, "f_3": 0.09716570538154218, "f_4": 0.13592927991181783, "f_5": 0.1581346762619159, "f_6": 0.16332406383266002, "f_7": 0.15872557894169645, "f_8": 0.1546621299327354, "f_9": 0.15929456965661165}, "sample19": {"f_0": 0, "f_1": 0.03164320244037186, "f_2": 0.11136165329650323, "f_3": 0.20385752742176536, "f_4": 0.2765289725419503, "f_5": 0.3178840370309881, "f_6": 0.3378034547273197, "f_7": 0.3500132802562546, "f_8": 0.3558126039256671, "f_9": 0.3462460070484573}, "sample20": {"f_0": 0, "f_1": 0.002616929771834995, "f_2": 0.0094556722876056, "f_3": 0.018433535956028816, "f_4": 0.028124478812646864, "f_5": 0.0384415617196654, "f_6": 0.050077765872749, "f_7": 0.06381311732397153, "f_8": 0.0801532277034324, "f_9": 0.09888929533579074}, "sample21": {"f_0": 0, "f_1": 0.004952666901720646, "f_2": 0.019443790059964106, "f_3": 0.04244320909621759, "f_4": 0.07242276942089373, "f_5": 0.10753098339002655, "f_6": 0.14573966304572125, "f_7": 0.18498583204404997, "f_8": 0.2233311959530651, "f_9": 0.2591125954698967}, "sample22": {"f_0": 0, "f_1": 4.5013408239055487e-05, "f_2": 0.00017469374550390437, "f_3": 0.00037708053711433913, "f_4": 0.0006418160953610457, "f_5": 0.0009646955786857761, "f_6": 0.0013454288259744545, "f_7": 0.0017821496577966852, "f_8": 0.0022679834256892598, "f_9": 0.0027919701441669596}, "sample23": {"f_0": 0, "f_1": 0.014972740198639844, "f_2": 0.08161851248182038, "f_3": 0.2029504671359089, "f_4": 0.326974002292105, "f_5": 0.41129238258763257, "f_6": 0.4477849397455026, "f_7": 0.4352818751677166, "f_8": 0.37687471075217305, "f_9": 0.29431768824642374}, "sample24": {"f_0": 0, "f_1": 0.02422988493069064, "f_2": 0.10038765474974376, "f_3": 0.22519603004016212, "f_4": 0.3689861736145483, "f_5": 0.47821971697760335, "f_6": 0.5014793579205016, "f_7": 0.4224100618467604, "f_8": 0.2771712142155028, "f_9": 0.1411127757246316}, "sample25": {"f_0": 0, "f_1": 0.03825409879136959, "f_2": 0.14453662445511317, "f_3": 0.27845443400825887, "f_4": 0.3700904980816847, "f_5": 0.3682358061677486, "f_6": 0.27375045025102435, "f_7": 0.13488894956162703, "f_8": 0.03350410126090471, "f_9": 0.04656543513244402}, "sample26": {"f_0": 0, "f_1": 0.02323682905904142, "f_2": 0.08772427693489353, "f_3": 0.1777583214367005, "f_4": 0.26935823266045406, "f_5": 0.33725269203368097, "f_6": 0.36402063240714533, "f_7": 0.3459194824541203, "f_8": 0.29286715894752496, "f_9": 0.2242396994696925}, "sample27": {"f_0": 0, "f_1": 0.09066194355687572, "f_2": 0.27100423522136585, "f_3": 0.36209149016125186, "f_4": 0.2984263184431438, "f_5": 0.19481172190554474, "f_6": 0.18614320999669218, "f_7": 0.2658286367096677, "f_8": 0.3253020185609088, "f_9": 0.3077102604149937}, "sample28": {"f_0": 0, "f_1": 0.04758877601924243, "f_2": 0.15246950292939945, "f_3": 0.2222669745853835, "f_4": 0.19668614073538668, "f_5": 0.12668659054856798, "f_6": 0.1124160609954129, "f_7": 0.1774188266591193, "f_8": 0.2553278829089933, "f_9": 0.28044367410546023}, "sample29": {"f_0": 0, "f_1": 0.019100869246485692,