{"sample0": {"f_0": 1.0, "f_1": 0.884765625, "f_2": 0.6083984375, "f_3": 0.3583984375, "f_4": 0.271484375, "f_5": 0.244140625, "f_6": 0.263671875, "f_7": 0.259765625, "f_8": 0.2978515625, "f_9": 0.453125}, "sample1": {"f_0": 1.0, "f_1": 0.89453125, "f_2": 0.62890625, "f_3": 0.392578125, "f_4": 0.236328125, "f_5": 0.271484375, "f_6": 0.373046875, "f_7": 0.4990234375, "f_8": 0.486328125, "f_9": 0.443359375}, "sample2": {"f_0": 1.0, "f_1": 0.8671875, "f_2": 0.587890625, "f_3": 0.2998046875, "f_4": 0.1962890625, "f_5": 0.1796875, "f_6": 0.1650390625, "f_7": 0.2021484375, "f_8": 0.228515625, "f_9": 0.2353515625}, "sample3": {"f_0": 1.0, "f_1": 0.9501953125, "f_2": 0.80078125, "f_3": 0.60546875, "f_4": 0.4208984375, "f_5": 0.3955078125, "f_6": 0.3544921875, "f_7": 0.341796875, "f_8": 0.326171875, "f_9": 0.1787109375}, "sample4": {"f_0": 1.0, "f_1": 0.9345703125, "f_2": 0.7802734375, "f_3": 0.5400390625, "f_4": 0.3798828125, "f_5": 0.3447265625, "f_6": 0.3623046875, "f_7": 0.4228515625, "f_8": 0.478515625, "f_9": 0.4765625}, "sample5": {"f_0": 1.0, "f_1": 0.673828125, "f_2": 0.259765625, "f_3": 0.2236328125, "f_4": 0.2666015625, "f_5": 0.404296875, "f_6": 0.30859375, "f_7": 0.1279296875, "f_8": 0.19921875, "f_9": 0.2744140625}, "sample6": {"f_0": 1.0, "f_1": 0.8642578125, "f_2": 0.6064453125, "f_3": 0.3583984375, "f_4": 0.2373046875, "f_5": 0.2763671875, "f_6": 0.2607421875, "f_7": 0.22265625, "f_8": 0.220703125, "f_9": 0.20703125}, "sample7": {"f_0": 1.0, "f_1": 0.861328125, "f_2": 0.619140625, "f_3": 0.3291015625, "f_4": 0.2197265625, "f_5": 0.1953125, "f_6": 0.318359375, "f_7": 0.453125, "f_8": 0.5654296875, "f_9": 0.509765625}, "sample8": {"f_0": 1.0, "f_1": 0.958984375, "f_2": 0.83984375, "f_3": 0.6669921875, "f_4": 0.505859375, "f_5": 0.5234375, "f_6": 0.4599609375, "f_7": 0.400390625, "f_8": 0.361328125, "f_9": 0.384765625}, "sample9": {"f_0": 1.0, "f_1": 0.95703125, "f_2": 0.8720703125, "f_3": 0.7109375, "f_4": 0.544921875, "f_5": 0.474609375, "f_6": 0.380859375, "f_7": 0.2861328125, "f_8": 0.248046875, "f_9": 0.1845703125}, "sample10": {"f_0": 1.0, "f_1": 0.9951171875, "f_2": 0.982421875, "f_3": 0.9404296875, "f_4": 0.9267578125, "f_5": 0.8984375, "f_6": 0.8828125, "f_7": 0.8505859375, "f_8": 0.7626953125, "f_9": 0.7822265625}, "sample11": {"f_0": 1.0, "f_1": 0.904296875, "f_2": 0.642578125, "f_3": 0.3662109375, "f_4": 0.19921875, "f_5": 0.140625, "f_6": 0.154296875, "f_7": 0.1884765625, "f_8": 0.2548828125, "f_9": 0.2900390625}, "sample12": {"f_0": 1.0, "f_1": 0.810546875, "f_2": 0.4267578125, "f_3": 0.220703125, "f_4": 0.2607421875, "f_5": 0.193359375, "f_6": 0.2373046875, "f_7": 0.2490234375, "f_8": 0.2431640625, "f_9": 0.3193359375}, "sample13": {"f_0": 1.0, "f_1": 0.8623046875, "f_2": 0.5439453125, "f_3": 0.2822265625, "f_4": 0.185546875, "f_5": 0.1796875, "f_6": 0.1943359375, "f_7": 0.2421875, "f_8": 0.234375, "f_9": 0.1962890625}, "sample14": {"f_0": 1.0, "f_1": 0.900390625, "f_2": 0.6533203125, "f_3": 0.4013671875, "f_4": 0.2880859375, "f_5": 0.2314453125, "f_6": 0.2392578125, "f_7": 0.23828125, "f_8": 0.2421875, "f_9": 0.3349609375}, "sample15": {"f_0": 1.0, "f_1": 0.95703125, "f_2": 0.84375, "f_3": 0.677734375, "f_4": 0.486328125, "f_5": 0.4326171875, "f_6": 0.2529296875, "f_7": 0.181640625, "f_8": 0.1220703125, "f_9": 0.0703125}, "sample16": {"f_0": 1.0, "f_1": 0.9033203125, "f_2": 0.677734375, "f_3": 0.4130859375, "f_4": 0.2587890625, "f_5": 0.3115234375, "f_6": 0.2431640625, "f_7": 0.240234375, "f_8": 0.23046875, "f_9": 0.2529296875}, "sample17": {"f_0": 1.0, "f_1": 0.966796875, "f_2": 0.884765625, "f_3": 0.7314453125, "f_4": 0.5966796875, "f_5": 0.5087890625, "f_6": 0.3955078125, "f_7": 0.310546875, "f_8": 0.2236328125, "f_9": 0.150390625}, "sample18": {"f_0": 1.0, "f_1": 0.9482421875, "f_2": 0.837890625, "f_3": 0.673828125, "f_4": 0.49609375, "f_5": 0.439453125, "f_6": 0.373046875, "f_7": 0.37890625, "f_8": 0.3408203125, "f_9": 0.38671875}, "sample19": {"f_0": 1.0, "f_1": 0.916015625, "f_2": 0.6865234375, "f_3": 0.4443359375, "f_4": 0.2734375, "f_5": 0.2529296875, "f_6": 0.203125, "f_7": 0.208984375, "f_8": 0.21484375, "f_9": 0.19921875}, "sample20": {"f_0": 1.0, "f_1": 0.978515625, "f_2": 0.9560546875, "f_3": 0.896484375, "f_4": 0.8203125, "f_5": 0.8115234375, "f_6": 0.7646484375, "f_7": 0.7021484375, "f_8": 0.6416015625, "f_9": 0.67578125}, "sample21": {"f_0": 1.0, "f_1": 0.986328125, "f_2": 0.953125, "f_3": 0.9033203125, "f_4": 0.8251953125, "f_5": 0.744140625, "f_6": 0.642578125, "f_7": 0.5546875, "f_8": 0.48828125, "f_9": 0.46484375}, "sample22": {"f_0": 1.0, "f_1": 0.9990234375, "f_2": 0.994140625, "f_3": 0.9931640625, "f_4": 0.9892578125, "f_5": 0.98828125, "f_6": 0.98046875, "f_7": 0.9794921875, "f_8": 0.970703125, "f_9": 0.974609375}, "sample23": {"f_0": 1.0, "f_1": 0.90234375, "f_2": 0.638671875, "f_3": 0.3857421875, "f_4": 0.2275390625, "f_5": 0.20703125, "f_6": 0.232421875, "f_7": 0.232421875, "f_8": 0.2900390625, "f_9": 0.2099609375}, "sample24": {"f_0": 1.0, "f_1": 0.90625, "f_2": 0.6513671875, "f_3": 0.3916015625, "f_4": 0.2255859375, "f_5": 0.1318359375, "f_6": 0.22265625, "f_7": 0.35546875, "f_8": 0.404296875, "f_9": 0.5205078125}, "sample25": {"f_0": 1.0, "f_1": 0.876953125, "f_2": 0.572265625, "f_3": 0.310546875, "f_4": 0.23828125, "f_5": 0.1689453125, "f_6": 0.244140625, "f_7": 0.2841796875, "f_8": 0.2568359375, "f_9": 0.5322265625}, "sample26": {"f_0": 1.0, "f_1": 0.9560546875, "f_2": 0.8095703125, "f_3": 0.6103515625, "f_4": 0.43359375, "f_5": 0.2705078125, "f_6": 0.197265625, "f_7": 0.146484375, "f_8": 0.177734375, "f_9": 0.2421875}, "sample27": {"f_0": 1.0, "f_1": 0.79296875, "f_2": 0.408203125, "f_3": 0.2294921875, "f_4": 0.3369140625, "f_5": 0.3408203125, "f_6": 0.3466796875, "f_7": 0.2880859375, "f_8": 0.2587890625, "f_9": 0.2275390625}, "sample28": {"f_0": 1.0, "f_1": 0.830078125, "f_2": 0.478515625, "f_3": 0.2548828125, "f_4": 0.3408203125, "f_5": 0.2958984375, "f_6": 0.3134765625, "f_7": 0.2724609375, "f_8": 0.189453125, "f_9": 0.212890625}, "sample29": {"f_0": 1.0, "f_1": 0.8486328125, "f_2": 0.5029296875, "f_3": 0.2490234375, "f_4": 0.201171875, "f_5": 0.1669921875, "f_6": 0.2041015625, "f_7": 0.21875, "f_8": 0.2333984375, "f_9": 0.341796875}, "sample30": {"f_0": 1.0, "f_1": 0.943359375, "f_2": 0.822265625, "f_3": 0.58984375, "f_4": 0.4111328125, "f_5": 0.505859375, "f_6": 0.3798828125, "f_7": 0.25390625, "f_8": 0.1845703125, "f_9": 0.2587890625}, "sample31": {"f_0": 1.0, "f_1": 0.8623046875, "f_2": 0.603515625, "f_3": 0.3505859375, "f_4": 0.23046875, "f_5": 0.0791015625, "f_6": 0.080078125, "f_7": 0.10546875, "f_8": 0.1513671875, "f_9": 0.138671875}, "sample32": {"f_0": 1.0, "f_1": 0.927734375, "f_2": 0.759765625, "f_3": 0.544921875, "f_4": 0.345703125, "f_5": 0.365234375, "f_6": 0.3046875, "f_7": 0.263671875, "f_8": 0.2578125, "f_9": 0.2333984375}, "sample33": {"f_0": 1.0, "f_1": 0.9912109375, "f_2": 0.962890625, "f_3": 0.9287109375, "f_4": 0.8837890625, "f_5": 0.8408203125, "f_6": 0.80078125, "f_7": 0.734375, "f_8": 0.6552734375, "f_9": 0.6025390625}, "sample34": {"f_0": 1.0, "f_1": 0.890625, "f_2": 0.62109375, "f_3": 0.3662109375, "f_4": 0.2236328125, "f_5": 0.220703125, "f_6": 0.2548828125, "f_7": 0.3232421875, "f_8": 0.3798828125, "f_9": 0.4609375}, "sample35": {"f_0": 1.0, "f_1": 0.9853515625, "f_2": 0.955078125, "f_3": 0.869140625, "f_4": 0.783203125, "f_5": 0.6728515625, "f_6": 0.5791015625, "f_7": 0.48828125, "f_8": 0.404296875, "f_9": 0.34765625}, "sample36": {"f_0": 1.0, "f_1": 0.990234375, "f_2": 0.951171875, "f_3": 0.908203125, "f_4": 0.83984375, "f_5": 0.7197265625, "f_6": 0.62890625, "f_7": 0.5654296875, "f_8": 0.46484375, "f_9": 0.373046875}, "sample37": {"f_0": 1.0, "f_1": 0.9853515625, "f_2": 0.9130859375, "f_3": 0.8310546875, "f_4": 0.72265625, "f_5": 0.7021484375, "f_6": 0.6650390625, "f_7": 0.5673828125, "f_8": 0.4599609375, "f_9": 0.462890625}, "sample38": {"f_0": 1.0, "f_1": 0.935546875, "f_2": 0.7685546875, "f_3": 0.576171875, "f_4": 0.3310546875, "f_5": 0.33984375,