{"sample0": {"f_0": 0.9999999999999996, "f_1": 0.8796223893856758, "f_2": 0.618210745050874, "f_3": 0.38611698380384935, "f_4": 0.25639919102439784, "f_5": 0.22061421649561885, "f_6": 0.26702101487825014, "f_7": 0.38012904081669174, "f_8": 0.50267033825683, "f_9": 0.5513835577353966}, "sample1": {"f_0": 0.9999999999999996, "f_1": 0.8964682354847849, "f_2": 0.6536485020490687, "f_3": 0.41276521835921676, "f_4": 0.2829164225143742, "f_5": 0.29537578484174315, "f_6": 0.4085248306675147, "f_7": 0.5331422414962909, "f_8": 0.5835588917223419, "f_9": 0.5267628528040353}, "sample2": {"f_0": 0.9999999999999996, "f_1": 0.8777438198632228, "f_2": 0.6211541604964912, "f_3": 0.3964852143120832, "f_4": 0.25272320979550084, "f_5": 0.17700689050875917, "f_6": 0.1573593645928207, "f_7": 0.17038377942299826, "f_8": 0.18884293721310194, "f_9": 0.20314946702912715}, "sample3": {"f_0": 0.9999999999999996, "f_1": 0.9483131893415698, "f_2": 0.8164579056165341, "f_3": 0.6511691634384863, "f_4": 0.4890157096038156, "f_5": 0.3514628938391725, "f_6": 0.2532306228223824, "f_7": 0.20161408226316113, "f_8": 0.1934219036549698, "f_9": 0.21729739337400883}, "sample4": {"f_0": 0.9999999999999996, "f_1": 0.938385035102204, "f_2": 0.7799675307159809, "f_3": 0.5901956975722455, "f_4": 0.440331944494305, "f_5": 0.3733644331901465, "f_6": 0.3861210367224987, "f_7": 0.43569249644735364, "f_8": 0.46578236859297195, "f_9": 0.43782111389132833}, "sample5": {"f_0": 0.9999999999999996, "f_1": 0.6759821092600065, "f_2": 0.3005295661304159, "f_3": 0.26680673204849714, "f_4": 0.34922321168240794, "f_5": 0.4111808193711042, "f_6": 0.2433893818012054, "f_7": 0.09982229044085308, "f_8": 0.17485945052728202, "f_9": 0.2334398658595475}, "sample6": {"f_0": 0.9999999999999996, "f_1": 0.8852490059641013, "f_2": 0.6442169184518708, "f_3": 0.44494175062804786, "f_4": 0.34217858095919435, "f_5": 0.2970026776780934, "f_6": 0.2643937604825, "f_7": 0.2316566000910202, "f_8": 0.21544735177390115, "f_9": 0.23126213511369179}, "sample7": {"f_0": 0.9999999999999996, "f_1": 0.8806532621468184, "f_2": 0.5969137542617983, "f_3": 0.3114104652334333, "f_4": 0.16060772024138342, "f_5": 0.18553232626229937, "f_6": 0.32963521133948387, "f_7": 0.4839180787028196, "f_8": 0.5558769002277001, "f_9": 0.5186433952242622}, "sample8": {"f_0": 0.9999999999999996, "f_1": 0.9571643809922464, "f_2": 0.8523791438729468, "f_3": 0.7345844984238815, "f_4": 0.6394075709823833, "f_5": 0.5733527921504201, "f_6": 0.5234619056389542, "f_7": 0.47455193057440365, "f_8": 0.4202468767674243, "f_9": 0.3641828529675221}, "sample9": {"f_0": 0.9999999999999996, "f_1": 0.9635113047984363, "f_2": 0.865402373900741, "f_3": 0.7340365598476769, "f_4": 0.6011909908934265, "f_5": 0.48853491135030885, "f_6": 0.4011865356079257, "f_7": 0.33068815809667573, "f_8": 0.26466071558557586, "f_9": 0.19729075636052215}, "sample10": {"f_0": 0.9999999999999996, "f_1": 0.9945821053436383, "f_2": 0.9803331640562867, "f_3": 0.9614406857590091, "f_4": 0.9406827162970661, "f_5": 0.9176591813239235, "f_6": 0.8903137717799349, "f_7": 0.8577723622377124, "f_8": 0.8214621465942479, "f_9": 0.7836625124583496}, "sample11": {"f_0": 0.9999999999999996, "f_1": 0.8896886101574873, "f_2": 0.6317738038984956, "f_3": 0.3693888647268176, "f_4": 0.19638580861701535, "f_5": 0.12640300451611744, "f_6": 0.1289021268282355, "f_7": 0.16592566436780795, "f_8": 0.20724020012490496, "f_9": 0.23341966670878703}, "sample12": {"f_0": 0.9999999999999996, "f_1": 0.8116215993345922, "f_2": 0.49458538139730746, "f_3": 0.2984077241527963, "f_4": 0.19169617169771302, "f_5": 0.17678673801610545, "f_6": 0.2284160361983245, "f_7": 0.251314916859138, "f_8": 0.25184209844666605, "f_9": 0.2669247382719819}, "sample13": {"f_0": 0.9999999999999996, "f_1": 0.858171725664623, "f_2": 0.5555154242211385, "f_3": 0.3105645534318405, "f_4": 0.20882010256773892, "f_5": 0.17679992386925913, "f_6": 0.12937278478163652, "f_7": 0.08908729314057962, "f_8": 0.13746155035525984, "f_9": 0.2780185216616642}, "sample14": {"f_0": 0.9999999999999996, "f_1": 0.9116082561199679, "f_2": 0.7029683007630272, "f_3": 0.48981128629655457, "f_4": 0.35509536164312594, "f_5": 0.3116462721406342, "f_6": 0.32062693636595085, "f_7": 0.3306631557900862, "f_8": 0.31410883036468545, "f_9": 0.27882107418750723}, "sample15": {"f_0": 0.9999999999999996, "f_1": 0.9582422698438849, "f_2": 0.8498348115400175, "f_3": 0.710899846987742, "f_4": 0.5696838664579117, "f_5": 0.43474898191263345, "f_6": 0.3060041146512045, "f_7": 0.19135785342970454, "f_8": 0.10861063855842729, "f_9": 0.07165446288548039}, "sample16": {"f_0": 0.9999999999999996, "f_1": 0.9067143442009856, "f_2": 0.6999851587363615, "f_3": 0.5191229970718186, "f_4": 0.4434001669328351, "f_5": 0.44999264032959035, "f_6": 0.4587393521781622, "f_7": 0.41128508329310604, "f_8": 0.31757094408000597, "f_9": 0.23270457626806715}, "sample17": {"f_0": 0.9999999999999996, "f_1": 0.9679593388035687, "f_2": 0.8833043224018237, "f_3": 0.7722168702141435, "f_4": 0.6588949455585018, "f_5": 0.5545483590831355, "f_6": 0.4579048933111939, "f_7": 0.363447901420764, "f_8": 0.27061187678562665, "f_9": 0.1874958593815691}, "sample18": {"f_0": 0.9999999999999996, "f_1": 0.9558114362425957, "f_2": 0.8390437509213975, "f_3": 0.689130394814288, "f_4": 0.5502453020449252, "f_5": 0.4526197163143747, "f_6": 0.40343710201683647, "f_7": 0.3896001584433106, "f_8": 0.38828952080720347, "f_9": 0.37920061260966115}, "sample19": {"f_0": 0.9999999999999996, "f_1": 0.913882846403923, "f_2": 0.7070105067276858, "f_3": 0.48434644509932456, "f_4": 0.32114835950695486, "f_5": 0.23145143586749084, "f_6": 0.19010964818855916, "f_7": 0.16989393229157113, "f_8": 0.16292613456432725, "f_9": 0.1762041249664503}, "sample20": {"f_0": 0.9999999999999996, "f_1": 0.9872173641279014, "f_2": 0.9547111999951196, "f_3": 0.9151393805311, "f_4": 0.8787118600804705, "f_5": 0.8485501166667012, "f_6": 0.8226464175708575, "f_7": 0.7974408913701849, "f_8": 0.7694394135430112, "f_9": 0.7361961134033783}, "sample21": {"f_0": 0.9999999999999996, "f_1": 0.9877715878512412, "f_2": 0.9523774007808143, "f_3": 0.897354010790745, "f_4": 0.8276712961960254, "f_5": 0.7488434656080614, "f_6": 0.6662280961456754, "f_7": 0.5845418504821114, "f_8": 0.5075330506979003, "f_9": 0.4378059785355129}, "sample22": {"f_0": 0.9999999999999996, "f_1": 0.9992687452266424, "f_2": 0.9972618937563453, "f_3": 0.994415354084439, "f_4": 0.9911497886181966, "f_5": 0.9876823960921022, "f_6": 0.9840280663655294, "f_7": 0.9801297725927641, "f_8": 0.9759869550528771, "f_9": 0.9717041658915768}, "sample23": {"f_0": 0.9999999999999996, "f_1": 0.8940157776353018, "f_2": 0.6605390525499802, "f_3": 0.4340807251310453, "f_4": 0.2665013932822043, "f_5": 0.15900138086155616, "f_6": 0.11187588316361922, "f_7": 0.11889699603738514, "f_8": 0.1638851959865313, "f_9": 0.22825170313977008}, "sample24": {"f_0": 0.9999999999999996, "f_1": 0.8965610554126787, "f_2": 0.6394313753853833, "f_3": 0.3529264507664495, "f_4": 0.15920476027704583, "f_5": 0.1195671584221076, "f_6": 0.21614609663710255, "f_7": 0.3743533693997543, "f_8": 0.5073103913185478, "f_9": 0.5554442388381976}, "sample25": {"f_0": 0.9999999999999996, "f_1": 0.8770996153186411, "f_2": 0.5860955939653485, "f_3": 0.2963176074527904, "f_4": 0.15374479771278604, "f_5": 0.211955295134644, "f_6": 0.4139406103290083, "f_7": 0.6262061857128255, "f_8": 0.7272581595454751, "f_9": 0.6766434738011305}, "sample26": {"f_0": 0.9999999999999996, "f_1": 0.9486152900456504, "f_2": 0.8092701645608911, "f_3": 0.6200298897231645, "f_4": 0.42779064420203816, "f_5": 0.27420747833301023, "f_6": 0.18617659007642928, "f_7": 0.17083840982463974, "f_8": 0.21517004123545957, "f_9": 0.2911610144466927}, "sample27": {"f_0": 0.9999999999999996, "f_1": 0.8043928477828739, "f_2": 0.4175867886158805, "f_3": 0.18485088875524786, "f_4": 0.2081198017175753, "f_5": 0.315639633392066, "f_6": 0.32823005416567913, "f_7": 0.24792701325157374, "f_8": 0.18650800700036357,