{"sample0": {"f_0": 0.3486328125, "f_1": 0.2705078125, "f_2": 0.1767578125, "f_3": 0.1650390625, "f_4": 0.1376953125, "f_5": 0.0986328125, "f_6": 0.09765625, "f_7": 0.078125, "f_8": 0.0810546875, "f_9": 0.0712890625}, "sample1": {"f_0": 0.359375, "f_1": 0.1826171875, "f_2": 0.0869140625, "f_3": 0.0791015625, "f_4": 0.091796875, "f_5": 0.1064453125, "f_6": 0.140625, "f_7": 0.1201171875, "f_8": 0.08203125, "f_9": 0.0546875}, "sample2": {"f_0": 0.3525390625, "f_1": 0.154296875, "f_2": 0.0712890625, "f_3": 0.052734375, "f_4": 0.091796875, "f_5": 0.0966796875, "f_6": 0.1279296875, "f_7": 0.1416015625, "f_8": 0.1142578125, "f_9": 0.103515625}, "sample3": {"f_0": 0.3466796875, "f_1": 0.2412109375, "f_2": 0.1796875, "f_3": 0.125, "f_4": 0.1064453125, "f_5": 0.0810546875, "f_6": 0.0830078125, "f_7": 0.095703125, "f_8": 0.1103515625, "f_9": 0.0908203125}, "sample4": {"f_0": 0.373046875, "f_1": 0.22265625, "f_2": 0.123046875, "f_3": 0.0771484375, "f_4": 0.05859375, "f_5": 0.0859375, "f_6": 0.1005859375, "f_7": 0.107421875, "f_8": 0.095703125, "f_9": 0.0693359375}, "sample5": {"f_0": 0.369140625, "f_1": 0.375, "f_2": 0.255859375, "f_3": 0.13671875, "f_4": 0.1259765625, "f_5": 0.1611328125, "f_6": 0.2177734375, "f_7": 0.1484375, "f_8": 0.10546875, "f_9": 0.09765625}, "sample6": {"f_0": 0.3623046875, "f_1": 0.26953125, "f_2": 0.220703125, "f_3": 0.150390625, "f_4": 0.1279296875, "f_5": 0.115234375, "f_6": 0.11328125, "f_7": 0.1142578125, "f_8": 0.1142578125, "f_9": 0.08984375}, "sample7": {"f_0": 0.3525390625, "f_1": 0.3515625, "f_2": 0.365234375, "f_3": 0.267578125, "f_4": 0.18359375, "f_5": 0.087890625, "f_6": 0.0732421875, "f_7": 0.0849609375, "f_8": 0.154296875, "f_9": 0.169921875}, "sample8": {"f_0": 0.3876953125, "f_1": 0.2578125, "f_2": 0.263671875, "f_3": 0.2099609375, "f_4": 0.2021484375, "f_5": 0.14453125, "f_6": 0.16015625, "f_7": 0.130859375, "f_8": 0.138671875, "f_9": 0.1201171875}, "sample9": {"f_0": 0.35546875, "f_1": 0.330078125, "f_2": 0.3662109375, "f_3": 0.3828125, "f_4": 0.3330078125, "f_5": 0.2568359375, "f_6": 0.2431640625, "f_7": 0.2158203125, "f_8": 0.1787109375, "f_9": 0.1708984375}, "sample10": {"f_0": 0.3525390625, "f_1": 0.2666015625, "f_2": 0.267578125, "f_3": 0.21875, "f_4": 0.2109375, "f_5": 0.1708984375, "f_6": 0.15234375, "f_7": 0.150390625, "f_8": 0.1240234375, "f_9": 0.11328125}, "sample11": {"f_0": 0.3720703125, "f_1": 0.36328125, "f_2": 0.3681640625, "f_3": 0.2919921875, "f_4": 0.23046875, "f_5": 0.1552734375, "f_6": 0.126953125, "f_7": 0.0966796875, "f_8": 0.1005859375, "f_9": 0.0888671875}, "sample12": {"f_0": 0.37890625, "f_1": 0.1337890625, "f_2": 0.064453125, "f_3": 0.09375, "f_4": 0.1396484375, "f_5": 0.1064453125, "f_6": 0.12890625, "f_7": 0.146484375, "f_8": 0.109375, "f_9": 0.1123046875}, "sample13": {"f_0": 0.3759765625, "f_1": 0.337890625, "f_2": 0.3701171875, "f_3": 0.28515625, "f_4": 0.16796875, "f_5": 0.1484375, "f_6": 0.1318359375, "f_7": 0.125, "f_8": 0.1142578125, "f_9": 0.0703125}, "sample14": {"f_0": 0.349609375, "f_1": 0.32421875, "f_2": 0.3037109375, "f_3": 0.2431640625, "f_4": 0.15625, "f_5": 0.16015625, "f_6": 0.1142578125, "f_7": 0.1435546875, "f_8": 0.1484375, "f_9": 0.103515625}, "sample15": {"f_0": 0.34765625, "f_1": 0.2021484375, "f_2": 0.130859375, "f_3": 0.0966796875, "f_4": 0.05859375, "f_5": 0.0517578125, "f_6": 0.0546875, "f_7": 0.0771484375, "f_8": 0.1083984375, "f_9": 0.1005859375}, "sample16": {"f_0": 0.35546875, "f_1": 0.337890625, "f_2": 0.2958984375, "f_3": 0.2197265625, "f_4": 0.1494140625, "f_5": 0.1669921875, "f_6": 0.150390625, "f_7": 0.119140625, "f_8": 0.1259765625, "f_9": 0.1181640625}, "sample17": {"f_0": 0.3349609375, "f_1": 0.205078125, "f_2": 0.15625, "f_3": 0.115234375, "f_4": 0.06640625, "f_5": 0.068359375, "f_6": 0.0537109375, "f_7": 0.0654296875, "f_8": 0.072265625, "f_9": 0.0830078125}, "sample18": {"f_0": 0.3798828125, "f_1": 0.3271484375, "f_2": 0.34765625, "f_3": 0.328125, "f_4": 0.2578125, "f_5": 0.2275390625, "f_6": 0.1865234375, "f_7": 0.138671875, "f_8": 0.146484375, "f_9": 0.146484375}, "sample19": {"f_0": 0.3740234375, "f_1": 0.2119140625, "f_2": 0.1015625, "f_3": 0.080078125, "f_4": 0.1171875, "f_5": 0.083984375, "f_6": 0.09765625, "f_7": 0.1181640625, "f_8": 0.091796875, "f_9": 0.1171875}, "sample20": {"f_0": 0.361328125, "f_1": 0.255859375, "f_2": 0.2119140625, "f_3": 0.189453125, "f_4": 0.177734375, "f_5": 0.146484375, "f_6": 0.1376953125, "f_7": 0.123046875, "f_8": 0.10546875, "f_9": 0.0703125}, "sample21": {"f_0": 0.34375, "f_1": 0.3017578125, "f_2": 0.3525390625, "f_3": 0.3427734375, "f_4": 0.3544921875, "f_5": 0.2900390625, "f_6": 0.271484375, "f_7": 0.291015625, "f_8": 0.2587890625, "f_9": 0.216796875}, "sample22": {"f_0": 0.326171875, "f_1": 0.2705078125, "f_2": 0.267578125, "f_3": 0.2548828125, "f_4": 0.267578125, "f_5": 0.2216796875, "f_6": 0.2021484375, "f_7": 0.2265625, "f_8": 0.21875, "f_9": 0.1943359375}, "sample23": {"f_0": 0.37109375, "f_1": 0.2587890625, "f_2": 0.2587890625, "f_3": 0.18359375, "f_4": 0.130859375, "f_5": 0.177734375, "f_6": 0.142578125, "f_7": 0.1240234375, "f_8": 0.125, "f_9": 0.091796875}, "sample24": {"f_0": 0.3828125, "f_1": 0.3271484375, "f_2": 0.3212890625, "f_3": 0.2158203125, "f_4": 0.1201171875, "f_5": 0.107421875, "f_6": 0.068359375, "f_7": 0.060546875, "f_8": 0.052734375, "f_9": 0.0791015625}, "sample25": {"f_0": 0.353515625, "f_1": 0.171875, "f_2": 0.0927734375, "f_3": 0.0869140625, "f_4": 0.1875, "f_5": 0.1650390625, "f_6": 0.205078125, "f_7": 0.1796875, "f_8": 0.12890625, "f_9": 0.1533203125}, "sample26": {"f_0": 0.357421875, "f_1": 0.3359375, "f_2": 0.3662109375, "f_3": 0.37109375, "f_4": 0.294921875, "f_5": 0.251953125, "f_6": 0.181640625, "f_7": 0.1328125, "f_8": 0.1220703125, "f_9": 0.080078125}, "sample27": {"f_0": 0.3466796875, "f_1": 0.1416015625, "f_2": 0.083984375, "f_3": 0.0986328125, "f_4": 0.1728515625, "f_5": 0.14453125, "f_6": 0.1416015625, "f_7": 0.107421875, "f_8": 0.1240234375, "f_9": 0.12109375}, "sample28": {"f_0": 0.3642578125, "f_1": 0.1669921875, "f_2": 0.09375, "f_3": 0.123046875, "f_4": 0.22265625, "f_5": 0.1171875, "f_6": 0.1279296875, "f_7": 0.119140625, "f_8": 0.1279296875, "f_9": 0.0986328125}, "sample29": {"f_0": 0.3564453125, "f_1": 0.1943359375, "f_2": 0.12890625, "f_3": 0.1357421875, "f_4": 0.1875, "f_5": 0.1376953125, "f_6": 0.134765625, "f_7": 0.126953125, "f_8": 0.1103515625, "f_9": 0.095703125}, "sample30": {"f_0": 0.357421875, "f_1": 0.2265625, "f_2": 0.138671875, "f_3": 0.0869140625, "f_4": 0.087890625, "f_5": 0.068359375, "f_6": 0.076171875, "f_7": 0.087890625, "f_8": 0.12109375, "f_9": 0.064453125}, "sample31": {"f_0": 0.34765625, "f_1": 0.3046875, "f_2": 0.2314453125, "f_3": 0.17578125, "f_4": 0.11328125, "f_5": 0.134765625, "f_6": 0.125, "f_7": 0.1162109375, "f_8": 0.0908203125, "f_9": 0.078125}, "sample32": {"f_0": 0.3662109375, "f_1": 0.2900390625, "f_2": 0.2919921875, "f_3": 0.23046875, "f_4": 0.1826171875, "f_5": 0.169921875, "f_6": 0.146484375, "f_7": 0.09765625, "f_8": 0.126953125, "f_9": 0.09765625}, "sample33": {"f_0": 0.349609375, "f_1": 0.3046875, "f_2": 0.2685546875, "f_3": 0.26171875, "f_4": 0.2626953125, "f_5": 0.2060546875, "f_6": 0.2099609375, "f_7": 0.1806640625, "f_8": 0.1884765625, "f_9": 0.1259765625}, "sample34": {"f_0": 0.3466796875, "f_1": 0.357421875, "f_2": 0.357421875, "f_3": 0.30078125, "f_4": 0.2275390625, "f_5": 0.154296875, "f_6": 0.1025390625, "f_7": 0.1162109375, "f_8": 0.1240234375, "f_9": 0.1357421875}, "sample35": {"f_0": 0.3505859375, "f_1": 0.2412109375, "f_2": 0.228515625, "f_3": 0.1845703125, "f_4": 0.1630859375, "f_5": 0.12109375, "f_6": 0.099609375, "f_7": 0.087890625, "f_8": 0.0751953125, "f_9": 0.0810546875}, "sample36": {"f_0": 0.3583984375, "f_1": 0.2451171875, "f_2": 0.201171875, "f_3": 0.1884765625, "f_4": 0.158203125, "f_5": 0.11328125, "f_6": 0.1025390625, "f_7": 0.0751953125, "f_8": 0.068359375, "f_9": 0.068359375}, "sample37": {"f_0": 0.361328125, "f_1": 0.3232421875, "f_2": 0.3271484375, "f_3": 0.3505859375,