{"sample0": {"f_0": 0.01308116689324379, "f_1": 0.04663064330816269, "f_2": 0.07430115342140198, "f_3": 0.16703657805919647, "f_4": 0.2702290415763855, "f_5": 0.2595883011817932, "f_6": 0.2122877836227417, "f_7": 0.22924822568893433, "f_8": 0.176552876830101, "f_9": 0.13267333805561066}, "sample1": {"f_0": 0.015842942520976067, "f_1": 0.09278164803981781, "f_2": 0.220363050699234, "f_3": 0.31297409534454346, "f_4": 0.30433985590934753, "f_5": 0.2393370270729065, "f_6": 0.13944482803344727, "f_7": 0.10652267932891846, "f_8": 0.10587979108095169, "f_9": 0.22224517166614532}, "sample2": {"f_0": 0.012085262686014175, "f_1": 0.10112594068050385, "f_2": 0.18889190256595612, "f_3": 0.33978474140167236, "f_4": 0.37563908100128174, "f_5": 0.3479771018028259, "f_6": 0.3346642255783081, "f_7": 0.30888664722442627, "f_8": 0.26060765981674194, "f_9": 0.2277231216430664}, "sample3": {"f_0": 0.02296649105846882, "f_1": 0.06251402199268341, "f_2": 0.0927899181842804, "f_3": 0.10980744659900665, "f_4": 0.19629858434200287, "f_5": 0.20839166641235352, "f_6": 0.21747326850891113, "f_7": 0.18973347544670105, "f_8": 0.1655208170413971, "f_9": 0.2854668200016022}, "sample4": {"f_0": 0.018756723031401634, "f_1": 0.09146790951490402, "f_2": 0.17084148526191711, "f_3": 0.2367892563343048, "f_4": 0.29185721278190613, "f_5": 0.25743693113327026, "f_6": 0.21915380656719208, "f_7": 0.19137515127658844, "f_8": 0.17517071962356567, "f_9": 0.2832396626472473}, "sample5": {"f_0": 0.027102405205368996, "f_1": 0.30044496059417725, "f_2": 0.3955458700656891, "f_3": 0.31572821736335754, "f_4": 0.3100205361843109, "f_5": 0.19484448432922363, "f_6": 0.27188459038734436, "f_7": 0.4354328215122223, "f_8": 0.309384286403656, "f_9": 0.23082198202610016}, "sample6": {"f_0": 0.05694336071610451, "f_1": 0.07960104942321777, "f_2": 0.09789127111434937, "f_3": 0.19462616741657257, "f_4": 0.29968294501304626, "f_5": 0.24147401750087738, "f_6": 0.24881930649280548, "f_7": 0.25544342398643494, "f_8": 0.2551267445087433, "f_9": 0.28227338194847107}, "sample7": {"f_0": 0.048852089792490005, "f_1": 0.10843739658594131, "f_2": 0.17055711150169373, "f_3": 0.2957715094089508, "f_4": 0.35456326603889465, "f_5": 0.43059998750686646, "f_6": 0.3345860242843628, "f_7": 0.242240771651268, "f_8": 0.12460963428020477, "f_9": 0.13974325358867645}, "sample8": {"f_0": 0.04072001948952675, "f_1": 0.07174249738454819, "f_2": 0.07574451714754105, "f_3": 0.09166042506694794, "f_4": 0.120401531457901, "f_5": 0.11698494106531143, "f_6": 0.1474347710609436, "f_7": 0.14782385528087616, "f_8": 0.2040902078151703, "f_9": 0.15554490685462952}, "sample9": {"f_0": 0.04487274959683418, "f_1": 0.09173597395420074, "f_2": 0.16485059261322021, "f_3": 0.1908837854862213, "f_4": 0.25188225507736206, "f_5": 0.38096415996551514, "f_6": 0.32604438066482544, "f_7": 0.36125320196151733, "f_8": 0.385669082403183, "f_9": 0.416877418756485}, "sample10": {"f_0": 0.06542327255010605, "f_1": 0.11025673896074295, "f_2": 0.08924788981676102, "f_3": 0.07516148686408997, "f_4": 0.0778302550315857, "f_5": 0.11668597161769867, "f_6": 0.14125895500183105, "f_7": 0.12100441008806229, "f_8": 0.10031156241893768, "f_9": 0.1563458889722824}, "sample11": {"f_0": 0.044040367007255554, "f_1": 0.11458196491003036, "f_2": 0.17974308133125305, "f_3": 0.2780143618583679, "f_4": 0.35859209299087524, "f_5": 0.42727383971214294, "f_6": 0.38699257373809814, "f_7": 0.3311518132686615, "f_8": 0.2799989879131317, "f_9": 0.2424784004688263}, "sample12": {"f_0": 0.05587409809231758, "f_1": 0.0865861028432846, "f_2": 0.27277860045433044, "f_3": 0.3178529143333435, "f_4": 0.2868920862674713, "f_5": 0.31113025546073914, "f_6": 0.2462312877178192, "f_7": 0.22746509313583374, "f_8": 0.2422071397304535, "f_9": 0.18429891765117645}, "sample13": {"f_0": 0.05795487016439438, "f_1": 0.12296878546476364, "f_2": 0.294568806886673, "f_3": 0.3827601969242096, "f_4": 0.35097450017929077, "f_5": 0.33404579758644104, "f_6": 0.3034350275993347, "f_7": 0.279025673866272, "f_8": 0.29244425892829895, "f_9": 0.316147118806839}, "sample14": {"f_0": 0.05437774956226349, "f_1": 0.13907529413700104, "f_2": 0.1836811602115631, "f_3": 0.25556695461273193, "f_4": 0.2524220943450928, "f_5": 0.3011665940284729, "f_6": 0.29712972044944763, "f_7": 0.25929972529411316, "f_8": 0.26596492528915405, "f_9": 0.19427335262298584}, "sample15": {"f_0": 0.05102383345365524, "f_1": 0.10829722136259079, "f_2": 0.20288366079330444, "f_3": 0.24251689016819, "f_4": 0.28860190510749817, "f_5": 0.3050067126750946, "f_6": 0.370069682598114, "f_7": 0.38384318351745605, "f_8": 0.43090036511421204, "f_9": 0.4388963282108307}, "sample16": {"f_0": 0.06267867237329483, "f_1": 0.14581575989723206, "f_2": 0.17154133319854736, "f_3": 0.2445487380027771, "f_4": 0.29289498925209045, "f_5": 0.26043570041656494, "f_6": 0.28091350197792053, "f_7": 0.28841811418533325, "f_8": 0.28265413641929626, "f_9": 0.23991826176643372}, "sample17": {"f_0": 0.04639080539345741, "f_1": 0.09506700932979584, "f_2": 0.1740286499261856, "f_3": 0.16976740956306458, "f_4": 0.2972651422023773, "f_5": 0.3562110960483551, "f_6": 0.3305562436580658, "f_7": 0.4170423746109009, "f_8": 0.5157110095024109, "f_9": 0.5018007159233093}, "sample18": {"f_0": 0.06590830534696579, "f_1": 0.0948738306760788, "f_2": 0.11622718721628189, "f_3": 0.17819243669509888, "f_4": 0.18048222362995148, "f_5": 0.18555693328380585, "f_6": 0.1962672919034958, "f_7": 0.20198193192481995, "f_8": 0.19556587934494019, "f_9": 0.17307701706886292}, "sample19": {"f_0": 0.0639704242348671, "f_1": 0.0814523920416832, "f_2": 0.09418962150812149, "f_3": 0.22270068526268005, "f_4": 0.27179569005966187, "f_5": 0.27349168062210083, "f_6": 0.3064633309841156, "f_7": 0.3016158938407898, "f_8": 0.299113005399704, "f_9": 0.2658783793449402}, "sample20": {"f_0": 0.05439482256770134, "f_1": 0.08976201713085175, "f_2": 0.07810799032449722, "f_3": 0.08820291608572006, "f_4": 0.08908185362815857, "f_5": 0.07877863198518753, "f_6": 0.09509256482124329, "f_7": 0.09957360476255417, "f_8": 0.11953823268413544, "f_9": 0.08471396565437317}, "sample21": {"f_0": 0.060824133455753326, "f_1": 0.09673476964235306, "f_2": 0.10560142993927002, "f_3": 0.10450414568185806, "f_4": 0.10704372823238373, "f_5": 0.09616011381149292, "f_6": 0.10973792523145676, "f_7": 0.11569618433713913, "f_8": 0.15427863597869873, "f_9": 0.13991278409957886}, "sample22": {"f_0": 0.06401161104440689, "f_1": 0.06913276016712189, "f_2": 0.07278009504079819, "f_3": 0.07510536909103394, "f_4": 0.07768841087818146, "f_5": 0.09893839806318283, "f_6": 0.09610965102910995, "f_7": 0.09898212552070618, "f_8": 0.08501036465167999, "f_9": 0.14082831144332886}, "sample23": {"f_0": 0.06127797067165375, "f_1": 0.0858905240893364, "f_2": 0.11435158550739288, "f_3": 0.19336651265621185, "f_4": 0.2966010570526123, "f_5": 0.3159318268299103, "f_6": 0.30058491230010986, "f_7": 0.27802252769470215, "f_8": 0.24110092222690582, "f_9": 0.298001766204834}, "sample24": {"f_0": 0.05157303065061569, "f_1": 0.08316877484321594, "f_2": 0.1211325004696846, "f_3": 0.20040081441402435, "f_4": 0.31242209672927856, "f_5": 0.43365004658699036, "f_6": 0.4628959596157074, "f_7": 0.4617878794670105, "f_8": 0.3621310293674469, "f_9": 0.21579957008361816}, "sample25": {"f_0": 0.0625474825501442, "f_1": 0.12683624029159546, "f_2": 0.2182985544204712, "f_3": 0.2721051871776581, "f_4": 0.2998848855495453, "f_5": 0.37931570410728455, "f_6": 0.3482953906059265, "f_7": 0.25563934445381165, "f_8": 0.25633326172828674, "f_9": 0.15279215574264526}, "sample26": {"f_0": 0.050878752022981644, "f_1": 0.1427851766347885, "f_2": 0.19880248606204987, "f_3": 0.2685951292514801, "f_4": 0.2536907196044922, "f_5": 0.41214191913604736, "f_6": 0.4216635823249817, "f_7": 0.36842840909957886, "f_8": 0.3530522584915161, "f_9": 0.19233879446983337}, "sample27": {"f_0": 0.039966292679309845, "f_1": 0.1711186021566391, "f_2": 0.28753429651260376, "f_3": 0.3243168890476227, "f_4": 0.2172660529613495,