{"sample0": {"f_0": 0.032958984375, "f_1": 0.04541015625, "f_2": 0.056884765625, "f_3": 0.108642578125, "f_4": 0.168212890625, "f_5": 0.160400390625, "f_6": 0.1328125, "f_7": 0.139404296875, "f_8": 0.112548828125, "f_9": 0.08837890625}, "sample1": {"f_0": 0.034423828125, "f_1": 0.07275390625, "f_2": 0.143798828125, "f_3": 0.19580078125, "f_4": 0.18408203125, "f_5": 0.1455078125, "f_6": 0.0888671875, "f_7": 0.071044921875, "f_8": 0.071533203125, "f_9": 0.13671875}, "sample2": {"f_0": 0.031982421875, "f_1": 0.07763671875, "f_2": 0.126220703125, "f_3": 0.21142578125, "f_4": 0.2236328125, "f_5": 0.20703125, "f_6": 0.19873046875, "f_7": 0.184814453125, "f_8": 0.1572265625, "f_9": 0.13671875}, "sample3": {"f_0": 0.0400390625, "f_1": 0.055908203125, "f_2": 0.07080078125, "f_3": 0.078369140625, "f_4": 0.12353515625, "f_5": 0.129150390625, "f_6": 0.133544921875, "f_7": 0.11767578125, "f_8": 0.106201171875, "f_9": 0.169921875}, "sample4": {"f_0": 0.038330078125, "f_1": 0.0732421875, "f_2": 0.11767578125, "f_3": 0.15380859375, "f_4": 0.18310546875, "f_5": 0.156494140625, "f_6": 0.134521484375, "f_7": 0.122314453125, "f_8": 0.110595703125, "f_9": 0.17236328125}, "sample5": {"f_0": 0.0400390625, "f_1": 0.19189453125, "f_2": 0.2431640625, "f_3": 0.19580078125, "f_4": 0.1923828125, "f_5": 0.12060546875, "f_6": 0.16455078125, "f_7": 0.25634765625, "f_8": 0.184814453125, "f_9": 0.13916015625}, "sample6": {"f_0": 0.063232421875, "f_1": 0.06494140625, "f_2": 0.072021484375, "f_3": 0.12451171875, "f_4": 0.185302734375, "f_5": 0.150390625, "f_6": 0.154296875, "f_7": 0.15771484375, "f_8": 0.15771484375, "f_9": 0.173828125}, "sample7": {"f_0": 0.058349609375, "f_1": 0.0830078125, "f_2": 0.11572265625, "f_3": 0.1865234375, "f_4": 0.2138671875, "f_5": 0.255859375, "f_6": 0.201171875, "f_7": 0.153564453125, "f_8": 0.083251953125, "f_9": 0.09326171875}, "sample8": {"f_0": 0.052001953125, "f_1": 0.0615234375, "f_2": 0.062255859375, "f_3": 0.068359375, "f_4": 0.0830078125, "f_5": 0.07666015625, "f_6": 0.093994140625, "f_7": 0.093994140625, "f_8": 0.125244140625, "f_9": 0.096923828125}, "sample9": {"f_0": 0.054931640625, "f_1": 0.073974609375, "f_2": 0.11279296875, "f_3": 0.129150390625, "f_4": 0.16357421875, "f_5": 0.2294921875, "f_6": 0.20166015625, "f_7": 0.21533203125, "f_8": 0.230224609375, "f_9": 0.246337890625}, "sample10": {"f_0": 0.0634765625, "f_1": 0.0830078125, "f_2": 0.072265625, "f_3": 0.063232421875, "f_4": 0.064208984375, "f_5": 0.084228515625, "f_6": 0.09765625, "f_7": 0.0859375, "f_8": 0.0732421875, "f_9": 0.106201171875}, "sample11": {"f_0": 0.05517578125, "f_1": 0.08642578125, "f_2": 0.121826171875, "f_3": 0.176025390625, "f_4": 0.22021484375, "f_5": 0.253662109375, "f_6": 0.23046875, "f_7": 0.197265625, "f_8": 0.172607421875, "f_9": 0.145751953125}, "sample12": {"f_0": 0.065185546875, "f_1": 0.068603515625, "f_2": 0.173583984375, "f_3": 0.197265625, "f_4": 0.177734375, "f_5": 0.18603515625, "f_6": 0.151611328125, "f_7": 0.14111328125, "f_8": 0.1455078125, "f_9": 0.1123046875}, "sample13": {"f_0": 0.0634765625, "f_1": 0.101318359375, "f_2": 0.188232421875, "f_3": 0.237548828125, "f_4": 0.21630859375, "f_5": 0.20458984375, "f_6": 0.18115234375, "f_7": 0.1669921875, "f_8": 0.1748046875, "f_9": 0.1884765625}, "sample14": {"f_0": 0.05615234375, "f_1": 0.100341796875, "f_2": 0.119873046875, "f_3": 0.156982421875, "f_4": 0.157958984375, "f_5": 0.179931640625, "f_6": 0.177001953125, "f_7": 0.15478515625, "f_8": 0.15869140625, "f_9": 0.11767578125}, "sample15": {"f_0": 0.06201171875, "f_1": 0.0830078125, "f_2": 0.137451171875, "f_3": 0.15869140625, "f_4": 0.18359375, "f_5": 0.18603515625, "f_6": 0.22216796875, "f_7": 0.23046875, "f_8": 0.25390625, "f_9": 0.25830078125}, "sample16": {"f_0": 0.06298828125, "f_1": 0.1044921875, "f_2": 0.115966796875, "f_3": 0.155029296875, "f_4": 0.18115234375, "f_5": 0.156982421875, "f_6": 0.16796875, "f_7": 0.171630859375, "f_8": 0.168701171875, "f_9": 0.143798828125}, "sample17": {"f_0": 0.06494140625, "f_1": 0.074951171875, "f_2": 0.1181640625, "f_3": 0.117431640625, "f_4": 0.19091796875, "f_5": 0.217041015625, "f_6": 0.201171875, "f_7": 0.249267578125, "f_8": 0.305419921875, "f_9": 0.29541015625}, "sample18": {"f_0": 0.064208984375, "f_1": 0.075439453125, "f_2": 0.08642578125, "f_3": 0.11669921875, "f_4": 0.119140625, "f_5": 0.119140625, "f_6": 0.12158203125, "f_7": 0.1279296875, "f_8": 0.120361328125, "f_9": 0.106689453125}, "sample19": {"f_0": 0.068115234375, "f_1": 0.0673828125, "f_2": 0.071533203125, "f_3": 0.14404296875, "f_4": 0.1650390625, "f_5": 0.16455078125, "f_6": 0.187255859375, "f_7": 0.1806640625, "f_8": 0.17822265625, "f_9": 0.158203125}, "sample20": {"f_0": 0.05712890625, "f_1": 0.072509765625, "f_2": 0.06494140625, "f_3": 0.0703125, "f_4": 0.069580078125, "f_5": 0.06005859375, "f_6": 0.068603515625, "f_7": 0.071044921875, "f_8": 0.08154296875, "f_9": 0.06103515625}, "sample21": {"f_0": 0.065673828125, "f_1": 0.0771484375, "f_2": 0.081787109375, "f_3": 0.089599609375, "f_4": 0.0810546875, "f_5": 0.072509765625, "f_6": 0.07958984375, "f_7": 0.079833984375, "f_8": 0.103759765625, "f_9": 0.092041015625}, "sample22": {"f_0": 0.062744140625, "f_1": 0.06103515625, "f_2": 0.062744140625, "f_3": 0.064208984375, "f_4": 0.072265625, "f_5": 0.07568359375, "f_6": 0.073974609375, "f_7": 0.075927734375, "f_8": 0.066162109375, "f_9": 0.0966796875}, "sample23": {"f_0": 0.06005859375, "f_1": 0.069091796875, "f_2": 0.07958984375, "f_3": 0.124755859375, "f_4": 0.18359375, "f_5": 0.18798828125, "f_6": 0.1787109375, "f_7": 0.166259765625, "f_8": 0.145263671875, "f_9": 0.177001953125}, "sample24": {"f_0": 0.059326171875, "f_1": 0.067626953125, "f_2": 0.093505859375, "f_3": 0.129150390625, "f_4": 0.193359375, "f_5": 0.255859375, "f_6": 0.274658203125, "f_7": 0.2763671875, "f_8": 0.218017578125, "f_9": 0.133544921875}, "sample25": {"f_0": 0.06201171875, "f_1": 0.093017578125, "f_2": 0.142578125, "f_3": 0.1708984375, "f_4": 0.181396484375, "f_5": 0.223876953125, "f_6": 0.20703125, "f_7": 0.154541015625, "f_8": 0.154541015625, "f_9": 0.097412109375}, "sample26": {"f_0": 0.060791015625, "f_1": 0.103759765625, "f_2": 0.134765625, "f_3": 0.16943359375, "f_4": 0.16162109375, "f_5": 0.24609375, "f_6": 0.249267578125, "f_7": 0.218017578125, "f_8": 0.20947265625, "f_9": 0.117431640625}, "sample27": {"f_0": 0.058837890625, "f_1": 0.1181640625, "f_2": 0.18212890625, "f_3": 0.201171875, "f_4": 0.137451171875, "f_5": 0.144775390625, "f_6": 0.115234375, "f_7": 0.133056640625, "f_8": 0.160888671875, "f_9": 0.1474609375}, "sample28": {"f_0": 0.0673828125, "f_1": 0.097412109375, "f_2": 0.157958984375, "f_3": 0.188720703125, "f_4": 0.1689453125, "f_5": 0.146240234375, "f_6": 0.14013671875, "f_7": 0.171630859375, "f_8": 0.208740234375, "f_9": 0.188232421875}, "sample29": {"f_0": 0.063720703125, "f_1": 0.06640625, "f_2": 0.0888671875, "f_3": 0.178466796875, "f_4": 0.2236328125, "f_5": 0.226318359375, "f_6": 0.2060546875, "f_7": 0.154296875, "f_8": 0.160400390625, "f_9": 0.117919921875}, "sample30": {"f_0": 0.076904296875, "f_1": 0.11279296875, "f_2": 0.14794921875, "f_3": 0.159912109375, "f_4": 0.18212890625, "f_5": 0.224365234375, "f_6": 0.216552734375, "f_7": 0.23681640625, "f_8": 0.205078125, "f_9": 0.186767578125}, "sample31": {"f_0": 0.0791015625, "f_1": 0.09814453125, "f_2": 0.107666015625, "f_3": 0.14306640625, "f_4": 0.2119140625, "f_5": 0.2666015625, "f_6": 0.29052734375, "f_7": 0.283935546875, "f_8": 0.224853515625, "f_9": 0.181884765625}, "sample32": {"f_0": 0.08740234375, "f_1": 0.095458984375, "f_2": 0.084716796875, "f_3": 0.103271484375, "f_4": 0.137939453125, "f_5": 0.126708984375, "f_6": 0.14306640625, "f_7": 0.14501953125, "f_8": 0.172119140625, "f_9": 0.15869140625}, "sample33": {"f_0": 0.07861328125, "f_1": 0.0908203125, "f_2": 0.08837890625, "f_3": 0.08984375, "f_4": 0.08203125, "f_5": 0.07421875, "f_6": 0.087158203125, "f_7": 0.083251953125, "f_8": 0.090576171875, "f_9": 0.088623046875}, "sample34": {"f_0": 0.08544921875,