{"sample0": {"f_0": 0.41650390625, "f_1": 0.27001953125, "f_2": 0.190185546875, "f_3": 0.173095703125, "f_4": 0.162353515625, "f_5": 0.154296875, "f_6": 0.177001953125, "f_7": 0.221435546875, "f_8": 0.208740234375, "f_9": 0.265625}, "sample1": {"f_0": 0.422607421875, "f_1": 0.43310546875, "f_2": 0.463623046875, "f_3": 0.369140625, "f_4": 0.2470703125, "f_5": 0.17529296875, "f_6": 0.151611328125, "f_7": 0.212158203125, "f_8": 0.235107421875, "f_9": 0.308837890625}, "sample2": {"f_0": 0.422607421875, "f_1": 0.44140625, "f_2": 0.441162109375, "f_3": 0.368408203125, "f_4": 0.24462890625, "f_5": 0.214111328125, "f_6": 0.1708984375, "f_7": 0.13916015625, "f_8": 0.148193359375, "f_9": 0.12353515625}, "sample3": {"f_0": 0.424072265625, "f_1": 0.40283203125, "f_2": 0.41357421875, "f_3": 0.325927734375, "f_4": 0.27490234375, "f_5": 0.27587890625, "f_6": 0.26171875, "f_7": 0.23193359375, "f_8": 0.199951171875, "f_9": 0.143310546875}, "sample4": {"f_0": 0.423828125, "f_1": 0.465087890625, "f_2": 0.500732421875, "f_3": 0.456787109375, "f_4": 0.380126953125, "f_5": 0.28369140625, "f_6": 0.23974609375, "f_7": 0.24609375, "f_8": 0.28759765625, "f_9": 0.316162109375}, "sample5": {"f_0": 0.42431640625, "f_1": 0.080078125, "f_2": 0.1015625, "f_3": 0.1708984375, "f_4": 0.1953125, "f_5": 0.134033203125, "f_6": 0.090087890625, "f_7": 0.148193359375, "f_8": 0.20263671875, "f_9": 0.155517578125}, "sample6": {"f_0": 0.45751953125, "f_1": 0.293701171875, "f_2": 0.217041015625, "f_3": 0.17724609375, "f_4": 0.17578125, "f_5": 0.158203125, "f_6": 0.13818359375, "f_7": 0.1494140625, "f_8": 0.1787109375, "f_9": 0.160400390625}, "sample7": {"f_0": 0.453857421875, "f_1": 0.249755859375, "f_2": 0.154296875, "f_3": 0.095947265625, "f_4": 0.135009765625, "f_5": 0.224609375, "f_6": 0.295654296875, "f_7": 0.3134765625, "f_8": 0.265869140625, "f_9": 0.189697265625}, "sample8": {"f_0": 0.447265625, "f_1": 0.290771484375, "f_2": 0.236328125, "f_3": 0.18701171875, "f_4": 0.211181640625, "f_5": 0.15576171875, "f_6": 0.15673828125, "f_7": 0.16796875, "f_8": 0.146240234375, "f_9": 0.13330078125}, "sample9": {"f_0": 0.44677734375, "f_1": 0.262939453125, "f_2": 0.173095703125, "f_3": 0.134765625, "f_4": 0.08935546875, "f_5": 0.070068359375, "f_6": 0.08203125, "f_7": 0.09033203125, "f_8": 0.111328125, "f_9": 0.125732421875}, "sample10": {"f_0": 0.452392578125, "f_1": 0.276611328125, "f_2": 0.305419921875, "f_3": 0.384033203125, "f_4": 0.361328125, "f_5": 0.370849609375, "f_6": 0.39794921875, "f_7": 0.3681640625, "f_8": 0.297607421875, "f_9": 0.356201171875}, "sample11": {"f_0": 0.44140625, "f_1": 0.241455078125, "f_2": 0.12451171875, "f_3": 0.08544921875, "f_4": 0.10400390625, "f_5": 0.126220703125, "f_6": 0.187744140625, "f_7": 0.205078125, "f_8": 0.1865234375, "f_9": 0.197509765625}, "sample12": {"f_0": 0.452392578125, "f_1": 0.394775390625, "f_2": 0.411376953125, "f_3": 0.26220703125, "f_4": 0.17138671875, "f_5": 0.1728515625, "f_6": 0.14892578125, "f_7": 0.153076171875, "f_8": 0.14013671875, "f_9": 0.121337890625}, "sample13": {"f_0": 0.442626953125, "f_1": 0.205078125, "f_2": 0.0791015625, "f_3": 0.084716796875, "f_4": 0.146240234375, "f_5": 0.138427734375, "f_6": 0.15234375, "f_7": 0.151611328125, "f_8": 0.16064453125, "f_9": 0.1904296875}, "sample14": {"f_0": 0.447021484375, "f_1": 0.198974609375, "f_2": 0.124267578125, "f_3": 0.0869140625, "f_4": 0.140380859375, "f_5": 0.11376953125, "f_6": 0.139404296875, "f_7": 0.144775390625, "f_8": 0.154541015625, "f_9": 0.14453125}, "sample15": {"f_0": 0.44091796875, "f_1": 0.421142578125, "f_2": 0.499755859375, "f_3": 0.4931640625, "f_4": 0.44189453125, "f_5": 0.4091796875, "f_6": 0.3662109375, "f_7": 0.34716796875, "f_8": 0.30126953125, "f_9": 0.2314453125}, "sample16": {"f_0": 0.453125, "f_1": 0.204833984375, "f_2": 0.1318359375, "f_3": 0.098876953125, "f_4": 0.1630859375, "f_5": 0.126953125, "f_6": 0.14208984375, "f_7": 0.15185546875, "f_8": 0.156005859375, "f_9": 0.12060546875}, "sample17": {"f_0": 0.447509765625, "f_1": 0.3974609375, "f_2": 0.481689453125, "f_3": 0.4765625, "f_4": 0.463134765625, "f_5": 0.438720703125, "f_6": 0.417236328125, "f_7": 0.375732421875, "f_8": 0.335693359375, "f_9": 0.271240234375}, "sample18": {"f_0": 0.44921875, "f_1": 0.290283203125, "f_2": 0.24560546875, "f_3": 0.1337890625, "f_4": 0.126708984375, "f_5": 0.12548828125, "f_6": 0.126708984375, "f_7": 0.145751953125, "f_8": 0.16162109375, "f_9": 0.16552734375}, "sample19": {"f_0": 0.452392578125, "f_1": 0.34716796875, "f_2": 0.373779296875, "f_3": 0.362548828125, "f_4": 0.25830078125, "f_5": 0.244873046875, "f_6": 0.21630859375, "f_7": 0.198486328125, "f_8": 0.166259765625, "f_9": 0.150146484375}, "sample20": {"f_0": 0.42724609375, "f_1": 0.373779296875, "f_2": 0.37939453125, "f_3": 0.370361328125, "f_4": 0.360595703125, "f_5": 0.26513671875, "f_6": 0.29541015625, "f_7": 0.28515625, "f_8": 0.30908203125, "f_9": 0.21533203125}, "sample21": {"f_0": 0.43359375, "f_1": 0.404052734375, "f_2": 0.352783203125, "f_3": 0.25439453125, "f_4": 0.243408203125, "f_5": 0.259521484375, "f_6": 0.23193359375, "f_7": 0.20361328125, "f_8": 0.15576171875, "f_9": 0.199951171875}, "sample22": {"f_0": 0.43603515625, "f_1": 0.376953125, "f_2": 0.34912109375, "f_3": 0.334716796875, "f_4": 0.337890625, "f_5": 0.2578125, "f_6": 0.24951171875, "f_7": 0.25341796875, "f_8": 0.27978515625, "f_9": 0.19189453125}, "sample23": {"f_0": 0.44189453125, "f_1": 0.297119140625, "f_2": 0.2099609375, "f_3": 0.170654296875, "f_4": 0.19921875, "f_5": 0.10693359375, "f_6": 0.13037109375, "f_7": 0.15478515625, "f_8": 0.15966796875, "f_9": 0.17138671875}, "sample24": {"f_0": 0.437255859375, "f_1": 0.295654296875, "f_2": 0.161865234375, "f_3": 0.126708984375, "f_4": 0.192626953125, "f_5": 0.236328125, "f_6": 0.36865234375, "f_7": 0.433349609375, "f_8": 0.42041015625, "f_9": 0.31396484375}, "sample25": {"f_0": 0.4658203125, "f_1": 0.467529296875, "f_2": 0.40380859375, "f_3": 0.285400390625, "f_4": 0.141845703125, "f_5": 0.119140625, "f_6": 0.102294921875, "f_7": 0.108154296875, "f_8": 0.153564453125, "f_9": 0.114013671875}, "sample26": {"f_0": 0.453857421875, "f_1": 0.230712890625, "f_2": 0.1494140625, "f_3": 0.0966796875, "f_4": 0.10107421875, "f_5": 0.0888671875, "f_6": 0.12841796875, "f_7": 0.145751953125, "f_8": 0.1552734375, "f_9": 0.163330078125}, "sample27": {"f_0": 0.454345703125, "f_1": 0.465087890625, "f_2": 0.385009765625, "f_3": 0.229736328125, "f_4": 0.155517578125, "f_5": 0.121826171875, "f_6": 0.14501953125, "f_7": 0.1708984375, "f_8": 0.1513671875, "f_9": 0.13623046875}, "sample28": {"f_0": 0.4560546875, "f_1": 0.464111328125, "f_2": 0.39404296875, "f_3": 0.21728515625, "f_4": 0.093017578125, "f_5": 0.15966796875, "f_6": 0.166748046875, "f_7": 0.171630859375, "f_8": 0.160888671875, "f_9": 0.17138671875}, "sample29": {"f_0": 0.43798828125, "f_1": 0.29296875, "f_2": 0.279052734375, "f_3": 0.19140625, "f_4": 0.143310546875, "f_5": 0.147216796875, "f_6": 0.152099609375, "f_7": 0.147705078125, "f_8": 0.17919921875, "f_9": 0.135986328125}, "sample30": {"f_0": 0.455322265625, "f_1": 0.468017578125, "f_2": 0.488037109375, "f_3": 0.438232421875, "f_4": 0.332275390625, "f_5": 0.3662109375, "f_6": 0.335693359375, "f_7": 0.253662109375, "f_8": 0.183349609375, "f_9": 0.218505859375}, "sample31": {"f_0": 0.46923828125, "f_1": 0.238037109375, "f_2": 0.15283203125, "f_3": 0.15185546875, "f_4": 0.20556640625, "f_5": 0.23193359375, "f_6": 0.26904296875, "f_7": 0.226806640625, "f_8": 0.220458984375, "f_9": 0.220703125}, "sample32": {"f_0": 0.468505859375, "f_1": 0.351318359375, "f_2": 0.27587890625, "f_3": 0.1904296875, "f_4": 0.156494140625, "f_5": 0.163330078125, "f_6": 0.15771484375, "f_7": 0.155029296875, "f_8": 0.145751953125, "f_9": 0.137451171875}, "sample33": {"f_0": 0.460205078125, "f_1": 0.362060546875, "f_2": 0.3779296875, "f_3": 0.332763671875, "f_4": 0.3115234375, "f_5": 0.235107421875, "f_6": 0.208984375, "f_7": 0.19775390625, "f_8": 0.183349609375, "f_9": 0.141845703125},