{"sample0": {"f_0": 0.4999999999999999, "f_1": 0.4323364678208965, "f_2": 0.3029731334330469, "f_3": 0.2189384002378085, "f_4": 0.21585473232753366, "f_5": 0.2761572355960744, "f_6": 0.38945842488424093, "f_7": 0.5427105432376893, "f_8": 0.6819542928087053, "f_9": 0.725650160919178}, "sample1": {"f_0": 0.4999999999999999, "f_1": 0.6751632633749917, "f_2": 0.7026176766549652, "f_3": 0.5906182981228084, "f_4": 0.42271671160788904, "f_5": 0.29715323740713534, "f_6": 0.283137772632571, "f_7": 0.3888113492932485, "f_8": 0.5551436481209475, "f_9": 0.695355481172082}, "sample2": {"f_0": 0.4999999999999999, "f_1": 0.6980400343107568, "f_2": 0.7297235808710654, "f_3": 0.6489157042841648, "f_4": 0.5378934055417499, "f_5": 0.42708720281547113, "f_6": 0.3356740945086581, "f_7": 0.28059950642262044, "f_8": 0.25530046612452645, "f_9": 0.24153603292718978}, "sample3": {"f_0": 0.4999999999999999, "f_1": 0.5620549086058252, "f_2": 0.5793413432116933, "f_3": 0.5617752733888032, "f_4": 0.5134232233152879, "f_5": 0.43962319822524537, "f_6": 0.35452355386448653, "f_7": 0.27314202282063843, "f_8": 0.20427778735813337, "f_9": 0.15300093784455093}, "sample4": {"f_0": 0.4999999999999999, "f_1": 0.6376013765390628, "f_2": 0.6934359267510615, "f_3": 0.6576161334760706, "f_4": 0.561648265238238, "f_5": 0.4628437406908682, "f_6": 0.4153755038595689, "f_7": 0.44270996214363195, "f_8": 0.5262159868790813, "f_9": 0.615681987348499}, "sample5": {"f_0": 0.4999999999999999, "f_1": 0.10314602032456767, "f_2": 0.08299179075540376, "f_3": 0.17857532925398237, "f_4": 0.2004443738057243, "f_5": 0.11245690316476031, "f_6": 0.06633322784261711, "f_7": 0.2234706702835385, "f_8": 0.3014563819881473, "f_9": 0.2750365656574373}, "sample6": {"f_0": 0.4999999999999999, "f_1": 0.39263358280493377, "f_2": 0.2791840861432871, "f_3": 0.2378531587088106, "f_4": 0.23613916083195663, "f_5": 0.2263174201106606, "f_6": 0.21468017943169868, "f_7": 0.22859028565523049, "f_8": 0.27496507044054314, "f_9": 0.3313793923504411}, "sample7": {"f_0": 0.4999999999999999, "f_1": 0.25055773887431276, "f_2": 0.0766522665712244, "f_3": 0.060891543882342296, "f_4": 0.18271144515320728, "f_5": 0.3467215980831901, "f_6": 0.44641311891417546, "f_7": 0.42699972328582775, "f_8": 0.3130655427018934, "f_9": 0.17891410960243379}, "sample8": {"f_0": 0.4999999999999999, "f_1": 0.4669041799376494, "f_2": 0.4150400250431422, "f_3": 0.37373174023965955, "f_4": 0.35315356881062165, "f_5": 0.3431846681204743, "f_6": 0.32906814835888926, "f_7": 0.30452386805257675, "f_8": 0.27408461906065734, "f_9": 0.24733908561056242}, "sample9": {"f_0": 0.4999999999999999, "f_1": 0.3648587884656636, "f_2": 0.23767023267834694, "f_3": 0.14071285727262664, "f_4": 0.08220935013335766, "f_5": 0.05628319906296347, "f_6": 0.05025974864468812, "f_7": 0.054222096797388285, "f_8": 0.06703977927331202, "f_9": 0.09566523017938107}, "sample10": {"f_0": 0.4999999999999999, "f_1": 0.5366484262906073, "f_2": 0.5715208300088023, "f_3": 0.6067316512947913, "f_4": 0.6421894077334114, "f_5": 0.6757983078471251, "f_6": 0.7057126885041541, "f_7": 0.732138003507961, "f_8": 0.7568015120473783, "f_9": 0.7808612438313681}, "sample11": {"f_0": 0.4999999999999999, "f_1": 0.25235892048352493, "f_2": 0.07711174283956823, "f_3": 0.03550424291527634, "f_4": 0.09644047228527179, "f_5": 0.19383737304904516, "f_6": 0.27865540132174527, "f_7": 0.3305604520833363, "f_8": 0.3488540095088505, "f_9": 0.3485196904876618}, "sample12": {"f_0": 0.4999999999999999, "f_1": 0.7189922914621102, "f_2": 0.6787784802380329, "f_3": 0.5544553385410586, "f_4": 0.42425912055627724, "f_5": 0.29565434552735526, "f_6": 0.2496777392918538, "f_7": 0.26150615985586, "f_8": 0.25759240418355395, "f_9": 0.25277366131343865}, "sample13": {"f_0": 0.4999999999999999, "f_1": 0.22070052784274205, "f_2": 0.05502054795963199, "f_3": 0.05188983024006145, "f_4": 0.10890908706787344, "f_5": 0.14372586619141117, "f_6": 0.1869917998036457, "f_7": 0.29786395682721745, "f_8": 0.4436834388948817, "f_9": 0.5106124926493008}, "sample14": {"f_0": 0.4999999999999999, "f_1": 0.33191215387349243, "f_2": 0.1822906256047032, "f_3": 0.11798735774381665, "f_4": 0.13569655571838368, "f_5": 0.18515393227422203, "f_6": 0.22063286480486796, "f_7": 0.22767724285835972, "f_8": 0.21999885972138852, "f_9": 0.21835578004799414}, "sample15": {"f_0": 0.4999999999999999, "f_1": 0.6309218827031946, "f_2": 0.7169528212235586, "f_3": 0.7562376999741406, "f_4": 0.761242825835545, "f_5": 0.7411820845263112, "f_6": 0.693324996893422, "f_7": 0.6113901310191096, "f_8": 0.5002715335256752, "f_9": 0.3798479301581659}, "sample16": {"f_0": 0.4999999999999999, "f_1": 0.3319527357499891, "f_2": 0.19306835049182997, "f_3": 0.14771951320058652, "f_4": 0.16745610185787058, "f_5": 0.18235580614469224, "f_6": 0.15677678859018734, "f_7": 0.11327578444540805, "f_8": 0.09804272924085508, "f_9": 0.12992226135592225}, "sample17": {"f_0": 0.4999999999999999, "f_1": 0.6152217166252175, "f_2": 0.6944177114698743, "f_3": 0.7340372844331687, "f_4": 0.7445586284778123, "f_5": 0.7396814979991168, "f_6": 0.7263752585062204, "f_7": 0.701688889250921, "f_8": 0.6572863717773887, "f_9": 0.5886519065994191}, "sample18": {"f_0": 0.4999999999999999, "f_1": 0.3690646489999448, "f_2": 0.2448046866069839, "f_3": 0.15747348270865846, "f_4": 0.11909432361260555, "f_5": 0.12181021509471021, "f_6": 0.14565979601064763, "f_7": 0.1700614718359206, "f_8": 0.18298635747538644, "f_9": 0.18464307469743038}, "sample19": {"f_0": 0.4999999999999999, "f_1": 0.6406210807581902, "f_2": 0.6746793772224456, "f_3": 0.6169269814966174, "f_4": 0.5187044059685592, "f_5": 0.42566471593316074, "f_6": 0.35616927474199683, "f_7": 0.302882167816401, "f_8": 0.25111880991083607, "f_9": 0.19800714456142765}, "sample20": {"f_0": 0.4999999999999999, "f_1": 0.5454902931475246, "f_2": 0.575391704670791, "f_3": 0.5923496507794008, "f_4": 0.6035629201158551, "f_5": 0.6150384621578262, "f_6": 0.6290963941309619, "f_7": 0.6452768975081924, "f_8": 0.6614763982087746, "f_9": 0.6744526288192374}, "sample21": {"f_0": 0.4999999999999999, "f_1": 0.42651322235724715, "f_2": 0.3505617316747763, "f_3": 0.27707617807937884, "f_4": 0.2103661021747149, "f_5": 0.15365708127815886, "f_6": 0.10890337308612123, "f_7": 0.0767823673144652, "f_8": 0.05682322882407388, "f_9": 0.04766624234434542}, "sample22": {"f_0": 0.4999999999999999, "f_1": 0.5063548461855744, "f_2": 0.5118549845275127, "f_3": 0.5165846250493101, "f_4": 0.5207813694380057, "f_5": 0.5246647835948023, "f_6": 0.5283302051346589, "f_7": 0.5317596778635276, "f_8": 0.5349020289051736, "f_9": 0.5377491298963627}, "sample23": {"f_0": 0.4999999999999999, "f_1": 0.3481218306260708, "f_2": 0.17796862072295438, "f_3": 0.08365330223926225, "f_4": 0.08267353993479902, "f_5": 0.14645948382338836, "f_6": 0.23956022544644484, "f_7": 0.3225271695576276, "f_8": 0.36545266248887626, "f_9": 0.36224764481835026}, "sample24": {"f_0": 0.4999999999999999, "f_1": 0.3184269792201152, "f_2": 0.15249865545290392, "f_3": 0.1020252136368635, "f_4": 0.2084770653117402, "f_5": 0.4282592881405902, "f_6": 0.6562332372981129, "f_7": 0.7828350342472751, "f_8": 0.7514062139045801, "f_9": 0.5835674083157757}, "sample25": {"f_0": 0.4999999999999999, "f_1": 0.6358941595414056, "f_2": 0.6233326364357084, "f_3": 0.4805342733479047, "f_4": 0.2766241899859862, "f_5": 0.10573272598471359, "f_6": 0.045630490353490795, "f_7": 0.11559585316378997, "f_8": 0.2800942566030148, "f_9": 0.4727569207626032}, "sample26": {"f_0": 0.4999999999999999, "f_1": 0.33812641294295886, "f_2": 0.1870778187127809, "f_3": 0.08267729617333172, "f_4": 0.04476655312455139, "f_5": 0.07177194696048976, "f_6": 0.14398230640651904, "f_7": 0.23162823323098222, "f_8": 0.30411240775573456, "f_9": 0.33882212566813885}, "sample27": {"f_0": 0.4999999999999999, "f_1": 0.7124319912473385, "f_2": 0.6424966196944148, "f_3": 0.39844171302904763, "f_4": 0.21814126053090063, "f_5": 0.21552893218703215, "f_6": 0.30344097522548075, "f_7": 0.3393260387272622,