{"sample0": {"f_0": 0.809326171875, "f_1": 0.558837890625, "f_2": 0.3779296875, "f_3": 0.24755859375, "f_4": 0.177001953125, "f_5": 0.14208984375, "f_6": 0.16015625, "f_7": 0.18359375, "f_8": 0.2021484375, "f_9": 0.259765625}, "sample1": {"f_0": 0.8095703125, "f_1": 0.566650390625, "f_2": 0.398681640625, "f_3": 0.23388671875, "f_4": 0.17724609375, "f_5": 0.142822265625, "f_6": 0.201416015625, "f_7": 0.274169921875, "f_8": 0.3154296875, "f_9": 0.216796875}, "sample2": {"f_0": 0.80517578125, "f_1": 0.568115234375, "f_2": 0.412109375, "f_3": 0.22509765625, "f_4": 0.142822265625, "f_5": 0.113037109375, "f_6": 0.104736328125, "f_7": 0.135009765625, "f_8": 0.156982421875, "f_9": 0.12890625}, "sample3": {"f_0": 0.819580078125, "f_1": 0.625244140625, "f_2": 0.513427734375, "f_3": 0.420654296875, "f_4": 0.2890625, "f_5": 0.24560546875, "f_6": 0.210205078125, "f_7": 0.219482421875, "f_8": 0.22265625, "f_9": 0.117919921875}, "sample4": {"f_0": 0.819580078125, "f_1": 0.597900390625, "f_2": 0.5068359375, "f_3": 0.375, "f_4": 0.251708984375, "f_5": 0.203125, "f_6": 0.20751953125, "f_7": 0.23095703125, "f_8": 0.271484375, "f_9": 0.208251953125}, "sample5": {"f_0": 0.817138671875, "f_1": 0.427734375, "f_2": 0.18359375, "f_3": 0.16943359375, "f_4": 0.16455078125, "f_5": 0.24560546875, "f_6": 0.204833984375, "f_7": 0.10302734375, "f_8": 0.137939453125, "f_9": 0.16455078125}, "sample6": {"f_0": 0.8310546875, "f_1": 0.555419921875, "f_2": 0.39892578125, "f_3": 0.255126953125, "f_4": 0.159912109375, "f_5": 0.170654296875, "f_6": 0.15625, "f_7": 0.152587890625, "f_8": 0.14453125, "f_9": 0.11181640625}, "sample7": {"f_0": 0.8271484375, "f_1": 0.61083984375, "f_2": 0.449951171875, "f_3": 0.2705078125, "f_4": 0.175537109375, "f_5": 0.1220703125, "f_6": 0.194580078125, "f_7": 0.254638671875, "f_8": 0.31005859375, "f_9": 0.2978515625}, "sample8": {"f_0": 0.81005859375, "f_1": 0.589111328125, "f_2": 0.53173828125, "f_3": 0.42724609375, "f_4": 0.330810546875, "f_5": 0.288818359375, "f_6": 0.2578125, "f_7": 0.244873046875, "f_8": 0.220947265625, "f_9": 0.19873046875}, "sample9": {"f_0": 0.814697265625, "f_1": 0.636474609375, "f_2": 0.55126953125, "f_3": 0.484130859375, "f_4": 0.3662109375, "f_5": 0.23046875, "f_6": 0.200927734375, "f_7": 0.169921875, "f_8": 0.1416015625, "f_9": 0.09326171875}, "sample10": {"f_0": 0.81005859375, "f_1": 0.63134765625, "f_2": 0.629150390625, "f_3": 0.603759765625, "f_4": 0.605224609375, "f_5": 0.538330078125, "f_6": 0.50634765625, "f_7": 0.506103515625, "f_8": 0.496337890625, "f_9": 0.414306640625}, "sample11": {"f_0": 0.823974609375, "f_1": 0.59423828125, "f_2": 0.448974609375, "f_3": 0.29150390625, "f_4": 0.161865234375, "f_5": 0.107666015625, "f_6": 0.098388671875, "f_7": 0.133056640625, "f_8": 0.14990234375, "f_9": 0.1484375}, "sample12": {"f_0": 0.83544921875, "f_1": 0.563232421875, "f_2": 0.303955078125, "f_3": 0.189697265625, "f_4": 0.166748046875, "f_5": 0.126220703125, "f_6": 0.1396484375, "f_7": 0.146728515625, "f_8": 0.15478515625, "f_9": 0.162841796875}, "sample13": {"f_0": 0.823486328125, "f_1": 0.56103515625, "f_2": 0.36767578125, "f_3": 0.2080078125, "f_4": 0.155517578125, "f_5": 0.146240234375, "f_6": 0.151123046875, "f_7": 0.156005859375, "f_8": 0.15625, "f_9": 0.126953125}, "sample14": {"f_0": 0.825927734375, "f_1": 0.544921875, "f_2": 0.407470703125, "f_3": 0.2431640625, "f_4": 0.180419921875, "f_5": 0.132568359375, "f_6": 0.135009765625, "f_7": 0.13671875, "f_8": 0.15283203125, "f_9": 0.157958984375}, "sample15": {"f_0": 0.81298828125, "f_1": 0.59765625, "f_2": 0.52001953125, "f_3": 0.412353515625, "f_4": 0.3310546875, "f_5": 0.278564453125, "f_6": 0.219482421875, "f_7": 0.187744140625, "f_8": 0.125244140625, "f_9": 0.0888671875}, "sample16": {"f_0": 0.836181640625, "f_1": 0.557373046875, "f_2": 0.414794921875, "f_3": 0.26513671875, "f_4": 0.1728515625, "f_5": 0.19189453125, "f_6": 0.141845703125, "f_7": 0.144775390625, "f_8": 0.142333984375, "f_9": 0.13330078125}, "sample17": {"f_0": 0.841064453125, "f_1": 0.6328125, "f_2": 0.55908203125, "f_3": 0.508544921875, "f_4": 0.37158203125, "f_5": 0.28515625, "f_6": 0.265625, "f_7": 0.215576171875, "f_8": 0.134765625, "f_9": 0.11572265625}, "sample18": {"f_0": 0.824951171875, "f_1": 0.62939453125, "f_2": 0.570556640625, "f_3": 0.4462890625, "f_4": 0.34912109375, "f_5": 0.293701171875, "f_6": 0.246337890625, "f_7": 0.22509765625, "f_8": 0.229248046875, "f_9": 0.200927734375}, "sample19": {"f_0": 0.821533203125, "f_1": 0.618896484375, "f_2": 0.517333984375, "f_3": 0.3271484375, "f_4": 0.203125, "f_5": 0.19482421875, "f_6": 0.158203125, "f_7": 0.135009765625, "f_8": 0.154541015625, "f_9": 0.131591796875}, "sample20": {"f_0": 0.8203125, "f_1": 0.6455078125, "f_2": 0.592529296875, "f_3": 0.580322265625, "f_4": 0.531982421875, "f_5": 0.477783203125, "f_6": 0.4453125, "f_7": 0.433349609375, "f_8": 0.407470703125, "f_9": 0.373779296875}, "sample21": {"f_0": 0.810302734375, "f_1": 0.635498046875, "f_2": 0.618408203125, "f_3": 0.601318359375, "f_4": 0.561279296875, "f_5": 0.493896484375, "f_6": 0.468017578125, "f_7": 0.425048828125, "f_8": 0.37939453125, "f_9": 0.353759765625}, "sample22": {"f_0": 0.828369140625, "f_1": 0.638671875, "f_2": 0.644775390625, "f_3": 0.63720703125, "f_4": 0.64111328125, "f_5": 0.5546875, "f_6": 0.55126953125, "f_7": 0.54296875, "f_8": 0.556396484375, "f_9": 0.46484375}, "sample23": {"f_0": 0.822021484375, "f_1": 0.601318359375, "f_2": 0.42822265625, "f_3": 0.284912109375, "f_4": 0.16748046875, "f_5": 0.139892578125, "f_6": 0.162109375, "f_7": 0.153564453125, "f_8": 0.170654296875, "f_9": 0.126220703125}, "sample24": {"f_0": 0.8203125, "f_1": 0.6044921875, "f_2": 0.456787109375, "f_3": 0.27392578125, "f_4": 0.17529296875, "f_5": 0.11669921875, "f_6": 0.165283203125, "f_7": 0.225830078125, "f_8": 0.279296875, "f_9": 0.265625}, "sample25": {"f_0": 0.830322265625, "f_1": 0.5625, "f_2": 0.376953125, "f_3": 0.22314453125, "f_4": 0.190185546875, "f_5": 0.124755859375, "f_6": 0.14306640625, "f_7": 0.17578125, "f_8": 0.16357421875, "f_9": 0.265625}, "sample26": {"f_0": 0.84814453125, "f_1": 0.585205078125, "f_2": 0.50390625, "f_3": 0.3876953125, "f_4": 0.32763671875, "f_5": 0.14599609375, "f_6": 0.109375, "f_7": 0.109375, "f_8": 0.128173828125, "f_9": 0.162841796875}, "sample27": {"f_0": 0.82421875, "f_1": 0.513671875, "f_2": 0.2939453125, "f_3": 0.163818359375, "f_4": 0.2060546875, "f_5": 0.182861328125, "f_6": 0.202880859375, "f_7": 0.18896484375, "f_8": 0.158447265625, "f_9": 0.1298828125}, "sample28": {"f_0": 0.8330078125, "f_1": 0.5576171875, "f_2": 0.322998046875, "f_3": 0.186279296875, "f_4": 0.2373046875, "f_5": 0.21826171875, "f_6": 0.216552734375, "f_7": 0.180908203125, "f_8": 0.144287109375, "f_9": 0.123779296875}, "sample29": {"f_0": 0.828125, "f_1": 0.552001953125, "f_2": 0.35107421875, "f_3": 0.205078125, "f_4": 0.15380859375, "f_5": 0.115966796875, "f_6": 0.12841796875, "f_7": 0.1533203125, "f_8": 0.1552734375, "f_9": 0.180908203125}, "sample30": {"f_0": 0.8330078125, "f_1": 0.58740234375, "f_2": 0.466552734375, "f_3": 0.373046875, "f_4": 0.261962890625, "f_5": 0.222412109375, "f_6": 0.190673828125, "f_7": 0.133056640625, "f_8": 0.128662109375, "f_9": 0.13818359375}, "sample31": {"f_0": 0.840087890625, "f_1": 0.537353515625, "f_2": 0.36669921875, "f_3": 0.220947265625, "f_4": 0.1484375, "f_5": 0.104248046875, "f_6": 0.1123046875, "f_7": 0.10546875, "f_8": 0.13232421875, "f_9": 0.149169921875}, "sample32": {"f_0": 0.841796875, "f_1": 0.595458984375, "f_2": 0.49658203125, "f_3": 0.371826171875, "f_4": 0.2548828125, "f_5": 0.2275390625, "f_6": 0.209716796875, "f_7": 0.1884765625, "f_8": 0.16162109375, "f_9": 0.143798828125}, "sample33": {"f_0": 0.84375, "f_1": 0.6201171875, "f_2": 0.6064453125, "f_3": 0.59228515625, "f_4": 0.554931640625, "f_5": 0.43505859375, "f_6": 0.42138671875, "f_7": 0.379150390625, "f_8": 0.363525390625, "f_9": 0.27880859375}, "sample34": {"f_0": 0.845703125, "f_1": 0.630615234375, "f_2": 0.47802734375, "f_3": 0.295166015625,