{"sample_id":{"0":0,"1":1,"2":2,"3":3,"4":4,"5":5,"6":6,"7":7,"8":8,"9":9,"10":10,"11":11,"12":12,"13":13,"14":14,"15":15,"16":16,"17":17,"18":18,"19":19,"20":20,"21":21,"22":22,"23":23,"24":24,"25":25,"26":26,"27":27,"28":28,"29":29,"30":30,"31":31,"32":32,"33":33,"34":34,"35":35,"36":36,"37":37,"38":38,"39":39,"40":40,"41":41,"42":42,"43":43,"44":44,"45":45,"46":46,"47":47,"48":48,"49":49,"50":50,"51":51,"52":52,"53":53,"54":54,"55":55,"56":56,"57":57,"58":58,"59":59,"60":60,"61":61,"62":62,"63":63,"64":64,"65":65,"66":66,"67":67,"68":68,"69":69,"70":70,"71":71,"72":72,"73":73,"74":74,"75":75,"76":76,"77":77,"78":78,"79":79,"80":80,"81":81,"82":82,"83":83,"84":84,"85":85,"86":86,"87":87,"88":88,"89":89,"90":90,"91":91,"92":92,"93":93,"94":94,"95":95,"96":96,"97":97,"98":98,"99":99},"f_0 Re":{"0":1.0,"1":1.0,"2":1.0,"3":1.0,"4":1.0,"5":1.0,"6":1.0,"7":1.0,"8":1.0,"9":1.0,"10":1.0,"11":1.0,"12":1.0,"13":1.0,"14":1.0,"15":1.0,"16":1.0,"17":1.0,"18":1.0,"19":1.0,"20":1.0,"21":1.0,"22":1.0,"23":1.0,"24":1.0,"25":1.0,"26":1.0,"27":1.0,"28":1.0,"29":1.0,"30":1.0,"31":1.0,"32":1.0,"33":1.0,"34":1.0,"35":1.0,"36":1.0,"37":1.0,"38":1.0,"39":1.0,"40":1.0,"41":1.0,"42":1.0,"43":1.0,"44":1.0,"45":1.0,"46":1.0,"47":1.0,"48":1.0,"49":1.0,"50":1.0,"51":1.0,"52":1.0,"53":1.0,"54":1.0,"55":1.0,"56":1.0,"57":1.0,"58":1.0,"59":1.0,"60":1.0,"61":1.0,"62":1.0,"63":1.0,"64":1.0,"65":1.0,"66":1.0,"67":1.0,"68":1.0,"69":1.0,"70":1.0,"71":1.0,"72":1.0,"73":1.0,"74":1.0,"75":1.0,"76":1.0,"77":1.0,"78":1.0,"79":1.0,"80":1.0,"81":1.0,"82":1.0,"83":1.0,"84":1.0,"85":1.0,"86":1.0,"87":1.0,"88":1.0,"89":1.0,"90":1.0,"91":1.0,"92":1.0,"93":1.0,"94":1.0,"95":1.0,"96":1.0,"97":1.0,"98":1.0,"99":1.0},"f_1 Re":{"0":0.9938858074,"1":0.9776272671,"2":0.9940346592,"3":0.9960171118,"4":0.9941861173,"5":0.9926700822,"6":0.9966043298,"7":0.9885106453,"8":0.99167833,"9":0.9940605722,"10":0.9873248709,"11":0.9978849946,"12":0.9952495527,"13":0.9958651381,"14":0.9918779989,"15":0.9988546165,"16":0.9928910784,"17":0.9913000328,"18":0.9959497352,"19":0.9935957175,"20":0.9991085426,"21":0.9986882942,"22":0.9975437819,"23":0.9957754752,"24":0.9961305931,"25":0.9976240596,"26":0.9959806885,"27":0.9883972993,"28":0.9914526168,"29":0.9932284577,"30":0.9936976377,"31":0.9975149883,"32":0.9915009597,"33":0.9910140319,"34":0.9869734099,"35":0.999854055,"36":0.9831477461,"37":0.9981371813,"38":0.9915615687,"39":0.9976520347,"40":0.9960384863,"41":0.9880013409,"42":0.9932372801,"43":0.9859414069,"44":0.9975402659,"45":0.9785229238,"46":0.9856433159,"47":0.9888380333,"48":0.9973055418,"49":0.9978761766,"50":0.9900197559,"51":0.987768604,"52":0.998465451,"53":0.9782037311,"54":0.9887299253,"55":0.9943680063,"56":0.9811552489,"57":0.991118993,"58":0.9897873308,"59":0.9909662559,"60":0.992386697,"61":0.9952870095,"62":0.9885094631,"63":0.9799280235,"64":0.9809339715,"65":0.9994880496,"66":0.9978984702,"67":0.9998368695,"68":0.9922105244,"69":0.9890740797,"70":0.9992439738,"71":0.9963912519,"72":0.9907220357,"73":0.9979566822,"74":0.9866465292,"75":0.9777249772,"76":0.99201522,"77":0.986812609,"78":0.9953290249,"79":0.986855626,"80":0.9949863509,"81":0.9983910085,"82":0.9995712583,"83":0.9986159383,"84":0.9968268981,"85":0.9924063188,"86":0.989987089,"87":0.9979206726,"88":0.9909089473,"89":0.9903529596,"90":0.9908612818,"91":0.9979161729,"92":0.9995608015,"93":0.9868289182,"94":0.996863407,"95":0.9892973839,"96":0.9851819246,"97":0.9712552215,"98":0.9898685316,"99":0.9958184624},"f_1 Im":{"0":-0.10873894,"1":-0.1678486535,"2":0.0620860788,"3":-0.0794209299,"4":0.0367442284,"5":0.1196407863,"6":-0.0712536832,"7":0.034365648,"8":-0.0860799653,"9":-0.0111628929,"10":0.0615581749,"11":0.06429848,"12":0.0970586,"13":-0.0886797209,"14":-0.1127815845,"15":-0.0322780891,"16":-0.0377841212,"17":0.0961563499,"18":0.0181840795,"19":-0.0065736004,"20":-0.041227756,"21":-0.028880634,"22":0.0336145144,"23":-0.0203753074,"24":-0.0277903655,"25":-0.0234518345,"26":0.009694471,"27":0.115732461,"28":-0.0239270698,"29":-0.0470755173,"30":0.0936738791,"31":-0.0328863158,"32":0.01725071,"33":-0.0399758866,"34":0.0658670342,"35":-0.0062461215,"36":0.1324979798,"37":0.0038639289,"38":0.0657608705,"39":-0.0650849777,"40":0.0754858285,"41":-0.0571061673,"42":0.0333407652,"43":-0.1314828416,"44":-0.0510072313,"45":0.1481966457,"46":-0.1069694075,"47":0.0583139935,"48":-0.0059113254,"49":0.0622590708,"50":0.0669392976,"51":-0.0963228282,"52":0.0237164603,"53":-0.1676193238,"54":-0.0382451494,"55":0.0234293046,"56":0.1313938436,"57":-0.108793053,"58":-0.0080926046,"59":-0.0550115431,"60":-0.0028524103,"61":0.0460711311,"62":-0.0819601303,"63":0.1452030902,"64":0.1644877036,"65":0.0071490763,"66":-0.025631786,"67":-0.0180604648,"68":0.0915810323,"69":-0.0877023795,"70":0.0293760597,"71":-0.0514647049,"72":-0.0678226485,"73":-0.0133354616,"74":0.0786894831,"75":-0.1483652431,"76":-0.0260690977,"77":0.0700204884,"78":-0.015208188,"79":-0.0582368601,"80":0.036677554,"81":-0.045926136,"82":-0.0101612303,"83":-0.022225431,"84":0.0090707558,"85":0.072736589,"86":0.138030379,"87":-0.0247977907,"88":-0.0843975138,"89":0.0692976237,"90":0.0887906505,"91":0.030726355,"92":-0.0296004335,"93":-0.0760083505,"94":-0.0091124414,"95":-0.0371899145,"96":-0.1177669793,"97":0.1977655813,"98":-0.0661616636,"99":-0.0259994256},"f_2 Re":{"0":0.9756217354,"1":0.911850917,"2":0.9763238444,"3":0.9841164726,"4":0.9768767596,"5":0.970791624,"6":0.9864563743,"7":0.954730036,"8":0.9669295241,"9":0.9765208643,"10":0.9499462592,"11":0.9915494376,"12":0.981043948,"13":0.9834974917,"14":0.9676755818,"15":0.9954303208,"16":0.9718241852,"17":0.9654916408,"18":0.983878615,"19":0.9746422198,"20":0.9964358958,"21":0.9947646573,"22":0.9902358906,"23":0.9831746857,"24":0.9846854781,"25":0.9905316439,"26":0.9839983961,"27":0.9539626777,"28":0.966316367,"29":0.9730701618,"30":0.9749003518,"31":0.9900858091,"32":0.9664222308,"33":0.9645534947,"34":0.948607033,"35":0.9994175257,"36":0.9334149647,"37":0.9925798742,"38":0.9665720563,"39":0.9906207099,"40":0.9842073554,"41":0.9525136836,"42":0.973230569,"43":0.9443167171,"44":0.9901775311,"45":0.9154583407,"46":0.943199453,"47":0.9557837124,"48":0.9892586708,"49":0.9915179373,"50":0.9605752312,"51":0.9515113657,"52":0.9938819055,"53":0.9140605996,"54":0.9554727422,"55":0.9776514633,"56":0.9256105465,"57":0.9647058325,"58":0.9596807427,"59":0.964363595,"60":0.9698924482,"61":0.9812405674,"62":0.9544938085,"63":0.9208070436,"64":0.9246592461,"65":0.9979647967,"66":0.9916384298,"67":0.999347532,"68":0.9691183699,"69":0.9566559598,"70":0.9969813302,"71":0.9856349324,"72":0.9633737613,"73":0.9918447564,"74":0.9472230171,"75":0.9123373726,"76":0.9684152185,"77":0.9478428665,"78":0.9814855242,"79":0.9482888713,"80":0.9801098296,"81":0.993577245,"82":0.9982866692,"83":0.994485896,"84":0.9873693557,"85":0.9698938504,"86":0.9601626623,"87":0.9917379468,"88":0.963982341,"89":0.9619478039,"90":0.9638651078,"91":0.9916816785,"92":0.998243609,"93":0.9480969455,"94":0.9875150949,"95":0.9576404244,"96":0.9413742879,"97":0.8871416584,"98":0.9600729685,"99":0.9833804011},"f_2 Im":{"0":-0.2161409275,"1":-0.3261420533,"2":0.12271254,"3":-0.158142285,"4":0.0720249967,"5":0.2375223996,"6":-0.1420926759,"7":0.0647682233,"8":-0.1698502628,"9":-0.0209344557,"10":0.1184317268,"11":0.1283258234,"12":0.1931954561,"13":-0.1766183004,"14":-0.2235267351,"15":-0.0644382116,"16":-0.0735976329,"17":0.1899135766,"18":0.0355389648,"19":-0.0116348055,"20":-0.0823812557,"21":-0.0577607849,"22":0.0672932828,"23":-0.0398609583,"24":-0.0547908639,"25":-0.0465209032,"26":0.0186056155,"27":0.2278264895,"28":-0.0453528886,"29":-0.0923153209,"30":0.1859331512,"31":-0.0653674313,"32":0.036340137,"33":-0.0812918934,"34":0.1268648924,"35":-0.0124864086,"36":0.25853107,"37":0.0079383925,"38":0.129021707,"39":-0.1298545914,"40":0.1502694015,"41":-0.1098873603,"42":0.0675958753,"43":-0.2581703043,"44":-0.1016523787,"45":0.2870849483,"46":-0.2086392835,"47":0.112748975,