{"sample_id":{"0":0,"1":1,"2":2,"3":3,"4":4,"5":5,"6":6,"7":7,"8":8,"9":9,"10":10,"11":11,"12":12,"13":13,"14":14,"15":15,"16":16,"17":17,"18":18,"19":19,"20":20,"21":21,"22":22,"23":23,"24":24,"25":25,"26":26,"27":27,"28":28,"29":29,"30":30,"31":31,"32":32,"33":33,"34":34,"35":35,"36":36,"37":37,"38":38,"39":39,"40":40,"41":41,"42":42,"43":43,"44":44,"45":45,"46":46,"47":47,"48":48,"49":49,"50":50,"51":51,"52":52,"53":53,"54":54,"55":55,"56":56,"57":57,"58":58,"59":59,"60":60,"61":61,"62":62,"63":63,"64":64,"65":65,"66":66,"67":67,"68":68,"69":69,"70":70,"71":71,"72":72,"73":73,"74":74,"75":75,"76":76,"77":77,"78":78,"79":79,"80":80,"81":81,"82":82,"83":83,"84":84,"85":85,"86":86,"87":87,"88":88,"89":89,"90":90,"91":91,"92":92,"93":93,"94":94,"95":95,"96":96,"97":97,"98":98,"99":99},"f_0 Re":{"0":1.0,"1":1.0,"2":1.0,"3":1.0,"4":1.0,"5":1.0,"6":1.0,"7":1.0,"8":1.0,"9":1.0,"10":1.0,"11":1.0,"12":1.0,"13":1.0,"14":1.0,"15":1.0,"16":1.0,"17":1.0,"18":1.0,"19":1.0,"20":1.0,"21":1.0,"22":1.0,"23":1.0,"24":1.0,"25":1.0,"26":1.0,"27":1.0,"28":1.0,"29":1.0,"30":1.0,"31":1.0,"32":1.0,"33":1.0,"34":1.0,"35":1.0,"36":1.0,"37":1.0,"38":1.0,"39":1.0,"40":1.0,"41":1.0,"42":1.0,"43":1.0,"44":1.0,"45":1.0,"46":1.0,"47":1.0,"48":1.0,"49":1.0,"50":1.0,"51":1.0,"52":1.0,"53":1.0,"54":1.0,"55":1.0,"56":1.0,"57":1.0,"58":1.0,"59":1.0,"60":1.0,"61":1.0,"62":1.0,"63":1.0,"64":1.0,"65":1.0,"66":1.0,"67":1.0,"68":1.0,"69":1.0,"70":1.0,"71":1.0,"72":1.0,"73":1.0,"74":1.0,"75":1.0,"76":1.0,"77":1.0,"78":1.0,"79":1.0,"80":1.0,"81":1.0,"82":1.0,"83":1.0,"84":1.0,"85":1.0,"86":1.0,"87":1.0,"88":1.0,"89":1.0,"90":1.0,"91":1.0,"92":1.0,"93":1.0,"94":1.0,"95":1.0,"96":1.0,"97":1.0,"98":1.0,"99":1.0},"f_1 Re":{"0":0.9915000499,"1":0.9716313373,"2":0.9994081427,"3":0.9966815848,"4":0.9892480126,"5":0.9911148875,"6":0.9942784501,"7":0.9810953103,"8":0.9933631503,"9":0.9851284433,"10":0.9937720599,"11":0.9972700447,"12":0.9926691878,"13":0.9958643043,"14":0.9929634894,"15":0.9971759435,"16":0.9932907672,"17":0.9904007276,"18":0.9951526276,"19":0.9927036641,"20":0.9998911277,"21":0.9993390988,"22":0.9979447448,"23":0.9960912987,"24":0.9992805986,"25":1.0000116639,"26":0.9919506511,"27":0.9853190799,"28":0.9820246683,"29":0.9861840155,"30":0.995387826,"31":0.9996538653,"32":0.9878650511,"33":0.9939747817,"34":0.9906327478,"35":0.9992409879,"36":0.9785655016,"37":0.9982400315,"38":0.9900902399,"39":0.9999815591,"40":0.9967240544,"41":0.992608904,"42":0.9920476103,"43":0.9845047709,"44":0.9978227854,"45":0.9853088394,"46":0.9927334609,"47":0.9871714177,"48":1.0000198542,"49":0.9984107629,"50":0.9917639952,"51":0.9834065032,"52":0.9969303088,"53":0.9794141791,"54":0.9914900994,"55":0.9960375097,"56":0.987788328,"57":0.9890818762,"58":0.9827007899,"59":0.9904064744,"60":1.0028985235,"61":0.9981414292,"62":0.9825483022,"63":0.9799996364,"64":0.9829897437,"65":0.9993921414,"66":0.9968294028,"67":0.9998683931,"68":0.9943216285,"69":0.9900321358,"70":0.9999618948,"71":0.9935589002,"72":0.989290507,"73":0.9970978766,"74":0.9886413025,"75":0.9783988962,"76":0.9962035997,"77":0.9828904387,"78":0.9879508841,"79":0.9894943633,"80":0.991443294,"81":0.9965378812,"82":0.9986408564,"83":0.9982681456,"84":0.9955300966,"85":0.9932629688,"86":0.9930231446,"87":1.002381234,"88":0.9972246905,"89":0.9907093826,"90":0.9865819961,"91":0.9991448199,"92":0.998367512,"93":0.9858988186,"94":0.9956248538,"95":0.9889529627,"96":0.9861698641,"97":0.9693890629,"98":0.987041218,"99":0.9994951937},"f_1 Im":{"0":-0.1284576139,"1":-0.1844812215,"2":0.0711407341,"3":-0.054474984,"4":0.0438402724,"5":0.1375763122,"6":-0.0722236036,"7":0.0195375988,"8":-0.1195094476,"9":-0.0000900131,"10":0.0461498446,"11":0.0738407612,"12":0.1221346553,"13":-0.094334359,"14":-0.1027467888,"15":-0.0330896649,"16":-0.05555328,"17":0.1294065484,"18":0.0076918346,"19":-0.0256466738,"20":-0.0194654504,"21":-0.0174297176,"22":0.0177872029,"23":-0.0220564966,"24":-0.0470187361,"25":-0.0505227308,"26":-0.0054169487,"27":0.1209642156,"28":-0.0198026729,"29":-0.0346516768,"30":0.0682485466,"31":-0.0399648155,"32":0.035189089,"33":-0.0438772459,"34":0.0981896757,"35":-0.0176906018,"36":0.1339089261,"37":-0.0008014988,"38":0.0806790732,"39":-0.0223262127,"40":0.1290685482,"41":-0.0642231473,"42":0.0391241892,"43":-0.1114055608,"44":-0.0771730296,"45":0.1814075773,"46":-0.138112557,"47":0.0838987134,"48":-0.0393587691,"49":0.048230951,"50":0.0500532554,"51":-0.1005023063,"52":-0.0184445846,"53":-0.1730810242,"54":-0.0325595196,"55":0.0083711582,"56":0.1477754414,"57":-0.1416149279,"58":0.0057171314,"59":-0.0818483764,"60":0.0450760141,"61":0.0077563487,"62":-0.0898941919,"63":0.1586195959,"64":0.1478152072,"65":0.0032949913,"66":-0.0336125284,"67":-0.0163404788,"68":0.098136505,"69":-0.0743339316,"70":0.0117151217,"71":-0.0805854164,"72":-0.015134198,"73":0.0040691766,"74":0.1278462716,"75":-0.1530916277,"76":-0.0430188329,"77":0.0724395718,"78":-0.0312132644,"79":-0.0308999448,"80":0.0281673428,"81":-0.0585695014,"82":-0.0256966552,"83":-0.0317618135,"84":-0.005085282,"85":0.1017781761,"86":0.1183232936,"87":-0.0511577532,"88":-0.0941062236,"89":0.0453689591,"90":0.0983607646,"91":0.0668262502,"92":-0.0681132634,"93":-0.0781299947,"94":-0.0148512914,"95":-0.0304986458,"96":-0.1235161764,"97":0.1840768278,"98":-0.0660783503,"99":-0.035525787},"f_2 Re":{"0":0.9847976063,"1":0.9120315984,"2":0.9749537992,"3":0.9868847797,"4":0.9711459778,"5":0.9640341039,"6":0.9947928596,"7":0.96808093,"8":0.9629717782,"9":0.9826277616,"10":0.9461671474,"11":0.9818008038,"12":0.9761239141,"13":0.9827608348,"14":0.9651906431,"15":0.9964626434,"16":0.9818716419,"17":0.957963814,"18":0.986706732,"19":0.9659565089,"20":0.9956395293,"21":0.9957195468,"22":0.9843048738,"23":0.9832939832,"24":0.9845480924,"25":0.9922214782,"26":0.9890615713,"27":0.9532458581,"28":0.9721199635,"29":0.9676215776,"30":0.9761914183,"31":0.9856030485,"32":0.9793998334,"33":0.9621906437,"34":0.9407691371,"35":0.9993275284,"36":0.9341028605,"37":0.9903433424,"38":0.9734450504,"39":0.9903742042,"40":0.9824134953,"41":0.9492914335,"42":0.976157038,"43":0.9507799782,"44":0.990551764,"45":0.9094817948,"46":0.9527715358,"47":0.9512761167,"48":0.9885862659,"49":0.994802929,"50":0.9635042405,"51":0.9617166539,"52":0.9952827864,"53":0.9182408381,"54":0.9598650282,"55":0.9760437228,"56":0.9257972765,"57":0.9702502743,"58":0.9711169685,"59":0.9522070562,"60":0.9706934989,"61":0.986684761,"62":0.9569247809,"63":0.9287729796,"64":0.9383293954,"65":0.9977123254,"66":0.9867809643,"67":0.9988305889,"68":0.9598459346,"69":0.965715561,"70":0.9975286412,"71":0.9867288072,"72":0.9626972046,"73":0.9870985795,"74":0.9337194498,"75":0.9009809769,"76":0.9656857689,"77":0.9370551425,"78":0.9838484252,"79":0.957248916,"80":0.9747415394,"81":0.9969821118,"82":0.9952347368,"83":1.0002105001,"84":0.9948340873,"85":0.9707689397,"86":0.9598282352,"87":0.9998519584,"88":0.9671934786,"89":0.961180492,"90":0.979548417,"91":0.9891347597,"92":0.9972880197,"93":0.9562848057,"94":0.9935900679,"95":0.9671917503,"96":0.9291528537,"97":0.9017803886,"98":0.962532121,"99":0.988140533},"f_2 Im":{"0":-0.1628354381,"1":-0.3187930914,"2":0.1213176229,"3":-0.1191496134,"4":0.0396353703,"5":0.2708488128,"6":-0.0878077598,"7":0.0793352546,"8":-0.2015344839,"9":-0.021501456,"10":0.1396789137,"11":0.1896347113,"12":0.2127293463,"13":-0.1790029332,"14":-0.2297454594,"15":-0.0573954105,"16":-0.1053163737,"17":0.1617247497,"18":0.0318201886,"19":-0.0132149722,"20":-0.0846777824,"21":-0.05989401,"22":0.063392088,"23":-0.0090777437,"24":-0.0697653914,"25":-0.0540057436,"26":0.0127734371,"27":0.2067002615,"28":-0.041508155,"29":-0.0907582632,"30":0.2646120948,"31":-0.0417559561,"32":0.0230828406,"33":-0.0766086863,"34":0.1386939097,"35":-0.0060830419,"36":0.245719401,"37":0.0482949215,"38":0.1772248294,"39":-0.1311018339,"40":0.1480588063,"41":-0.0835592126,"42":0.0515289556,"43":-0.2377495026,"44":-0.1142652475,"45":0.3209488367,"46":-0.2225949714,