{"sample_id":{"0":0,"1":1,"2":2,"3":3,"4":4,"5":5,"6":6,"7":7,"8":8,"9":9,"10":10,"11":11,"12":12,"13":13,"14":14,"15":15,"16":16,"17":17,"18":18,"19":19,"20":20,"21":21,"22":22,"23":23,"24":24,"25":25,"26":26,"27":27,"28":28,"29":29,"30":30,"31":31,"32":32,"33":33,"34":34,"35":35,"36":36,"37":37,"38":38,"39":39,"40":40,"41":41,"42":42,"43":43,"44":44,"45":45,"46":46,"47":47,"48":48,"49":49,"50":50,"51":51,"52":52,"53":53,"54":54,"55":55,"56":56,"57":57,"58":58,"59":59,"60":60,"61":61,"62":62,"63":63,"64":64,"65":65,"66":66,"67":67,"68":68,"69":69,"70":70,"71":71,"72":72,"73":73,"74":74,"75":75,"76":76,"77":77,"78":78,"79":79,"80":80,"81":81,"82":82,"83":83,"84":84,"85":85,"86":86,"87":87,"88":88,"89":89,"90":90,"91":91,"92":92,"93":93,"94":94},"f_0 Re":{"0":0.9697265625,"1":0.9716796875,"2":0.974609375,"3":0.97265625,"4":0.9765625,"5":0.9638671875,"6":0.962890625,"7":0.962890625,"8":0.970703125,"9":0.9658203125,"10":0.9755859375,"11":0.9677734375,"12":0.9775390625,"13":0.974609375,"14":0.974609375,"15":0.9736328125,"16":0.9697265625,"17":0.962890625,"18":0.970703125,"19":0.9716796875,"20":0.97265625,"21":0.978515625,"22":0.9697265625,"23":0.974609375,"24":0.9677734375,"25":0.96484375,"26":0.974609375,"27":0.9716796875,"28":0.9716796875,"29":0.974609375,"30":0.97265625,"31":0.97265625,"32":0.974609375,"33":0.97265625,"34":0.97265625,"35":0.9716796875,"36":0.962890625,"37":0.974609375,"38":0.9775390625,"39":0.96484375,"40":0.9697265625,"41":0.9765625,"42":0.95703125,"43":0.97265625,"44":0.97265625,"45":0.9638671875,"46":0.9775390625,"47":0.962890625,"48":0.97265625,"49":0.9677734375,"50":0.9677734375,"51":0.9814453125,"52":0.974609375,"53":0.9755859375,"54":0.9755859375,"55":0.9638671875,"56":0.9619140625,"57":0.9716796875,"58":0.9775390625,"59":0.970703125,"60":0.970703125,"61":0.974609375,"62":0.9658203125,"63":0.9697265625,"64":0.9755859375,"65":0.958984375,"66":0.9755859375,"67":0.96875,"68":0.970703125,"69":0.966796875,"70":0.97265625,"71":0.9609375,"72":0.9775390625,"73":0.96875,"74":0.9775390625,"75":0.9677734375,"76":0.966796875,"77":0.974609375,"78":0.974609375,"79":0.9755859375,"80":0.9716796875,"81":0.974609375,"82":0.974609375,"83":0.9716796875,"84":0.9638671875,"85":0.96875,"86":0.9765625,"87":0.9716796875,"88":0.9716796875,"89":0.9599609375,"90":0.9765625,"91":0.9658203125,"92":0.9755859375,"93":0.98046875,"94":0.966796875},"f_1 Re":{"0":0.9149929447,"1":0.8901715661,"2":0.92270046,"3":0.9279557732,"4":0.909618516,"5":0.9075041711,"6":0.9184619306,"7":0.8989259742,"8":0.9190552935,"9":0.9247950289,"10":0.9186803078,"11":0.9259228028,"12":0.9276501861,"13":0.9154071434,"14":0.9287402721,"15":0.9249583413,"16":0.9141111785,"17":0.9271135183,"18":0.9180363797,"19":0.9202243245,"20":0.9310987306,"21":0.9311529403,"22":0.9231827051,"23":0.9284646819,"24":0.9147685876,"25":0.9339740216,"26":0.9167039116,"27":0.9046916693,"28":0.9199120393,"29":0.9192550916,"30":0.9179647305,"31":0.9219071798,"32":0.9188122319,"33":0.9184566997,"34":0.889014331,"35":0.9071181768,"36":0.9055194319,"37":0.9297711745,"38":0.9204690799,"39":0.918184175,"40":0.918515703,"41":0.89938763,"42":0.9148613958,"43":0.904817313,"44":0.9227347695,"45":0.9083022565,"46":0.9038057642,"47":0.8895665222,"48":0.9067829101,"49":0.9186257486,"50":0.9123014724,"51":0.905393003,"52":0.9270237753,"53":0.9213764932,"54":0.8904117252,"55":0.9220161501,"56":0.8881111659,"57":0.8918981817,"58":0.877957836,"59":0.924133426,"60":0.8980269222,"61":0.9245113429,"62":0.902952791,"63":0.9093078169,"64":0.8711417922,"65":0.9284509534,"66":0.9114269595,"67":0.9319391683,"68":0.9140900723,"69":0.9015429197,"70":0.9373857086,"71":0.9170381983,"72":0.9127077072,"73":0.9130289814,"74":0.9028656153,"75":0.9149614768,"76":0.9069276268,"77":0.9210753059,"78":0.9024552563,"79":0.9068820658,"80":0.8841629432,"81":0.9104835407,"82":0.9256076705,"83":0.9194611921,"84":0.9147446233,"85":0.8784636368,"86":0.912857394,"87":0.9154640081,"88":0.9030873098,"89":0.9199638539,"90":0.9095992363,"91":0.9135114898,"92":0.9220134519,"93":0.8584086098,"94":0.9103543864},"f_1 Im":{"0":-0.0960785486,"1":-0.1458733916,"2":0.0527381168,"3":-0.0625472556,"4":0.0685480722,"5":0.1201161683,"6":-0.0734717308,"7":0.0229520481,"8":-0.1104467385,"9":-0.0354094125,"10":0.0505519445,"11":0.0587656471,"12":0.1241302388,"13":-0.0828958322,"14":-0.0787261156,"15":-0.0489351411,"16":-0.0184175727,"17":0.0997028449,"18":0.0248361932,"19":-0.0274900822,"20":-0.0621974569,"21":-0.0125663918,"22":0.0096677127,"23":-0.020866368,"24":-0.0047799908,"25":0.0337348152,"26":0.0338754338,"27":0.0960965773,"28":-0.0361324841,"29":-0.0112157255,"30":0.0755226872,"31":0.0124597025,"32":-0.0253426917,"33":-0.0102603488,"34":0.0652592861,"35":0.0156006127,"36":0.1060455019,"37":-0.0013292913,"38":0.0760529023,"39":-0.0597958744,"40":0.028163901,"41":-0.0516919577,"42":0.0337854649,"43":-0.1306030766,"44":-0.0408177683,"45":0.1744638672,"46":-0.1661881947,"47":0.1910467382,"48":-0.0415571009,"49":-0.0660877178,"50":0.192673854,"51":-0.1557303075,"52":0.0483079053,"53":-0.010586069,"54":-0.2094750508,"55":0.0794329713,"56":0.2461899392,"57":-0.2268596557,"58":-0.2570348368,"59":0.0644117528,"60":0.181985291,"61":0.057847121,"62":-0.1178977947,"63":0.1054537389,"64":0.2824836519,"65":0.054707435,"66":-0.073591989,"67":-0.1105829939,"68":-0.0364892824,"69":-0.0808059312,"70":-0.046983642,"71":0.0598459602,"72":-0.0119250884,"73":-0.1387064651,"74":0.0342516204,"75":-0.0309414502,"76":-0.1695332157,"77":0.0767356165,"78":0.1142618934,"79":-0.1624129788,"80":0.1899630901,"81":0.000409754,"82":0.0520148911,"83":0.0573561872,"84":-0.0244712373,"85":0.2256548764,"86":0.191522253,"87":-0.0706936173,"88":-0.115961784,"89":-0.0433775371,"90":-0.0306314948,"91":0.1658659957,"92":-0.0184595917,"93":-0.3175956134,"94":-0.1963710783},"f_2 Re":{"0":0.9209534323,"1":0.8260877736,"2":0.907995723,"3":0.905054894,"4":0.892875517,"5":0.9063203776,"6":0.913898213,"7":0.8948993323,"8":0.8887629848,"9":0.8901817332,"10":0.8622551504,"11":0.92610482,"12":0.9156859778,"13":0.9267157799,"14":0.8926539864,"15":0.9338922786,"16":0.9104512687,"17":0.9041444771,"18":0.8917409454,"19":0.9099194662,"20":0.9253733822,"21":0.9222591453,"22":0.9191579711,"23":0.9211811267,"24":0.9037663714,"25":0.912647251,"26":0.919168104,"27":0.8824075432,"28":0.8709162822,"29":0.8964677466,"30":0.8987024931,"31":0.900447089,"32":0.8935004514,"33":0.8842513714,"34":0.8570457095,"35":0.9140050744,"36":0.8565962929,"37":0.9093344266,"38":0.8901705284,"39":0.9142248091,"40":0.9036077077,"41":0.8599020581,"42":0.8850712372,"43":0.8749401696,"44":0.9096719566,"45":0.8333398468,"46":0.8033510552,"47":0.793446939,"48":0.9201331727,"49":0.9204914814,"50":0.8353102889,"51":0.8507223274,"52":0.9203820516,"53":0.9077296682,"54":0.8046277132,"55":0.9012060027,"56":0.7545279536,"57":0.766433136,"58":0.7560625991,"59":0.8988347174,"60":0.8489739184,"61":0.8911178703,"62":0.8730337793,"63":0.8706826641,"64":0.7656866759,"65":0.9099877402,"66":0.9009424973,"67":0.8970847922,"68":0.9053540551,"69":0.8824851353,"70":0.9231772495,"71":0.9161922048,"72":0.9109915161,"73":0.8885763771,"74":0.8760255247,"75":0.8618738311,"76":0.8290321035,"77":0.8539237727,"78":0.8781889097,"79":0.7915903952,"80":0.8526090534,"81":0.9157801853,"82":0.9129967363,"83":0.9068666785,"84":0.8994357857,"85":0.7571526014,"86":0.8011427172,"87":0.9037214299,"88":0.8732519674,"89":0.904689342,"90":0.9055611074,"91":0.8702305652,"92":0.9317647276,"93":0.6698221922,"94":0.8422506175},"f_2 Im":{"0":-0.1810247333,"1":-0.2919623133,"2":0.1308775243,"3":-0.0882741944,"4":0.0891630305,"5":0.2318801113,"6":-0.1303771211,"7":0.0660776229,"8":-0.1511723535,"9":-0.0018827964,"10":0.1123920327,"11":0.1260510234,"12":0.1589312977,"13":-0.1495215439,"14":-0.2012263637,"15":-0.0460583671,"16":-0.1032794879,"17":0.1698236019,"18":0.07180463,"19":-0.0313094372,"20":-0.0361156872,"21":-0.035549727,"22":0.0866399936,"23":-0.0374415726,"24":-0.0591427519,