{"sample_id":{"0":0,"1":1,"2":2,"3":3,"4":4,"5":5,"6":6,"7":7,"8":8,"9":9,"10":10,"11":11,"12":12,"13":13,"14":14,"15":15,"16":16,"17":17,"18":18,"19":19,"20":20,"21":21,"22":22,"23":23,"24":24,"25":25,"26":26,"27":27,"28":28,"29":29,"30":30,"31":31,"32":32,"33":33,"34":34,"35":35,"36":36,"37":37,"38":38,"39":39,"40":40,"41":41,"42":42,"43":43,"44":44,"45":45,"46":46,"47":47,"48":48,"49":49,"50":50,"51":51,"52":52,"53":53,"54":54,"55":55,"56":56,"57":57,"58":58,"59":59,"60":60,"61":61,"62":62,"63":63,"64":64,"65":65,"66":66,"67":67,"68":68,"69":69,"70":70,"71":71,"72":72,"73":73,"74":74,"75":75,"76":76,"77":77,"78":78,"79":79,"80":80,"81":81,"82":82,"83":83,"84":84,"85":85,"86":86,"87":87,"88":88,"89":89,"90":90,"91":91,"92":92,"93":93,"94":94},"f_0 Re":{"0":1.0,"1":1.0,"2":1.0,"3":1.0,"4":1.0,"5":1.0,"6":1.0,"7":1.0,"8":1.0,"9":1.0,"10":1.0,"11":1.0,"12":1.0,"13":1.0,"14":1.0,"15":1.0,"16":1.0,"17":1.0,"18":1.0,"19":1.0,"20":1.0,"21":1.0,"22":1.0,"23":1.0,"24":1.0,"25":1.0,"26":1.0,"27":1.0,"28":1.0,"29":1.0,"30":1.0,"31":1.0,"32":1.0,"33":1.0,"34":1.0,"35":1.0,"36":1.0,"37":1.0,"38":1.0,"39":1.0,"40":1.0,"41":1.0,"42":1.0,"43":1.0,"44":1.0,"45":1.0,"46":1.0,"47":1.0,"48":1.0,"49":1.0,"50":1.0,"51":1.0,"52":1.0,"53":1.0,"54":1.0,"55":1.0,"56":1.0,"57":1.0,"58":1.0,"59":1.0,"60":1.0,"61":1.0,"62":1.0,"63":1.0,"64":1.0,"65":1.0,"66":1.0,"67":1.0,"68":1.0,"69":1.0,"70":1.0,"71":1.0,"72":1.0,"73":1.0,"74":1.0,"75":1.0,"76":1.0,"77":1.0,"78":1.0,"79":1.0,"80":1.0,"81":1.0,"82":1.0,"83":1.0,"84":1.0,"85":1.0,"86":1.0,"87":1.0,"88":1.0,"89":1.0,"90":1.0,"91":1.0,"92":1.0,"93":1.0,"94":1.0},"f_1 Re":{"0":0.9944860774,"1":0.9762306547,"2":0.9929594096,"3":0.9961363956,"4":0.9897830968,"5":0.9884400657,"6":0.9971895564,"7":0.9876542958,"8":0.9902487313,"9":1.0022427107,"10":0.9927490626,"11":0.9966931637,"12":0.9971659988,"13":0.9973468176,"14":0.9886632247,"15":0.9982627759,"16":0.9915768172,"17":0.9886106157,"18":0.9993902341,"19":0.9979463258,"20":0.9992003148,"21":1.0015651791,"22":0.998829058,"23":0.9933035458,"24":0.9932072276,"25":1.0007049535,"26":0.9953470743,"27":0.985534629,"28":0.9916902624,"29":0.9962874863,"30":0.989720711,"31":0.9928783016,"32":0.9846024429,"33":0.9910688347,"34":0.9834325539,"35":1.0000193726,"36":0.9892796652,"37":0.9977974468,"38":0.9890159466,"39":0.9956196667,"40":0.9958859248,"41":0.9804649866,"42":0.9974227006,"43":0.9874532248,"44":0.9967768431,"45":0.974486455,"46":0.9723756428,"47":0.9601041644,"48":0.9995063168,"49":0.9953190526,"50":0.9845544404,"51":0.9842109168,"52":0.9970270336,"53":0.9887555783,"54":0.9522008235,"55":0.9902440949,"56":0.9515373481,"57":0.9702484368,"58":0.9528959488,"59":0.9928619257,"60":0.983777026,"61":0.9908278614,"62":0.9831162564,"63":0.9804660484,"64":0.9517581925,"65":0.9964144479,"66":0.9963567603,"67":0.9917495488,"68":0.9989939895,"69":0.99454017,"70":1.0023229593,"71":0.9971162999,"72":0.991506923,"73":0.990237345,"74":0.9903261095,"75":0.9952049298,"76":0.9791180666,"77":0.9839660756,"78":0.9829268538,"79":0.9542133689,"80":0.9727969656,"81":0.9993713308,"82":0.9986448423,"83":0.9965894762,"84":0.9980035241,"85":0.9487976722,"86":0.9741595405,"87":0.9932443231,"88":0.9874317576,"89":0.9896012317,"90":1.0006453579,"91":0.9851052159,"92":1.0000674437,"93":0.9328232031,"94":0.9772477035},"f_1 Im":{"0":-0.1061746378,"1":-0.1680581601,"2":0.0498258453,"3":-0.0935458856,"4":0.0066192774,"5":0.1539900528,"6":-0.072553041,"7":0.0600724714,"8":-0.1000068019,"9":-0.0347252864,"10":0.0687779302,"11":0.0816319334,"12":0.0794018556,"13":-0.0729011949,"14":-0.1279415229,"15":-0.0692193287,"16":-0.0067161746,"17":0.1040039101,"18":0.0122900231,"19":-0.0103554586,"20":-0.0409387163,"21":-0.0136723179,"22":-0.0017484412,"23":-0.0242073569,"24":-0.0082340502,"25":-0.0436522821,"26":-0.0243003434,"27":0.0535746716,"28":-0.0089703918,"29":-0.0731852198,"30":0.0924925585,"31":-0.0421180631,"32":0.0238492549,"33":-0.0493272408,"34":0.0576224785,"35":0.0028256884,"36":0.1378913976,"37":0.0060200964,"38":0.0572662071,"39":-0.1218400383,"40":0.0899662319,"41":-0.0711534074,"42":0.0428690187,"43":-0.1447074064,"44":-0.1006075359,"45":0.1847929294,"46":-0.228403548,"47":0.204604728,"48":-0.0251656405,"49":-0.1105660365,"50":0.1564498608,"51":-0.1304531885,"52":0.01869536,"53":-0.0161556193,"54":-0.2575319422,"55":0.0742817808,"56":0.287283429,"57":-0.227057391,"58":-0.2793357701,"59":0.12230914,"60":0.1662770028,"61":0.0533202592,"62":-0.0614371039,"63":0.151034649,"64":0.2810024978,"65":0.1007468325,"66":-0.0654479731,"67":-0.1285620468,"68":-0.0332274696,"69":-0.0830757742,"70":0.0046571818,"71":0.059784753,"72":-0.0150224755,"73":-0.127906696,"74":0.0255121927,"75":-0.0607739053,"76":-0.1902351555,"77":0.0668428443,"78":0.0922132085,"79":-0.2274033801,"80":0.2076061316,"81":0.0000192604,"82":0.0668716885,"83":0.0873965615,"84":-0.0843228436,"85":0.3356464421,"86":0.2242698826,"87":-0.1225374855,"88":-0.1371431781,"89":-0.0602659394,"90":-0.0869423109,"91":0.1477968382,"92":-0.0072130552,"93":-0.3390683811,"94":-0.2217038009},"f_2 Re":{"0":0.9766910723,"1":0.8952967994,"2":0.9712833291,"3":0.982766858,"4":0.9836960376,"5":0.9796236467,"6":0.9800320217,"7":0.9429556694,"8":0.9569655694,"9":0.9843257856,"10":0.9518735068,"11":0.9862185535,"12":0.9767337484,"13":0.9855843412,"14":0.9578427475,"15":0.9974332269,"16":0.9570994057,"17":0.9682663524,"18":0.9785623206,"19":0.9767388431,"20":0.994446924,"21":0.9921265155,"22":1.0004772344,"23":0.9851634409,"24":0.9891954888,"25":0.9954807532,"26":0.9884059985,"27":0.9540232606,"28":0.9748144381,"29":0.9691681671,"30":0.9751257115,"31":0.9959273919,"32":0.9711476658,"33":0.9529271267,"34":0.9406327118,"35":0.9981624597,"36":0.9469217756,"37":0.9955609673,"38":0.9727070579,"39":0.9937065694,"40":0.991132569,"41":0.942054349,"42":0.975948825,"43":0.9355194957,"44":0.9935450019,"45":0.9129465345,"46":0.8779463518,"47":0.874995018,"48":0.9818947402,"49":0.9836383593,"50":0.9281368447,"51":0.9242710393,"52":0.9934945986,"53":0.9780042757,"54":0.8656466525,"55":0.9704554591,"56":0.8239260449,"57":0.8554043123,"58":0.8356816169,"59":0.9567828772,"60":0.9128903554,"61":0.9766495228,"62":0.9543653715,"63":0.9536105832,"64":0.8352696531,"65":0.9905718112,"66":0.9910731604,"67":0.9763521824,"68":0.9878562404,"69":0.9664339885,"70":0.9981816335,"71":0.9797254218,"72":0.9746599222,"73":0.9544544599,"74":0.9407196144,"75":0.9503757789,"76":0.9215286644,"77":0.9342312285,"78":0.9542851369,"79":0.8590924815,"80":0.9205258223,"81":0.9951264589,"82":0.9816684016,"83":0.9815242705,"84":0.9764932778,"85":0.8259026453,"86":0.9049092202,"87":0.9791593579,"88":0.9421688128,"89":0.9735593324,"90":0.99221497,"91":0.9486861637,"92":0.9997273637,"93":0.744182801,"94":0.9128752633},"f_2 Im":{"0":-0.2129749747,"1":-0.3546256518,"2":0.0902225292,"3":-0.1844568902,"4":0.0833068815,"5":0.1913014546,"6":-0.1565603524,"7":0.0309973218,"8":-0.1938342964,"9":-0.0301249318,"10":0.1208726498,"11":0.1665966217,"12":0.2098638322,"13":-0.1586904202,"14":-0.2702037464,"15":-0.0564129054,"16":-0.0656058434,"17":0.1960395182,"18":0.0300072383,"19":-0.0168811658,"20":-0.1031941028,"21":-0.0643115946,"22":0.0207603537,"23":-0.065018116,"24":-0.0849682003,"25":-0.0223786681,"26":0.0148563667,"27":0.2399516954,"28":-0.0259630978,"29":-0.0374707645,"30":0.1901700409,"31":-0.0841912783,"32":0.0369140063,"33":-0.0764747438,"34":0.0892449225,"35":0.0036618912,"36":0.2371116142,"37":0.0233695344,"38":0.1478721984,"39":-0.0931619607,"40":0.1495349661,"41":-0.0818452353,"42":0.0932472043,"43":-0.281865979,"44":-0.1035405942,"45":0.3396387219,"46":-0.3685165936,"47":0.3795024681,"48":0.0714077443,"49":-0.1656479738,"50":0.2799547424,"51":-0.294183174,"52":-0.0101223643,"53":-0.0364097246,"54":-0.3918459102,"55":0.1599092754,"56":0.5317872456,"57":-0.5044033702,"58":-0.4786496514,"59":0.1961613134,"60":0.3378884744,"61":0.1406716823,"62":-0.1877213068,"63":0.2093972852,"64":0.4953765026,"65":0.1368168462,