{"sample0": {"f_0": 0.5107421875, "f_1": 0.478515625, "f_2": 0.462890625, "f_3": 0.490234375, "f_4": 0.46484375}, "sample1": {"f_0": 0.5, "f_1": 0.4423828125, "f_2": 0.373046875, "f_3": 0.2763671875, "f_4": 0.23046875}, "sample2": {"f_0": 0.46484375, "f_1": 0.5439453125, "f_2": 0.5634765625, "f_3": 0.6416015625, "f_4": 0.5966796875}, "sample3": {"f_0": 0.4873046875, "f_1": 0.484375, "f_2": 0.4599609375, "f_3": 0.4296875, "f_4": 0.396484375}, "sample4": {"f_0": 0.49609375, "f_1": 0.5517578125, "f_2": 0.5830078125, "f_3": 0.6005859375, "f_4": 0.6669921875}, "sample5": {"f_0": 0.484375, "f_1": 0.505859375, "f_2": 0.5224609375, "f_3": 0.4990234375, "f_4": 0.5263671875}, "sample6": {"f_0": 0.4814453125, "f_1": 0.51953125, "f_2": 0.5283203125, "f_3": 0.5390625, "f_4": 0.599609375}, "sample7": {"f_0": 0.470703125, "f_1": 0.4560546875, "f_2": 0.3935546875, "f_3": 0.3369140625, "f_4": 0.2890625}, "sample8": {"f_0": 0.5146484375, "f_1": 0.447265625, "f_2": 0.384765625, "f_3": 0.330078125, "f_4": 0.2705078125}, "sample9": {"f_0": 0.50390625, "f_1": 0.4775390625, "f_2": 0.5, "f_3": 0.4580078125, "f_4": 0.498046875}, "sample10": {"f_0": 0.486328125, "f_1": 0.46484375, "f_2": 0.5048828125, "f_3": 0.474609375, "f_4": 0.462890625}, "sample11": {"f_0": 0.52734375, "f_1": 0.46484375, "f_2": 0.4814453125, "f_3": 0.46875, "f_4": 0.4541015625}, "sample12": {"f_0": 0.5107421875, "f_1": 0.4833984375, "f_2": 0.443359375, "f_3": 0.3896484375, "f_4": 0.35546875}, "sample13": {"f_0": 0.4931640625, "f_1": 0.466796875, "f_2": 0.474609375, "f_3": 0.4580078125, "f_4": 0.4267578125}, "sample14": {"f_0": 0.533203125, "f_1": 0.4658203125, "f_2": 0.3955078125, "f_3": 0.3037109375, "f_4": 0.251953125}, "sample15": {"f_0": 0.5048828125, "f_1": 0.5341796875, "f_2": 0.5595703125, "f_3": 0.6025390625, "f_4": 0.6630859375}, "sample16": {"f_0": 0.4921875, "f_1": 0.4345703125, "f_2": 0.3916015625, "f_3": 0.3037109375, "f_4": 0.2802734375}, "sample17": {"f_0": 0.48828125, "f_1": 0.4990234375, "f_2": 0.4794921875, "f_3": 0.51171875, "f_4": 0.4677734375}, "sample18": {"f_0": 0.50390625, "f_1": 0.4931640625, "f_2": 0.5390625, "f_3": 0.5654296875, "f_4": 0.5703125}, "sample19": {"f_0": 0.4912109375, "f_1": 0.4755859375, "f_2": 0.44140625, "f_3": 0.400390625, "f_4": 0.3720703125}, "sample20": {"f_0": 0.4990234375, "f_1": 0.4697265625, "f_2": 0.416015625, "f_3": 0.34375, "f_4": 0.3154296875}, "sample21": {"f_0": 0.529296875, "f_1": 0.4404296875, "f_2": 0.41015625, "f_3": 0.3603515625, "f_4": 0.3525390625}, "sample22": {"f_0": 0.4912109375, "f_1": 0.458984375, "f_2": 0.435546875, "f_3": 0.39453125, "f_4": 0.3564453125}, "sample23": {"f_0": 0.4951171875, "f_1": 0.5498046875, "f_2": 0.5859375, "f_3": 0.5771484375, "f_4": 0.5986328125}, "sample24": {"f_0": 0.4775390625, "f_1": 0.4208984375, "f_2": 0.3544921875, "f_3": 0.296875, "f_4": 0.2626953125}, "sample25": {"f_0": 0.505859375, "f_1": 0.45703125, "f_2": 0.3857421875, "f_3": 0.328125, "f_4": 0.2685546875}, "sample26": {"f_0": 0.4931640625, "f_1": 0.533203125, "f_2": 0.5419921875, "f_3": 0.58203125, "f_4": 0.6025390625}, "sample27": {"f_0": 0.4775390625, "f_1": 0.4560546875, "f_2": 0.458984375, "f_3": 0.388671875, "f_4": 0.3740234375}, "sample28": {"f_0": 0.490234375, "f_1": 0.4384765625, "f_2": 0.373046875, "f_3": 0.31640625, "f_4": 0.2421875}, "sample29": {"f_0": 0.5029296875, "f_1": 0.4794921875, "f_2": 0.5029296875, "f_3": 0.4716796875, "f_4": 0.486328125}, "sample30": {"f_0": 0.4951171875, "f_1": 0.4580078125, "f_2": 0.443359375, "f_3": 0.423828125, "f_4": 0.349609375}, "sample31": {"f_0": 0.5185546875, "f_1": 0.486328125, "f_2": 0.46875, "f_3": 0.5009765625, "f_4": 0.4453125}, "sample32": {"f_0": 0.5, "f_1": 0.521484375, "f_2": 0.54296875, "f_3": 0.548828125, "f_4": 0.5693359375}, "sample33": {"f_0": 0.505859375, "f_1": 0.4501953125, "f_2": 0.3740234375, "f_3": 0.2841796875, "f_4": 0.197265625}, "sample34": {"f_0": 0.501953125, "f_1": 0.427734375, "f_2": 0.380859375, "f_3": 0.328125, "f_4": 0.2880859375}, "sample35": {"f_0": 0.5068359375, "f_1": 0.4345703125, "f_2": 0.4091796875, "f_3": 0.3291015625, "f_4": 0.2666015625}, "sample36": {"f_0": 0.4697265625, "f_1": 0.478515625, "f_2": 0.45703125, "f_3": 0.3974609375, "f_4": 0.4140625}, "sample37": {"f_0": 0.5078125, "f_1": 0.416015625, "f_2": 0.349609375, "f_3": 0.26171875, "f_4": 0.205078125}, "sample38": {"f_0": 0.517578125, "f_1": 0.427734375, "f_2": 0.4384765625, "f_3": 0.384765625, "f_4": 0.322265625}, "sample39": {"f_0": 0.4794921875, "f_1": 0.4765625, "f_2": 0.513671875, "f_3": 0.462890625, "f_4": 0.4267578125}}