{"sample0": {"f_0": 1.0, "f_1": 0.9990234375, "f_2": 0.998046875, "f_3": 0.9990234375, "f_4": 0.9970703125}, "sample1": {"f_0": 1.0, "f_1": 0.984375, "f_2": 0.9638671875, "f_3": 0.8916015625, "f_4": 0.8544921875}, "sample2": {"f_0": 1.0, "f_1": 0.9951171875, "f_2": 0.9833984375, "f_3": 0.9443359375, "f_4": 0.890625}, "sample3": {"f_0": 1.0, "f_1": 0.9970703125, "f_2": 0.994140625, "f_3": 0.98828125, "f_4": 0.98046875}, "sample4": {"f_0": 1.0, "f_1": 0.9931640625, "f_2": 0.9736328125, "f_3": 0.9296875, "f_4": 0.875}, "sample5": {"f_0": 1.0, "f_1": 1.0, "f_2": 0.9970703125, "f_3": 0.9990234375, "f_4": 0.994140625}, "sample6": {"f_0": 1.0, "f_1": 0.998046875, "f_2": 0.9931640625, "f_3": 0.9951171875, "f_4": 0.9794921875}, "sample7": {"f_0": 1.0, "f_1": 0.9931640625, "f_2": 0.97265625, "f_3": 0.9375, "f_4": 0.8896484375}, "sample8": {"f_0": 1.0, "f_1": 0.9921875, "f_2": 0.955078125, "f_3": 0.9208984375, "f_4": 0.8759765625}, "sample9": {"f_0": 1.0, "f_1": 0.9990234375, "f_2": 0.9990234375, "f_3": 1.0, "f_4": 0.9970703125}, "sample10": {"f_0": 1.0, "f_1": 1.0, "f_2": 0.9990234375, "f_3": 1.0, "f_4": 1.0}, "sample11": {"f_0": 1.0, "f_1": 1.0, "f_2": 0.9990234375, "f_3": 0.9990234375, "f_4": 0.9970703125}, "sample12": {"f_0": 1.0, "f_1": 0.998046875, "f_2": 0.9873046875, "f_3": 0.9794921875, "f_4": 0.9697265625}, "sample13": {"f_0": 1.0, "f_1": 1.0, "f_2": 0.9970703125, "f_3": 0.9892578125, "f_4": 0.9912109375}, "sample14": {"f_0": 1.0, "f_1": 0.9921875, "f_2": 0.9580078125, "f_3": 0.92578125, "f_4": 0.865234375}, "sample15": {"f_0": 1.0, "f_1": 0.99609375, "f_2": 0.9658203125, "f_3": 0.947265625, "f_4": 0.931640625}, "sample16": {"f_0": 1.0, "f_1": 0.9912109375, "f_2": 0.9619140625, "f_3": 0.9248046875, "f_4": 0.8681640625}, "sample17": {"f_0": 1.0, "f_1": 1.0, "f_2": 0.9990234375, "f_3": 1.0, "f_4": 0.9990234375}, "sample18": {"f_0": 1.0, "f_1": 0.9990234375, "f_2": 0.9931640625, "f_3": 0.982421875, "f_4": 0.9794921875}, "sample19": {"f_0": 1.0, "f_1": 0.998046875, "f_2": 0.9873046875, "f_3": 0.98046875, "f_4": 0.955078125}, "sample20": {"f_0": 1.0, "f_1": 0.994140625, "f_2": 0.9833984375, "f_3": 0.9423828125, "f_4": 0.9169921875}, "sample21": {"f_0": 1.0, "f_1": 0.994140625, "f_2": 0.9814453125, "f_3": 0.9580078125, "f_4": 0.923828125}, "sample22": {"f_0": 1.0, "f_1": 0.9970703125, "f_2": 0.982421875, "f_3": 0.966796875, "f_4": 0.9501953125}, "sample23": {"f_0": 1.0, "f_1": 0.9921875, "f_2": 0.9755859375, "f_3": 0.935546875, "f_4": 0.904296875}, "sample24": {"f_0": 1.0, "f_1": 0.9921875, "f_2": 0.9482421875, "f_3": 0.8896484375, "f_4": 0.8251953125}, "sample25": {"f_0": 1.0, "f_1": 0.9912109375, "f_2": 0.9794921875, "f_3": 0.9306640625, "f_4": 0.888671875}, "sample26": {"f_0": 1.0, "f_1": 0.9970703125, "f_2": 0.9951171875, "f_3": 0.97265625, "f_4": 0.9658203125}, "sample27": {"f_0": 1.0, "f_1": 0.9990234375, "f_2": 0.9833984375, "f_3": 0.9755859375, "f_4": 0.953125}, "sample28": {"f_0": 1.0, "f_1": 0.9931640625, "f_2": 0.9521484375, "f_3": 0.89453125, "f_4": 0.8486328125}, "sample29": {"f_0": 1.0, "f_1": 1.0, "f_2": 1.0, "f_3": 0.998046875, "f_4": 0.998046875}, "sample30": {"f_0": 1.0, "f_1": 0.994140625, "f_2": 0.986328125, "f_3": 0.9755859375, "f_4": 0.9541015625}, "sample31": {"f_0": 1.0, "f_1": 1.0, "f_2": 0.9990234375, "f_3": 0.998046875, "f_4": 0.9931640625}, "sample32": {"f_0": 1.0, "f_1": 0.9990234375, "f_2": 0.994140625, "f_3": 0.98828125, "f_4": 0.974609375}, "sample33": {"f_0": 1.0, "f_1": 0.98828125, "f_2": 0.9169921875, "f_3": 0.8916015625, "f_4": 0.77734375}, "sample34": {"f_0": 1.0, "f_1": 0.9951171875, "f_2": 0.962890625, "f_3": 0.9326171875, "f_4": 0.888671875}, "sample35": {"f_0": 1.0, "f_1": 0.994140625, "f_2": 0.97265625, "f_3": 0.9521484375, "f_4": 0.8759765625}, "sample36": {"f_0": 1.0, "f_1": 0.9970703125, "f_2": 0.994140625, "f_3": 0.98828125, "f_4": 0.9716796875}, "sample37": {"f_0": 1.0, "f_1": 0.986328125, "f_2": 0.9482421875, "f_3": 0.892578125, "f_4": 0.826171875}, "sample38": {"f_0": 1.0, "f_1": 0.998046875, "f_2": 0.9892578125, "f_3": 0.96875, "f_4": 0.943359375}, "sample39": {"f_0": 1.0, "f_1": 1.0, "f_2": 1.0, "f_3": 0.99609375, "f_4": 0.9990234375}}