{"sample0": {"f_0": 0.5048828125, "f_1": 0.515625, "f_2": 0.5419921875, "f_3": 0.52734375, "f_4": 0.5166015625}, "sample1": {"f_0": 0.50390625, "f_1": 0.5869140625, "f_2": 0.6171875, "f_3": 0.6533203125, "f_4": 0.689453125}, "sample2": {"f_0": 0.4794921875, "f_1": 0.462890625, "f_2": 0.4228515625, "f_3": 0.337890625, "f_4": 0.3076171875}, "sample3": {"f_0": 0.5, "f_1": 0.529296875, "f_2": 0.548828125, "f_3": 0.5791015625, "f_4": 0.578125}, "sample4": {"f_0": 0.4833984375, "f_1": 0.458984375, "f_2": 0.404296875, "f_3": 0.3486328125, "f_4": 0.2734375}, "sample5": {"f_0": 0.5185546875, "f_1": 0.48828125, "f_2": 0.4931640625, "f_3": 0.4609375, "f_4": 0.47265625}, "sample6": {"f_0": 0.4873046875, "f_1": 0.4638671875, "f_2": 0.4755859375, "f_3": 0.4150390625, "f_4": 0.435546875}, "sample7": {"f_0": 0.521484375, "f_1": 0.5419921875, "f_2": 0.576171875, "f_3": 0.6123046875, "f_4": 0.6240234375}, "sample8": {"f_0": 0.4765625, "f_1": 0.521484375, "f_2": 0.5869140625, "f_3": 0.630859375, "f_4": 0.65625}, "sample9": {"f_0": 0.505859375, "f_1": 0.4921875, "f_2": 0.5146484375, "f_3": 0.513671875, "f_4": 0.51171875}, "sample10": {"f_0": 0.498046875, "f_1": 0.5126953125, "f_2": 0.4873046875, "f_3": 0.521484375, "f_4": 0.498046875}, "sample11": {"f_0": 0.48828125, "f_1": 0.5, "f_2": 0.5048828125, "f_3": 0.5126953125, "f_4": 0.564453125}, "sample12": {"f_0": 0.501953125, "f_1": 0.5244140625, "f_2": 0.5625, "f_3": 0.578125, "f_4": 0.6171875}, "sample13": {"f_0": 0.501953125, "f_1": 0.5390625, "f_2": 0.521484375, "f_3": 0.513671875, "f_4": 0.578125}, "sample14": {"f_0": 0.4833984375, "f_1": 0.5634765625, "f_2": 0.5859375, "f_3": 0.6103515625, "f_4": 0.650390625}, "sample15": {"f_0": 0.5009765625, "f_1": 0.4423828125, "f_2": 0.40234375, "f_3": 0.3623046875, "f_4": 0.3076171875}, "sample16": {"f_0": 0.4951171875, "f_1": 0.541015625, "f_2": 0.58984375, "f_3": 0.6083984375, "f_4": 0.6669921875}, "sample17": {"f_0": 0.5, "f_1": 0.46875, "f_2": 0.5361328125, "f_3": 0.5224609375, "f_4": 0.5302734375}, "sample18": {"f_0": 0.5029296875, "f_1": 0.4736328125, "f_2": 0.4580078125, "f_3": 0.4091796875, "f_4": 0.4228515625}, "sample19": {"f_0": 0.5126953125, "f_1": 0.5361328125, "f_2": 0.53515625, "f_3": 0.578125, "f_4": 0.6162109375}, "sample20": {"f_0": 0.48828125, "f_1": 0.546875, "f_2": 0.5595703125, "f_3": 0.619140625, "f_4": 0.6455078125}, "sample21": {"f_0": 0.513671875, "f_1": 0.54296875, "f_2": 0.587890625, "f_3": 0.623046875, "f_4": 0.6123046875}, "sample22": {"f_0": 0.5029296875, "f_1": 0.5439453125, "f_2": 0.5439453125, "f_3": 0.5791015625, "f_4": 0.6103515625}, "sample23": {"f_0": 0.4794921875, "f_1": 0.46484375, "f_2": 0.404296875, "f_3": 0.345703125, "f_4": 0.2998046875}, "sample24": {"f_0": 0.515625, "f_1": 0.54296875, "f_2": 0.595703125, "f_3": 0.6142578125, "f_4": 0.634765625}, "sample25": {"f_0": 0.5146484375, "f_1": 0.5732421875, "f_2": 0.6318359375, "f_3": 0.6259765625, "f_4": 0.6171875}, "sample26": {"f_0": 0.4873046875, "f_1": 0.4638671875, "f_2": 0.44921875, "f_3": 0.3876953125, "f_4": 0.380859375}, "sample27": {"f_0": 0.486328125, "f_1": 0.5517578125, "f_2": 0.5830078125, "f_3": 0.591796875, "f_4": 0.59765625}, "sample28": {"f_0": 0.5302734375, "f_1": 0.568359375, "f_2": 0.609375, "f_3": 0.61328125, "f_4": 0.6689453125}, "sample29": {"f_0": 0.4638671875, "f_1": 0.52734375, "f_2": 0.50390625, "f_3": 0.5107421875, "f_4": 0.515625}, "sample30": {"f_0": 0.48828125, "f_1": 0.5126953125, "f_2": 0.564453125, "f_3": 0.578125, "f_4": 0.6103515625}, "sample31": {"f_0": 0.4765625, "f_1": 0.5068359375, "f_2": 0.5302734375, "f_3": 0.5341796875, "f_4": 0.548828125}, "sample32": {"f_0": 0.5087890625, "f_1": 0.494140625, "f_2": 0.4345703125, "f_3": 0.40234375, "f_4": 0.4111328125}, "sample33": {"f_0": 0.478515625, "f_1": 0.5380859375, "f_2": 0.60546875, "f_3": 0.6435546875, "f_4": 0.65625}, "sample34": {"f_0": 0.5166015625, "f_1": 0.56640625, "f_2": 0.6142578125, "f_3": 0.6171875, "f_4": 0.6474609375}, "sample35": {"f_0": 0.4970703125, "f_1": 0.5927734375, "f_2": 0.6171875, "f_3": 0.626953125, "f_4": 0.66015625}, "sample36": {"f_0": 0.50390625, "f_1": 0.5166015625, "f_2": 0.515625, "f_3": 0.556640625, "f_4": 0.5830078125}, "sample37": {"f_0": 0.525390625, "f_1": 0.5400390625, "f_2": 0.6015625, "f_3": 0.6337890625, "f_4": 0.6650390625}, "sample38": {"f_0": 0.4833984375, "f_1": 0.5205078125, "f_2": 0.5634765625, "f_3": 0.587890625, "f_4": 0.6279296875}, "sample39": {"f_0": 0.494140625, "f_1": 0.541015625, "f_2": 0.5009765625, "f_3": 0.53515625, "f_4": 0.53125}}