{"sample_id":{"0":0,"1":1,"2":2,"3":3,"4":4,"5":5,"6":6,"7":7,"8":8,"9":9},"f_0 Re":{"0":0.6083984375,"1":0.6083984375,"2":0.6083984375,"3":0.6083984375,"4":0.6083984375,"5":0.6083984375,"6":0.6083984375,"7":0.6083984375,"8":0.6083984375,"9":0.6083984375},"f_1 Re":{"0":0.6181676108,"1":0.6172056481,"2":0.617252172,"3":0.6182622723,"4":0.6172825241,"5":0.6181362609,"6":0.6171532344,"7":0.6180385295,"8":0.6154104896,"9":0.6147240677},"f_1 Im":{"0":0.0154839838,"1":-0.0377906958,"2":0.0370230327,"3":0.0110775177,"4":0.0365134801,"5":0.01668867,"6":0.0386372103,"7":0.0199831137,"8":0.0603396891,"9":0.0669721539},"f_2 Re":{"0":0.6112924176,"1":0.5887822847,"2":0.6152696068,"3":0.610112666,"4":0.615209957,"5":0.6115933684,"6":0.6154475126,"7":0.6123689912,"8":0.6162020447,"9":0.6158218978},"f_2 Im":{"0":-0.0784039046,"1":-0.1821016564,"2":-0.0356216654,"3":-0.0871098548,"4":-0.0366374234,"5":-0.0760206799,"6":-0.0324029508,"7":-0.0694968391,"8":0.0109832652,"9":0.0242689549},"f_3 Re":{"0":0.5859006051,"1":0.5525837369,"2":0.5883481233,"3":0.5846096712,"4":0.5883645351,"5":0.5862069578,"6":0.5882723036,"7":0.5869424515,"8":0.5837309359,"9":0.5810342975},"f_3 Im":{"0":-0.0541119177,"1":-0.2021356782,"2":0.0073555797,"3":-0.0666269547,"4":0.0058985189,"5":-0.0506855141,"6":0.0119714447,"7":-0.041305899,"8":0.0739311381,"9":0.092772646},"f_4 Re":{"0":0.6181094484,"1":0.5614084865,"2":0.6204674588,"3":0.6161440008,"4":0.6205511612,"5":0.6185594344,"6":0.6201576131,"7":0.6195980758,"8":0.6094032264,"9":0.6036795298},"f_4 Im":{"0":-0.0601343508,"1":-0.2655107185,"2":0.0263735267,"3":-0.0777303067,"4":0.0243246093,"5":-0.0553141606,"6":0.032862825,"7":-0.0421147809,"8":0.1195957272,"9":0.1457616398},"expected_value":{"0":5.2529257588,"1":37.6610369474,"2":40.8452101175,"3":17.8113080067,"4":1.3266866805,"5":0.9805525523,"6":1.0339749545,"7":2.0547583067,"8":10.5122663642,"9":9.5260025659}}