{"sample_id":{"0":0,"1":1,"2":2,"3":3,"4":4,"5":5,"6":6,"7":7,"8":8,"9":9},"f_0 Re":{"0":0.6357421875,"1":0.6357421875,"2":0.6357421875,"3":0.6357421875,"4":0.6357421875,"5":0.6357421875,"6":0.6357421875,"7":0.6357421875,"8":0.6357421875,"9":0.6357421875},"f_1 Re":{"0":0.5966821225,"1":0.5953799924,"2":0.5959497786,"3":0.5967425618,"4":0.5959754954,"5":0.5966603197,"6":0.5958656221,"7":0.5965891159,"8":0.5943360186,"9":0.593720108},"f_1 Im":{"0":0.0106060724,"1":-0.0408008419,"2":0.0313991318,"3":0.0063528709,"4":0.0309071661,"5":0.0117688959,"6":0.0329576163,"7":0.0149489422,"8":0.0539142008,"9":0.0603197931},"f_2 Re":{"0":0.6015521898,"1":0.5887356981,"2":0.6016743557,"3":0.6011669774,"4":0.6017052891,"5":0.6016362359,"6":0.6015655254,"7":0.6018194132,"8":0.5984996866,"9":0.5969662736},"f_2 Im":{"0":-0.0227353924,"1":-0.1255874714,"2":0.01923291,"3":-0.0313081528,"4":0.0182395229,"5":-0.020390555,"6":0.0223797628,"7":-0.013976017,"8":0.0646533854,"9":0.0775448473},"f_3 Re":{"0":0.596648805,"1":0.5652201902,"2":0.5981207148,"3":0.5955431796,"4":0.5981615047,"5":0.5969036316,"6":0.5979672665,"7":0.5974963406,"8":0.5923246164,"9":0.5892709607},"f_3 Im":{"0":-0.0453302088,"1":-0.1963944014,"2":0.0172114747,"3":-0.0580770655,"4":0.015730182,"5":-0.0418411157,"6":0.0219037107,"7":-0.0322915972,"8":0.0848302604,"9":0.1039440198},"f_4 Re":{"0":0.6034547793,"1":0.545310288,"2":0.6069034865,"3":0.6013007971,"4":0.6069582269,"5":0.6039583948,"6":0.6066863721,"7":0.6051482329,"8":0.5973196733,"9":0.5920702119},"f_4 Im":{"0":-0.066956919,"1":-0.2669786312,"2":0.0175800394,"3":-0.0841323428,"4":0.015575958,"5":-0.0622507594,"6":0.0239279255,"7":-0.0493610767,"8":0.1088581992,"9":0.1345130621},"expected_value":{"0":5.2529257588,"1":37.6610369474,"2":40.8452101175,"3":17.8113080067,"4":1.3266866805,"5":0.9805525523,"6":1.0339749545,"7":2.0547583067,"8":10.5122663642,"9":9.5260025659}}