{"sample0": {"f_0": 0.4999999999999999, "f_1": 0.49030361399318495, "f_2": 0.48040753641414974, "f_3": 0.4703085356215612, "f_4": 0.46001682418937023}, "sample1": {"f_0": 0.4999999999999999, "f_1": 0.4326394565050355, "f_2": 0.3601855954405302, "f_3": 0.28646569126374577, "f_4": 0.21581076548230535}, "sample2": {"f_0": 0.4999999999999999, "f_1": 0.5427067110471832, "f_2": 0.5802031092375982, "f_3": 0.6115582911574461, "f_4": 0.6361236046821791}, "sample3": {"f_0": 0.4999999999999999, "f_1": 0.4793004923491034, "f_2": 0.45783253280679775, "f_3": 0.4356819641736809, "f_4": 0.41296676943819177}, "sample4": {"f_0": 0.4999999999999999, "f_1": 0.54776823552563, "f_2": 0.5883289248904833, "f_3": 0.6199257228828599, "f_4": 0.6412190375292399}, "sample5": {"f_0": 0.4999999999999999, "f_1": 0.5085048594636452, "f_2": 0.5168909553302876, "f_3": 0.5251925609189949, "f_4": 0.5334457998855958}, "sample6": {"f_0": 0.4999999999999999, "f_1": 0.5202065052288835, "f_2": 0.5392934764227267, "f_3": 0.5570640660584162, "f_4": 0.5734078557974941}, "sample7": {"f_0": 0.4999999999999999, "f_1": 0.44997775847479304, "f_2": 0.39688898664752065, "f_3": 0.34242871523763735, "f_4": 0.2884066138197487}, "sample8": {"f_0": 0.4999999999999999, "f_1": 0.44327493142848706, "f_2": 0.3839071398134836, "f_3": 0.3252364234504004, "f_4": 0.2703831075786004}, "sample9": {"f_0": 0.4999999999999999, "f_1": 0.4951963694365873, "f_2": 0.49035578489861603, "f_3": 0.48548786869317384, "f_4": 0.48060271179778097}, "sample10": {"f_0": 0.4999999999999999, "f_1": 0.4961703732527009, "f_2": 0.4923192603226963, "f_3": 0.4884551689878314, "f_4": 0.48458676371709175}, "sample11": {"f_0": 0.4999999999999999, "f_1": 0.490028162561018, "f_2": 0.4798509143613115, "f_3": 0.46946595769641736, "f_4": 0.4588802282903519}, "sample12": {"f_0": 0.4999999999999999, "f_1": 0.46968192433995465, "f_2": 0.437803827057654, "f_3": 0.4046333469800656, "f_4": 0.3705278852355726}, "sample13": {"f_0": 0.4999999999999999, "f_1": 0.4820249231060406, "f_2": 0.46350198600999326, "f_3": 0.44451823354863035, "f_4": 0.4251704015235531}, "sample14": {"f_0": 0.4999999999999999, "f_1": 0.4407482268026593, "f_2": 0.378408765842396, "f_3": 0.3164266686769687, "f_4": 0.25814818684884616}, "sample15": {"f_0": 0.4999999999999999, "f_1": 0.5418969993801084, "f_2": 0.5784369961382104, "f_3": 0.6083571309189286, "f_4": 0.630672146060611}, "sample16": {"f_0": 0.4999999999999999, "f_1": 0.44082456516343416, "f_2": 0.37897292848107095, "f_3": 0.318239107967273, "f_4": 0.262146361778225}, "sample17": {"f_0": 0.4999999999999999, "f_1": 0.49543895013351863, "f_2": 0.4908353674547675, "f_3": 0.4861883120749352, "f_4": 0.4814972631785489}, "sample18": {"f_0": 0.4999999999999999, "f_1": 0.5206744681118859, "f_2": 0.5402269363588571, "f_3": 0.5584592306968201, "f_4": 0.5752103335554622}, "sample19": {"f_0": 0.4999999999999999, "f_1": 0.46837854652473787, "f_2": 0.4356163157020229, "f_3": 0.4025007747075314, "f_4": 0.3697964525199446}, "sample20": {"f_0": 0.4999999999999999, "f_1": 0.4534353269868497, "f_2": 0.4045532563227836, "f_3": 0.3551131246030415, "f_4": 0.3068667577390028}, "sample21": {"f_0": 0.4999999999999999, "f_1": 0.45667950244961897, "f_2": 0.4112296991219745, "f_3": 0.3651075843005609, "f_4": 0.319772073320667}, "sample22": {"f_0": 0.4999999999999999, "f_1": 0.4666257150015441, "f_2": 0.431757591177293, "f_3": 0.396034084680542, "f_4": 0.36010955474638234}, "sample23": {"f_0": 0.4999999999999999, "f_1": 0.5423306508710775, "f_2": 0.5791016949949521, "f_3": 0.608957320807752, "f_4": 0.630852803016023}, "sample24": {"f_0": 0.4999999999999999, "f_1": 0.4323101515983285, "f_2": 0.36158344411743365, "f_3": 0.29316389264520326, "f_4": 0.23187623927800416}, "sample25": {"f_0": 0.4999999999999999, "f_1": 0.44438409836724896, "f_2": 0.3857021326841696, "f_3": 0.32666179593436817, "f_4": 0.26997524239241055}, "sample26": {"f_0": 0.4999999999999999, "f_1": 0.5298521526336302, "f_2": 0.5576202360100337, "f_3": 0.5831920596183948, "f_4": 0.6065216087361428}, "sample27": {"f_0": 0.4999999999999999, "f_1": 0.46793060669900705, "f_2": 0.4344139545645244, "f_3": 0.39997097363231204, "f_4": 0.36513980362600923}, "sample28": {"f_0": 0.4999999999999999, "f_1": 0.43201695332621753, "f_2": 0.3616721614344046, "f_3": 0.29492093767573224, "f_4": 0.23684895182784035}, "sample29": {"f_0": 0.4999999999999999, "f_1": 0.49198392289771953, "f_2": 0.48385055767280527, "f_3": 0.47561028883778284, "f_4": 0.4672746048719867}, "sample30": {"f_0": 0.4999999999999999, "f_1": 0.4686894960014012, "f_2": 0.43612679632513524, "f_3": 0.4029424441684758, "f_4": 0.36977073594657267}, "sample31": {"f_0": 0.4999999999999999, "f_1": 0.4892187172187942, "f_2": 0.4782072588915279, "f_3": 0.46696751794889635, "f_4": 0.45550643337856805}, "sample32": {"f_0": 0.4999999999999999, "f_1": 0.5229699812594617, "f_2": 0.5447620429989992, "f_3": 0.5653402007978153, "f_4": 0.5846992648968288}, "sample33": {"f_0": 0.4999999999999999, "f_1": 0.42388847170641764, "f_2": 0.34403544368504085, "f_3": 0.26725993655523067, "f_4": 0.2000275954440684}, "sample34": {"f_0": 0.4999999999999999, "f_1": 0.44171459014496045, "f_2": 0.381307319920865, "f_3": 0.3228776153393714, "f_4": 0.2700033439250136}, "sample35": {"f_0": 0.4999999999999999, "f_1": 0.44582435163082984, "f_2": 0.38790838237134045, "f_3": 0.32822462847310624, "f_4": 0.2690228892986689}, "sample36": {"f_0": 0.4999999999999999, "f_1": 0.4753951285769258, "f_2": 0.4498021845725001, "f_3": 0.42340352014986965, "f_4": 0.39639463837161565}, "sample37": {"f_0": 0.4999999999999999, "f_1": 0.43081710673653173, "f_2": 0.3571806878351142, "f_3": 0.28363039460260314, "f_4": 0.2148617301610589}, "sample38": {"f_0": 0.4999999999999999, "f_1": 0.4622177788476918, "f_2": 0.42273955595662627, "f_3": 0.3825813372958092, "f_4": 0.34276059003417264}, "sample39": {"f_0": 0.4999999999999999, "f_1": 0.4903192419002262, "f_2": 0.4804989115869901, "f_3": 0.4705876357695546, "f_4": 0.46063500338181995}}