{"sample0": {"f_0": 0.494140625, "f_1": 0.47265625, "f_2": 0.4580078125, "f_3": 0.4775390625, "f_4": 0.4658203125}, "sample1": {"f_0": 0.505859375, "f_1": 0.4345703125, "f_2": 0.341796875, "f_3": 0.306640625, "f_4": 0.21484375}, "sample2": {"f_0": 0.4921875, "f_1": 0.5458984375, "f_2": 0.546875, "f_3": 0.6171875, "f_4": 0.6416015625}, "sample3": {"f_0": 0.494140625, "f_1": 0.4697265625, "f_2": 0.4169921875, "f_3": 0.4384765625, "f_4": 0.421875}, "sample4": {"f_0": 0.48046875, "f_1": 0.564453125, "f_2": 0.619140625, "f_3": 0.5947265625, "f_4": 0.6513671875}, "sample5": {"f_0": 0.5068359375, "f_1": 0.5146484375, "f_2": 0.4990234375, "f_3": 0.54296875, "f_4": 0.5576171875}, "sample6": {"f_0": 0.5146484375, "f_1": 0.5166015625, "f_2": 0.5439453125, "f_3": 0.5556640625, "f_4": 0.5458984375}, "sample7": {"f_0": 0.4931640625, "f_1": 0.4375, "f_2": 0.38671875, "f_3": 0.341796875, "f_4": 0.3017578125}, "sample8": {"f_0": 0.5048828125, "f_1": 0.4375, "f_2": 0.4013671875, "f_3": 0.3095703125, "f_4": 0.24609375}, "sample9": {"f_0": 0.505859375, "f_1": 0.501953125, "f_2": 0.46484375, "f_3": 0.48046875, "f_4": 0.4931640625}, "sample10": {"f_0": 0.494140625, "f_1": 0.478515625, "f_2": 0.4951171875, "f_3": 0.4794921875, "f_4": 0.4541015625}, "sample11": {"f_0": 0.49609375, "f_1": 0.5009765625, "f_2": 0.4873046875, "f_3": 0.474609375, "f_4": 0.462890625}, "sample12": {"f_0": 0.490234375, "f_1": 0.4833984375, "f_2": 0.44921875, "f_3": 0.4423828125, "f_4": 0.3935546875}, "sample13": {"f_0": 0.490234375, "f_1": 0.484375, "f_2": 0.4580078125, "f_3": 0.4423828125, "f_4": 0.431640625}, "sample14": {"f_0": 0.501953125, "f_1": 0.4287109375, "f_2": 0.40234375, "f_3": 0.3056640625, "f_4": 0.2734375}, "sample15": {"f_0": 0.544921875, "f_1": 0.5673828125, "f_2": 0.5732421875, "f_3": 0.61328125, "f_4": 0.646484375}, "sample16": {"f_0": 0.494140625, "f_1": 0.4404296875, "f_2": 0.4150390625, "f_3": 0.314453125, "f_4": 0.267578125}, "sample17": {"f_0": 0.4951171875, "f_1": 0.470703125, "f_2": 0.5078125, "f_3": 0.4931640625, "f_4": 0.494140625}, "sample18": {"f_0": 0.486328125, "f_1": 0.5302734375, "f_2": 0.556640625, "f_3": 0.5537109375, "f_4": 0.564453125}, "sample19": {"f_0": 0.5185546875, "f_1": 0.453125, "f_2": 0.4462890625, "f_3": 0.4111328125, "f_4": 0.3701171875}, "sample20": {"f_0": 0.5048828125, "f_1": 0.4716796875, "f_2": 0.404296875, "f_3": 0.35546875, "f_4": 0.30078125}, "sample21": {"f_0": 0.5380859375, "f_1": 0.4736328125, "f_2": 0.4375, "f_3": 0.3701171875, "f_4": 0.341796875}, "sample22": {"f_0": 0.484375, "f_1": 0.478515625, "f_2": 0.4306640625, "f_3": 0.408203125, "f_4": 0.3427734375}, "sample23": {"f_0": 0.4619140625, "f_1": 0.546875, "f_2": 0.599609375, "f_3": 0.607421875, "f_4": 0.62890625}, "sample24": {"f_0": 0.5107421875, "f_1": 0.46875, "f_2": 0.36328125, "f_3": 0.2939453125, "f_4": 0.2451171875}, "sample25": {"f_0": 0.5078125, "f_1": 0.4453125, "f_2": 0.3671875, "f_3": 0.333984375, "f_4": 0.267578125}, "sample26": {"f_0": 0.5244140625, "f_1": 0.4736328125, "f_2": 0.5625, "f_3": 0.6083984375, "f_4": 0.591796875}, "sample27": {"f_0": 0.5087890625, "f_1": 0.46875, "f_2": 0.466796875, "f_3": 0.421875, "f_4": 0.39453125}, "sample28": {"f_0": 0.5126953125, "f_1": 0.435546875, "f_2": 0.3466796875, "f_3": 0.2861328125, "f_4": 0.2421875}, "sample29": {"f_0": 0.5029296875, "f_1": 0.4873046875, "f_2": 0.5, "f_3": 0.4501953125, "f_4": 0.4736328125}, "sample30": {"f_0": 0.515625, "f_1": 0.4541015625, "f_2": 0.43359375, "f_3": 0.40625, "f_4": 0.3505859375}, "sample31": {"f_0": 0.5029296875, "f_1": 0.4814453125, "f_2": 0.45703125, "f_3": 0.462890625, "f_4": 0.4697265625}, "sample32": {"f_0": 0.51171875, "f_1": 0.533203125, "f_2": 0.5380859375, "f_3": 0.556640625, "f_4": 0.599609375}, "sample33": {"f_0": 0.5087890625, "f_1": 0.408203125, "f_2": 0.33984375, "f_3": 0.2724609375, "f_4": 0.2197265625}, "sample34": {"f_0": 0.5087890625, "f_1": 0.4404296875, "f_2": 0.3857421875, "f_3": 0.3427734375, "f_4": 0.275390625}, "sample35": {"f_0": 0.484375, "f_1": 0.4384765625, "f_2": 0.3916015625, "f_3": 0.3349609375, "f_4": 0.28125}, "sample36": {"f_0": 0.5068359375, "f_1": 0.4697265625, "f_2": 0.4599609375, "f_3": 0.4248046875, "f_4": 0.416015625}, "sample37": {"f_0": 0.498046875, "f_1": 0.4326171875, "f_2": 0.3232421875, "f_3": 0.2802734375, "f_4": 0.1962890625}, "sample38": {"f_0": 0.4990234375, "f_1": 0.4677734375, "f_2": 0.408203125, "f_3": 0.3759765625, "f_4": 0.3427734375}, "sample39": {"f_0": 0.4765625, "f_1": 0.5029296875, "f_2": 0.462890625, "f_3": 0.4638671875, "f_4": 0.458984375}}