{"sample0": {"f_0": 5.004680467665246e-34, "f_1": 9.22836327732018e-05, "f_2": 0.00037037180451099535, "f_3": 0.0008377804003745598, "f_4": 0.0014997517223948157}, "sample1": {"f_0": 5.004680467665246e-34, "f_1": 0.004077826967851056, "f_2": 0.01646871960894936, "f_3": 0.03755133424629953, "f_4": 0.06767482169353256}, "sample2": {"f_0": 5.004680467665246e-34, "f_1": 0.0020158014419455693, "f_2": 0.008022627807820553, "f_3": 0.01789532659410944, "f_4": 0.031414927607208445}, "sample3": {"f_0": 5.004680467665246e-34, "f_1": 0.0004123186332957818, "f_2": 0.001654337905615496, "f_3": 0.0037403894299264237, "f_4": 0.006691589104539604}, "sample4": {"f_0": 5.004680467665246e-34, "f_1": 0.00255924401703413, "f_2": 0.010103816251654, "f_3": 0.022241013533911818, "f_4": 0.038338589609973585}, "sample5": {"f_0": 5.004680467665246e-34, "f_1": 7.360199453336076e-05, "f_2": 0.00029541009462254647, "f_3": 0.0006682316846337507, "f_4": 0.0011961274027510911}, "sample6": {"f_0": 5.004680467665246e-34, "f_1": 0.0004264131575107691, "f_2": 0.0016900386660320622, "f_3": 0.003745996941582716, "f_4": 0.006525736678330417}, "sample7": {"f_0": 5.004680467665246e-34, "f_1": 0.00229933549449836, "f_2": 0.009179871313271595, "f_3": 0.020584758156344807, "f_4": 0.03640507387337069}, "sample8": {"f_0": 5.004680467665246e-34, "f_1": 0.002928253256660803, "f_2": 0.011468493595163526, "f_3": 0.024914006152300463, "f_4": 0.04217369081285323}, "sample9": {"f_0": 5.004680467665246e-34, "f_1": 2.285832355022222e-05, "f_2": 9.13056081329954e-05, "f_3": 0.00020496848535409899, "f_4": 0.0003632561458752395}, "sample10": {"f_0": 5.004680467665246e-34, "f_1": 1.4556119783679602e-05, "f_2": 5.813358202392118e-05, "f_3": 0.0001304732829236863, "f_4": 0.00023118622768869774}, "sample11": {"f_0": 5.004680467665246e-34, "f_1": 9.754768001067501e-05, "f_2": 0.0003912343449647671, "f_3": 0.0008840763810591661, "f_4": 0.0015807328858884423}, "sample12": {"f_0": 5.004680467665246e-34, "f_1": 0.0008705185643143366, "f_2": 0.0035036182901178304, "f_3": 0.007960142789058886, "f_4": 0.014329447408954534}, "sample13": {"f_0": 5.004680467665246e-34, "f_1": 0.00031237770975336125, "f_2": 0.001249222309105236, "f_3": 0.0028095567081293884, "f_4": 0.004991391574229179}, "sample14": {"f_0": 5.004680467665246e-34, "f_1": 0.003184056216060006, "f_2": 0.012521018318137126, "f_3": 0.027379596791430927, "f_4": 0.04675472377404255}, "sample15": {"f_0": 5.004680467665246e-34, "f_1": 0.0019365542697557068, "f_2": 0.007651174471311697, "f_3": 0.016863593392948965, "f_4": 0.029122662544067972}, "sample16": {"f_0": 5.004680467665246e-34, "f_1": 0.0031757769562617555, "f_2": 0.012400802645592485, "f_3": 0.026802652906475186, "f_4": 0.04503844789878684}, "sample17": {"f_0": 5.004680467665246e-34, "f_1": 2.061740140711624e-05, "f_2": 8.251756014713913e-05, "f_3": 0.00018584313214150064, "f_4": 0.000330827882824908}, "sample18": {"f_0": 5.004680467665246e-34, "f_1": 0.0004469110883644015, "f_2": 0.0017769376401114607, "f_3": 0.003958490237473501, "f_4": 0.00694066145748963}, "sample19": {"f_0": 5.004680467665246e-34, "f_1": 0.0009446664825090585, "f_2": 0.003735008139258141, "f_3": 0.0082449056676847, "f_4": 0.014279810493395169}, "sample20": {"f_0": 5.004680467665246e-34, "f_1": 0.0020016981852726172, "f_2": 0.007907918854281637, "f_3": 0.01742689549543757, "f_4": 0.030088302970378716}, "sample21": {"f_0": 5.004680467665246e-34, "f_1": 0.0017412178798698109, "f_2": 0.0069002620570231986, "f_3": 0.015285773284703827, "f_4": 0.02658739477811271}, "sample22": {"f_0": 5.004680467665246e-34, "f_1": 0.0010493232737934885, "f_2": 0.004174829843730944, "f_3": 0.009309573663975253, "f_4": 0.01634345954743126}, "sample23": {"f_0": 5.004680467665246e-34, "f_1": 0.0019793147553358375, "f_2": 0.007805750451399499, "f_3": 0.0171513414095132, "f_4": 0.029490968635952273}, "sample24": {"f_0": 5.004680467665246e-34, "f_1": 0.004109705934665426, "f_2": 0.016001997686261947, "f_3": 0.03442164553372846, "f_4": 0.05745467781523645}, "sample25": {"f_0": 5.004680467665246e-34, "f_1": 0.002819181032366519, "f_2": 0.011135633001711663, "f_3": 0.02453310288341035, "f_4": 0.042340890023138185}, "sample26": {"f_0": 5.004680467665246e-34, "f_1": 0.0009522310007913677, "f_2": 0.0038236021456940572, "f_3": 0.008655517182919544, "f_4": 0.015508497897986586}, "sample27": {"f_0": 5.004680467665246e-34, "f_1": 0.0009709052875622481, "f_2": 0.0038693840107169733, "f_3": 0.008652852909495806, "f_4": 0.01525077063200761}, "sample28": {"f_0": 5.004680467665246e-34, "f_1": 0.004142641061251416, "f_2": 0.015953201214663166, "f_3": 0.03369293439210089, "f_4": 0.05482081948226123}, "sample29": {"f_0": 5.004680467665246e-34, "f_1": 6.326403313695333e-05, "f_2": 0.0002529782963038948, "f_3": 0.0005689090605978666, "f_4": 0.0010106661186582875}, "sample30": {"f_0": 5.004680467665246e-34, "f_1": 0.000926604043210112, "f_2": 0.0036772940800084814, "f_3": 0.008166088454834486, "f_4": 0.014254235947093772}, "sample31": {"f_0": 5.004680467665246e-34, "f_1": 0.00011385138095675004, "f_2": 0.00045624811788459626, "f_3": 0.0010296703222176953, "f_4": 0.0018380953854432952}, "sample32": {"f_0": 5.004680467665246e-34, "f_1": 0.0005545230632405997, "f_2": 0.0022238476854771253, "f_3": 0.005024081307247626, "f_4": 0.00897833103428523}, "sample33": {"f_0": 5.004680467665246e-34, "f_1": 0.005141692970746183, "f_2": 0.020060444560915904, "f_3": 0.04328655909606188, "f_4": 0.07253010453858832}, "sample34": {"f_0": 5.004680467665246e-34, "f_1": 0.0030844587123490465, "f_2": 0.011946291060028136, "f_3": 0.02548038336082978, "f_4": 0.04206384604890228}, "sample35": {"f_0": 5.004680467665246e-34, "f_1": 0.002682594555685132, "f_2": 0.010789620336515536, "f_3": 0.024472215626835776, "f_4": 0.04389917397013491}, "sample36": {"f_0": 5.004680467665246e-34, "f_1": 0.0005786320035128367, "f_2": 0.002315170504471658, "f_3": 0.00521144332067915, "f_4": 0.009270167760979699}, "sample37": {"f_0": 5.004680467665246e-34, "f_1": 0.004287340120089533, "f_2": 0.01704259092310114, "f_3": 0.03793332965565756, "f_4": 0.06636839097681438}, "sample38": {"f_0": 5.004680467665246e-34, "f_1": 0.001335417702185191, "f_2": 0.00528929368447157, "f_3": 0.011706710478044035, "f_4": 0.02033676057997692}, "sample39": {"f_0": 5.004680467665246e-34, "f_1": 9.19830964630162e-05, "f_2": 0.00036680354728342655, "f_3": 0.000821211525842947, "f_4": 0.0014502308766733}}