{"sample0": {"f_0": 1.0, "f_1": 0.9990234375, "f_2": 0.9990234375, "f_3": 0.9990234375, "f_4": 0.998046875}, "sample1": {"f_0": 1.0, "f_1": 0.984375, "f_2": 0.9658203125, "f_3": 0.9228515625, "f_4": 0.830078125}, "sample2": {"f_0": 1.0, "f_1": 0.9951171875, "f_2": 0.9736328125, "f_3": 0.9541015625, "f_4": 0.896484375}, "sample3": {"f_0": 1.0, "f_1": 1.0, "f_2": 0.994140625, "f_3": 0.98828125, "f_4": 0.9755859375}, "sample4": {"f_0": 1.0, "f_1": 0.9921875, "f_2": 0.97265625, "f_3": 0.943359375, "f_4": 0.8994140625}, "sample5": {"f_0": 1.0, "f_1": 1.0, "f_2": 1.0, "f_3": 0.998046875, "f_4": 0.998046875}, "sample6": {"f_0": 1.0, "f_1": 0.9990234375, "f_2": 0.9970703125, "f_3": 0.9853515625, "f_4": 0.9814453125}, "sample7": {"f_0": 1.0, "f_1": 0.9921875, "f_2": 0.966796875, "f_3": 0.947265625, "f_4": 0.896484375}, "sample8": {"f_0": 1.0, "f_1": 0.994140625, "f_2": 0.96875, "f_3": 0.9287109375, "f_4": 0.8935546875}, "sample9": {"f_0": 1.0, "f_1": 1.0, "f_2": 0.9990234375, "f_3": 0.998046875, "f_4": 0.9990234375}, "sample10": {"f_0": 1.0, "f_1": 1.0, "f_2": 1.0, "f_3": 1.0, "f_4": 1.0}, "sample11": {"f_0": 1.0, "f_1": 1.0, "f_2": 0.9990234375, "f_3": 1.0, "f_4": 0.9970703125}, "sample12": {"f_0": 1.0, "f_1": 0.9990234375, "f_2": 0.986328125, "f_3": 0.9765625, "f_4": 0.953125}, "sample13": {"f_0": 1.0, "f_1": 0.9990234375, "f_2": 0.99609375, "f_3": 0.9912109375, "f_4": 0.982421875}, "sample14": {"f_0": 1.0, "f_1": 0.9921875, "f_2": 0.970703125, "f_3": 0.916015625, "f_4": 0.8603515625}, "sample15": {"f_0": 1.0, "f_1": 0.9970703125, "f_2": 0.978515625, "f_3": 0.9404296875, "f_4": 0.9140625}, "sample16": {"f_0": 1.0, "f_1": 0.9931640625, "f_2": 0.9658203125, "f_3": 0.9267578125, "f_4": 0.85546875}, "sample17": {"f_0": 1.0, "f_1": 1.0, "f_2": 1.0, "f_3": 1.0, "f_4": 0.9990234375}, "sample18": {"f_0": 1.0, "f_1": 0.9990234375, "f_2": 0.9970703125, "f_3": 0.9833984375, "f_4": 0.9765625}, "sample19": {"f_0": 1.0, "f_1": 0.9951171875, "f_2": 0.9912109375, "f_3": 0.9736328125, "f_4": 0.96875}, "sample20": {"f_0": 1.0, "f_1": 0.994140625, "f_2": 0.986328125, "f_3": 0.947265625, "f_4": 0.9013671875}, "sample21": {"f_0": 1.0, "f_1": 0.994140625, "f_2": 0.978515625, "f_3": 0.9619140625, "f_4": 0.916015625}, "sample22": {"f_0": 1.0, "f_1": 0.9970703125, "f_2": 0.9912109375, "f_3": 0.97265625, "f_4": 0.951171875}, "sample23": {"f_0": 1.0, "f_1": 0.994140625, "f_2": 0.9833984375, "f_3": 0.962890625, "f_4": 0.9091796875}, "sample24": {"f_0": 1.0, "f_1": 0.9892578125, "f_2": 0.958984375, "f_3": 0.8984375, "f_4": 0.8466796875}, "sample25": {"f_0": 1.0, "f_1": 0.9912109375, "f_2": 0.96484375, "f_3": 0.9130859375, "f_4": 0.875}, "sample26": {"f_0": 1.0, "f_1": 0.9990234375, "f_2": 0.98828125, "f_3": 0.9716796875, "f_4": 0.9521484375}, "sample27": {"f_0": 1.0, "f_1": 0.9970703125, "f_2": 0.9912109375, "f_3": 0.978515625, "f_4": 0.9443359375}, "sample28": {"f_0": 1.0, "f_1": 0.9833984375, "f_2": 0.955078125, "f_3": 0.8974609375, "f_4": 0.8212890625}, "sample29": {"f_0": 1.0, "f_1": 1.0, "f_2": 1.0, "f_3": 0.9951171875, "f_4": 0.998046875}, "sample30": {"f_0": 1.0, "f_1": 0.9921875, "f_2": 0.98828125, "f_3": 0.9736328125, "f_4": 0.95703125}, "sample31": {"f_0": 1.0, "f_1": 1.0, "f_2": 0.9990234375, "f_3": 0.9970703125, "f_4": 0.9951171875}, "sample32": {"f_0": 1.0, "f_1": 0.9990234375, "f_2": 0.990234375, "f_3": 0.984375, "f_4": 0.96875}, "sample33": {"f_0": 1.0, "f_1": 0.98828125, "f_2": 0.9228515625, "f_3": 0.88671875, "f_4": 0.7783203125}, "sample34": {"f_0": 1.0, "f_1": 0.9912109375, "f_2": 0.953125, "f_3": 0.9306640625, "f_4": 0.880859375}, "sample35": {"f_0": 1.0, "f_1": 0.994140625, "f_2": 0.96484375, "f_3": 0.927734375, "f_4": 0.8798828125}, "sample36": {"f_0": 1.0, "f_1": 1.0, "f_2": 0.9990234375, "f_3": 0.984375, "f_4": 0.97265625}, "sample37": {"f_0": 1.0, "f_1": 0.98046875, "f_2": 0.9462890625, "f_3": 0.890625, "f_4": 0.818359375}, "sample38": {"f_0": 1.0, "f_1": 0.9990234375, "f_2": 0.98828125, "f_3": 0.9658203125, "f_4": 0.943359375}, "sample39": {"f_0": 1.0, "f_1": 1.0, "f_2": 1.0, "f_3": 0.9970703125, "f_4": 0.998046875}}