{"sample0": {"f_0": 0.494140625, "f_1": 0.5029296875, "f_2": 0.5126953125, "f_3": 0.4951171875, "f_4": 0.568359375}, "sample1": {"f_0": 0.521484375, "f_1": 0.5478515625, "f_2": 0.5859375, "f_3": 0.6533203125, "f_4": 0.703125}, "sample2": {"f_0": 0.5166015625, "f_1": 0.4453125, "f_2": 0.4111328125, "f_3": 0.318359375, "f_4": 0.3193359375}, "sample3": {"f_0": 0.50390625, "f_1": 0.5576171875, "f_2": 0.556640625, "f_3": 0.55078125, "f_4": 0.5771484375}, "sample4": {"f_0": 0.51953125, "f_1": 0.4462890625, "f_2": 0.3671875, "f_3": 0.341796875, "f_4": 0.2666015625}, "sample5": {"f_0": 0.5087890625, "f_1": 0.48046875, "f_2": 0.48828125, "f_3": 0.4814453125, "f_4": 0.4521484375}, "sample6": {"f_0": 0.4873046875, "f_1": 0.501953125, "f_2": 0.453125, "f_3": 0.431640625, "f_4": 0.400390625}, "sample7": {"f_0": 0.4970703125, "f_1": 0.5712890625, "f_2": 0.5986328125, "f_3": 0.642578125, "f_4": 0.6435546875}, "sample8": {"f_0": 0.5029296875, "f_1": 0.552734375, "f_2": 0.6181640625, "f_3": 0.6298828125, "f_4": 0.6376953125}, "sample9": {"f_0": 0.4921875, "f_1": 0.501953125, "f_2": 0.501953125, "f_3": 0.4990234375, "f_4": 0.525390625}, "sample10": {"f_0": 0.5078125, "f_1": 0.4814453125, "f_2": 0.5126953125, "f_3": 0.4873046875, "f_4": 0.5126953125}, "sample11": {"f_0": 0.4951171875, "f_1": 0.5126953125, "f_2": 0.5126953125, "f_3": 0.5234375, "f_4": 0.5302734375}, "sample12": {"f_0": 0.5166015625, "f_1": 0.5126953125, "f_2": 0.576171875, "f_3": 0.5712890625, "f_4": 0.5927734375}, "sample13": {"f_0": 0.4755859375, "f_1": 0.486328125, "f_2": 0.5322265625, "f_3": 0.5361328125, "f_4": 0.5810546875}, "sample14": {"f_0": 0.5078125, "f_1": 0.5458984375, "f_2": 0.587890625, "f_3": 0.6416015625, "f_4": 0.6484375}, "sample15": {"f_0": 0.4892578125, "f_1": 0.4228515625, "f_2": 0.4140625, "f_3": 0.3515625, "f_4": 0.3125}, "sample16": {"f_0": 0.4638671875, "f_1": 0.57421875, "f_2": 0.599609375, "f_3": 0.6484375, "f_4": 0.615234375}, "sample17": {"f_0": 0.5, "f_1": 0.5126953125, "f_2": 0.498046875, "f_3": 0.49609375, "f_4": 0.517578125}, "sample18": {"f_0": 0.494140625, "f_1": 0.478515625, "f_2": 0.4736328125, "f_3": 0.43359375, "f_4": 0.384765625}, "sample19": {"f_0": 0.490234375, "f_1": 0.5419921875, "f_2": 0.5625, "f_3": 0.583984375, "f_4": 0.619140625}, "sample20": {"f_0": 0.4775390625, "f_1": 0.533203125, "f_2": 0.5673828125, "f_3": 0.5927734375, "f_4": 0.6171875}, "sample21": {"f_0": 0.490234375, "f_1": 0.5263671875, "f_2": 0.5625, "f_3": 0.595703125, "f_4": 0.6494140625}, "sample22": {"f_0": 0.541015625, "f_1": 0.5439453125, "f_2": 0.5625, "f_3": 0.5888671875, "f_4": 0.6181640625}, "sample23": {"f_0": 0.48046875, "f_1": 0.4443359375, "f_2": 0.412109375, "f_3": 0.3408203125, "f_4": 0.32421875}, "sample24": {"f_0": 0.4794921875, "f_1": 0.5341796875, "f_2": 0.599609375, "f_3": 0.6162109375, "f_4": 0.6533203125}, "sample25": {"f_0": 0.50390625, "f_1": 0.5517578125, "f_2": 0.595703125, "f_3": 0.6298828125, "f_4": 0.634765625}, "sample26": {"f_0": 0.50390625, "f_1": 0.47265625, "f_2": 0.4267578125, "f_3": 0.4140625, "f_4": 0.36328125}, "sample27": {"f_0": 0.490234375, "f_1": 0.541015625, "f_2": 0.5712890625, "f_3": 0.55078125, "f_4": 0.595703125}, "sample28": {"f_0": 0.5087890625, "f_1": 0.5576171875, "f_2": 0.59765625, "f_3": 0.6494140625, "f_4": 0.681640625}, "sample29": {"f_0": 0.4990234375, "f_1": 0.517578125, "f_2": 0.4990234375, "f_3": 0.53515625, "f_4": 0.5224609375}, "sample30": {"f_0": 0.49609375, "f_1": 0.537109375, "f_2": 0.572265625, "f_3": 0.58984375, "f_4": 0.603515625}, "sample31": {"f_0": 0.501953125, "f_1": 0.5029296875, "f_2": 0.529296875, "f_3": 0.5390625, "f_4": 0.5439453125}, "sample32": {"f_0": 0.5126953125, "f_1": 0.5009765625, "f_2": 0.4501953125, "f_3": 0.408203125, "f_4": 0.3857421875}, "sample33": {"f_0": 0.4814453125, "f_1": 0.57421875, "f_2": 0.6220703125, "f_3": 0.62890625, "f_4": 0.654296875}, "sample34": {"f_0": 0.4990234375, "f_1": 0.568359375, "f_2": 0.603515625, "f_3": 0.6259765625, "f_4": 0.646484375}, "sample35": {"f_0": 0.529296875, "f_1": 0.5166015625, "f_2": 0.6005859375, "f_3": 0.6416015625, "f_4": 0.6611328125}, "sample36": {"f_0": 0.552734375, "f_1": 0.5595703125, "f_2": 0.537109375, "f_3": 0.5634765625, "f_4": 0.5849609375}, "sample37": {"f_0": 0.5205078125, "f_1": 0.5537109375, "f_2": 0.615234375, "f_3": 0.626953125, "f_4": 0.673828125}, "sample38": {"f_0": 0.494140625, "f_1": 0.5361328125, "f_2": 0.556640625, "f_3": 0.599609375, "f_4": 0.603515625}, "sample39": {"f_0": 0.4912109375, "f_1": 0.5146484375, "f_2": 0.5380859375, "f_3": 0.5361328125, "f_4": 0.552734375}}