{"sample0": {"f_0": 0, "f_1": 0, "f_2": 0.001953125, "f_3": 0.001953125, "f_4": 0.0029296875}, "sample1": {"f_0": 0, "f_1": 0.0068359375, "f_2": 0.0126953125, "f_3": 0.041015625, "f_4": 0.0732421875}, "sample2": {"f_0": 0, "f_1": 0.0009765625, "f_2": 0.0078125, "f_3": 0.0234375, "f_4": 0.0205078125}, "sample3": {"f_0": 0, "f_1": 0, "f_2": 0.0009765625, "f_3": 0.0048828125, "f_4": 0.0029296875}, "sample4": {"f_0": 0, "f_1": 0.0029296875, "f_2": 0.0107421875, "f_3": 0.021484375, "f_4": 0.0439453125}, "sample5": {"f_0": 0, "f_1": 0, "f_2": 0, "f_3": 0.0009765625, "f_4": 0.0009765625}, "sample6": {"f_0": 0, "f_1": 0.0009765625, "f_2": 0.0009765625, "f_3": 0.00390625, "f_4": 0.0068359375}, "sample7": {"f_0": 0, "f_1": 0.00390625, "f_2": 0.0126953125, "f_3": 0.015625, "f_4": 0.0283203125}, "sample8": {"f_0": 0, "f_1": 0.001953125, "f_2": 0.013671875, "f_3": 0.0283203125, "f_4": 0.0390625}, "sample9": {"f_0": 0, "f_1": 0, "f_2": 0, "f_3": 0, "f_4": 0}, "sample10": {"f_0": 0, "f_1": 0, "f_2": 0, "f_3": 0.001953125, "f_4": 0.0009765625}, "sample11": {"f_0": 0, "f_1": 0, "f_2": 0, "f_3": 0, "f_4": 0.0009765625}, "sample12": {"f_0": 0, "f_1": 0.0009765625, "f_2": 0.00390625, "f_3": 0.0078125, "f_4": 0.013671875}, "sample13": {"f_0": 0, "f_1": 0.0009765625, "f_2": 0.001953125, "f_3": 0.005859375, "f_4": 0.0029296875}, "sample14": {"f_0": 0, "f_1": 0.0029296875, "f_2": 0.0146484375, "f_3": 0.0302734375, "f_4": 0.0498046875}, "sample15": {"f_0": 0, "f_1": 0.0029296875, "f_2": 0.009765625, "f_3": 0.0146484375, "f_4": 0.029296875}, "sample16": {"f_0": 0, "f_1": 0.001953125, "f_2": 0.0107421875, "f_3": 0.03125, "f_4": 0.0419921875}, "sample17": {"f_0": 0, "f_1": 0, "f_2": 0, "f_3": 0, "f_4": 0}, "sample18": {"f_0": 0, "f_1": 0, "f_2": 0.0029296875, "f_3": 0.00390625, "f_4": 0.0078125}, "sample19": {"f_0": 0, "f_1": 0.0009765625, "f_2": 0.00390625, "f_3": 0.015625, "f_4": 0.0166015625}, "sample20": {"f_0": 0, "f_1": 0.0009765625, "f_2": 0.0048828125, "f_3": 0.01953125, "f_4": 0.025390625}, "sample21": {"f_0": 0, "f_1": 0.0009765625, "f_2": 0.013671875, "f_3": 0.0224609375, "f_4": 0.0224609375}, "sample22": {"f_0": 0, "f_1": 0, "f_2": 0.001953125, "f_3": 0.005859375, "f_4": 0.0126953125}, "sample23": {"f_0": 0, "f_1": 0.0009765625, "f_2": 0.0048828125, "f_3": 0.021484375, "f_4": 0.015625}, "sample24": {"f_0": 0, "f_1": 0.001953125, "f_2": 0.01953125, "f_3": 0.0361328125, "f_4": 0.0771484375}, "sample25": {"f_0": 0, "f_1": 0.001953125, "f_2": 0.0078125, "f_3": 0.0224609375, "f_4": 0.025390625}, "sample26": {"f_0": 0, "f_1": 0, "f_2": 0.0029296875, "f_3": 0.0107421875, "f_4": 0.01953125}, "sample27": {"f_0": 0, "f_1": 0.0029296875, "f_2": 0.0048828125, "f_3": 0.013671875, "f_4": 0.0087890625}, "sample28": {"f_0": 0, "f_1": 0.0068359375, "f_2": 0.0166015625, "f_3": 0.0390625, "f_4": 0.05078125}, "sample29": {"f_0": 0, "f_1": 0, "f_2": 0, "f_3": 0, "f_4": 0}, "sample30": {"f_0": 0, "f_1": 0.0009765625, "f_2": 0.0048828125, "f_3": 0.005859375, "f_4": 0.01953125}, "sample31": {"f_0": 0, "f_1": 0, "f_2": 0, "f_3": 0, "f_4": 0}, "sample32": {"f_0": 0, "f_1": 0.001953125, "f_2": 0.0029296875, "f_3": 0.00390625, "f_4": 0.01171875}, "sample33": {"f_0": 0, "f_1": 0.00390625, "f_2": 0.029296875, "f_3": 0.0498046875, "f_4": 0.0673828125}, "sample34": {"f_0": 0, "f_1": 0.005859375, "f_2": 0.0146484375, "f_3": 0.0244140625, "f_4": 0.04296875}, "sample35": {"f_0": 0, "f_1": 0.005859375, "f_2": 0.0048828125, "f_3": 0.0224609375, "f_4": 0.0439453125}, "sample36": {"f_0": 0, "f_1": 0, "f_2": 0.001953125, "f_3": 0.0078125, "f_4": 0.0068359375}, "sample37": {"f_0": 0, "f_1": 0.0068359375, "f_2": 0.013671875, "f_3": 0.0458984375, "f_4": 0.056640625}, "sample38": {"f_0": 0, "f_1": 0.0009765625, "f_2": 0.0107421875, "f_3": 0.015625, "f_4": 0.0205078125}, "sample39": {"f_0": 0, "f_1": 0, "f_2": 0, "f_3": 0.001953125, "f_4": 0}}