{
    "n_samples": 56,
    "n_qubits": 10,
    "graph_type": "line",
    "backend_qpu_name": "ibm_marrakesh",
    "beta": 1,
    "C": 11.274471489614287,
    "n_features": 10,
    "times": [
        0.0,
        0.278646556202988,
        0.557293112405976,
        0.835939668608964,
        1.114586224811952,
        1.3932327810149399,
        1.671879337217928,
        1.950525893420916,
        2.229172449623904,
        2.507819005826892
    ]
}