{"sample0": {"f_0": 0.8466796875, "f_1": 0.6806640625, "f_2": 0.599609375, "f_3": 0.5107421875, "f_4": 0.41015625, "f_5": 0.3330078125, "f_6": 0.248046875, "f_7": 0.185546875, "f_8": 0.154296875, "f_9": 0.1533203125}, "sample1": {"f_0": 0.8271484375, "f_1": 0.6357421875, "f_2": 0.453125, "f_3": 0.29296875, "f_4": 0.193359375, "f_5": 0.1630859375, "f_6": 0.216796875, "f_7": 0.3330078125, "f_8": 0.2607421875, "f_9": 0.259765625}, "sample2": {"f_0": 0.822265625, "f_1": 0.609375, "f_2": 0.484375, "f_3": 0.3115234375, "f_4": 0.21484375, "f_5": 0.1357421875, "f_6": 0.0966796875, "f_7": 0.1005859375, "f_8": 0.126953125, "f_9": 0.1455078125}, "sample3": {"f_0": 0.822265625, "f_1": 0.5791015625, "f_2": 0.369140625, "f_3": 0.220703125, "f_4": 0.2080078125, "f_5": 0.12890625, "f_6": 0.1396484375, "f_7": 0.1572265625, "f_8": 0.1552734375, "f_9": 0.1787109375}, "sample4": {"f_0": 0.8671875, "f_1": 0.6455078125, "f_2": 0.611328125, "f_3": 0.55078125, "f_4": 0.4072265625, "f_5": 0.3583984375, "f_6": 0.330078125, "f_7": 0.2705078125, "f_8": 0.2666015625, "f_9": 0.236328125}, "sample5": {"f_0": 0.841796875, "f_1": 0.5263671875, "f_2": 0.27734375, "f_3": 0.1630859375, "f_4": 0.2197265625, "f_5": 0.244140625, "f_6": 0.2041015625, "f_7": 0.154296875, "f_8": 0.1259765625, "f_9": 0.1826171875}, "sample6": {"f_0": 0.8388671875, "f_1": 0.673828125, "f_2": 0.642578125, "f_3": 0.6328125, "f_4": 0.4931640625, "f_5": 0.4716796875, "f_6": 0.4541015625, "f_7": 0.423828125, "f_8": 0.3466796875, "f_9": 0.3681640625}, "sample7": {"f_0": 0.82421875, "f_1": 0.638671875, "f_2": 0.5400390625, "f_3": 0.3876953125, "f_4": 0.3212890625, "f_5": 0.251953125, "f_6": 0.208984375, "f_7": 0.1708984375, "f_8": 0.1982421875, "f_9": 0.18359375}, "sample8": {"f_0": 0.845703125, "f_1": 0.5517578125, "f_2": 0.2685546875, "f_3": 0.16015625, "f_4": 0.1591796875, "f_5": 0.154296875, "f_6": 0.1572265625, "f_7": 0.1796875, "f_8": 0.17578125, "f_9": 0.1337890625}, "sample9": {"f_0": 0.845703125, "f_1": 0.671875, "f_2": 0.658203125, "f_3": 0.59375, "f_4": 0.5068359375, "f_5": 0.4970703125, "f_6": 0.3916015625, "f_7": 0.3642578125, "f_8": 0.3076171875, "f_9": 0.2392578125}, "sample10": {"f_0": 0.8369140625, "f_1": 0.6015625, "f_2": 0.435546875, "f_3": 0.27734375, "f_4": 0.3212890625, "f_5": 0.240234375, "f_6": 0.21875, "f_7": 0.1826171875, "f_8": 0.1318359375, "f_9": 0.2021484375}, "sample11": {"f_0": 0.830078125, "f_1": 0.587890625, "f_2": 0.33984375, "f_3": 0.1884765625, "f_4": 0.0927734375, "f_5": 0.1611328125, "f_6": 0.169921875, "f_7": 0.181640625, "f_8": 0.51953125, "f_9": 0.501953125}, "sample12": {"f_0": 0.8408203125, "f_1": 0.5927734375, "f_2": 0.443359375, "f_3": 0.251953125, "f_4": 0.14453125, "f_5": 0.109375, "f_6": 0.109375, "f_7": 0.11328125, "f_8": 0.138671875, "f_9": 0.1318359375}, "sample13": {"f_0": 0.837890625, "f_1": 0.4990234375, "f_2": 0.2275390625, "f_3": 0.1826171875, "f_4": 0.2734375, "f_5": 0.2578125, "f_6": 0.1630859375, "f_7": 0.1083984375, "f_8": 0.20703125, "f_9": 0.2548828125}, "sample14": {"f_0": 0.837890625, "f_1": 0.609375, "f_2": 0.4130859375, "f_3": 0.25390625, "f_4": 0.2841796875, "f_5": 0.2841796875, "f_6": 0.251953125, "f_7": 0.171875, "f_8": 0.1171875, "f_9": 0.126953125}, "sample15": {"f_0": 0.83203125, "f_1": 0.564453125, "f_2": 0.3525390625, "f_3": 0.2109375, "f_4": 0.1455078125, "f_5": 0.1171875, "f_6": 0.1337890625, "f_7": 0.15625, "f_8": 0.1142578125, "f_9": 0.1240234375}, "sample16": {"f_0": 0.8310546875, "f_1": 0.5146484375, "f_2": 0.3388671875, "f_3": 0.1611328125, "f_4": 0.14453125, "f_5": 0.1328125, "f_6": 0.1650390625, "f_7": 0.1572265625, "f_8": 0.1533203125, "f_9": 0.1259765625}, "sample17": {"f_0": 0.8486328125, "f_1": 0.5888671875, "f_2": 0.4140625, "f_3": 0.2529296875, "f_4": 0.1591796875, "f_5": 0.1474609375, "f_6": 0.1435546875, "f_7": 0.18359375, "f_8": 0.205078125, "f_9": 0.2041015625}, "sample18": {"f_0": 0.8173828125, "f_1": 0.5830078125, "f_2": 0.41796875, "f_3": 0.2587890625, "f_4": 0.2119140625, "f_5": 0.1748046875, "f_6": 0.1806640625, "f_7": 0.177734375, "f_8": 0.1982421875, "f_9": 0.1787109375}, "sample19": {"f_0": 0.849609375, "f_1": 0.5458984375, "f_2": 0.283203125, "f_3": 0.1728515625, "f_4": 0.1259765625, "f_5": 0.197265625, "f_6": 0.169921875, "f_7": 0.142578125, "f_8": 0.4375, "f_9": 0.408203125}, "sample20": {"f_0": 0.822265625, "f_1": 0.673828125, "f_2": 0.67578125, "f_3": 0.619140625, "f_4": 0.533203125, "f_5": 0.490234375, "f_6": 0.48828125, "f_7": 0.4521484375, "f_8": 0.359375, "f_9": 0.3671875}, "sample21": {"f_0": 0.861328125, "f_1": 0.529296875, "f_2": 0.2734375, "f_3": 0.1611328125, "f_4": 0.1962890625, "f_5": 0.15625, "f_6": 0.1337890625, "f_7": 0.16796875, "f_8": 0.150390625, "f_9": 0.177734375}, "sample22": {"f_0": 0.8388671875, "f_1": 0.6025390625, "f_2": 0.3974609375, "f_3": 0.216796875, "f_4": 0.1474609375, "f_5": 0.1279296875, "f_6": 0.1162109375, "f_7": 0.1591796875, "f_8": 0.142578125, "f_9": 0.13671875}, "sample23": {"f_0": 0.8310546875, "f_1": 0.5595703125, "f_2": 0.390625, "f_3": 0.1982421875, "f_4": 0.1513671875, "f_5": 0.1328125, "f_6": 0.146484375, "f_7": 0.1513671875, "f_8": 0.1513671875, "f_9": 0.1708984375}, "sample24": {"f_0": 0.833984375, "f_1": 0.5458984375, "f_2": 0.3017578125, "f_3": 0.193359375, "f_4": 0.1904296875, "f_5": 0.2421875, "f_6": 0.205078125, "f_7": 0.181640625, "f_8": 0.1015625, "f_9": 0.1064453125}, "sample25": {"f_0": 0.8447265625, "f_1": 0.5732421875, "f_2": 0.392578125, "f_3": 0.2236328125, "f_4": 0.177734375, "f_5": 0.1455078125, "f_6": 0.16796875, "f_7": 0.1552734375, "f_8": 0.16796875, "f_9": 0.1513671875}, "sample26": {"f_0": 0.8408203125, "f_1": 0.6240234375, "f_2": 0.48828125, "f_3": 0.353515625, "f_4": 0.2978515625, "f_5": 0.2744140625, "f_6": 0.23828125, "f_7": 0.201171875, "f_8": 0.142578125, "f_9": 0.12109375}, "sample27": {"f_0": 0.853515625, "f_1": 0.6259765625, "f_2": 0.5595703125, "f_3": 0.4697265625, "f_4": 0.3154296875, "f_5": 0.2724609375, "f_6": 0.2919921875, "f_7": 0.2548828125, "f_8": 0.2529296875, "f_9": 0.2509765625}, "sample28": {"f_0": 0.8349609375, "f_1": 0.66015625, "f_2": 0.619140625, "f_3": 0.572265625, "f_4": 0.4873046875, "f_5": 0.44921875, "f_6": 0.3466796875, "f_7": 0.3271484375, "f_8": 0.28125, "f_9": 0.24609375}, "sample29": {"f_0": 0.828125, "f_1": 0.609375, "f_2": 0.4912109375, "f_3": 0.3251953125, "f_4": 0.19140625, "f_5": 0.1240234375, "f_6": 0.072265625, "f_7": 0.09375, "f_8": 0.1259765625, "f_9": 0.1591796875}, "sample30": {"f_0": 0.8447265625, "f_1": 0.6708984375, "f_2": 0.630859375, "f_3": 0.57421875, "f_4": 0.4580078125, "f_5": 0.4228515625, "f_6": 0.3935546875, "f_7": 0.31640625, "f_8": 0.2783203125, "f_9": 0.17578125}, "sample31": {"f_0": 0.8427734375, "f_1": 0.6298828125, "f_2": 0.494140625, "f_3": 0.3740234375, "f_4": 0.2587890625, "f_5": 0.244140625, "f_6": 0.2158203125, "f_7": 0.1630859375, "f_8": 0.12890625, "f_9": 0.1103515625}, "sample32": {"f_0": 0.83203125, "f_1": 0.6318359375, "f_2": 0.404296875, "f_3": 0.240234375, "f_4": 0.193359375, "f_5": 0.158203125, "f_6": 0.1533203125, "f_7": 0.1552734375, "f_8": 0.1875, "f_9": 0.150390625}, "sample33": {"f_0": 0.8583984375, "f_1": 0.625, "f_2": 0.466796875, "f_3": 0.3427734375, "f_4": 0.2314453125, "f_5": 0.1923828125, "f_6": 0.1826171875, "f_7": 0.1640625, "f_8": 0.1611328125, "f_9": 0.150390625}, "sample34": {"f_0": 0.8388671875, "f_1": 0.666015625, "f_2": 0.5927734375, "f_3": 0.4423828125, "f_4": 0.3095703125, "f_5": 0.236328125, "f_6": 0.1962890625, "f_7": 0.1357421875, "f_8": 0.1123046875, "f_9": 0.0966796875}, "sample35": {"f_0": 0.8291015625, "f_1": 0.6396484375, "f_2": 0.537109375, "f_3": 0.4287109375, "f_4": 0.337890625, "f_5": 0.279296875, "f_6": 0.2451171875, "f_7": 0.1865234375, "f_8": 0.1708984375, "f_9": 0.18359375}, "sample36": {"f_0": 0.8525390625, "f_1": 0.6884765625, "f_2": 0.5791015625, "f_3": 0.4853515625, "f_4": 0.4345703125, "f_5": 0.3828125, "f_6": 0.349609375, "f_7": 0.2509765625, "f_8": 0.2890625, "f_9": 0.2490234375}, "sample37": {"f_0": 0.8515625,