{"sample0": {"f_0": 0, "f_1": 0.013671875, "f_2": 0.033203125, "f_3": 0.08984375, "f_4": 0.11328125, "f_5": 0.193359375, "f_6": 0.2490234375, "f_7": 0.306640625, "f_8": 0.3076171875, "f_9": 0.32421875}, "sample1": {"f_0": 0, "f_1": 0.052734375, "f_2": 0.1591796875, "f_3": 0.2666015625, "f_4": 0.3232421875, "f_5": 0.29296875, "f_6": 0.1689453125, "f_7": 0.1025390625, "f_8": 0.1328125, "f_9": 0.189453125}, "sample2": {"f_0": 0, "f_1": 0.0439453125, "f_2": 0.1279296875, "f_3": 0.2880859375, "f_4": 0.365234375, "f_5": 0.3974609375, "f_6": 0.4140625, "f_7": 0.3974609375, "f_8": 0.3701171875, "f_9": 0.263671875}, "sample3": {"f_0": 0, "f_1": 0.0732421875, "f_2": 0.193359375, "f_3": 0.2734375, "f_4": 0.3056640625, "f_5": 0.30078125, "f_6": 0.30859375, "f_7": 0.296875, "f_8": 0.333984375, "f_9": 0.265625}, "sample4": {"f_0": 0, "f_1": 0.0068359375, "f_2": 0.0380859375, "f_3": 0.05859375, "f_4": 0.1083984375, "f_5": 0.1474609375, "f_6": 0.18359375, "f_7": 0.25390625, "f_8": 0.2587890625, "f_9": 0.3212890625}, "sample5": {"f_0": 0, "f_1": 0.09375, "f_2": 0.2509765625, "f_3": 0.3271484375, "f_4": 0.1708984375, "f_5": 0.1708984375, "f_6": 0.23046875, "f_7": 0.2705078125, "f_8": 0.310546875, "f_9": 0.2392578125}, "sample6": {"f_0": 0, "f_1": 0.0009765625, "f_2": 0.005859375, "f_3": 0.0087890625, "f_4": 0.0224609375, "f_5": 0.0302734375, "f_6": 0.0361328125, "f_7": 0.0556640625, "f_8": 0.0625, "f_9": 0.0849609375}, "sample7": {"f_0": 0, "f_1": 0.0166015625, "f_2": 0.04296875, "f_3": 0.107421875, "f_4": 0.16015625, "f_5": 0.2099609375, "f_6": 0.2607421875, "f_7": 0.26953125, "f_8": 0.24609375, "f_9": 0.2431640625}, "sample8": {"f_0": 0, "f_1": 0.1181640625, "f_2": 0.2705078125, "f_3": 0.2861328125, "f_4": 0.3017578125, "f_5": 0.333984375, "f_6": 0.2587890625, "f_7": 0.208984375, "f_8": 0.220703125, "f_9": 0.3154296875}, "sample9": {"f_0": 0, "f_1": 0.0048828125, "f_2": 0.01953125, "f_3": 0.072265625, "f_4": 0.1044921875, "f_5": 0.177734375, "f_6": 0.203125, "f_7": 0.2939453125, "f_8": 0.375, "f_9": 0.4296875}, "sample10": {"f_0": 0, "f_1": 0.015625, "f_2": 0.1083984375, "f_3": 0.1533203125, "f_4": 0.1123046875, "f_5": 0.134765625, "f_6": 0.2099609375, "f_7": 0.2568359375, "f_8": 0.3056640625, "f_9": 0.265625}, "sample11": {"f_0": 0, "f_1": 0.0546875, "f_2": 0.1845703125, "f_3": 0.234375, "f_4": 0.4462890625, "f_5": 0.3291015625, "f_6": 0.25, "f_7": 0.29296875, "f_8": 0.0224609375, "f_9": 0.0302734375}, "sample12": {"f_0": 0, "f_1": 0.0107421875, "f_2": 0.0537109375, "f_3": 0.17578125, "f_4": 0.31640625, "f_5": 0.41796875, "f_6": 0.4443359375, "f_7": 0.400390625, "f_8": 0.3154296875, "f_9": 0.275390625}, "sample13": {"f_0": 0, "f_1": 0.1064453125, "f_2": 0.2802734375, "f_3": 0.2587890625, "f_4": 0.146484375, "f_5": 0.224609375, "f_6": 0.373046875, "f_7": 0.380859375, "f_8": 0.2099609375, "f_9": 0.109375}, "sample14": {"f_0": 0, "f_1": 0.0205078125, "f_2": 0.08203125, "f_3": 0.1845703125, "f_4": 0.1083984375, "f_5": 0.1162109375, "f_6": 0.1630859375, "f_7": 0.23046875, "f_8": 0.4541015625, "f_9": 0.5166015625}, "sample15": {"f_0": 0, "f_1": 0.01171875, "f_2": 0.095703125, "f_3": 0.22265625, "f_4": 0.314453125, "f_5": 0.357421875, "f_6": 0.3349609375, "f_7": 0.3076171875, "f_8": 0.3740234375, "f_9": 0.3427734375}, "sample16": {"f_0": 0, "f_1": 0.0966796875, "f_2": 0.24609375, "f_3": 0.39453125, "f_4": 0.3486328125, "f_5": 0.322265625, "f_6": 0.2783203125, "f_7": 0.302734375, "f_8": 0.294921875, "f_9": 0.3193359375}, "sample17": {"f_0": 0, "f_1": 0.001953125, "f_2": 0.052734375, "f_3": 0.1494140625, "f_4": 0.2587890625, "f_5": 0.2802734375, "f_6": 0.298828125, "f_7": 0.279296875, "f_8": 0.20703125, "f_9": 0.1689453125}, "sample18": {"f_0": 0, "f_1": 0.0166015625, "f_2": 0.0712890625, "f_3": 0.146484375, "f_4": 0.1982421875, "f_5": 0.2548828125, "f_6": 0.2578125, "f_7": 0.2314453125, "f_8": 0.1865234375, "f_9": 0.2294921875}, "sample19": {"f_0": 0, "f_1": 0.0869140625, "f_2": 0.2392578125, "f_3": 0.2412109375, "f_4": 0.3984375, "f_5": 0.2744140625, "f_6": 0.2060546875, "f_7": 0.26953125, "f_8": 0.08203125, "f_9": 0.125}, "sample20": {"f_0": 0, "f_1": 0.0009765625, "f_2": 0.001953125, "f_3": 0.00390625, "f_4": 0.0029296875, "f_5": 0.0078125, "f_6": 0.01953125, "f_7": 0.0322265625, "f_8": 0.033203125, "f_9": 0.0458984375}, "sample21": {"f_0": 0, "f_1": 0.1259765625, "f_2": 0.2685546875, "f_3": 0.3671875, "f_4": 0.2890625, "f_5": 0.306640625, "f_6": 0.302734375, "f_7": 0.2744140625, "f_8": 0.3681640625, "f_9": 0.2314453125}, "sample22": {"f_0": 0, "f_1": 0.078125, "f_2": 0.216796875, "f_3": 0.40625, "f_4": 0.3525390625, "f_5": 0.4189453125, "f_6": 0.36328125, "f_7": 0.2744140625, "f_8": 0.2958984375, "f_9": 0.2607421875}, "sample23": {"f_0": 0, "f_1": 0.078125, "f_2": 0.220703125, "f_3": 0.3056640625, "f_4": 0.3798828125, "f_5": 0.3583984375, "f_6": 0.302734375, "f_7": 0.255859375, "f_8": 0.2578125, "f_9": 0.2060546875}, "sample24": {"f_0": 0, "f_1": 0.087890625, "f_2": 0.2158203125, "f_3": 0.25390625, "f_4": 0.2255859375, "f_5": 0.15234375, "f_6": 0.2216796875, "f_7": 0.25390625, "f_8": 0.4189453125, "f_9": 0.3271484375}, "sample25": {"f_0": 0, "f_1": 0.00390625, "f_2": 0.056640625, "f_3": 0.185546875, "f_4": 0.2421875, "f_5": 0.296875, "f_6": 0.2822265625, "f_7": 0.263671875, "f_8": 0.263671875, "f_9": 0.2431640625}, "sample26": {"f_0": 0, "f_1": 0.029296875, "f_2": 0.1064453125, "f_3": 0.171875, "f_4": 0.1640625, "f_5": 0.193359375, "f_6": 0.234375, "f_7": 0.2744140625, "f_8": 0.326171875, "f_9": 0.2958984375}, "sample27": {"f_0": 0, "f_1": 0.001953125, "f_2": 0.0234375, "f_3": 0.0439453125, "f_4": 0.1044921875, "f_5": 0.11328125, "f_6": 0.1533203125, "f_7": 0.1474609375, "f_8": 0.1826171875, "f_9": 0.16796875}, "sample28": {"f_0": 0, "f_1": 0.0068359375, "f_2": 0.01953125, "f_3": 0.0546875, "f_4": 0.0869140625, "f_5": 0.107421875, "f_6": 0.1474609375, "f_7": 0.185546875, "f_8": 0.23828125, "f_9": 0.2802734375}, "sample29": {"f_0": 0, "f_1": 0.0380859375, "f_2": 0.1640625, "f_3": 0.3154296875, "f_4": 0.4716796875, "f_5": 0.5556640625, "f_6": 0.5908203125, "f_7": 0.4990234375, "f_8": 0.4326171875, "f_9": 0.2939453125}, "sample30": {"f_0": 0, "f_1": 0.0126953125, "f_2": 0.048828125, "f_3": 0.078125, "f_4": 0.138671875, "f_5": 0.2255859375, "f_6": 0.3046875, "f_7": 0.326171875, "f_8": 0.4345703125, "f_9": 0.5048828125}, "sample31": {"f_0": 0, "f_1": 0.0390625, "f_2": 0.1240234375, "f_3": 0.1904296875, "f_4": 0.2119140625, "f_5": 0.240234375, "f_6": 0.234375, "f_7": 0.3251953125, "f_8": 0.39453125, "f_9": 0.3779296875}, "sample32": {"f_0": 0, "f_1": 0.0068359375, "f_2": 0.0615234375, "f_3": 0.1708984375, "f_4": 0.1806640625, "f_5": 0.2509765625, "f_6": 0.2509765625, "f_7": 0.255859375, "f_8": 0.27734375, "f_9": 0.2783203125}, "sample33": {"f_0": 0, "f_1": 0.001953125, "f_2": 0.03515625, "f_3": 0.09375, "f_4": 0.1591796875, "f_5": 0.1953125, "f_6": 0.224609375, "f_7": 0.2412109375, "f_8": 0.2392578125, "f_9": 0.2470703125}, "sample34": {"f_0": 0, "f_1": 0.00390625, "f_2": 0.0205078125, "f_3": 0.048828125, "f_4": 0.0859375, "f_5": 0.17578125, "f_6": 0.2568359375, "f_7": 0.328125, "f_8": 0.3916015625, "f_9": 0.43359375}, "sample35": {"f_0": 0, "f_1": 0.001953125, "f_2": 0.0166015625, "f_3": 0.0458984375, "f_4": 0.087890625, "f_5": 0.1279296875, "f_6": 0.1328125, "f_7": 0.2041015625, "f_8": 0.197265625, "f_9": 0.2666015625}, "sample36": {"f_0": 0, "f_1": 0.0009765625, "f_2": 0.0078125, "f_3": 0.0380859375, "f_4": 0.0595703125, "f_5": 0.0634765625, "f_6": 0.0771484375, "f_7": 0.12890625, "f_8": 0.1396484375, "f_9": 0.1630859375}, "sample37": {"f_0": 0, "f_1": 0.0498046875, "f_2": 0.142578125, "f_3": 0.330078125, "f_4": 0.40234375, "f_5": 0.4365234375, "f_6": 0.4404296875, "f_7": 0.345703125, "f_8": 0.4248046875, "f_9": 0.3515625}, "sample38": {"f_0": 0, "f_1": 0.03125, "f_2": 0.1318359375, "f_3": 0.2236328125, "f_4": 0.4091796875, "f_5": 0.494140625, "f_6": 0.5107421875, "f_7": 0.427734375, "f_8": 0.55859375, "f_9": 0.4951171875}, "sample39": {"f_0": 0, "f_1": 0.015625,