{"sample0": {"f_0": 0.9999999999999996, "f_1": 0.9493395756025381, "f_2": 0.8548930797556807, "f_3": 0.7912561667222516, "f_4": 0.7429560694470302, "f_5": 0.6684838828509481, "f_6": 0.5846993512204324, "f_7": 0.5206042228488129, "f_8": 0.4595261271502104, "f_9": 0.3869402086334071}, "sample1": {"f_0": 0.9999999999999996, "f_1": 0.8984918089226736, "f_2": 0.65082624717106, "f_3": 0.3884850807708573, "f_4": 0.2342825134679259, "f_5": 0.23503284128728646, "f_6": 0.34355576295169227, "f_7": 0.45547408958012914, "f_8": 0.4801442520732841, "f_9": 0.3972327475393534}, "sample2": {"f_0": 0.9999999999999996, "f_1": 0.8969080566907125, "f_2": 0.6647280925669666, "f_3": 0.43812783277613965, "f_4": 0.28600335551112827, "f_5": 0.21039570275433395, "f_6": 0.18635958413517628, "f_7": 0.182290470958397, "f_8": 0.17666177759176188, "f_9": 0.16955017473906525}, "sample3": {"f_0": 0.9999999999999996, "f_1": 0.8600609500700632, "f_2": 0.5805682876396768, "f_3": 0.38091067742839585, "f_4": 0.2934147133686755, "f_5": 0.22413312554478346, "f_6": 0.14531949824598533, "f_7": 0.10607349256385075, "f_8": 0.13175716408447924, "f_9": 0.1948458881549458}, "sample4": {"f_0": 0.9999999999999996, "f_1": 0.966202887011444, "f_2": 0.8768845169662168, "f_3": 0.7611975578430196, "f_4": 0.6501422813971721, "f_5": 0.5640342997089316, "f_6": 0.5081610774202446, "f_7": 0.4756604891926301, "f_8": 0.45427020916536864, "f_9": 0.4332389532898281}, "sample5": {"f_0": 0.9999999999999996, "f_1": 0.7619179328816105, "f_2": 0.3638218467572835, "f_3": 0.25720137052118097, "f_4": 0.394914596020983, "f_5": 0.4365805528024015, "f_6": 0.2958781096431071, "f_7": 0.1784730172616008, "f_8": 0.2125720743747117, "f_9": 0.2874851439538539}, "sample6": {"f_0": 0.9999999999999996, "f_1": 0.9852043861365082, "f_2": 0.9464685294341989, "f_3": 0.8958098989052905, "f_4": 0.8443768191994584, "f_5": 0.799429995133146, "f_6": 0.7623759198084855, "f_7": 0.7285173922272896, "f_8": 0.6908324487953855, "f_9": 0.6439068975705045}, "sample7": {"f_0": 0.9999999999999996, "f_1": 0.9436166082328454, "f_2": 0.8069304584159906, "f_3": 0.6551607893158, "f_4": 0.5329434113630068, "f_5": 0.44925980948288075, "f_6": 0.39672679317365117, "f_7": 0.36706680631391353, "f_8": 0.3476343406665531, "f_9": 0.31780573651222543}, "sample8": {"f_0": 0.9999999999999996, "f_1": 0.7883079692690339, "f_2": 0.4778146685032163, "f_3": 0.32622040651737033, "f_4": 0.2200234770135459, "f_5": 0.1727770722869583, "f_6": 0.20371869013421723, "f_7": 0.23828799128689157, "f_8": 0.25594771937796923, "f_9": 0.27396138333512055}, "sample9": {"f_0": 0.9999999999999996, "f_1": 0.9862499810994608, "f_2": 0.9509899138283431, "f_3": 0.9017557020965257, "f_4": 0.8405384221464092, "f_5": 0.770119315951979, "f_6": 0.6915189622756892, "f_7": 0.6031107935955866, "f_8": 0.5097543387622019, "f_9": 0.41946401494582813}, "sample10": {"f_0": 0.9999999999999996, "f_1": 0.9052171322202791, "f_2": 0.726068370992772, "f_3": 0.622050805865886, "f_4": 0.592237466193923, "f_5": 0.5246038767080778, "f_6": 0.38874665386083124, "f_7": 0.2669135347571162, "f_8": 0.21946027564237558, "f_9": 0.22027806551116894}, "sample11": {"f_0": 0.9999999999999996, "f_1": 0.8227475684784651, "f_2": 0.4477816725515041, "f_3": 0.1597747339711825, "f_4": 0.12889120798220258, "f_5": 0.3787137882014323, "f_6": 0.7625683491681332, "f_7": 0.9838337732496882, "f_8": 0.8598212537323994, "f_9": 0.5135852719109792}, "sample12": {"f_0": 0.9999999999999996, "f_1": 0.8677228794836481, "f_2": 0.5873175048309396, "f_3": 0.34743962729444494, "f_4": 0.21486912154838617, "f_5": 0.1620223891579837, "f_6": 0.15685170811349985, "f_7": 0.18680136817832194, "f_8": 0.23615128747768052, "f_9": 0.2680478815870633}, "sample13": {"f_0": 0.9999999999999996, "f_1": 0.7562469291207222, "f_2": 0.3745238109902886, "f_3": 0.2999909204014574, "f_4": 0.39045593240293286, "f_5": 0.2931549099442251, "f_6": 0.09985495393144486, "f_7": 0.135178974831587, "f_8": 0.33756578940653675, "f_9": 0.3803483668918109}, "sample14": {"f_0": 0.9999999999999996, "f_1": 0.8843897046824104, "f_2": 0.6590444708376226, "f_3": 0.5235887872706724, "f_4": 0.5100527178987458, "f_5": 0.48886041967759164, "f_6": 0.3675065593234638, "f_7": 0.2058508707057706, "f_8": 0.12540530221235266, "f_9": 0.15082246590924991}, "sample15": {"f_0": 0.9999999999999996, "f_1": 0.8349420200758035, "f_2": 0.5207093263848187, "f_3": 0.28279517413844596, "f_4": 0.15477281839245283, "f_5": 0.11683368392174118, "f_6": 0.1486990614868046, "f_7": 0.21024307538670756, "f_8": 0.26530129562408994, "f_9": 0.3051473266949558}, "sample16": {"f_0": 0.9999999999999996, "f_1": 0.7485597744534521, "f_2": 0.43557439217904215, "f_3": 0.3499554653313854, "f_4": 0.24040457504592994, "f_5": 0.15258617983672212, "f_6": 0.19355518325315926, "f_7": 0.23436198131769956, "f_8": 0.21873693962391877, "f_9": 0.2025704311060433}, "sample17": {"f_0": 0.9999999999999996, "f_1": 0.8650186866536382, "f_2": 0.5824105092801523, "f_3": 0.3506153611762587, "f_4": 0.23885620853662284, "f_5": 0.21654484894171921, "f_6": 0.24438634740017673, "f_7": 0.29944120139969604, "f_8": 0.36737254600385094, "f_9": 0.42632960242500445}, "sample18": {"f_0": 0.9999999999999996, "f_1": 0.8909763407902658, "f_2": 0.6545933623757217, "f_3": 0.4466028498782845, "f_4": 0.34074705905213903, "f_5": 0.32283690804664356, "f_6": 0.3394390818157322, "f_7": 0.34146741993988333, "f_8": 0.31644133992979195, "f_9": 0.28202179132242816}, "sample19": {"f_0": 0.9999999999999996, "f_1": 0.7827277300340699, "f_2": 0.35447068640325957, "f_3": 0.10821146937403606, "f_4": 0.212129119696637, "f_5": 0.5495609526203681, "f_6": 0.8386331778787768, "f_7": 0.8192569775136957, "f_8": 0.5015235033590221, "f_9": 0.18502438247613406}, "sample20": {"f_0": 0.9999999999999996, "f_1": 0.9895924115494537, "f_2": 0.961620786716077, "f_3": 0.9234468101140579, "f_4": 0.8814540983484402, "f_5": 0.8375405743238581, "f_6": 0.7897832459038854, "f_7": 0.7361570589115101, "f_8": 0.6778387646528512, "f_9": 0.6194292844878566}, "sample21": {"f_0": 0.9999999999999996, "f_1": 0.746386856219934, "f_2": 0.3800497622707488, "f_3": 0.28620197472748876, "f_4": 0.29893914460513527, "f_5": 0.2506668013427803, "f_6": 0.13674889322708272, "f_7": 0.08328431622934844, "f_8": 0.19817713611507135, "f_9": 0.29532154625301144}, "sample22": {"f_0": 0.9999999999999996, "f_1": 0.8377225253851349, "f_2": 0.5506297358990653, "f_3": 0.3706098125334649, "f_4": 0.28063826395760816, "f_5": 0.21994216222432664, "f_6": 0.17292587668028972, "f_7": 0.13485162889765676, "f_8": 0.12939199625804615, "f_9": 0.17295646532984515}, "sample23": {"f_0": 0.9999999999999996, "f_1": 0.8580144761860179, "f_2": 0.6116532974586392, "f_3": 0.40933987783336934, "f_4": 0.24787235351980327, "f_5": 0.16247906147493096, "f_6": 0.15191546494228642, "f_7": 0.18121778100200645, "f_8": 0.2039202341913668, "f_9": 0.20662425480210506}, "sample24": {"f_0": 0.9999999999999996, "f_1": 0.7996484448403056, "f_2": 0.42698529073053193, "f_3": 0.24496807139008117, "f_4": 0.3069721372557931, "f_5": 0.3942214703855927, "f_6": 0.3398696900826202, "f_7": 0.19705101288842802, "f_8": 0.12737770743093793, "f_9": 0.20017144807130496}, "sample25": {"f_0": 0.9999999999999996, "f_1": 0.8470853344782379, "f_2": 0.5583887246112434, "f_3": 0.35447815654276305, "f_4": 0.26343825457132625, "f_5": 0.23355066839317296, "f_6": 0.22750391712221738, "f_7": 0.2270938197944335, "f_8": 0.22039805565860424, "f_9": 0.20440473673466283}, "sample26": {"f_0": 0.9999999999999996, "f_1": 0.9297569289571573, "f_2": 0.7720089882484296, "f_3": 0.6298519960733143, "f_4": 0.5545853693987983, "f_5": 0.5113329619791295, "f_6": 0.4388767160469968, "f_7": 0.3272019838559684, "f_8": 0.23011257442973862, "f_9": 0.20711114149450438}, "sample27": {"f_0": 0.9999999999999996, "f_1": 0.9412194065216997, "f_2": 0.7946978039007191, "f_3": 0.6260293094987321, "f_4": 0.49192177189878517, "f_5": 0.41527098606672147, "f_6": 0.3884588579775365, "f_7": 0.39054084048415416, "f_8": 0.40102659605703783,