{"sample0": {"f_0": 0.011962890625, "f_1": 0.035888671875, "f_2": 0.056884765625, "f_3": 0.065185546875, "f_4": 0.112060546875, "f_5": 0.141845703125, "f_6": 0.140869140625, "f_7": 0.169189453125, "f_8": 0.203369140625, "f_9": 0.177490234375}, "sample1": {"f_0": 0.00927734375, "f_1": 0.09228515625, "f_2": 0.177001953125, "f_3": 0.24072265625, "f_4": 0.25244140625, "f_5": 0.19189453125, "f_6": 0.12548828125, "f_7": 0.090576171875, "f_8": 0.09814453125, "f_9": 0.138916015625}, "sample2": {"f_0": 0.01318359375, "f_1": 0.063720703125, "f_2": 0.148193359375, "f_3": 0.226318359375, "f_4": 0.2568359375, "f_5": 0.28857421875, "f_6": 0.287841796875, "f_7": 0.250732421875, "f_8": 0.208984375, "f_9": 0.1787109375}, "sample3": {"f_0": 0.019287109375, "f_1": 0.137939453125, "f_2": 0.19140625, "f_3": 0.209716796875, "f_4": 0.222900390625, "f_5": 0.223876953125, "f_6": 0.209228515625, "f_7": 0.18359375, "f_8": 0.19677734375, "f_9": 0.145751953125}, "sample4": {"f_0": 0.02099609375, "f_1": 0.064208984375, "f_2": 0.08642578125, "f_3": 0.1005859375, "f_4": 0.107177734375, "f_5": 0.121337890625, "f_6": 0.16943359375, "f_7": 0.19384765625, "f_8": 0.173095703125, "f_9": 0.19580078125}, "sample5": {"f_0": 0.018310546875, "f_1": 0.144775390625, "f_2": 0.240234375, "f_3": 0.265625, "f_4": 0.140869140625, "f_5": 0.13720703125, "f_6": 0.185546875, "f_7": 0.213623046875, "f_8": 0.21337890625, "f_9": 0.154541015625}, "sample6": {"f_0": 0.017822265625, "f_1": 0.07470703125, "f_2": 0.0693359375, "f_3": 0.080078125, "f_4": 0.08642578125, "f_5": 0.077880859375, "f_6": 0.073974609375, "f_7": 0.0927734375, "f_8": 0.087158203125, "f_9": 0.091552734375}, "sample7": {"f_0": 0.017822265625, "f_1": 0.067626953125, "f_2": 0.08642578125, "f_3": 0.104736328125, "f_4": 0.1279296875, "f_5": 0.134521484375, "f_6": 0.15966796875, "f_7": 0.169189453125, "f_8": 0.136962890625, "f_9": 0.14208984375}, "sample8": {"f_0": 0.0205078125, "f_1": 0.12451171875, "f_2": 0.19970703125, "f_3": 0.193603515625, "f_4": 0.201416015625, "f_5": 0.1845703125, "f_6": 0.1552734375, "f_7": 0.1416015625, "f_8": 0.1298828125, "f_9": 0.16943359375}, "sample9": {"f_0": 0.0205078125, "f_1": 0.0693359375, "f_2": 0.08740234375, "f_3": 0.098876953125, "f_4": 0.15087890625, "f_5": 0.15673828125, "f_6": 0.186279296875, "f_7": 0.23193359375, "f_8": 0.234619140625, "f_9": 0.299560546875}, "sample10": {"f_0": 0.017822265625, "f_1": 0.076416015625, "f_2": 0.09619140625, "f_3": 0.148681640625, "f_4": 0.104736328125, "f_5": 0.12109375, "f_6": 0.157470703125, "f_7": 0.159423828125, "f_8": 0.151123046875, "f_9": 0.130859375}, "sample11": {"f_0": 0.0185546875, "f_1": 0.1201171875, "f_2": 0.158203125, "f_3": 0.183837890625, "f_4": 0.26611328125, "f_5": 0.195068359375, "f_6": 0.171875, "f_7": 0.18994140625, "f_8": 0.094482421875, "f_9": 0.096435546875}, "sample12": {"f_0": 0.021240234375, "f_1": 0.0810546875, "f_2": 0.097412109375, "f_3": 0.130126953125, "f_4": 0.178955078125, "f_5": 0.220703125, "f_6": 0.252197265625, "f_7": 0.2294921875, "f_8": 0.174072265625, "f_9": 0.14599609375}, "sample13": {"f_0": 0.020751953125, "f_1": 0.1630859375, "f_2": 0.211669921875, "f_3": 0.17626953125, "f_4": 0.12353515625, "f_5": 0.1806640625, "f_6": 0.214111328125, "f_7": 0.20751953125, "f_8": 0.12841796875, "f_9": 0.091064453125}, "sample14": {"f_0": 0.0205078125, "f_1": 0.10888671875, "f_2": 0.110595703125, "f_3": 0.142578125, "f_4": 0.10400390625, "f_5": 0.098388671875, "f_6": 0.112060546875, "f_7": 0.139892578125, "f_8": 0.220947265625, "f_9": 0.229248046875}, "sample15": {"f_0": 0.02197265625, "f_1": 0.08935546875, "f_2": 0.105712890625, "f_3": 0.157958984375, "f_4": 0.18408203125, "f_5": 0.20947265625, "f_6": 0.186767578125, "f_7": 0.17529296875, "f_8": 0.19482421875, "f_9": 0.1748046875}, "sample16": {"f_0": 0.026123046875, "f_1": 0.159423828125, "f_2": 0.218505859375, "f_3": 0.25048828125, "f_4": 0.209716796875, "f_5": 0.17236328125, "f_6": 0.15185546875, "f_7": 0.16357421875, "f_8": 0.15380859375, "f_9": 0.14892578125}, "sample17": {"f_0": 0.023681640625, "f_1": 0.10009765625, "f_2": 0.09619140625, "f_3": 0.125244140625, "f_4": 0.148193359375, "f_5": 0.164306640625, "f_6": 0.15576171875, "f_7": 0.138427734375, "f_8": 0.102294921875, "f_9": 0.103515625}, "sample18": {"f_0": 0.02099609375, "f_1": 0.125732421875, "f_2": 0.130126953125, "f_3": 0.150634765625, "f_4": 0.154541015625, "f_5": 0.158935546875, "f_6": 0.1689453125, "f_7": 0.1640625, "f_8": 0.1220703125, "f_9": 0.143310546875}, "sample19": {"f_0": 0.0263671875, "f_1": 0.15283203125, "f_2": 0.1962890625, "f_3": 0.171142578125, "f_4": 0.204345703125, "f_5": 0.149658203125, "f_6": 0.143310546875, "f_7": 0.1728515625, "f_8": 0.165771484375, "f_9": 0.12890625}, "sample20": {"f_0": 0.0234375, "f_1": 0.116455078125, "f_2": 0.1162109375, "f_3": 0.10595703125, "f_4": 0.097900390625, "f_5": 0.093994140625, "f_6": 0.091796875, "f_7": 0.093505859375, "f_8": 0.08642578125, "f_9": 0.086181640625}, "sample21": {"f_0": 0.017333984375, "f_1": 0.17578125, "f_2": 0.23388671875, "f_3": 0.242919921875, "f_4": 0.177001953125, "f_5": 0.174560546875, "f_6": 0.180419921875, "f_7": 0.158447265625, "f_8": 0.171142578125, "f_9": 0.129150390625}, "sample22": {"f_0": 0.02197265625, "f_1": 0.14453125, "f_2": 0.227294921875, "f_3": 0.2568359375, "f_4": 0.24072265625, "f_5": 0.245361328125, "f_6": 0.211669921875, "f_7": 0.1806640625, "f_8": 0.1650390625, "f_9": 0.14794921875}, "sample23": {"f_0": 0.019775390625, "f_1": 0.185302734375, "f_2": 0.217529296875, "f_3": 0.219482421875, "f_4": 0.23876953125, "f_5": 0.21044921875, "f_6": 0.16015625, "f_7": 0.14892578125, "f_8": 0.122802734375, "f_9": 0.116455078125}, "sample24": {"f_0": 0.020751953125, "f_1": 0.145263671875, "f_2": 0.182861328125, "f_3": 0.187255859375, "f_4": 0.1533203125, "f_5": 0.128662109375, "f_6": 0.14306640625, "f_7": 0.15576171875, "f_8": 0.213623046875, "f_9": 0.1962890625}, "sample25": {"f_0": 0.0244140625, "f_1": 0.109619140625, "f_2": 0.10400390625, "f_3": 0.137451171875, "f_4": 0.164306640625, "f_5": 0.16796875, "f_6": 0.161376953125, "f_7": 0.14892578125, "f_8": 0.131103515625, "f_9": 0.1240234375}, "sample26": {"f_0": 0.020751953125, "f_1": 0.1064453125, "f_2": 0.142822265625, "f_3": 0.17138671875, "f_4": 0.153076171875, "f_5": 0.163818359375, "f_6": 0.193115234375, "f_7": 0.1904296875, "f_8": 0.193359375, "f_9": 0.1650390625}, "sample27": {"f_0": 0.023681640625, "f_1": 0.108642578125, "f_2": 0.11279296875, "f_3": 0.1181640625, "f_4": 0.11279296875, "f_5": 0.122314453125, "f_6": 0.116943359375, "f_7": 0.12158203125, "f_8": 0.119873046875, "f_9": 0.12890625}, "sample28": {"f_0": 0.024658203125, "f_1": 0.11865234375, "f_2": 0.12109375, "f_3": 0.129638671875, "f_4": 0.11962890625, "f_5": 0.129150390625, "f_6": 0.1396484375, "f_7": 0.17626953125, "f_8": 0.14208984375, "f_9": 0.153076171875}, "sample29": {"f_0": 0.019775390625, "f_1": 0.108642578125, "f_2": 0.14501953125, "f_3": 0.197265625, "f_4": 0.220703125, "f_5": 0.27978515625, "f_6": 0.279541015625, "f_7": 0.262451171875, "f_8": 0.240478515625, "f_9": 0.178466796875}, "sample30": {"f_0": 0.026611328125, "f_1": 0.10205078125, "f_2": 0.09716796875, "f_3": 0.1015625, "f_4": 0.114501953125, "f_5": 0.12646484375, "f_6": 0.141357421875, "f_7": 0.177001953125, "f_8": 0.171875, "f_9": 0.201171875}, "sample31": {"f_0": 0.022705078125, "f_1": 0.115966796875, "f_2": 0.146484375, "f_3": 0.174072265625, "f_4": 0.16357421875, "f_5": 0.158447265625, "f_6": 0.16259765625, "f_7": 0.201416015625, "f_8": 0.19970703125, "f_9": 0.205322265625}, "sample32": {"f_0": 0.024169921875, "f_1": 0.1171875, "f_2": 0.10400390625, "f_3": 0.134521484375, "f_4": 0.144287109375, "f_5": 0.146240234375, "f_6": 0.15478515625, "f_7": 0.156494140625, "f_8": 0.1435546875, "f_9": 0.14208984375}, "sample33": {"f_0": 0.02685546875, "f_1": 0.10546875, "f_2": 0.10986328125, "f_3": 0.1279296875, "f_4": 0.1533203125, "f_5": 0.163818359375, "f_6": 0.171142578125, "f_7": 0.15673828125, "f_8": 0.15478515625, "f_9": 0.158935546875},