{"sample0": {"f_0": 0.435791015625, "f_1": 0.40478515625, "f_2": 0.470703125, "f_3": 0.428466796875, "f_4": 0.428955078125, "f_5": 0.438720703125, "f_6": 0.3486328125, "f_7": 0.26806640625, "f_8": 0.30224609375, "f_9": 0.251708984375}, "sample1": {"f_0": 0.435546875, "f_1": 0.1572265625, "f_2": 0.0576171875, "f_3": 0.0576171875, "f_4": 0.125, "f_5": 0.183349609375, "f_6": 0.199462890625, "f_7": 0.1796875, "f_8": 0.12255859375, "f_9": 0.080810546875}, "sample2": {"f_0": 0.431884765625, "f_1": 0.474365234375, "f_2": 0.517578125, "f_3": 0.495361328125, "f_4": 0.3642578125, "f_5": 0.2890625, "f_6": 0.224853515625, "f_7": 0.162353515625, "f_8": 0.12158203125, "f_9": 0.10888671875}, "sample3": {"f_0": 0.455078125, "f_1": 0.142578125, "f_2": 0.069580078125, "f_3": 0.0986328125, "f_4": 0.112548828125, "f_5": 0.135498046875, "f_6": 0.17431640625, "f_7": 0.20654296875, "f_8": 0.251220703125, "f_9": 0.2724609375}, "sample4": {"f_0": 0.455322265625, "f_1": 0.42626953125, "f_2": 0.458251953125, "f_3": 0.455810546875, "f_4": 0.404296875, "f_5": 0.39697265625, "f_6": 0.395751953125, "f_7": 0.404541015625, "f_8": 0.336181640625, "f_9": 0.33544921875}, "sample5": {"f_0": 0.4404296875, "f_1": 0.128173828125, "f_2": 0.075439453125, "f_3": 0.128173828125, "f_4": 0.202392578125, "f_5": 0.130615234375, "f_6": 0.115478515625, "f_7": 0.1279296875, "f_8": 0.19287109375, "f_9": 0.1943359375}, "sample6": {"f_0": 0.454345703125, "f_1": 0.39013671875, "f_2": 0.404296875, "f_3": 0.40380859375, "f_4": 0.350830078125, "f_5": 0.333740234375, "f_6": 0.321044921875, "f_7": 0.343017578125, "f_8": 0.332763671875, "f_9": 0.309326171875}, "sample7": {"f_0": 0.4599609375, "f_1": 0.2998046875, "f_2": 0.22314453125, "f_3": 0.147705078125, "f_4": 0.11865234375, "f_5": 0.107177734375, "f_6": 0.107421875, "f_7": 0.10595703125, "f_8": 0.103515625, "f_9": 0.1005859375}, "sample8": {"f_0": 0.4541015625, "f_1": 0.46044921875, "f_2": 0.3876953125, "f_3": 0.2236328125, "f_4": 0.241943359375, "f_5": 0.18505859375, "f_6": 0.16064453125, "f_7": 0.169921875, "f_8": 0.170654296875, "f_9": 0.1884765625}, "sample9": {"f_0": 0.444091796875, "f_1": 0.252685546875, "f_2": 0.249755859375, "f_3": 0.186767578125, "f_4": 0.11669921875, "f_5": 0.105712890625, "f_6": 0.0810546875, "f_7": 0.0625, "f_8": 0.06494140625, "f_9": 0.067626953125}, "sample10": {"f_0": 0.449462890625, "f_1": 0.2607421875, "f_2": 0.15673828125, "f_3": 0.119140625, "f_4": 0.129638671875, "f_5": 0.1318359375, "f_6": 0.1201171875, "f_7": 0.147705078125, "f_8": 0.205078125, "f_9": 0.24755859375}, "sample11": {"f_0": 0.457763671875, "f_1": 0.44970703125, "f_2": 0.36474609375, "f_3": 0.21044921875, "f_4": 0.180419921875, "f_5": 0.135009765625, "f_6": 0.177490234375, "f_7": 0.234375, "f_8": 0.275634765625, "f_9": 0.2470703125}, "sample12": {"f_0": 0.442138671875, "f_1": 0.2705078125, "f_2": 0.178466796875, "f_3": 0.163330078125, "f_4": 0.145263671875, "f_5": 0.158935546875, "f_6": 0.174560546875, "f_7": 0.18701171875, "f_8": 0.15185546875, "f_9": 0.146484375}, "sample13": {"f_0": 0.446044921875, "f_1": 0.14892578125, "f_2": 0.100830078125, "f_3": 0.164794921875, "f_4": 0.1123046875, "f_5": 0.094970703125, "f_6": 0.10009765625, "f_7": 0.134765625, "f_8": 0.19091796875, "f_9": 0.145263671875}, "sample14": {"f_0": 0.449951171875, "f_1": 0.37255859375, "f_2": 0.313720703125, "f_3": 0.225341796875, "f_4": 0.190673828125, "f_5": 0.184814453125, "f_6": 0.169677734375, "f_7": 0.1552734375, "f_8": 0.130615234375, "f_9": 0.090576171875}, "sample15": {"f_0": 0.453857421875, "f_1": 0.3427734375, "f_2": 0.255615234375, "f_3": 0.17919921875, "f_4": 0.19140625, "f_5": 0.175048828125, "f_6": 0.1494140625, "f_7": 0.1552734375, "f_8": 0.11865234375, "f_9": 0.1298828125}, "sample16": {"f_0": 0.452392578125, "f_1": 0.136962890625, "f_2": 0.09130859375, "f_3": 0.11328125, "f_4": 0.112060546875, "f_5": 0.136474609375, "f_6": 0.141845703125, "f_7": 0.147216796875, "f_8": 0.128173828125, "f_9": 0.158447265625}, "sample17": {"f_0": 0.4658203125, "f_1": 0.234619140625, "f_2": 0.180419921875, "f_3": 0.15478515625, "f_4": 0.13427734375, "f_5": 0.1455078125, "f_6": 0.156494140625, "f_7": 0.15283203125, "f_8": 0.14794921875, "f_9": 0.152587890625}, "sample18": {"f_0": 0.463134765625, "f_1": 0.24267578125, "f_2": 0.201904296875, "f_3": 0.160888671875, "f_4": 0.1455078125, "f_5": 0.15478515625, "f_6": 0.164794921875, "f_7": 0.177734375, "f_8": 0.176025390625, "f_9": 0.171142578125}, "sample19": {"f_0": 0.460693359375, "f_1": 0.169677734375, "f_2": 0.10986328125, "f_3": 0.1728515625, "f_4": 0.23828125, "f_5": 0.231201171875, "f_6": 0.181396484375, "f_7": 0.164306640625, "f_8": 0.137451171875, "f_9": 0.15283203125}, "sample20": {"f_0": 0.4580078125, "f_1": 0.30908203125, "f_2": 0.3193359375, "f_3": 0.3388671875, "f_4": 0.26416015625, "f_5": 0.24169921875, "f_6": 0.25390625, "f_7": 0.24169921875, "f_8": 0.193115234375, "f_9": 0.186767578125}, "sample21": {"f_0": 0.47021484375, "f_1": 0.13330078125, "f_2": 0.09619140625, "f_3": 0.135498046875, "f_4": 0.115234375, "f_5": 0.135986328125, "f_6": 0.13720703125, "f_7": 0.1435546875, "f_8": 0.198486328125, "f_9": 0.189453125}, "sample22": {"f_0": 0.455810546875, "f_1": 0.180908203125, "f_2": 0.10595703125, "f_3": 0.092529296875, "f_4": 0.107666015625, "f_5": 0.144287109375, "f_6": 0.1748046875, "f_7": 0.186767578125, "f_8": 0.184326171875, "f_9": 0.158203125}, "sample23": {"f_0": 0.447998046875, "f_1": 0.15771484375, "f_2": 0.1025390625, "f_3": 0.105224609375, "f_4": 0.11279296875, "f_5": 0.154052734375, "f_6": 0.155029296875, "f_7": 0.144775390625, "f_8": 0.142333984375, "f_9": 0.1357421875}, "sample24": {"f_0": 0.451416015625, "f_1": 0.20263671875, "f_2": 0.11865234375, "f_3": 0.17822265625, "f_4": 0.188232421875, "f_5": 0.193115234375, "f_6": 0.155517578125, "f_7": 0.172119140625, "f_8": 0.13330078125, "f_9": 0.175537109375}, "sample25": {"f_0": 0.455322265625, "f_1": 0.2470703125, "f_2": 0.18359375, "f_3": 0.153564453125, "f_4": 0.118408203125, "f_5": 0.146240234375, "f_6": 0.132080078125, "f_7": 0.134033203125, "f_8": 0.129638671875, "f_9": 0.1298828125}, "sample26": {"f_0": 0.462646484375, "f_1": 0.400146484375, "f_2": 0.416015625, "f_3": 0.36083984375, "f_4": 0.32177734375, "f_5": 0.313232421875, "f_6": 0.298828125, "f_7": 0.261474609375, "f_8": 0.20556640625, "f_9": 0.163330078125}, "sample27": {"f_0": 0.469970703125, "f_1": 0.279296875, "f_2": 0.218994140625, "f_3": 0.178955078125, "f_4": 0.180908203125, "f_5": 0.205322265625, "f_6": 0.216064453125, "f_7": 0.246826171875, "f_8": 0.249267578125, "f_9": 0.227783203125}, "sample28": {"f_0": 0.458251953125, "f_1": 0.309326171875, "f_2": 0.248291015625, "f_3": 0.1953125, "f_4": 0.188720703125, "f_5": 0.161376953125, "f_6": 0.12744140625, "f_7": 0.098388671875, "f_8": 0.092041015625, "f_9": 0.093017578125}, "sample29": {"f_0": 0.453369140625, "f_1": 0.375, "f_2": 0.422607421875, "f_3": 0.4296875, "f_4": 0.356689453125, "f_5": 0.3056640625, "f_6": 0.255615234375, "f_7": 0.18017578125, "f_8": 0.118896484375, "f_9": 0.089599609375}, "sample30": {"f_0": 0.44677734375, "f_1": 0.298095703125, "f_2": 0.364013671875, "f_3": 0.374267578125, "f_4": 0.351318359375, "f_5": 0.37353515625, "f_6": 0.37890625, "f_7": 0.388427734375, "f_8": 0.357421875, "f_9": 0.343994140625}, "sample31": {"f_0": 0.44775390625, "f_1": 0.384033203125, "f_2": 0.407958984375, "f_3": 0.384521484375, "f_4": 0.27978515625, "f_5": 0.242919921875, "f_6": 0.228271484375, "f_7": 0.21435546875, "f_8": 0.197265625, "f_9": 0.152099609375}, "sample32": {"f_0": 0.45703125, "f_1": 0.25146484375, "f_2": 0.179443359375, "f_3": 0.147705078125, "f_4": 0.143310546875, "f_5": 0.149169921875, "f_6": 0.15625, "f_7": 0.150390625, "f_8": 0.119384765625, "f_9": 0.123046875}, "sample33": {"f_0": 0.458984375, "f_1": 0.280029296875, "f_2": 0.19580078125, "f_3": 0.17822265625, "f_4": 0.1376953125, "f_5": 0.166259765625, "f_6": 0.171875, "f_7": 0.169677734375, "f_8": 0.171875, "f_9": 0.161376953125}, "sample34": {"f_0": 0.459228515625,