{"sample0": {"f_0": 1, "f_1": 0.8320558071136475, "f_2": 0.7547775506973267, "f_3": 0.6613466739654541, "f_4": 0.5317080616950989, "f_5": 0.4286385178565979, "f_6": 0.3244059085845947, "f_7": 0.23535825312137604, "f_8": 0.1758008748292923, "f_9": 0.18378792703151703}, "sample1": {"f_0": 1, "f_1": 0.7214574217796326, "f_2": 0.5015247464179993, "f_3": 0.2810022234916687, "f_4": 0.1586199551820755, "f_5": 0.18186268210411072, "f_6": 0.27443960309028625, "f_7": 0.36604559421539307, "f_8": 0.3695545792579651, "f_9": 0.3097931444644928}, "sample2": {"f_0": 1, "f_1": 0.7663305997848511, "f_2": 0.5541130304336548, "f_3": 0.31658321619033813, "f_4": 0.17130793631076813, "f_5": 0.12036028504371643, "f_6": 0.08669118583202362, "f_7": 0.1097160056233406, "f_8": 0.12693285942077637, "f_9": 0.17157673835754395}, "sample3": {"f_0": 1, "f_1": 0.6873312592506409, "f_2": 0.39736461639404297, "f_3": 0.2527955174446106, "f_4": 0.1825486719608307, "f_5": 0.14826874434947968, "f_6": 0.1605062633752823, "f_7": 0.1734572798013687, "f_8": 0.17929114401340485, "f_9": 0.2722654342651367}, "sample4": {"f_0": 1, "f_1": 0.8294245004653931, "f_2": 0.757307231426239, "f_3": 0.6776478290557861, "f_4": 0.5026078224182129, "f_5": 0.4572664797306061, "f_6": 0.37623947858810425, "f_7": 0.31398606300354004, "f_8": 0.2748434245586395, "f_9": 0.24725481867790222}, "sample5": {"f_0": 1, "f_1": 0.6413987874984741, "f_2": 0.28543633222579956, "f_3": 0.16317352652549744, "f_4": 0.2784181833267212, "f_5": 0.3181459903717041, "f_6": 0.23465445637702942, "f_7": 0.1910882294178009, "f_8": 0.14189772307872772, "f_9": 0.20045198500156403}, "sample6": {"f_0": 1, "f_1": 0.7800511717796326, "f_2": 0.7542886734008789, "f_3": 0.707935094833374, "f_4": 0.6193617582321167, "f_5": 0.5399409532546997, "f_6": 0.5222803354263306, "f_7": 0.5059207081794739, "f_8": 0.465701162815094, "f_9": 0.42680999636650085}, "sample7": {"f_0": 1, "f_1": 0.7290790677070618, "f_2": 0.6564531326293945, "f_3": 0.47255778312683105, "f_4": 0.391825795173645, "f_5": 0.3203514516353607, "f_6": 0.25742924213409424, "f_7": 0.2140372097492218, "f_8": 0.23071825504302979, "f_9": 0.22968408465385437}, "sample8": {"f_0": 1, "f_1": 0.598503828048706, "f_2": 0.2852988839149475, "f_3": 0.16544212400913239, "f_4": 0.15473368763923645, "f_5": 0.14250588417053223, "f_6": 0.1807451993227005, "f_7": 0.20252014696598053, "f_8": 0.1972048580646515, "f_9": 0.13863258063793182}, "sample9": {"f_0": 1, "f_1": 0.8000511527061462, "f_2": 0.755484402179718, "f_3": 0.7161692976951599, "f_4": 0.5765283107757568, "f_5": 0.5632926821708679, "f_6": 0.4793500006198883, "f_7": 0.39654484391212463, "f_8": 0.30717039108276367, "f_9": 0.2163504809141159}, "sample10": {"f_0": 1, "f_1": 0.7384056448936462, "f_2": 0.5448927283287048, "f_3": 0.33240336179733276, "f_4": 0.3858782649040222, "f_5": 0.3542080521583557, "f_6": 0.2678355574607849, "f_7": 0.20684003829956055, "f_8": 0.18011914193630219, "f_9": 0.2554405927658081}, "sample11": {"f_0": 1, "f_1": 0.6325726509094238, "f_2": 0.3525432348251343, "f_3": 0.21136687695980072, "f_4": 0.12120367586612701, "f_5": 0.1731981784105301, "f_6": 0.20060496032238007, "f_7": 0.20359379053115845, "f_8": 0.6047846674919128, "f_9": 0.6064680814743042}, "sample12": {"f_0": 1, "f_1": 0.6616480946540833, "f_2": 0.4433889389038086, "f_3": 0.29471319913864136, "f_4": 0.16708502173423767, "f_5": 0.11779173463582993, "f_6": 0.10252626240253448, "f_7": 0.11367502808570862, "f_8": 0.12713876366615295, "f_9": 0.15977752208709717}, "sample13": {"f_0": 1, "f_1": 0.5146598219871521, "f_2": 0.24646751582622528, "f_3": 0.1852758377790451, "f_4": 0.2530764639377594, "f_5": 0.26313525438308716, "f_6": 0.16544924676418304, "f_7": 0.12524142861366272, "f_8": 0.20785529911518097, "f_9": 0.2428853064775467}, "sample14": {"f_0": 1, "f_1": 0.619118332862854, "f_2": 0.44412297010421753, "f_3": 0.25485652685165405, "f_4": 0.3062070906162262, "f_5": 0.28077366948127747, "f_6": 0.24872438609600067, "f_7": 0.18129576742649078, "f_8": 0.10486995428800583, "f_9": 0.13221269845962524}, "sample15": {"f_0": 1, "f_1": 0.6485795974731445, "f_2": 0.39515480399131775, "f_3": 0.20366176962852478, "f_4": 0.14155709743499756, "f_5": 0.12860813736915588, "f_6": 0.12910620868206024, "f_7": 0.15459087491035461, "f_8": 0.12335500121116638, "f_9": 0.11724031716585159}, "sample16": {"f_0": 1, "f_1": 0.47898897528648376, "f_2": 0.3018227517604828, "f_3": 0.16357403993606567, "f_4": 0.13778699934482574, "f_5": 0.113319031894207, "f_6": 0.1728312224149704, "f_7": 0.1574322134256363, "f_8": 0.12251549959182739, "f_9": 0.14158010482788086}, "sample17": {"f_0": 1, "f_1": 0.5822324156761169, "f_2": 0.3983864188194275, "f_3": 0.25755345821380615, "f_4": 0.1565849334001541, "f_5": 0.14336274564266205, "f_6": 0.14942270517349243, "f_7": 0.14676351845264435, "f_8": 0.2005334347486496, "f_9": 0.20642231404781342}, "sample18": {"f_0": 1, "f_1": 0.6190572381019592, "f_2": 0.47757256031036377, "f_3": 0.2936636507511139, "f_4": 0.22814519703388214, "f_5": 0.21294379234313965, "f_6": 0.19336940348148346, "f_7": 0.19900327920913696, "f_8": 0.21991422772407532, "f_9": 0.20585446059703827}, "sample19": {"f_0": 1, "f_1": 0.5275957584381104, "f_2": 0.2912031412124634, "f_3": 0.21240095794200897, "f_4": 0.1844692826271057, "f_5": 0.2408200353384018, "f_6": 0.1974267214536667, "f_7": 0.1697099655866623, "f_8": 0.3954451084136963, "f_9": 0.4034370183944702}, "sample20": {"f_0": 1, "f_1": 0.6815654635429382, "f_2": 0.6717791557312012, "f_3": 0.6329602003097534, "f_4": 0.5478911995887756, "f_5": 0.5015155076980591, "f_6": 0.4878438413143158, "f_7": 0.4793127477169037, "f_8": 0.38569125533103943, "f_9": 0.35606545209884644}, "sample21": {"f_0": 1, "f_1": 0.5000356435775757, "f_2": 0.23943205177783966, "f_3": 0.13377222418785095, "f_4": 0.1646571159362793, "f_5": 0.15635789930820465, "f_6": 0.13968151807785034, "f_7": 0.14599500596523285, "f_8": 0.1410808563232422, "f_9": 0.1960073709487915}, "sample22": {"f_0": 1, "f_1": 0.5771374702453613, "f_2": 0.38446030020713806, "f_3": 0.22478733956813812, "f_4": 0.1585901826620102, "f_5": 0.11989352107048035, "f_6": 0.12593908607959747, "f_7": 0.1827298253774643, "f_8": 0.1576431542634964, "f_9": 0.17114609479904175}, "sample23": {"f_0": 1, "f_1": 0.53119957447052, "f_2": 0.3177032768726349, "f_3": 0.18492808938026428, "f_4": 0.12061187624931335, "f_5": 0.11236268281936646, "f_6": 0.14682455360889435, "f_7": 0.14892172813415527, "f_8": 0.15924429893493652, "f_9": 0.1690724939107895}, "sample24": {"f_0": 1, "f_1": 0.5691893696784973, "f_2": 0.33230072259902954, "f_3": 0.19803772866725922, "f_4": 0.2295292764902115, "f_5": 0.27074676752090454, "f_6": 0.24516385793685913, "f_7": 0.19254887104034424, "f_8": 0.13523158431053162, "f_9": 0.14562737941741943}, "sample25": {"f_0": 1, "f_1": 0.6022353172302246, "f_2": 0.40030014514923096, "f_3": 0.23783178627490997, "f_4": 0.15926840901374817, "f_5": 0.152878075838089, "f_6": 0.15144512057304382, "f_7": 0.14973941445350647, "f_8": 0.14123855531215668, "f_9": 0.1497804969549179}, "sample26": {"f_0": 1, "f_1": 0.6566476225852966, "f_2": 0.5144945383071899, "f_3": 0.3714908957481384, "f_4": 0.3376595675945282, "f_5": 0.2962684631347656, "f_6": 0.25267428159713745, "f_7": 0.1688542515039444, "f_8": 0.12963628768920898, "f_9": 0.14548218250274658}, "sample27": {"f_0": 1, "f_1": 0.6530491709709167, "f_2": 0.5789457559585571, "f_3": 0.47972750663757324, "f_4": 0.3597124516963959, "f_5": 0.3191518485546112, "f_6": 0.3144880533218384, "f_7": 0.32678109407424927, "f_8": 0.3220006823539734, "f_9": 0.3237466812133789}, "sample28": {"f_0": 1, "f_1": 0.7090721130371094, "f_2": 0.6589298248291016, "f_3": 0.6167796850204468, "f_4": 0.5140071511268616, "f_5": 0.47581934928894043, "f_6": 0.39947548508644104, "f_7": 0.3221878111362457, "f_8": 0.30603423714637756, "f_9": 0.2599027454853058}, "sample29": {"f_0": 1, "f_1": 0.6670941710472107, "f_2": 0.5471592545509338, "f_3": 0.40526312589645386, "f_4": 0.24693085253238678,