{"sample0": {"f_0": 0.4140625, "f_1": 0.302734375, "f_2": 0.224609375, "f_3": 0.166015625, "f_4": 0.126953125, "f_5": 0.0869140625, "f_6": 0.0859375, "f_7": 0.103515625, "f_8": 0.076171875, "f_9": 0.1064453125}, "sample1": {"f_0": 0.474609375, "f_1": 0.5048828125, "f_2": 0.4677734375, "f_3": 0.4326171875, "f_4": 0.2890625, "f_5": 0.2001953125, "f_6": 0.14453125, "f_7": 0.2119140625, "f_8": 0.244140625, "f_9": 0.28515625}, "sample2": {"f_0": 0.4326171875, "f_1": 0.21484375, "f_2": 0.119140625, "f_3": 0.0673828125, "f_4": 0.080078125, "f_5": 0.1162109375, "f_6": 0.1416015625, "f_7": 0.1845703125, "f_8": 0.1708984375, "f_9": 0.1796875}, "sample3": {"f_0": 0.427734375, "f_1": 0.494140625, "f_2": 0.458984375, "f_3": 0.3330078125, "f_4": 0.2802734375, "f_5": 0.2080078125, "f_6": 0.1767578125, "f_7": 0.1396484375, "f_8": 0.1142578125, "f_9": 0.1015625}, "sample4": {"f_0": 0.4306640625, "f_1": 0.3193359375, "f_2": 0.228515625, "f_3": 0.189453125, "f_4": 0.1376953125, "f_5": 0.1083984375, "f_6": 0.068359375, "f_7": 0.0712890625, "f_8": 0.08203125, "f_9": 0.0791015625}, "sample5": {"f_0": 0.439453125, "f_1": 0.4853515625, "f_2": 0.41796875, "f_3": 0.3017578125, "f_4": 0.169921875, "f_5": 0.2177734375, "f_6": 0.2568359375, "f_7": 0.2314453125, "f_8": 0.1591796875, "f_9": 0.1298828125}, "sample6": {"f_0": 0.4541015625, "f_1": 0.3564453125, "f_2": 0.3349609375, "f_3": 0.267578125, "f_4": 0.2099609375, "f_5": 0.212890625, "f_6": 0.2138671875, "f_7": 0.1787109375, "f_8": 0.1728515625, "f_9": 0.1572265625}, "sample7": {"f_0": 0.4384765625, "f_1": 0.4267578125, "f_2": 0.44140625, "f_3": 0.359375, "f_4": 0.3330078125, "f_5": 0.310546875, "f_6": 0.2802734375, "f_7": 0.265625, "f_8": 0.25390625, "f_9": 0.2314453125}, "sample8": {"f_0": 0.43359375, "f_1": 0.166015625, "f_2": 0.0791015625, "f_3": 0.162109375, "f_4": 0.1142578125, "f_5": 0.14453125, "f_6": 0.150390625, "f_7": 0.171875, "f_8": 0.1396484375, "f_9": 0.11328125}, "sample9": {"f_0": 0.431640625, "f_1": 0.4013671875, "f_2": 0.4814453125, "f_3": 0.5087890625, "f_4": 0.45703125, "f_5": 0.4765625, "f_6": 0.51953125, "f_7": 0.5009765625, "f_8": 0.4423828125, "f_9": 0.41015625}, "sample10": {"f_0": 0.431640625, "f_1": 0.419921875, "f_2": 0.4296875, "f_3": 0.3017578125, "f_4": 0.2685546875, "f_5": 0.296875, "f_6": 0.23046875, "f_7": 0.1826171875, "f_8": 0.1181640625, "f_9": 0.08203125}, "sample11": {"f_0": 0.455078125, "f_1": 0.1962890625, "f_2": 0.12109375, "f_3": 0.1865234375, "f_4": 0.19921875, "f_5": 0.2470703125, "f_6": 0.1767578125, "f_7": 0.1318359375, "f_8": 0.37109375, "f_9": 0.369140625}, "sample12": {"f_0": 0.40234375, "f_1": 0.375, "f_2": 0.2998046875, "f_3": 0.2021484375, "f_4": 0.224609375, "f_5": 0.1953125, "f_6": 0.2216796875, "f_7": 0.20703125, "f_8": 0.1630859375, "f_9": 0.1572265625}, "sample13": {"f_0": 0.4140625, "f_1": 0.4921875, "f_2": 0.3583984375, "f_3": 0.1904296875, "f_4": 0.2431640625, "f_5": 0.353515625, "f_6": 0.3193359375, "f_7": 0.201171875, "f_8": 0.10546875, "f_9": 0.1767578125}, "sample14": {"f_0": 0.400390625, "f_1": 0.23828125, "f_2": 0.17578125, "f_3": 0.1513671875, "f_4": 0.193359375, "f_5": 0.177734375, "f_6": 0.1669921875, "f_7": 0.1640625, "f_8": 0.2138671875, "f_9": 0.2919921875}, "sample15": {"f_0": 0.427734375, "f_1": 0.2841796875, "f_2": 0.177734375, "f_3": 0.1875, "f_4": 0.150390625, "f_5": 0.1884765625, "f_6": 0.208984375, "f_7": 0.16015625, "f_8": 0.203125, "f_9": 0.142578125}, "sample16": {"f_0": 0.4130859375, "f_1": 0.4921875, "f_2": 0.4375, "f_3": 0.35546875, "f_4": 0.2666015625, "f_5": 0.1767578125, "f_6": 0.173828125, "f_7": 0.181640625, "f_8": 0.189453125, "f_9": 0.1328125}, "sample17": {"f_0": 0.416015625, "f_1": 0.357421875, "f_2": 0.2607421875, "f_3": 0.212890625, "f_4": 0.1962890625, "f_5": 0.205078125, "f_6": 0.2021484375, "f_7": 0.169921875, "f_8": 0.12109375, "f_9": 0.1318359375}, "sample18": {"f_0": 0.419921875, "f_1": 0.4248046875, "f_2": 0.373046875, "f_3": 0.2802734375, "f_4": 0.220703125, "f_5": 0.1826171875, "f_6": 0.189453125, "f_7": 0.1767578125, "f_8": 0.1650390625, "f_9": 0.1240234375}, "sample19": {"f_0": 0.419921875, "f_1": 0.5087890625, "f_2": 0.357421875, "f_3": 0.177734375, "f_4": 0.109375, "f_5": 0.0859375, "f_6": 0.1513671875, "f_7": 0.1708984375, "f_8": 0.396484375, "f_9": 0.3798828125}, "sample20": {"f_0": 0.4365234375, "f_1": 0.357421875, "f_2": 0.337890625, "f_3": 0.3056640625, "f_4": 0.291015625, "f_5": 0.2822265625, "f_6": 0.234375, "f_7": 0.224609375, "f_8": 0.173828125, "f_9": 0.208984375}, "sample21": {"f_0": 0.4375, "f_1": 0.541015625, "f_2": 0.4287109375, "f_3": 0.306640625, "f_4": 0.2470703125, "f_5": 0.2109375, "f_6": 0.1728515625, "f_7": 0.1982421875, "f_8": 0.1455078125, "f_9": 0.1240234375}, "sample22": {"f_0": 0.4248046875, "f_1": 0.50390625, "f_2": 0.517578125, "f_3": 0.4287109375, "f_4": 0.318359375, "f_5": 0.2490234375, "f_6": 0.17578125, "f_7": 0.16796875, "f_8": 0.1474609375, "f_9": 0.1435546875}, "sample23": {"f_0": 0.46875, "f_1": 0.4873046875, "f_2": 0.46484375, "f_3": 0.322265625, "f_4": 0.3203125, "f_5": 0.2333984375, "f_6": 0.1630859375, "f_7": 0.150390625, "f_8": 0.1455078125, "f_9": 0.150390625}, "sample24": {"f_0": 0.4033203125, "f_1": 0.4697265625, "f_2": 0.4091796875, "f_3": 0.2060546875, "f_4": 0.1474609375, "f_5": 0.1669921875, "f_6": 0.1708984375, "f_7": 0.17578125, "f_8": 0.1796875, "f_9": 0.162109375}, "sample25": {"f_0": 0.4560546875, "f_1": 0.34375, "f_2": 0.24609375, "f_3": 0.2216796875, "f_4": 0.189453125, "f_5": 0.2021484375, "f_6": 0.1923828125, "f_7": 0.1708984375, "f_8": 0.1826171875, "f_9": 0.1640625}, "sample26": {"f_0": 0.4150390625, "f_1": 0.2392578125, "f_2": 0.146484375, "f_3": 0.1025390625, "f_4": 0.107421875, "f_5": 0.091796875, "f_6": 0.0859375, "f_7": 0.11328125, "f_8": 0.1162109375, "f_9": 0.166015625}, "sample27": {"f_0": 0.41015625, "f_1": 0.3916015625, "f_2": 0.375, "f_3": 0.3203125, "f_4": 0.2255859375, "f_5": 0.189453125, "f_6": 0.15234375, "f_7": 0.1376953125, "f_8": 0.1025390625, "f_9": 0.10546875}, "sample28": {"f_0": 0.45703125, "f_1": 0.4091796875, "f_2": 0.4677734375, "f_3": 0.4619140625, "f_4": 0.43359375, "f_5": 0.423828125, "f_6": 0.431640625, "f_7": 0.4072265625, "f_8": 0.3505859375, "f_9": 0.36328125}, "sample29": {"f_0": 0.4521484375, "f_1": 0.240234375, "f_2": 0.1220703125, "f_3": 0.068359375, "f_4": 0.1005859375, "f_5": 0.1103515625, "f_6": 0.185546875, "f_7": 0.2314453125, "f_8": 0.28125, "f_9": 0.240234375}, "sample30": {"f_0": 0.44140625, "f_1": 0.3271484375, "f_2": 0.23828125, "f_3": 0.1884765625, "f_4": 0.130859375, "f_5": 0.09375, "f_6": 0.080078125, "f_7": 0.0791015625, "f_8": 0.0712890625, "f_9": 0.0908203125}, "sample31": {"f_0": 0.4365234375, "f_1": 0.251953125, "f_2": 0.130859375, "f_3": 0.09375, "f_4": 0.0966796875, "f_5": 0.115234375, "f_6": 0.095703125, "f_7": 0.1181640625, "f_8": 0.1142578125, "f_9": 0.1865234375}, "sample32": {"f_0": 0.42578125, "f_1": 0.369140625, "f_2": 0.291015625, "f_3": 0.22265625, "f_4": 0.18359375, "f_5": 0.1611328125, "f_6": 0.171875, "f_7": 0.1767578125, "f_8": 0.1923828125, "f_9": 0.1708984375}, "sample33": {"f_0": 0.443359375, "f_1": 0.3759765625, "f_2": 0.2958984375, "f_3": 0.2568359375, "f_4": 0.2431640625, "f_5": 0.181640625, "f_6": 0.1591796875, "f_7": 0.1689453125, "f_8": 0.158203125, "f_9": 0.146484375}, "sample34": {"f_0": 0.4267578125, "f_1": 0.318359375, "f_2": 0.259765625, "f_3": 0.19140625, "f_4": 0.154296875, "f_5": 0.130859375, "f_6": 0.15234375, "f_7": 0.173828125, "f_8": 0.1953125, "f_9": 0.2265625}, "sample35": {"f_0": 0.43359375, "f_1": 0.3154296875, "f_2": 0.2607421875, "f_3": 0.185546875, "f_4": 0.1943359375, "f_5": 0.162109375, "f_6": 0.17578125, "f_7": 0.1484375, "f_8": 0.173828125, "f_9": 0.15234375}, "sample36": {"f_0": 0.4541015625, "f_1": 0.390625, "f_2": 0.36328125, "f_3": 0.2939453125, "f_4": 0.2978515625, "f_5": 0.3037109375, "f_6": 0.279296875, "f_7": 0.255859375, "f_8": 0.31640625, "f_9": 0.2548828125}, "sample37": {"f_0": 0.4541015625, "f_1": 0.2373046875, "f_2": 0.1171875,