{"sample0": {"f_0": 0.4999999999999999, "f_1": 0.5806692137391084, "f_2": 0.6010629257504746, "f_3": 0.613578841823533, "f_4": 0.6469185310508918, "f_5": 0.667952956293579, "f_6": 0.6578162242384568, "f_7": 0.6441840336859639, "f_8": 0.6356548648722277, "f_9": 0.6034069152772824}, "sample1": {"f_0": 0.4999999999999999, "f_1": 0.2679024047160556, "f_2": 0.09528501291529226, "f_3": 0.052003139751885176, "f_4": 0.12314133155426792, "f_5": 0.2296230612665203, "f_6": 0.2861799170988907, "f_7": 0.2543954241240592, "f_8": 0.16318282112574725, "f_9": 0.08438853987899061}, "sample2": {"f_0": 0.4999999999999999, "f_1": 0.6792935353752789, "f_2": 0.7217661520055462, "f_3": 0.6535539885612761, "f_4": 0.543584958011337, "f_5": 0.4407453804559368, "f_6": 0.368657957722278, "f_7": 0.3292032962969282, "f_8": 0.3050141458505637, "f_9": 0.2765812803515718}, "sample3": {"f_0": 0.4999999999999999, "f_1": 0.23246463850608887, "f_2": 0.07924456969905765, "f_3": 0.06495318359551143, "f_4": 0.0872254755706905, "f_5": 0.10716682840056432, "f_6": 0.16422034436531907, "f_7": 0.2655457536750304, "f_8": 0.36496746604135616, "f_9": 0.4246752879841428}, "sample4": {"f_0": 0.4999999999999999, "f_1": 0.5822193089256872, "f_2": 0.6250032290133833, "f_3": 0.6288348702841831, "f_4": 0.6071233582056378, "f_5": 0.5787813067321264, "f_6": 0.5606797688343773, "f_7": 0.562376607401118, "f_8": 0.5840907280102648, "f_9": 0.618666568754703}, "sample5": {"f_0": 0.4999999999999999, "f_1": 0.16535753931943553, "f_2": 0.07538212629258939, "f_3": 0.21333156624460797, "f_4": 0.2659359700364948, "f_5": 0.15825670622007398, "f_6": 0.09591957985729627, "f_7": 0.1720707720763497, "f_8": 0.2489993256655261, "f_9": 0.2162562367605915}, "sample6": {"f_0": 0.4999999999999999, "f_1": 0.5322949000791497, "f_2": 0.5487689043275036, "f_3": 0.5508835166661165, "f_4": 0.5430902621518897, "f_5": 0.5322709166899987, "f_6": 0.5244079141931857, "f_7": 0.5218192016706515, "f_8": 0.522954314151809, "f_9": 0.5227699166973189}, "sample7": {"f_0": 0.4999999999999999, "f_1": 0.3686184147930742, "f_2": 0.24203973811471244, "f_3": 0.15672101139088024, "f_4": 0.11519579980086433, "f_5": 0.10184849074510116, "f_6": 0.10344605095670974, "f_7": 0.111060280463227, "f_8": 0.1162041497576448, "f_9": 0.11637641296818432}, "sample8": {"f_0": 0.4999999999999999, "f_1": 0.7159672918603587, "f_2": 0.649227557409516, "f_3": 0.5551417186422013, "f_4": 0.4710692314724602, "f_5": 0.3478630712698233, "f_6": 0.2778223087697899, "f_7": 0.2712158559877254, "f_8": 0.27955468330419697, "f_9": 0.29586573799037397}, "sample9": {"f_0": 0.4999999999999999, "f_1": 0.413309707815094, "f_2": 0.32865067544445475, "f_3": 0.25000661337278196, "f_4": 0.17887210860600233, "f_5": 0.11778788048045835, "f_6": 0.06797469224130576, "f_7": 0.031434881624334984, "f_8": 0.011111816876047264, "f_9": 0.006811976062508664}, "sample10": {"f_0": 0.4999999999999999, "f_1": 0.3312185165666185, "f_2": 0.21811405469800182, "f_3": 0.19100826228014336, "f_4": 0.17014477540124456, "f_5": 0.11659756327751436, "f_6": 0.08497114358214257, "f_7": 0.11943431284297276, "f_8": 0.18789000882557902, "f_9": 0.24475466072384294}, "sample11": {"f_0": 0.4999999999999999, "f_1": 0.6631806742512621, "f_2": 0.6280979059813897, "f_3": 0.43584759589837463, "f_4": 0.1832694301363278, "f_5": 0.04538046734754274, "f_6": 0.14702933843382318, "f_7": 0.39119200260356285, "f_8": 0.5794191422082071, "f_9": 0.612596840223437}, "sample12": {"f_0": 0.4999999999999999, "f_1": 0.37656932602427867, "f_2": 0.23474554471547016, "f_3": 0.17554203489788323, "f_4": 0.18293534205454978, "f_5": 0.2061086288289838, "f_6": 0.22735503338325552, "f_7": 0.2429062780447364, "f_8": 0.24252450264110803, "f_9": 0.21970463108598323}, "sample13": {"f_0": 0.4999999999999999, "f_1": 0.15312339341636105, "f_2": 0.06680816811551891, "f_3": 0.15743525941723888, "f_4": 0.12984342365089588, "f_5": 0.05882090840229175, "f_6": 0.1829279977240418, "f_7": 0.3890919457284535, "f_8": 0.3810796655270898, "f_9": 0.2069269245142981}, "sample14": {"f_0": 0.4999999999999999, "f_1": 0.5781588184099262, "f_2": 0.5097826163462973, "f_3": 0.3988089887872696, "f_4": 0.3639531604348544, "f_5": 0.40908086967681456, "f_6": 0.43919220569398354, "f_7": 0.3794946411791572, "f_8": 0.2561022350755827, "f_9": 0.15335019813059075}, "sample15": {"f_0": 0.4999999999999999, "f_1": 0.48929499745846383, "f_2": 0.43271890374244276, "f_3": 0.39648365843799527, "f_4": 0.3235463534139941, "f_5": 0.2159937520183591, "f_6": 0.1265806418201656, "f_7": 0.07682886630798286, "f_8": 0.06670480660695281, "f_9": 0.09493105084404643}, "sample16": {"f_0": 0.4999999999999999, "f_1": 0.15115807037180395, "f_2": 0.06949994299113728, "f_3": 0.07801300992435808, "f_4": 0.08710704613515012, "f_5": 0.18101581517824894, "f_6": 0.241280593817507, "f_7": 0.21760625660983957, "f_8": 0.20203709324435282, "f_9": 0.20949954500159965}, "sample17": {"f_0": 0.4999999999999999, "f_1": 0.39819563163788574, "f_2": 0.26455451899939564, "f_3": 0.20596307262095956, "f_4": 0.21055344840574267, "f_5": 0.2307851029256083, "f_6": 0.2587726823090882, "f_7": 0.2990915553703298, "f_8": 0.3371549185782554, "f_9": 0.34561808239852243}, "sample18": {"f_0": 0.4999999999999999, "f_1": 0.3451417513191512, "f_2": 0.20054003986183175, "f_3": 0.15038081897438, "f_4": 0.17908879521110044, "f_5": 0.23112605885709706, "f_6": 0.2715475650198545, "f_7": 0.2877446629527067, "f_8": 0.278527900297665, "f_9": 0.2510851303053119}, "sample19": {"f_0": 0.4999999999999999, "f_1": 0.17666471675557882, "f_2": 0.04746909468316126, "f_3": 0.227244892812569, "f_4": 0.4956190857178922, "f_5": 0.5921521606269545, "f_6": 0.45753829141382596, "f_7": 0.20760621924264913, "f_8": 0.042237007346645095, "f_9": 0.11342861478940994}, "sample20": {"f_0": 0.4999999999999999, "f_1": 0.5120368262340916, "f_2": 0.5120259061919782, "f_3": 0.5024232039694838, "f_4": 0.48800030981320003, "f_5": 0.4724583348988312, "f_6": 0.45647378342900785, "f_7": 0.43837694232774166, "f_8": 0.41647591465567935, "f_9": 0.3909954083828297}, "sample21": {"f_0": 0.4999999999999999, "f_1": 0.1427438011939472, "f_2": 0.06212775085768629, "f_3": 0.12836328310156395, "f_4": 0.13119160367198157, "f_5": 0.10771838633621586, "f_6": 0.15718554000952087, "f_7": 0.3322736414587129, "f_8": 0.45041259280812707, "f_9": 0.3822839712575409}, "sample22": {"f_0": 0.4999999999999999, "f_1": 0.2074959812869029, "f_2": 0.06550183243559586, "f_3": 0.05634662840799193, "f_4": 0.07735023318730887, "f_5": 0.10518753904371858, "f_6": 0.14077211137528792, "f_7": 0.19389058549730281, "f_8": 0.26397305626164147, "f_9": 0.30710212895985056}, "sample23": {"f_0": 0.4999999999999999, "f_1": 0.22404687703121676, "f_2": 0.07444962887247755, "f_3": 0.03424110909653388, "f_4": 0.06613200105285329, "f_5": 0.13969258499435397, "f_6": 0.2078452705416491, "f_7": 0.23972046571028657, "f_8": 0.24260935923656426, "f_9": 0.24279798397071897}, "sample24": {"f_0": 0.4999999999999999, "f_1": 0.19291136719739055, "f_2": 0.06731109099863024, "f_3": 0.16029886233675425, "f_4": 0.2470740619378736, "f_5": 0.1906288005259268, "f_6": 0.09522857515056607, "f_7": 0.10928358868504617, "f_8": 0.22129908149066196, "f_9": 0.30609141088264885}, "sample25": {"f_0": 0.4999999999999999, "f_1": 0.395791219091904, "f_2": 0.2511970460435777, "f_3": 0.18473578855496717, "f_4": 0.179931189562592, "f_5": 0.19394314173780733, "f_6": 0.2091922691510335, "f_7": 0.22304724059979944, "f_8": 0.23652923681940707, "f_9": 0.24719089327253704}, "sample26": {"f_0": 0.4999999999999999, "f_1": 0.6267947123606407, "f_2": 0.656704077297347, "f_3": 0.6199134801940374, "f_4": 0.589364308381208, "f_5": 0.5994552691394293, "f_6": 0.6137833722707713, "f_7": 0.5722093322970971, "f_8": 0.4617955109651362, "f_9": 0.3365254145578276}, "sample27": {"f_0": 0.4999999999999999, "f_1": 0.40854307943755813, "f_2": 0.31332447002499636, "f_3": 0.2614631392029322, "f_4": 0.2702182324082074, "f_5": 0.32578123522382285, "f_6": 0.39957323958513796,