{"sample0": {"f_0": 5.004680467665246e-34, "f_1": 0.011047339605480643, "f_2": 0.03264060362132302, "f_3": 0.05373650601946652, "f_4": 0.08359760502868084, "f_5": 0.12563028204077467, "f_6": 0.1642521858700412, "f_7": 0.19575570909404683, "f_8": 0.23334690205083772, "f_9": 0.2706468725125947}, "sample1": {"f_0": 5.004680467665246e-34, "f_1": 0.0476585453593293, "f_2": 0.16228940424479946, "f_3": 0.2740316953716259, "f_4": 0.31480469295121566, "f_5": 0.26634491928922654, "f_6": 0.17262984386667407, "f_7": 0.10675595342867737, "f_8": 0.12201507957907902, "f_9": 0.2186703571867652}, "sample2": {"f_0": 5.004680467665246e-34, "f_1": 0.048433016929858, "f_2": 0.15722826900278788, "f_3": 0.2617729656968883, "f_4": 0.3271772308224895, "f_5": 0.35076223731281375, "f_6": 0.3473280767016792, "f_7": 0.33939681511647685, "f_8": 0.3411158886812966, "f_9": 0.3468420599841468}, "sample3": {"f_0": 5.004680467665246e-34, "f_1": 0.06265238250635957, "f_2": 0.1811398257321853, "f_3": 0.25505848677939896, "f_4": 0.290364923870651, "f_5": 0.3471306015441551, "f_6": 0.4209456012716751, "f_7": 0.4554041018851286, "f_8": 0.42640437458584235, "f_9": 0.36191457230363167}, "sample4": {"f_0": 5.004680467665246e-34, "f_1": 0.009382505074518615, "f_2": 0.03484564280906684, "f_3": 0.06934794395172264, "f_4": 0.10441950768433317, "f_5": 0.134007189694135, "f_6": 0.15730684843728623, "f_7": 0.17890764278685364, "f_8": 0.20573569155719387, "f_9": 0.24258317006052507}, "sample5": {"f_0": 5.004680467665246e-34, "f_1": 0.09844381657673368, "f_2": 0.24979573114051587, "f_3": 0.24577581872510162, "f_4": 0.13807047480950646, "f_5": 0.1411753823975123, "f_6": 0.2768360862912694, "f_7": 0.35504900532438183, "f_8": 0.2904751110338083, "f_9": 0.21759019270455227}, "sample6": {"f_0": 5.004680467665246e-34, "f_1": 0.001580447063709901, "f_2": 0.006141242143300589, "f_3": 0.012750959423640676, "f_4": 0.020009868490780403, "f_5": 0.02712070969178429, "f_6": 0.034380105338733334, "f_7": 0.04324245357239783, "f_8": 0.0556882210544713, "f_9": 0.07303171796424032}, "sample7": {"f_0": 5.004680467665246e-34, "f_1": 0.013275150035047914, "f_2": 0.04931420036674818, "f_3": 0.09686425427452898, "f_4": 0.1423045393635449, "f_5": 0.17709718016341605, "f_6": 0.19828034365284467, "f_7": 0.2078385728394904, "f_8": 0.21585610472674355, "f_9": 0.23741945354271196}, "sample8": {"f_0": 5.004680467665246e-34, "f_1": 0.09836177669794377, "f_2": 0.22854311232014157, "f_3": 0.29424937539342216, "f_4": 0.3561962871545623, "f_5": 0.3579803949921724, "f_6": 0.3023755161534958, "f_7": 0.2628659735240225, "f_8": 0.24575217868628868, "f_9": 0.2307575000636646}, "sample9": {"f_0": 5.004680467665246e-34, "f_1": 0.007054152155770111, "f_2": 0.027192964993953454, "f_3": 0.05936528763482898, "f_4": 0.10301776914309659, "f_5": 0.15695071322058696, "f_6": 0.220575501361012, "f_7": 0.2911593587516143, "f_8": 0.3620420647287224, "f_9": 0.42938920283798276}, "sample10": {"f_0": 5.004680467665246e-34, "f_1": 0.02068706251034385, "f_2": 0.05768628556023567, "f_3": 0.07679218160074382, "f_4": 0.0920271386052684, "f_5": 0.1425381912718621, "f_6": 0.22242702654547572, "f_7": 0.2809114529004158, "f_8": 0.29247427479230675, "f_9": 0.28168487924182195}, "sample11": {"f_0": 5.004680467665246e-34, "f_1": 0.06296858151804191, "f_2": 0.23738715916480774, "f_3": 0.4168041441750276, "f_4": 0.4399514343491538, "f_5": 0.29441602214166623, "f_6": 0.11720916718117703, "f_7": 0.011532120865924209, "f_8": 0.02556191668219642, "f_9": 0.18180211447842934}, "sample12": {"f_0": 5.004680467665246e-34, "f_1": 0.008778802665005522, "f_2": 0.06559977398479758, "f_3": 0.1821528579588327, "f_4": 0.2998104311832052, "f_5": 0.3652458683833194, "f_6": 0.3678609129547536, "f_7": 0.3227159814981118, "f_8": 0.26436639882264257, "f_9": 0.23450833802096369}, "sample13": {"f_0": 5.004680467665246e-34, "f_1": 0.10942097185052552, "f_2": 0.2559334952391733, "f_3": 0.22487998741139584, "f_4": 0.17997624732459558, "f_5": 0.3418799162688044, "f_6": 0.5220497174916876, "f_7": 0.43105360260599407, "f_8": 0.19788716152942992, "f_9": 0.1526704002136699}, "sample14": {"f_0": 5.004680467665246e-34, "f_1": 0.020439022157106967, "f_2": 0.06292043736894981, "f_3": 0.08835986765233773, "f_4": 0.08764085366492082, "f_5": 0.10809615524333645, "f_6": 0.1965213949562189, "f_7": 0.3270515645995752, "f_8": 0.4178333346013004, "f_9": 0.42061370634286704}, "sample15": {"f_0": 5.004680467665246e-34, "f_1": 0.012174148591735535, "f_2": 0.09864102029840977, "f_3": 0.251228855190385, "f_4": 0.3765176455184269, "f_5": 0.44581840740828005, "f_6": 0.4691307170236759, "f_7": 0.4380031103741894, "f_8": 0.3603906365140818, "f_9": 0.26952746311585746}, "sample16": {"f_0": 5.004680467665246e-34, "f_1": 0.11002125884850811, "f_2": 0.2215576592400078, "f_3": 0.2554982409556485, "f_4": 0.35470332669217597, "f_5": 0.39327678263431604, "f_6": 0.31401245522403587, "f_7": 0.26850996001293603, "f_8": 0.2891265121263945, "f_9": 0.30698002561369925}, "sample17": {"f_0": 5.004680467665246e-34, "f_1": 0.0064049871493467424, "f_2": 0.06032969856050514, "f_3": 0.1714968443025253, "f_4": 0.2648981884666957, "f_5": 0.2867950500710402, "f_6": 0.2558292828324141, "f_7": 0.2087250297968688, "f_8": 0.16364592860494068, "f_9": 0.12768122211167132}, "sample18": {"f_0": 5.004680467665246e-34, "f_1": 0.015573976483172587, "f_2": 0.0689001246002556, "f_3": 0.1412284083350602, "f_4": 0.1854265017400056, "f_5": 0.18747903454382767, "f_6": 0.17457404066325347, "f_7": 0.174290550345833, "f_8": 0.1924120317846898, "f_9": 0.21990734026430117}, "sample19": {"f_0": 5.004680467665246e-34, "f_1": 0.09178860104777839, "f_2": 0.30728207636671034, "f_3": 0.4602478773028297, "f_4": 0.3813051231712175, "f_5": 0.14880752463867353, "f_6": 0.008360670100054675, "f_7": 0.07298306597545365, "f_8": 0.2544585764552031, "f_9": 0.40527712352669554}, "sample20": {"f_0": 5.004680467665246e-34, "f_1": 0.00032051188621709406, "f_2": 0.001327565283783895, "f_3": 0.003118877373946497, "f_4": 0.005835087231527243, "f_5": 0.00979854677059706, "f_6": 0.015643388746947505, "f_7": 0.024122599485111664, "f_8": 0.03556494301899532, "f_9": 0.049423868275680224}, "sample21": {"f_0": 5.004680467665246e-34, "f_1": 0.1185818800924858, "f_2": 0.2602948371661747, "f_3": 0.2546625937058002, "f_4": 0.24133071721631733, "f_5": 0.3111531518158713, "f_6": 0.4485787886688857, "f_7": 0.5104627131018789, "f_8": 0.3716492531691661, "f_9": 0.23417668527173766}, "sample22": {"f_0": 5.004680467665246e-34, "f_1": 0.07659740799160925, "f_2": 0.20386322053719796, "f_3": 0.2767127748695189, "f_4": 0.3191594632313493, "f_5": 0.35626771715979927, "f_6": 0.39044407972024303, "f_7": 0.4195611922515461, "f_8": 0.4100620634852131, "f_9": 0.3465985619606783}, "sample23": {"f_0": 5.004680467665246e-34, "f_1": 0.06819137736750867, "f_2": 0.19037262514967426, "f_3": 0.30428045893652683, "f_4": 0.3901354134215999, "f_5": 0.4124208908507911, "f_6": 0.38129880779928127, "f_7": 0.33043366822688686, "f_8": 0.30098424102976656, "f_9": 0.29769833210513885}, "sample24": {"f_0": 5.004680467665246e-34, "f_1": 0.08100456820670156, "f_2": 0.22829656066640636, "f_3": 0.27546375639510623, "f_4": 0.1989331860976608, "f_5": 0.14896442502119336, "f_6": 0.24132323453250276, "f_7": 0.3887581234385652, "f_8": 0.42153990412267306, "f_9": 0.3110724007103142}, "sample25": {"f_0": 5.004680467665246e-34, "f_1": 0.007416199751643452, "f_2": 0.06912736978344576, "f_3": 0.17444031178917627, "f_4": 0.24819514262239786, "f_5": 0.2745089347836948, "f_6": 0.2774969253936216, "f_7": 0.2756942640912555, "f_8": 0.28192272842740357, "f_9": 0.30024014115781483}, "sample26": {"f_0": 5.004680467665246e-34, "f_1": 0.024630687982815352, "f_2": 0.07715887534592358, "f_3": 0.12008014299754761, "f_4": 0.14451505946196155, "f_5": 0.17586299432369382, "f_6": 0.2351095135914618, "f_7": 0.3044966807386421, "f_8": 0.3387135722819404, "f_9": 0.31032345524959404}, "sample27": {"f_0": 5.004680467665246e-34, "f_1": 0.0052057025271335594,