{"sample0": {"f_0": 0.5185546875, "f_1": 0.5732421875, "f_2": 0.64453125, "f_3": 0.6904296875, "f_4": 0.6455078125, "f_5": 0.6396484375, "f_6": 0.5478515625, "f_7": 0.400390625, "f_8": 0.5078125, "f_9": 0.39453125}, "sample1": {"f_0": 0.5146484375, "f_1": 0.279296875, "f_2": 0.123046875, "f_3": 0.0546875, "f_4": 0.138671875, "f_5": 0.236328125, "f_6": 0.2802734375, "f_7": 0.275390625, "f_8": 0.1943359375, "f_9": 0.0810546875}, "sample2": {"f_0": 0.5, "f_1": 0.6767578125, "f_2": 0.751953125, "f_3": 0.7080078125, "f_4": 0.5634765625, "f_5": 0.4560546875, "f_6": 0.337890625, "f_7": 0.2587890625, "f_8": 0.2392578125, "f_9": 0.17578125}, "sample3": {"f_0": 0.5263671875, "f_1": 0.2421875, "f_2": 0.068359375, "f_3": 0.0908203125, "f_4": 0.1259765625, "f_5": 0.173828125, "f_6": 0.2529296875, "f_7": 0.2900390625, "f_8": 0.40234375, "f_9": 0.435546875}, "sample4": {"f_0": 0.5087890625, "f_1": 0.6015625, "f_2": 0.6201171875, "f_3": 0.6748046875, "f_4": 0.646484375, "f_5": 0.6181640625, "f_6": 0.6474609375, "f_7": 0.6298828125, "f_8": 0.6220703125, "f_9": 0.6337890625}, "sample5": {"f_0": 0.482421875, "f_1": 0.1533203125, "f_2": 0.0615234375, "f_3": 0.12890625, "f_4": 0.2431640625, "f_5": 0.1826171875, "f_6": 0.1416015625, "f_7": 0.1435546875, "f_8": 0.2880859375, "f_9": 0.296875}, "sample6": {"f_0": 0.48828125, "f_1": 0.533203125, "f_2": 0.5400390625, "f_3": 0.5390625, "f_4": 0.541015625, "f_5": 0.5263671875, "f_6": 0.5341796875, "f_7": 0.4921875, "f_8": 0.5048828125, "f_9": 0.4736328125}, "sample7": {"f_0": 0.4873046875, "f_1": 0.376953125, "f_2": 0.2333984375, "f_3": 0.1484375, "f_4": 0.1044921875, "f_5": 0.1015625, "f_6": 0.1142578125, "f_7": 0.1455078125, "f_8": 0.1171875, "f_9": 0.1328125}, "sample8": {"f_0": 0.4873046875, "f_1": 0.689453125, "f_2": 0.6015625, "f_3": 0.326171875, "f_4": 0.419921875, "f_5": 0.302734375, "f_6": 0.263671875, "f_7": 0.279296875, "f_8": 0.3564453125, "f_9": 0.4140625}, "sample9": {"f_0": 0.4912109375, "f_1": 0.404296875, "f_2": 0.3154296875, "f_3": 0.2568359375, "f_4": 0.1787109375, "f_5": 0.126953125, "f_6": 0.060546875, "f_7": 0.0341796875, "f_8": 0.0068359375, "f_9": 0.0185546875}, "sample10": {"f_0": 0.48046875, "f_1": 0.318359375, "f_2": 0.1748046875, "f_3": 0.1396484375, "f_4": 0.16796875, "f_5": 0.154296875, "f_6": 0.1689453125, "f_7": 0.20703125, "f_8": 0.3310546875, "f_9": 0.44140625}, "sample11": {"f_0": 0.478515625, "f_1": 0.626953125, "f_2": 0.5244140625, "f_3": 0.2744140625, "f_4": 0.287109375, "f_5": 0.205078125, "f_6": 0.25390625, "f_7": 0.3828125, "f_8": 0.33984375, "f_9": 0.3310546875}, "sample12": {"f_0": 0.5322265625, "f_1": 0.3837890625, "f_2": 0.2294921875, "f_3": 0.216796875, "f_4": 0.2138671875, "f_5": 0.22265625, "f_6": 0.25390625, "f_7": 0.2802734375, "f_8": 0.2509765625, "f_9": 0.2744140625}, "sample13": {"f_0": 0.5283203125, "f_1": 0.1630859375, "f_2": 0.05859375, "f_3": 0.2431640625, "f_4": 0.185546875, "f_5": 0.0986328125, "f_6": 0.09765625, "f_7": 0.2353515625, "f_8": 0.40625, "f_9": 0.28515625}, "sample14": {"f_0": 0.4814453125, "f_1": 0.609375, "f_2": 0.529296875, "f_3": 0.36328125, "f_4": 0.3125, "f_5": 0.3076171875, "f_6": 0.28515625, "f_7": 0.2548828125, "f_8": 0.22265625, "f_9": 0.0849609375}, "sample15": {"f_0": 0.521484375, "f_1": 0.4990234375, "f_2": 0.384765625, "f_3": 0.2685546875, "f_4": 0.3203125, "f_5": 0.265625, "f_6": 0.2646484375, "f_7": 0.2451171875, "f_8": 0.2080078125, "f_9": 0.2470703125}, "sample16": {"f_0": 0.5, "f_1": 0.1494140625, "f_2": 0.0478515625, "f_3": 0.11328125, "f_4": 0.142578125, "f_5": 0.2197265625, "f_6": 0.224609375, "f_7": 0.236328125, "f_8": 0.232421875, "f_9": 0.275390625}, "sample17": {"f_0": 0.486328125, "f_1": 0.390625, "f_2": 0.2802734375, "f_3": 0.21875, "f_4": 0.2451171875, "f_5": 0.2353515625, "f_6": 0.255859375, "f_7": 0.2861328125, "f_8": 0.31640625, "f_9": 0.322265625}, "sample18": {"f_0": 0.4912109375, "f_1": 0.330078125, "f_2": 0.216796875, "f_3": 0.173828125, "f_4": 0.1640625, "f_5": 0.236328125, "f_6": 0.2275390625, "f_7": 0.23828125, "f_8": 0.2958984375, "f_9": 0.3046875}, "sample19": {"f_0": 0.54296875, "f_1": 0.1962890625, "f_2": 0.0859375, "f_3": 0.2568359375, "f_4": 0.40234375, "f_5": 0.439453125, "f_6": 0.3193359375, "f_7": 0.26171875, "f_8": 0.2041015625, "f_9": 0.1162109375}, "sample20": {"f_0": 0.455078125, "f_1": 0.529296875, "f_2": 0.4990234375, "f_3": 0.5126953125, "f_4": 0.5126953125, "f_5": 0.4921875, "f_6": 0.4482421875, "f_7": 0.427734375, "f_8": 0.443359375, "f_9": 0.40625}, "sample21": {"f_0": 0.5146484375, "f_1": 0.1669921875, "f_2": 0.0400390625, "f_3": 0.134765625, "f_4": 0.1796875, "f_5": 0.162109375, "f_6": 0.2021484375, "f_7": 0.2421875, "f_8": 0.404296875, "f_9": 0.3583984375}, "sample22": {"f_0": 0.515625, "f_1": 0.2119140625, "f_2": 0.05859375, "f_3": 0.0517578125, "f_4": 0.0771484375, "f_5": 0.1630859375, "f_6": 0.2646484375, "f_7": 0.27734375, "f_8": 0.28515625, "f_9": 0.296875}, "sample23": {"f_0": 0.5048828125, "f_1": 0.2119140625, "f_2": 0.056640625, "f_3": 0.0869140625, "f_4": 0.09765625, "f_5": 0.1962890625, "f_6": 0.244140625, "f_7": 0.2626953125, "f_8": 0.283203125, "f_9": 0.2783203125}, "sample24": {"f_0": 0.4990234375, "f_1": 0.189453125, "f_2": 0.0771484375, "f_3": 0.2353515625, "f_4": 0.2958984375, "f_5": 0.298828125, "f_6": 0.232421875, "f_7": 0.2392578125, "f_8": 0.26171875, "f_9": 0.3388671875}, "sample25": {"f_0": 0.4794921875, "f_1": 0.41015625, "f_2": 0.29296875, "f_3": 0.251953125, "f_4": 0.1875, "f_5": 0.193359375, "f_6": 0.2138671875, "f_7": 0.26171875, "f_8": 0.23828125, "f_9": 0.2451171875}, "sample26": {"f_0": 0.4755859375, "f_1": 0.60546875, "f_2": 0.6982421875, "f_3": 0.5869140625, "f_4": 0.5595703125, "f_5": 0.5166015625, "f_6": 0.5146484375, "f_7": 0.46484375, "f_8": 0.40625, "f_9": 0.2724609375}, "sample27": {"f_0": 0.5078125, "f_1": 0.4375, "f_2": 0.32421875, "f_3": 0.271484375, "f_4": 0.30078125, "f_5": 0.318359375, "f_6": 0.376953125, "f_7": 0.3818359375, "f_8": 0.482421875, "f_9": 0.46875}, "sample28": {"f_0": 0.50390625, "f_1": 0.42578125, "f_2": 0.33203125, "f_3": 0.267578125, "f_4": 0.173828125, "f_5": 0.126953125, "f_6": 0.0751953125, "f_7": 0.056640625, "f_8": 0.0546875, "f_9": 0.0498046875}, "sample29": {"f_0": 0.505859375, "f_1": 0.6669921875, "f_2": 0.767578125, "f_3": 0.7607421875, "f_4": 0.6767578125, "f_5": 0.5234375, "f_6": 0.3857421875, "f_7": 0.23828125, "f_8": 0.1123046875, "f_9": 0.0859375}, "sample30": {"f_0": 0.498046875, "f_1": 0.611328125, "f_2": 0.6845703125, "f_3": 0.75390625, "f_4": 0.783203125, "f_5": 0.8447265625, "f_6": 0.8525390625, "f_7": 0.80859375, "f_8": 0.8310546875, "f_9": 0.7626953125}, "sample31": {"f_0": 0.4931640625, "f_1": 0.640625, "f_2": 0.6962890625, "f_3": 0.6630859375, "f_4": 0.5302734375, "f_5": 0.48828125, "f_6": 0.443359375, "f_7": 0.4140625, "f_8": 0.373046875, "f_9": 0.2333984375}, "sample32": {"f_0": 0.51171875, "f_1": 0.3818359375, "f_2": 0.259765625, "f_3": 0.1943359375, "f_4": 0.1982421875, "f_5": 0.23046875, "f_6": 0.2822265625, "f_7": 0.2314453125, "f_8": 0.1982421875, "f_9": 0.2216796875}, "sample33": {"f_0": 0.517578125, "f_1": 0.4130859375, "f_2": 0.287109375, "f_3": 0.267578125, "f_4": 0.21484375, "f_5": 0.2255859375, "f_6": 0.228515625, "f_7": 0.2568359375, "f_8": 0.2529296875, "f_9": 0.2724609375}, "sample34": {"f_0": 0.4990234375, "f_1": 0.537109375, "f_2": 0.53125, "f_3": 0.4970703125, "f_4": 0.4326171875, "f_5": 0.357421875, "f_6": 0.3115234375, "f_7": 0.25390625, "f_8": 0.212890625, "f_9": 0.177734375}, "sample35": {"f_0": 0.5302734375, "f_1": 0.515625, "f_2": 0.4404296875, "f_3": 0.4169921875, "f_4": 0.3232421875, "f_5": 0.30078125, "f_6": 0.296875, "f_7": 0.2919921875, "f_8": 0.2509765625, "f_9": 0.220703125}, "sample36": {"f_0": 0.4912109375, "f_1": 0.4404296875, "f_2": 0.3828125, "f_3": 0.296875, "f_4": 0.244140625, "f_5": 0.2197265625, "f_6": 0.1884765625, "f_7": 0.1982421875, "f_8": 0.130859375, "f_9": 0.134765625}, "sample37": {"f_0": 0.4658203125, "f_1": 0.693359375, "f_2": 0.7412109375, "f_3": 0.705078125,