{"sample0": {"f_0": 0.4999999999999999, "f_1": 0.37971770146891015, "f_2": 0.28647075762652874, "f_3": 0.23141383091818504, "f_4": 0.17963514342481918, "f_5": 0.1261612085981437, "f_6": 0.09113531285201647, "f_7": 0.07217589825689581, "f_8": 0.057218164328820306, "f_9": 0.054180165868719495}, "sample1": {"f_0": 0.4999999999999999, "f_1": 0.6782479495659473, "f_2": 0.7178306385005669, "f_3": 0.6105136363905983, "f_4": 0.4259458748648736, "f_5": 0.27175469930999274, "f_6": 0.23000568971947571, "f_7": 0.3078346188847473, "f_8": 0.43897651052661596, "f_9": 0.5315145648471277}, "sample2": {"f_0": 0.4999999999999999, "f_1": 0.2660475382452916, "f_2": 0.10019020956420857, "f_3": 0.04634680991175175, "f_4": 0.06959562832228075, "f_5": 0.12041255961121085, "f_6": 0.1650297031145775, "f_7": 0.19248398977794562, "f_8": 0.21276352042249488, "f_9": 0.23981095437164016}, "sample3": {"f_0": 0.4999999999999999, "f_1": 0.6902486940703342, "f_2": 0.6824635436728046, "f_3": 0.5710159806122832, "f_4": 0.4965541616686359, "f_5": 0.46409689868837434, "f_6": 0.4020447551523416, "f_7": 0.29593184077394896, "f_8": 0.1931940726289655, "f_9": 0.13208517247443455}, "sample4": {"f_0": 0.4999999999999999, "f_1": 0.39336608316027566, "f_2": 0.2867269307618999, "f_3": 0.20171063151055904, "f_4": 0.14743843087586744, "f_5": 0.11926018267094042, "f_6": 0.10478815702315371, "f_7": 0.09219152457836599, "f_8": 0.07591517271229774, "f_9": 0.05715555459565015}, "sample5": {"f_0": 0.4999999999999999, "f_1": 0.6950042101389083, "f_2": 0.5382354516052099, "f_3": 0.28964562300167473, "f_4": 0.2670491007939946, "f_5": 0.4194992289798399, "f_6": 0.47679461607708035, "f_7": 0.36145125050963306, "f_8": 0.2540478597429938, "f_9": 0.2888190998978147}, "sample6": {"f_0": 0.4999999999999999, "f_1": 0.45448993312106806, "f_2": 0.40384086724999596, "f_3": 0.35767734166281473, "f_4": 0.32129642553834936, "f_5": 0.29427978813493205, "f_6": 0.2723481109540332, "f_7": 0.2499406441290358, "f_8": 0.22356635569804773, "f_9": 0.1941686988374257}, "sample7": {"f_0": 0.4999999999999999, "f_1": 0.5882733434748193, "f_2": 0.6142049206680266, "f_3": 0.5953040321994487, "f_4": 0.5600521509256875, "f_5": 0.5245084989011957, "f_6": 0.49156108586978586, "f_7": 0.46384509869017676, "f_8": 0.4472862956356519, "f_9": 0.438848777086753}, "sample8": {"f_0": 0.4999999999999999, "f_1": 0.17070245410661922, "f_2": 0.0571302234138422, "f_3": 0.06532806326859135, "f_4": 0.10515053269564803, "f_5": 0.18289439600930738, "f_6": 0.2282718975179231, "f_7": 0.22993810882318882, "f_8": 0.22214521476006094, "f_9": 0.20885314540841124}, "sample9": {"f_0": 0.4999999999999999, "f_1": 0.5799944254401369, "f_2": 0.6495322033778421, "f_3": 0.711114376358573, "f_4": 0.7646840826835032, "f_5": 0.8092821486921079, "f_6": 0.8441197713953955, "f_7": 0.8628352707228659, "f_8": 0.8606845866148771, "f_9": 0.8420412417213021}, "sample10": {"f_0": 0.4999999999999999, "f_1": 0.5946856781640044, "f_2": 0.565640601855006, "f_3": 0.5078347251864864, "f_4": 0.5141198293979469, "f_5": 0.5505445047024257, "f_6": 0.5262025368241643, "f_7": 0.4283906748145592, "f_8": 0.3240445416091034, "f_9": 0.2572082840291479}, "sample11": {"f_0": 0.4999999999999999, "f_1": 0.22253547574524501, "f_2": 0.05707092573492226, "f_3": 0.14073128224783538, "f_4": 0.3855732121950288, "f_5": 0.6277493429955557, "f_6": 0.732748177915487, "f_7": 0.6041738915120496, "f_8": 0.30596402820638857, "f_9": 0.0827905461659718}, "sample12": {"f_0": 0.4999999999999999, "f_1": 0.49993235612437503, "f_2": 0.4181717341002671, "f_3": 0.3540504503553944, "f_4": 0.3317442106770415, "f_5": 0.32115962871231946, "f_6": 0.29735758768499804, "f_7": 0.2666110716316974, "f_8": 0.25799318365921486, "f_9": 0.2828515885220436}, "sample13": {"f_0": 0.4999999999999999, "f_1": 0.7125445075548866, "f_2": 0.5636491381139429, "f_3": 0.36743564839561443, "f_4": 0.4405887560766326, "f_5": 0.5762139178107379, "f_6": 0.4389766736990906, "f_7": 0.17714063170912758, "f_8": 0.15437328540887704, "f_9": 0.32609184259118257}, "sample14": {"f_0": 0.4999999999999999, "f_1": 0.3266699084295911, "f_2": 0.2121822918602751, "f_3": 0.21313966613574042, "f_4": 0.2337404111288121, "f_5": 0.18787570524411365, "f_6": 0.12483574858569935, "f_7": 0.15340779412618846, "f_8": 0.2871364017380703, "f_9": 0.4180859741215261}, "sample15": {"f_0": 0.4999999999999999, "f_1": 0.35782117120907514, "f_2": 0.18663144294078574, "f_3": 0.13754037089083573, "f_4": 0.20774411049688546, "f_5": 0.34665833931166207, "f_6": 0.491249136690315, "f_7": 0.5714173194529141, "f_8": 0.5589871255312189, "f_9": 0.47974373896676686}, "sample16": {"f_0": 0.4999999999999999, "f_1": 0.7074229629301564, "f_2": 0.5876321084279128, "f_3": 0.5274406963626759, "f_4": 0.5080008556029557, "f_5": 0.3648471472927892, "f_6": 0.2662870446596881, "f_7": 0.28526568472079616, "f_8": 0.3058263585059605, "f_9": 0.30005091171814297}, "sample17": {"f_0": 0.4999999999999999, "f_1": 0.47322804216509917, "f_2": 0.37818568884126175, "f_3": 0.3161491328578243, "f_4": 0.2932009485975759, "f_5": 0.2725547960871513, "f_6": 0.24144294792350257, "f_7": 0.20907467582623498, "f_8": 0.19386355603053623, "f_9": 0.2083927421381531}, "sample18": {"f_0": 0.4999999999999999, "f_1": 0.5614085659542869, "f_2": 0.5229534471141457, "f_3": 0.4374504392389647, "f_4": 0.34708476558104423, "f_5": 0.2791898837333741, "f_6": 0.2424655574591311, "f_7": 0.22801330733300956, "f_8": 0.2303254714168169, "f_9": 0.25084400128141765}, "sample19": {"f_0": 0.4999999999999999, "f_1": 0.6978516143262693, "f_2": 0.6142836680868086, "f_3": 0.3412144538642969, "f_4": 0.09781515714996228, "f_5": 0.1062163166320871, "f_6": 0.3894555565650059, "f_7": 0.6846338242465002, "f_8": 0.7137450724675798, "f_9": 0.4768728912134198}, "sample20": {"f_0": 0.4999999999999999, "f_1": 0.4778760972015795, "f_2": 0.4509224458078828, "f_3": 0.42414248351852074, "f_4": 0.39928887576676736, "f_5": 0.37488078619562404, "f_6": 0.3489528512218248, "f_7": 0.32190271606888, "f_8": 0.2969277930161669, "f_9": 0.27785774438070704}, "sample21": {"f_0": 0.4999999999999999, "f_1": 0.7222249351184727, "f_2": 0.5782168485792373, "f_3": 0.412501285331725, "f_4": 0.40907825814947096, "f_5": 0.4541015668224357, "f_6": 0.42814214188644756, "f_7": 0.2614733878725143, "f_8": 0.11941379647611058, "f_9": 0.14721426026720807}, "sample22": {"f_0": 0.4999999999999999, "f_1": 0.7068239520898415, "f_2": 0.6889911240006672, "f_3": 0.5909759589949917, "f_4": 0.5224474940016486, "f_5": 0.4710223403404073, "f_6": 0.4225978450252448, "f_7": 0.36052223565190006, "f_8": 0.2754810034816179, "f_9": 0.21245289833067288}, "sample23": {"f_0": 0.4999999999999999, "f_1": 0.7021589765223094, "f_2": 0.7275762937358359, "f_3": 0.6793792276733622, "f_4": 0.5718757658885498, "f_5": 0.43520736733136806, "f_6": 0.3253690021999187, "f_7": 0.2719309835186068, "f_8": 0.26229511598456906, "f_9": 0.26152460293652485}, "sample24": {"f_0": 0.4999999999999999, "f_1": 0.6877416458496163, "f_2": 0.5879707603983081, "f_3": 0.3601329654484333, "f_4": 0.2588312614155803, "f_5": 0.3525570948808594, "f_6": 0.4859643494645568, "f_7": 0.4765255476419471, "f_8": 0.32761853006294894, "f_9": 0.20515243789897025}, "sample25": {"f_0": 0.4999999999999999, "f_1": 0.45871031513797744, "f_2": 0.37631904835111146, "f_3": 0.34418267977697226, "f_4": 0.3317022076311322, "f_5": 0.31411646143906047, "f_6": 0.29580857336480537, "f_7": 0.2797408432858897, "f_8": 0.26579154726660076, "f_9": 0.2574539846199404}, "sample26": {"f_0": 0.4999999999999999, "f_1": 0.3275929045793324, "f_2": 0.19246378629700614, "f_3": 0.1300186588768248, "f_4": 0.10973612047955181, "f_5": 0.08774068716339405, "f_6": 0.06020285736768729, "f_7": 0.05948933229751374, "f_8": 0.10703063574654283, "f_9": 0.18090918218627103}, "sample27": {"f_0": 0.4999999999999999, "f_1": 0.5378820296112752, "f_2": 0.50330536815276, "f_3": 0.4156885770487915, "f_4": 0.3114898907495091, "f_5": 0.22025745685695095, "f_6": 0.15503635485661713, "f_7": 0.11586943897295919,