{"sample0": {"f_0": 0.400390625, "f_1": 0.4013671875, "f_2": 0.4599609375, "f_3": 0.46875, "f_4": 0.43359375, "f_5": 0.4111328125, "f_6": 0.3193359375, "f_7": 0.2763671875, "f_8": 0.267578125, "f_9": 0.2216796875}, "sample1": {"f_0": 0.419921875, "f_1": 0.232421875, "f_2": 0.123046875, "f_3": 0.0732421875, "f_4": 0.1240234375, "f_5": 0.15625, "f_6": 0.181640625, "f_7": 0.2099609375, "f_8": 0.1494140625, "f_9": 0.0869140625}, "sample2": {"f_0": 0.4375, "f_1": 0.4736328125, "f_2": 0.521484375, "f_3": 0.505859375, "f_4": 0.34765625, "f_5": 0.291015625, "f_6": 0.2412109375, "f_7": 0.1884765625, "f_8": 0.1552734375, "f_9": 0.1220703125}, "sample3": {"f_0": 0.4501953125, "f_1": 0.205078125, "f_2": 0.0927734375, "f_3": 0.099609375, "f_4": 0.1201171875, "f_5": 0.13671875, "f_6": 0.158203125, "f_7": 0.173828125, "f_8": 0.23046875, "f_9": 0.265625}, "sample4": {"f_0": 0.4208984375, "f_1": 0.4404296875, "f_2": 0.4677734375, "f_3": 0.4736328125, "f_4": 0.361328125, "f_5": 0.4072265625, "f_6": 0.380859375, "f_7": 0.38671875, "f_8": 0.328125, "f_9": 0.3642578125}, "sample5": {"f_0": 0.443359375, "f_1": 0.1650390625, "f_2": 0.095703125, "f_3": 0.111328125, "f_4": 0.1630859375, "f_5": 0.140625, "f_6": 0.1083984375, "f_7": 0.1240234375, "f_8": 0.171875, "f_9": 0.1484375}, "sample6": {"f_0": 0.4443359375, "f_1": 0.396484375, "f_2": 0.39453125, "f_3": 0.4208984375, "f_4": 0.3212890625, "f_5": 0.3203125, "f_6": 0.3369140625, "f_7": 0.330078125, "f_8": 0.27734375, "f_9": 0.287109375}, "sample7": {"f_0": 0.419921875, "f_1": 0.26171875, "f_2": 0.203125, "f_3": 0.1318359375, "f_4": 0.1142578125, "f_5": 0.1005859375, "f_6": 0.099609375, "f_7": 0.1279296875, "f_8": 0.107421875, "f_9": 0.11328125}, "sample8": {"f_0": 0.4365234375, "f_1": 0.5263671875, "f_2": 0.4228515625, "f_3": 0.2177734375, "f_4": 0.2685546875, "f_5": 0.1953125, "f_6": 0.166015625, "f_7": 0.185546875, "f_8": 0.173828125, "f_9": 0.248046875}, "sample9": {"f_0": 0.4521484375, "f_1": 0.333984375, "f_2": 0.2548828125, "f_3": 0.208984375, "f_4": 0.1611328125, "f_5": 0.1240234375, "f_6": 0.08984375, "f_7": 0.076171875, "f_8": 0.076171875, "f_9": 0.0751953125}, "sample10": {"f_0": 0.447265625, "f_1": 0.25390625, "f_2": 0.1640625, "f_3": 0.1220703125, "f_4": 0.1650390625, "f_5": 0.1123046875, "f_6": 0.12109375, "f_7": 0.1630859375, "f_8": 0.1796875, "f_9": 0.2705078125}, "sample11": {"f_0": 0.447265625, "f_1": 0.4541015625, "f_2": 0.3603515625, "f_3": 0.19140625, "f_4": 0.1845703125, "f_5": 0.1494140625, "f_6": 0.1826171875, "f_7": 0.2353515625, "f_8": 0.216796875, "f_9": 0.228515625}, "sample12": {"f_0": 0.451171875, "f_1": 0.2958984375, "f_2": 0.197265625, "f_3": 0.19140625, "f_4": 0.1552734375, "f_5": 0.17578125, "f_6": 0.1826171875, "f_7": 0.201171875, "f_8": 0.1669921875, "f_9": 0.1552734375}, "sample13": {"f_0": 0.40234375, "f_1": 0.134765625, "f_2": 0.0908203125, "f_3": 0.2001953125, "f_4": 0.1298828125, "f_5": 0.078125, "f_6": 0.1005859375, "f_7": 0.138671875, "f_8": 0.2373046875, "f_9": 0.173828125}, "sample14": {"f_0": 0.4208984375, "f_1": 0.419921875, "f_2": 0.36328125, "f_3": 0.2734375, "f_4": 0.19921875, "f_5": 0.19921875, "f_6": 0.181640625, "f_7": 0.197265625, "f_8": 0.1748046875, "f_9": 0.1025390625}, "sample15": {"f_0": 0.4130859375, "f_1": 0.33203125, "f_2": 0.28515625, "f_3": 0.216796875, "f_4": 0.2275390625, "f_5": 0.19140625, "f_6": 0.2001953125, "f_7": 0.1806640625, "f_8": 0.158203125, "f_9": 0.16015625}, "sample16": {"f_0": 0.4375, "f_1": 0.1357421875, "f_2": 0.0576171875, "f_3": 0.1201171875, "f_4": 0.1162109375, "f_5": 0.1552734375, "f_6": 0.1826171875, "f_7": 0.15234375, "f_8": 0.14453125, "f_9": 0.1689453125}, "sample17": {"f_0": 0.4384765625, "f_1": 0.3037109375, "f_2": 0.228515625, "f_3": 0.17578125, "f_4": 0.181640625, "f_5": 0.1728515625, "f_6": 0.1884765625, "f_7": 0.1845703125, "f_8": 0.1884765625, "f_9": 0.22265625}, "sample18": {"f_0": 0.427734375, "f_1": 0.2724609375, "f_2": 0.1787109375, "f_3": 0.1337890625, "f_4": 0.1376953125, "f_5": 0.13671875, "f_6": 0.1494140625, "f_7": 0.1572265625, "f_8": 0.17578125, "f_9": 0.171875}, "sample19": {"f_0": 0.4453125, "f_1": 0.181640625, "f_2": 0.095703125, "f_3": 0.1943359375, "f_4": 0.279296875, "f_5": 0.2880859375, "f_6": 0.208984375, "f_7": 0.1884765625, "f_8": 0.15234375, "f_9": 0.1416015625}, "sample20": {"f_0": 0.40625, "f_1": 0.39453125, "f_2": 0.3896484375, "f_3": 0.390625, "f_4": 0.302734375, "f_5": 0.3115234375, "f_6": 0.326171875, "f_7": 0.3095703125, "f_8": 0.2705078125, "f_9": 0.263671875}, "sample21": {"f_0": 0.4267578125, "f_1": 0.1474609375, "f_2": 0.072265625, "f_3": 0.115234375, "f_4": 0.130859375, "f_5": 0.1337890625, "f_6": 0.1708984375, "f_7": 0.1826171875, "f_8": 0.2314453125, "f_9": 0.2060546875}, "sample22": {"f_0": 0.46484375, "f_1": 0.1884765625, "f_2": 0.1015625, "f_3": 0.0634765625, "f_4": 0.0908203125, "f_5": 0.1279296875, "f_6": 0.1875, "f_7": 0.1806640625, "f_8": 0.1533203125, "f_9": 0.162109375}, "sample23": {"f_0": 0.4365234375, "f_1": 0.2109375, "f_2": 0.0908203125, "f_3": 0.099609375, "f_4": 0.1142578125, "f_5": 0.1513671875, "f_6": 0.1767578125, "f_7": 0.166015625, "f_8": 0.1669921875, "f_9": 0.1796875}, "sample24": {"f_0": 0.4169921875, "f_1": 0.185546875, "f_2": 0.0693359375, "f_3": 0.1767578125, "f_4": 0.2060546875, "f_5": 0.19140625, "f_6": 0.16015625, "f_7": 0.150390625, "f_8": 0.14453125, "f_9": 0.1884765625}, "sample25": {"f_0": 0.41796875, "f_1": 0.287109375, "f_2": 0.212890625, "f_3": 0.1875, "f_4": 0.134765625, "f_5": 0.1240234375, "f_6": 0.154296875, "f_7": 0.16796875, "f_8": 0.146484375, "f_9": 0.1484375}, "sample26": {"f_0": 0.44140625, "f_1": 0.470703125, "f_2": 0.4736328125, "f_3": 0.408203125, "f_4": 0.3251953125, "f_5": 0.3037109375, "f_6": 0.326171875, "f_7": 0.2958984375, "f_8": 0.232421875, "f_9": 0.1572265625}, "sample27": {"f_0": 0.423828125, "f_1": 0.30859375, "f_2": 0.271484375, "f_3": 0.22265625, "f_4": 0.1689453125, "f_5": 0.201171875, "f_6": 0.2412109375, "f_7": 0.25390625, "f_8": 0.2392578125, "f_9": 0.275390625}, "sample28": {"f_0": 0.4453125, "f_1": 0.294921875, "f_2": 0.271484375, "f_3": 0.2138671875, "f_4": 0.1552734375, "f_5": 0.1259765625, "f_6": 0.107421875, "f_7": 0.0751953125, "f_8": 0.087890625, "f_9": 0.0771484375}, "sample29": {"f_0": 0.4365234375, "f_1": 0.466796875, "f_2": 0.546875, "f_3": 0.5244140625, "f_4": 0.4169921875, "f_5": 0.3466796875, "f_6": 0.22265625, "f_7": 0.171875, "f_8": 0.1025390625, "f_9": 0.1064453125}, "sample30": {"f_0": 0.408203125, "f_1": 0.4365234375, "f_2": 0.4775390625, "f_3": 0.5234375, "f_4": 0.4912109375, "f_5": 0.51953125, "f_6": 0.5078125, "f_7": 0.498046875, "f_8": 0.4423828125, "f_9": 0.4384765625}, "sample31": {"f_0": 0.423828125, "f_1": 0.4443359375, "f_2": 0.4658203125, "f_3": 0.4345703125, "f_4": 0.3203125, "f_5": 0.3173828125, "f_6": 0.306640625, "f_7": 0.2490234375, "f_8": 0.208984375, "f_9": 0.173828125}, "sample32": {"f_0": 0.4453125, "f_1": 0.3203125, "f_2": 0.193359375, "f_3": 0.15625, "f_4": 0.154296875, "f_5": 0.1611328125, "f_6": 0.15625, "f_7": 0.1748046875, "f_8": 0.1435546875, "f_9": 0.1455078125}, "sample33": {"f_0": 0.4482421875, "f_1": 0.3271484375, "f_2": 0.232421875, "f_3": 0.1826171875, "f_4": 0.15234375, "f_5": 0.1650390625, "f_6": 0.16015625, "f_7": 0.1806640625, "f_8": 0.166015625, "f_9": 0.1884765625}, "sample34": {"f_0": 0.462890625, "f_1": 0.40234375, "f_2": 0.3466796875, "f_3": 0.3408203125, "f_4": 0.2822265625, "f_5": 0.2451171875, "f_6": 0.220703125, "f_7": 0.197265625, "f_8": 0.1494140625, "f_9": 0.1455078125}, "sample35": {"f_0": 0.4228515625, "f_1": 0.3603515625, "f_2": 0.3525390625, "f_3": 0.296875, "f_4": 0.228515625, "f_5": 0.2158203125, "f_6": 0.177734375, "f_7": 0.185546875, "f_8": 0.1513671875, "f_9": 0.16015625}, "sample36": {"f_0": 0.4365234375, "f_1": 0.3544921875, "f_2": 0.27734375, "f_3": 0.23046875, "f_4": 0.171875, "f_5": 0.1650390625, "f_6": 0.1435546875, "f_7": 0.1376953125, "f_8": 0.1171875, "f_9": 0.107421875}, "sample37": {"f_0": 0.42578125, "f_1": 0.494140625,