{"sample0": {"f_0": 0.5063555836677551, "f_1": 0.3205450177192688, "f_2": 0.20011086761951447, "f_3": 0.1693730503320694, "f_4": 0.07030744850635529, "f_5": 0.05735330656170845, "f_6": 0.06805406510829926, "f_7": 0.10691304504871368, "f_8": 0.0659707635641098, "f_9": 0.10156319290399551}, "sample1": {"f_0": 0.5143939256668091, "f_1": 0.6545536518096924, "f_2": 0.6437375545501709, "f_3": 0.5464789867401123, "f_4": 0.3125821053981781, "f_5": 0.2217842936515808, "f_6": 0.17879492044448853, "f_7": 0.26727232336997986, "f_8": 0.3264981210231781, "f_9": 0.39613938331604004}, "sample2": {"f_0": 0.474565714597702, "f_1": 0.20170828700065613, "f_2": 0.045384254306554794, "f_3": 0.00435772305354476, "f_4": 0.040886882692575455, "f_5": 0.09672216325998306, "f_6": 0.17605021595954895, "f_7": 0.2182343453168869, "f_8": 0.22764240205287933, "f_9": 0.24910974502563477}, "sample3": {"f_0": 0.533176064491272, "f_1": 0.6595848798751831, "f_2": 0.6013740301132202, "f_3": 0.40319421887397766, "f_4": 0.35534289479255676, "f_5": 0.2850101590156555, "f_6": 0.2062472105026245, "f_7": 0.1564035415649414, "f_8": 0.10980671644210815, "f_9": 0.09106358140707016}, "sample4": {"f_0": 0.5195692181587219, "f_1": 0.34005656838417053, "f_2": 0.2494630217552185, "f_3": 0.1998801976442337, "f_4": 0.12860578298568726, "f_5": 0.08149135857820511, "f_6": 0.06665816158056259, "f_7": 0.05353594943881035, "f_8": 0.06001649424433708, "f_9": 0.042406219989061356}, "sample5": {"f_0": 0.5331798195838928, "f_1": 0.6368137001991272, "f_2": 0.5220966339111328, "f_3": 0.3435491919517517, "f_4": 0.24597659707069397, "f_5": 0.3054487109184265, "f_6": 0.32682108879089355, "f_7": 0.2830860912799835, "f_8": 0.17497867345809937, "f_9": 0.151359423995018}, "sample6": {"f_0": 0.5308619737625122, "f_1": 0.35456544160842896, "f_2": 0.3102039098739624, "f_3": 0.2546024024486542, "f_4": 0.23013606667518616, "f_5": 0.21454797685146332, "f_6": 0.1758112758398056, "f_7": 0.16213089227676392, "f_8": 0.14680726826190948, "f_9": 0.1400584578514099}, "sample7": {"f_0": 0.5442106127738953, "f_1": 0.4587095081806183, "f_2": 0.45778563618659973, "f_3": 0.4202881157398224, "f_4": 0.3721768856048584, "f_5": 0.3629671037197113, "f_6": 0.3259192109107971, "f_7": 0.2876867949962616, "f_8": 0.27594664692878723, "f_9": 0.2766883373260498}, "sample8": {"f_0": 0.5233684182167053, "f_1": 0.13949428498744965, "f_2": 0.05500205606222153, "f_3": 0.1404930204153061, "f_4": 0.11375180631875992, "f_5": 0.15740057826042175, "f_6": 0.18558132648468018, "f_7": 0.1706269234418869, "f_8": 0.1314316689968109, "f_9": 0.11643068492412567}, "sample9": {"f_0": 0.5359699726104736, "f_1": 0.5481522679328918, "f_2": 0.5463912487030029, "f_3": 0.5769394636154175, "f_4": 0.6188334226608276, "f_5": 0.6310440301895142, "f_6": 0.6254755854606628, "f_7": 0.633513331413269, "f_8": 0.5617282390594482, "f_9": 0.5132172107696533}, "sample10": {"f_0": 0.5381160974502563, "f_1": 0.4711352288722992, "f_2": 0.45322346687316895, "f_3": 0.35360968112945557, "f_4": 0.35783740878105164, "f_5": 0.35202109813690186, "f_6": 0.28389978408813477, "f_7": 0.20097103714942932, "f_8": 0.13666431605815887, "f_9": 0.1151450052857399}, "sample11": {"f_0": 0.5337406396865845, "f_1": 0.1851494014263153, "f_2": 0.09080912917852402, "f_3": 0.18085645139217377, "f_4": 0.2191644310951233, "f_5": 0.2561744153499603, "f_6": 0.1711060106754303, "f_7": 0.12266429513692856, "f_8": 0.3791118860244751, "f_9": 0.3977663516998291}, "sample12": {"f_0": 0.5210074782371521, "f_1": 0.41517624258995056, "f_2": 0.3330824375152588, "f_3": 0.2557702362537384, "f_4": 0.21076442301273346, "f_5": 0.2141241580247879, "f_6": 0.2093561589717865, "f_7": 0.1795666217803955, "f_8": 0.1608504056930542, "f_9": 0.16315202414989471}, "sample13": {"f_0": 0.5381821990013123, "f_1": 0.5563796162605286, "f_2": 0.3980100452899933, "f_3": 0.19653478264808655, "f_4": 0.28530383110046387, "f_5": 0.3680044710636139, "f_6": 0.31464189291000366, "f_7": 0.21841415762901306, "f_8": 0.12160348147153854, "f_9": 0.18170218169689178}, "sample14": {"f_0": 0.5311861634254456, "f_1": 0.26442113518714905, "f_2": 0.16031353175640106, "f_3": 0.15044811367988586, "f_4": 0.17465966939926147, "f_5": 0.16645695269107819, "f_6": 0.14729176461696625, "f_7": 0.17294849455356598, "f_8": 0.21614880859851837, "f_9": 0.34756582975387573}, "sample15": {"f_0": 0.5369024276733398, "f_1": 0.2983594536781311, "f_2": 0.18959593772888184, "f_3": 0.18687772750854492, "f_4": 0.1422812044620514, "f_5": 0.17827622592449188, "f_6": 0.16520053148269653, "f_7": 0.1672288477420807, "f_8": 0.2276008129119873, "f_9": 0.191304549574852}, "sample16": {"f_0": 0.5424025654792786, "f_1": 0.520112931728363, "f_2": 0.4496394693851471, "f_3": 0.348885715007782, "f_4": 0.24251052737236023, "f_5": 0.1927006095647812, "f_6": 0.1887190043926239, "f_7": 0.18987897038459778, "f_8": 0.1500515341758728, "f_9": 0.13218162953853607}, "sample17": {"f_0": 0.5384600162506104, "f_1": 0.43305703997612, "f_2": 0.29779618978500366, "f_3": 0.22121647000312805, "f_4": 0.17889219522476196, "f_5": 0.14761556684970856, "f_6": 0.16362889111042023, "f_7": 0.1416829228401184, "f_8": 0.1338413804769516, "f_9": 0.1171497032046318}, "sample18": {"f_0": 0.5217850804328918, "f_1": 0.47631940245628357, "f_2": 0.3776564598083496, "f_3": 0.29289737343788147, "f_4": 0.2688298225402832, "f_5": 0.20732611417770386, "f_6": 0.20740699768066406, "f_7": 0.19259050488471985, "f_8": 0.17530684173107147, "f_9": 0.16789792478084564}, "sample19": {"f_0": 0.5282508134841919, "f_1": 0.5281637907028198, "f_2": 0.37874817848205566, "f_3": 0.20040659606456757, "f_4": 0.11529196053743362, "f_5": 0.1101091206073761, "f_6": 0.1610695719718933, "f_7": 0.1825275719165802, "f_8": 0.45123058557510376, "f_9": 0.4067840576171875}, "sample20": {"f_0": 0.5208960175514221, "f_1": 0.41779616475105286, "f_2": 0.39212876558303833, "f_3": 0.32778531312942505, "f_4": 0.3431544005870819, "f_5": 0.3209586441516876, "f_6": 0.29921290278434753, "f_7": 0.2853606939315796, "f_8": 0.21761371195316315, "f_9": 0.18938207626342773}, "sample21": {"f_0": 0.5258309841156006, "f_1": 0.5499531626701355, "f_2": 0.4378892779350281, "f_3": 0.281889945268631, "f_4": 0.223590686917305, "f_5": 0.2349422425031662, "f_6": 0.2019040435552597, "f_7": 0.15956883132457733, "f_8": 0.10488852858543396, "f_9": 0.11616387218236923}, "sample22": {"f_0": 0.5399665236473083, "f_1": 0.532524585723877, "f_2": 0.5161466002464294, "f_3": 0.43045681715011597, "f_4": 0.33443036675453186, "f_5": 0.265705943107605, "f_6": 0.17570726573467255, "f_7": 0.182617649435997, "f_8": 0.1294378936290741, "f_9": 0.14780861139297485}, "sample23": {"f_0": 0.5155295133590698, "f_1": 0.5719379782676697, "f_2": 0.4729631841182709, "f_3": 0.32302355766296387, "f_4": 0.2776983082294464, "f_5": 0.1950037181377411, "f_6": 0.16245810687541962, "f_7": 0.158513605594635, "f_8": 0.1396874487400055, "f_9": 0.13904020190238953}, "sample24": {"f_0": 0.5284563899040222, "f_1": 0.4865040183067322, "f_2": 0.41093260049819946, "f_3": 0.2143213301897049, "f_4": 0.17438963055610657, "f_5": 0.18045537173748016, "f_6": 0.2146218866109848, "f_7": 0.18933464586734772, "f_8": 0.21566063165664673, "f_9": 0.14553850889205933}, "sample25": {"f_0": 0.5280360579490662, "f_1": 0.4050549268722534, "f_2": 0.27442434430122375, "f_3": 0.20175278186798096, "f_4": 0.21121323108673096, "f_5": 0.19444988667964935, "f_6": 0.18799197673797607, "f_7": 0.17274056375026703, "f_8": 0.15972651541233063, "f_9": 0.15866582095623016}, "sample26": {"f_0": 0.554021418094635, "f_1": 0.25357162952423096, "f_2": 0.1667763739824295, "f_3": 0.10405638068914413, "f_4": 0.10530807077884674, "f_5": 0.08189497143030167, "f_6": 0.07336623221635818, "f_7": 0.1018109917640686, "f_8": 0.1152891218662262, "f_9": 0.14395977556705475}, "sample27": {"f_0": 0.5420158505439758, "f_1": 0.45945411920547485, "f_2": 0.41849008202552795, "f_3": 0.3606370687484741, "f_4": 0.2737003564834595, "f_5": 0.2295166701078415, "f_6": 0.20228061079978943,