{
    "sample0": {
        "f_0": 0.4814453125,
        "f_1": 0.4111328125,
        "f_2": 0.3349609375,
        "f_3": 0.26171875,
        "f_4": 0.2138671875,
        "f_5": 0.2060546875,
        "f_6": 0.2060546875,
        "f_7": 0.1708984375,
        "f_8": 0.1376953125,
        "f_9": 0.0908203125,
        "f_10": 0.0576171875,
        "f_11": 0.0654296875
    },
    "sample1": {
        "f_0": 0.4853515625,
        "f_1": 0.283203125,
        "f_2": 0.130859375,
        "f_3": 0.0595703125,
        "f_4": 0.068359375,
        "f_5": 0.138671875,
        "f_6": 0.1572265625,
        "f_7": 0.2138671875,
        "f_8": 0.1962890625,
        "f_9": 0.1455078125,
        "f_10": 0.10546875,
        "f_11": 0.0576171875
    },
    "sample2": {
        "f_0": 0.4775390625,
        "f_1": 0.2890625,
        "f_2": 0.169921875,
        "f_3": 0.0908203125,
        "f_4": 0.05859375,
        "f_5": 0.05078125,
        "f_6": 0.0712890625,
        "f_7": 0.111328125,
        "f_8": 0.1416015625,
        "f_9": 0.14453125,
        "f_10": 0.1533203125,
        "f_11": 0.1650390625
    },
    "sample3": {
        "f_0": 0.4755859375,
        "f_1": 0.373046875,
        "f_2": 0.29296875,
        "f_3": 0.205078125,
        "f_4": 0.2265625,
        "f_5": 0.212890625,
        "f_6": 0.240234375,
        "f_7": 0.2373046875,
        "f_8": 0.2333984375,
        "f_9": 0.2060546875,
        "f_10": 0.1845703125,
        "f_11": 0.1669921875
    },
    "sample4": {
        "f_0": 0.46484375,
        "f_1": 0.359375,
        "f_2": 0.3037109375,
        "f_3": 0.25,
        "f_4": 0.1748046875,
        "f_5": 0.1201171875,
        "f_6": 0.099609375,
        "f_7": 0.1142578125,
        "f_8": 0.111328125,
        "f_9": 0.123046875,
        "f_10": 0.1279296875,
        "f_11": 0.14453125
    },
    "sample5": {
        "f_0": 0.4619140625,
        "f_1": 0.259765625,
        "f_2": 0.13671875,
        "f_3": 0.0625,
        "f_4": 0.09765625,
        "f_5": 0.1357421875,
        "f_6": 0.16015625,
        "f_7": 0.1201171875,
        "f_8": 0.09375,
        "f_9": 0.0546875,
        "f_10": 0.0712890625,
        "f_11": 0.1259765625
    },
    "sample6": {
        "f_0": 0.509765625,
        "f_1": 0.5751953125,
        "f_2": 0.5234375,
        "f_3": 0.287109375,
        "f_4": 0.220703125,
        "f_5": 0.2236328125,
        "f_6": 0.2568359375,
        "f_7": 0.361328125,
        "f_8": 0.3408203125,
        "f_9": 0.2119140625,
        "f_10": 0.1484375,
        "f_11": 0.1689453125
    },
    "sample7": {
        "f_0": 0.4619140625,
        "f_1": 0.4052734375,
        "f_2": 0.361328125,
        "f_3": 0.30078125,
        "f_4": 0.2373046875,
        "f_5": 0.19921875,
        "f_6": 0.2158203125,
        "f_7": 0.1796875,
        "f_8": 0.19140625,
        "f_9": 0.1787109375,
        "f_10": 0.150390625,
        "f_11": 0.1318359375
    },
    "sample8": {
        "f_0": 0.482421875,
        "f_1": 0.5703125,
        "f_2": 0.5947265625,
        "f_3": 0.4716796875,
        "f_4": 0.357421875,
        "f_5": 0.1806640625,
        "f_6": 0.1298828125,
        "f_7": 0.109375,
        "f_8": 0.1591796875,
        "f_9": 0.259765625,
        "f_10": 0.3046875,
        "f_11": 0.3427734375
    },
    "sample9": {
        "f_0": 0.466796875,
        "f_1": 0.439453125,
        "f_2": 0.4296875,
        "f_3": 0.376953125,
        "f_4": 0.349609375,
        "f_5": 0.31640625,
        "f_6": 0.2421875,
        "f_7": 0.2490234375,
        "f_8": 0.23046875,
        "f_9": 0.1796875,
        "f_10": 0.2109375,
        "f_11": 0.2080078125
    },
    "sample10": {
        "f_0": 0.4765625,
        "f_1": 0.513671875,
        "f_2": 0.5595703125,
        "f_3": 0.6103515625,
        "f_4": 0.5634765625,
        "f_5": 0.4677734375,
        "f_6": 0.4287109375,
        "f_7": 0.3623046875,
        "f_8": 0.3544921875,
        "f_9": 0.298828125,
        "f_10": 0.2607421875,
        "f_11": 0.1943359375
    },
    "sample11": {
        "f_0": 0.4521484375,
        "f_1": 0.443359375,
        "f_2": 0.400390625,
        "f_3": 0.3896484375,
        "f_4": 0.388671875,
        "f_5": 0.3505859375,
        "f_6": 0.38671875,
        "f_7": 0.3193359375,
        "f_8": 0.3359375,
        "f_9": 0.32421875,
        "f_10": 0.35546875,
        "f_11": 0.2978515625
    },
    "sample12": {
        "f_0": 0.474609375,
        "f_1": 0.3857421875,
        "f_2": 0.3759765625,
        "f_3": 0.31640625,
        "f_4": 0.3134765625,
        "f_5": 0.2431640625,
        "f_6": 0.2216796875,
        "f_7": 0.2119140625,
        "f_8": 0.185546875,
        "f_9": 0.1552734375,
        "f_10": 0.12890625,
        "f_11": 0.1376953125
    },
    "sample13": {
        "f_0": 0.4658203125,
        "f_1": 0.3251953125,
        "f_2": 0.2373046875,
        "f_3": 0.173828125,
        "f_4": 0.1826171875,
        "f_5": 0.1884765625,
        "f_6": 0.1845703125,
        "f_7": 0.1982421875,
        "f_8": 0.2119140625,
        "f_9": 0.1669921875,
        "f_10": 0.146484375,
        "f_11": 0.138671875
    },
    "sample14": {
        "f_0": 0.4775390625,
        "f_1": 0.5263671875,
        "f_2": 0.5908203125,
        "f_3": 0.6005859375,
        "f_4": 0.5224609375,
        "f_5": 0.4228515625,
        "f_6": 0.333984375,
        "f_7": 0.29296875,
        "f_8": 0.2109375,
        "f_9": 0.1513671875,
        "f_10": 0.1328125,
        "f_11": 0.123046875
    },
    "sample15": {
        "f_0": 0.4619140625,
        "f_1": 0.2119140625,
        "f_2": 0.0732421875,
        "f_3": 0.0576171875,
        "f_4": 0.1474609375,
        "f_5": 0.21484375,
        "f_6": 0.2392578125,
        "f_7": 0.220703125,
        "f_8": 0.2314453125,
        "f_9": 0.232421875,
        "f_10": 0.23828125,
        "f_11": 0.2314453125
    },
    "sample16": {
        "f_0": 0.4482421875,
        "f_1": 0.216796875,
        "f_2": 0.0947265625,
        "f_3": 0.0634765625,
        "f_4": 0.1552734375,
        "f_5": 0.12109375,
        "f_6": 0.1474609375,
        "f_7": 0.1806640625,
        "f_8": 0.1923828125,
        "f_9": 0.169921875,
        "f_10": 0.1748046875,
        "f_11": 0.193359375
    },
    "sample17": {
        "f_0": 0.41796875,
        "f_1": 0.5361328125,
        "f_2": 0.5888671875,
        "f_3": 0.599609375,
        "f_4": 0.5224609375,
        "f_5": 0.431640625,
        "f_6": 0.361328125,
        "f_7": 0.3125,
        "f_8": 0.2509765625,
        "f_9": 0.2216796875,
        "f_10": 0.21875,
        "f_11": 0.220703125
    },
    "sample18": {
        "f_0": 0.4560546875,
        "f_1": 0.4404296875,
        "f_2": 0.40625,
        "f_3": 0.35546875,
        "f_4": 0.2763671875,
        "f_5": 0.24609375,
        "f_6": 0.228515625,
        "f_7": 0.1884765625,
        "f_8": 0.1845703125,
        "f_9": 0.13671875,
        "f_10": 0.1513671875,
        "f_11": 0.1259765625
    },
    "sample19": {
        "f_0": 0.478515625,
        "f_1": 0.5087890625,
        "f_2": 0.521484375,
        "f_3": 0.443359375,
        "f_4": 0.330078125,
        "f_5": 0.3193359375,
        "f_6": 0.25,
        "f_7": 0.2294921875,
        "f_8": 0.197265625,
        "f_9": 0.1875,
        "f_10": 0.173828125,
        "f_11": 0.1630859375
    },
    "sample20": {
        "f_0": 0.484375,
        "f_1": 0.333984375,
        "f_2": 0.259765625,
        "f_3": 0.16015625,
        "f_4": 0.087890625,
        "f_5": 0.0830078125,
        "f_6": 0.0419921875,
        "f_7": 0.0400390625,
        "f_8": 0.0439453125,
        "f_9": 0.07421875,
        "f_10": 0.0947265625,
        "f_11": 0.1083984375
    },
    "sample21": {
        "f_0": 0.48046875,
        "f_1": 0.4892578125,
        "f_2": 0.5205078125,
        "f_3": 0.4873046875,
        "f_4": 0.408203125,
        "f_5": 0.3583984375,
        "f_6": 0.28515625,
        "f_7": 0.275390625,
        "f_8": 0.255859375,
        "f_9": 0.24609375,
        "f_10": 0.2626953125,
        "f_11": 0.2490234375
    },