{
    "sample0": {
        "f_0": 0.0048828125,
        "f_1": 0.0263671875,
        "f_2": 0.0283203125,
        "f_3": 0.0693359375,
        "f_4": 0.1337890625,
        "f_5": 0.14453125,
        "f_6": 0.2255859375,
        "f_7": 0.2001953125,
        "f_8": 0.1875,
        "f_9": 0.1650390625,
        "f_10": 0.1689453125,
        "f_11": 0.181640625
    },
    "sample1": {
        "f_0": 0.0078125,
        "f_1": 0.04296875,
        "f_2": 0.107421875,
        "f_3": 0.1953125,
        "f_4": 0.2119140625,
        "f_5": 0.1953125,
        "f_6": 0.1767578125,
        "f_7": 0.1279296875,
        "f_8": 0.111328125,
        "f_9": 0.0810546875,
        "f_10": 0.125,
        "f_11": 0.16796875
    },
    "sample2": {
        "f_0": 0.005859375,
        "f_1": 0.0458984375,
        "f_2": 0.10546875,
        "f_3": 0.150390625,
        "f_4": 0.23828125,
        "f_5": 0.263671875,
        "f_6": 0.2705078125,
        "f_7": 0.2841796875,
        "f_8": 0.2841796875,
        "f_9": 0.2177734375,
        "f_10": 0.24609375,
        "f_11": 0.2392578125
    },
    "sample3": {
        "f_0": 0.009765625,
        "f_1": 0.0224609375,
        "f_2": 0.044921875,
        "f_3": 0.09765625,
        "f_4": 0.17578125,
        "f_5": 0.1669921875,
        "f_6": 0.1904296875,
        "f_7": 0.205078125,
        "f_8": 0.2138671875,
        "f_9": 0.23828125,
        "f_10": 0.2578125,
        "f_11": 0.3154296875
    },
    "sample4": {
        "f_0": 0.009765625,
        "f_1": 0.0224609375,
        "f_2": 0.033203125,
        "f_3": 0.064453125,
        "f_4": 0.07421875,
        "f_5": 0.1025390625,
        "f_6": 0.13671875,
        "f_7": 0.142578125,
        "f_8": 0.1845703125,
        "f_9": 0.1953125,
        "f_10": 0.212890625,
        "f_11": 0.236328125
    },
    "sample5": {
        "f_0": 0.0107421875,
        "f_1": 0.0400390625,
        "f_2": 0.1337890625,
        "f_3": 0.1884765625,
        "f_4": 0.232421875,
        "f_5": 0.1474609375,
        "f_6": 0.109375,
        "f_7": 0.095703125,
        "f_8": 0.1259765625,
        "f_9": 0.232421875,
        "f_10": 0.3095703125,
        "f_11": 0.3212890625
    },
    "sample6": {
        "f_0": 0.0068359375,
        "f_1": 0.1044921875,
        "f_2": 0.25,
        "f_3": 0.2705078125,
        "f_4": 0.197265625,
        "f_5": 0.130859375,
        "f_6": 0.119140625,
        "f_7": 0.1513671875,
        "f_8": 0.2626953125,
        "f_9": 0.302734375,
        "f_10": 0.1923828125,
        "f_11": 0.171875
    },
    "sample7": {
        "f_0": 0.005859375,
        "f_1": 0.029296875,
        "f_2": 0.046875,
        "f_3": 0.083984375,
        "f_4": 0.1796875,
        "f_5": 0.1591796875,
        "f_6": 0.1923828125,
        "f_7": 0.1923828125,
        "f_8": 0.1826171875,
        "f_9": 0.1865234375,
        "f_10": 0.2021484375,
        "f_11": 0.2080078125
    },
    "sample8": {
        "f_0": 0.013671875,
        "f_1": 0.05859375,
        "f_2": 0.15625,
        "f_3": 0.2392578125,
        "f_4": 0.251953125,
        "f_5": 0.2705078125,
        "f_6": 0.205078125,
        "f_7": 0.1572265625,
        "f_8": 0.09765625,
        "f_9": 0.064453125,
        "f_10": 0.12109375,
        "f_11": 0.154296875
    },
    "sample9": {
        "f_0": 0.009765625,
        "f_1": 0.0234375,
        "f_2": 0.0185546875,
        "f_3": 0.0224609375,
        "f_4": 0.0224609375,
        "f_5": 0.046875,
        "f_6": 0.0439453125,
        "f_7": 0.0537109375,
        "f_8": 0.056640625,
        "f_9": 0.0703125,
        "f_10": 0.07421875,
        "f_11": 0.08984375
    },
    "sample10": {
        "f_0": 0.005859375,
        "f_1": 0.03515625,
        "f_2": 0.0693359375,
        "f_3": 0.1552734375,
        "f_4": 0.181640625,
        "f_5": 0.1767578125,
        "f_6": 0.2197265625,
        "f_7": 0.232421875,
        "f_8": 0.244140625,
        "f_9": 0.291015625,
        "f_10": 0.283203125,
        "f_11": 0.2900390625
    },
    "sample11": {
        "f_0": 0.01171875,
        "f_1": 0.029296875,
        "f_2": 0.0302734375,
        "f_3": 0.025390625,
        "f_4": 0.0185546875,
        "f_5": 0.0263671875,
        "f_6": 0.0283203125,
        "f_7": 0.0322265625,
        "f_8": 0.0244140625,
        "f_9": 0.04296875,
        "f_10": 0.04296875,
        "f_11": 0.0400390625
    },
    "sample12": {
        "f_0": 0.0048828125,
        "f_1": 0.025390625,
        "f_2": 0.0244140625,
        "f_3": 0.025390625,
        "f_4": 0.029296875,
        "f_5": 0.046875,
        "f_6": 0.0625,
        "f_7": 0.0693359375,
        "f_8": 0.0693359375,
        "f_9": 0.0830078125,
        "f_10": 0.0859375,
        "f_11": 0.1142578125
    },
    "sample13": {
        "f_0": 0.005859375,
        "f_1": 0.0244140625,
        "f_2": 0.056640625,
        "f_3": 0.1376953125,
        "f_4": 0.2099609375,
        "f_5": 0.1904296875,
        "f_6": 0.1953125,
        "f_7": 0.2001953125,
        "f_8": 0.189453125,
        "f_9": 0.185546875,
        "f_10": 0.1689453125,
        "f_11": 0.1865234375
    },
    "sample14": {
        "f_0": 0.0078125,
        "f_1": 0.044921875,
        "f_2": 0.109375,
        "f_3": 0.16015625,
        "f_4": 0.234375,
        "f_5": 0.27734375,
        "f_6": 0.32421875,
        "f_7": 0.3056640625,
        "f_8": 0.314453125,
        "f_9": 0.2548828125,
        "f_10": 0.2275390625,
        "f_11": 0.1943359375
    },
    "sample15": {
        "f_0": 0.0078125,
        "f_1": 0.046875,
        "f_2": 0.138671875,
        "f_3": 0.2490234375,
        "f_4": 0.2548828125,
        "f_5": 0.3154296875,
        "f_6": 0.251953125,
        "f_7": 0.2060546875,
        "f_8": 0.208984375,
        "f_9": 0.1572265625,
        "f_10": 0.1435546875,
        "f_11": 0.1474609375
    },
    "sample16": {
        "f_0": 0.0078125,
        "f_1": 0.0791015625,
        "f_2": 0.1640625,
        "f_3": 0.2529296875,
        "f_4": 0.24609375,
        "f_5": 0.283203125,
        "f_6": 0.2509765625,
        "f_7": 0.21484375,
        "f_8": 0.19921875,
        "f_9": 0.16015625,
        "f_10": 0.177734375,
        "f_11": 0.1513671875
    },
    "sample17": {
        "f_0": 0.009765625,
        "f_1": 0.04296875,
        "f_2": 0.1083984375,
        "f_3": 0.19140625,
        "f_4": 0.25,
        "f_5": 0.2626953125,
        "f_6": 0.2705078125,
        "f_7": 0.2734375,
        "f_8": 0.251953125,
        "f_9": 0.2734375,
        "f_10": 0.263671875,
        "f_11": 0.2548828125
    },
    "sample18": {
        "f_0": 0.005859375,
        "f_1": 0.025390625,
        "f_2": 0.0205078125,
        "f_3": 0.037109375,
        "f_4": 0.078125,
        "f_5": 0.107421875,
        "f_6": 0.14453125,
        "f_7": 0.169921875,
        "f_8": 0.22265625,
        "f_9": 0.201171875,
        "f_10": 0.1884765625,
        "f_11": 0.1923828125
    },
    "sample19": {
        "f_0": 0.0107421875,
        "f_1": 0.0380859375,
        "f_2": 0.0615234375,
        "f_3": 0.1103515625,
        "f_4": 0.16015625,
        "f_5": 0.19921875,
        "f_6": 0.1669921875,
        "f_7": 0.2119140625,
        "f_8": 0.1943359375,
        "f_9": 0.1396484375,
        "f_10": 0.146484375,
        "f_11": 0.1728515625
    },
    "sample20": {
        "f_0": 0.0087890625,
        "f_1": 0.037109375,
        "f_2": 0.056640625,
        "f_3": 0.0927734375,
        "f_4": 0.1337890625,
        "f_5": 0.1884765625,
        "f_6": 0.23046875,
        "f_7": 0.2802734375,
        "f_8": 0.29296875,
        "f_9": 0.3251953125,
        "f_10": 0.36328125,
        "f_11": 0.369140625
    },
    "sample21": {
        "f_0": 0.0048828125,
        "f_1": 0.033203125,
        "f_2": 0.0498046875,
        "f_3": 0.080078125,
        "f_4": 0.140625,
        "f_5": 0.1259765625,
        "f_6": 0.1494140625,
        "f_7": 0.162109375,
        "f_8": 0.1611328125,
        "f_9": 0.1142578125,
        "f_10": 0.1376953125,
        "f_11": 0.15234375
    },
    "sample22": {
        "f_0": 0.005859375,