{"sample0": {"f_0": 0.47998046875, "f_1": 0.07177734375, "f_2": 0.202392578125, "f_3": 0.25, "f_4": 0.208984375, "f_5": 0.104736328125, "f_6": 0.1943359375, "f_7": 0.1171875, "f_8": 0.103271484375, "f_9": 0.11376953125}, "sample1": {"f_0": 0.4736328125, "f_1": 0.119384765625, "f_2": 0.279541015625, "f_3": 0.10400390625, "f_4": 0.118896484375, "f_5": 0.16162109375, "f_6": 0.191162109375, "f_7": 0.087158203125, "f_8": 0.190185546875, "f_9": 0.085205078125}, "sample2": {"f_0": 0.478515625, "f_1": 0.320556640625, "f_2": 0.246826171875, "f_3": 0.206298828125, "f_4": 0.171142578125, "f_5": 0.181884765625, "f_6": 0.129638671875, "f_7": 0.05712890625, "f_8": 0.068115234375, "f_9": 0.08056640625}, "sample3": {"f_0": 0.458740234375, "f_1": 0.092529296875, "f_2": 0.2890625, "f_3": 0.367919921875, "f_4": 0.17333984375, "f_5": 0.06689453125, "f_6": 0.0732421875, "f_7": 0.10400390625, "f_8": 0.1279296875, "f_9": 0.07421875}, "sample4": {"f_0": 0.462890625, "f_1": 0.2841796875, "f_2": 0.181640625, "f_3": 0.1162109375, "f_4": 0.059814453125, "f_5": 0.044921875, "f_6": 0.040771484375, "f_7": 0.03369140625, "f_8": 0.044921875, "f_9": 0.04736328125}, "sample5": {"f_0": 0.478759765625, "f_1": 0.352783203125, "f_2": 0.173095703125, "f_3": 0.10546875, "f_4": 0.15625, "f_5": 0.060302734375, "f_6": 0.09765625, "f_7": 0.050048828125, "f_8": 0.052734375, "f_9": 0.050048828125}, "sample6": {"f_0": 0.46435546875, "f_1": 0.054443359375, "f_2": 0.11669921875, "f_3": 0.23193359375, "f_4": 0.14453125, "f_5": 0.068359375, "f_6": 0.065185546875, "f_7": 0.154541015625, "f_8": 0.075927734375, "f_9": 0.052978515625}, "sample7": {"f_0": 0.47900390625, "f_1": 0.13916015625, "f_2": 0.095947265625, "f_3": 0.1513671875, "f_4": 0.233642578125, "f_5": 0.19384765625, "f_6": 0.1142578125, "f_7": 0.055908203125, "f_8": 0.052001953125, "f_9": 0.049072265625}, "sample8": {"f_0": 0.473388671875, "f_1": 0.203369140625, "f_2": 0.078125, "f_3": 0.094482421875, "f_4": 0.165283203125, "f_5": 0.196533203125, "f_6": 0.125732421875, "f_7": 0.090087890625, "f_8": 0.090576171875, "f_9": 0.104248046875}, "sample9": {"f_0": 0.44775390625, "f_1": 0.30224609375, "f_2": 0.207275390625, "f_3": 0.19970703125, "f_4": 0.15185546875, "f_5": 0.0966796875, "f_6": 0.095703125, "f_7": 0.094970703125, "f_8": 0.078857421875, "f_9": 0.081787109375}, "sample10": {"f_0": 0.478515625, "f_1": 0.289794921875, "f_2": 0.201171875, "f_3": 0.090576171875, "f_4": 0.05859375, "f_5": 0.0556640625, "f_6": 0.046875, "f_7": 0.07470703125, "f_8": 0.075439453125, "f_9": 0.068115234375}, "sample11": {"f_0": 0.468017578125, "f_1": 0.529052734375, "f_2": 0.186767578125, "f_3": 0.201904296875, "f_4": 0.075439453125, "f_5": 0.116943359375, "f_6": 0.084228515625, "f_7": 0.07763671875, "f_8": 0.0703125, "f_9": 0.06787109375}, "sample12": {"f_0": 0.489013671875, "f_1": 0.388671875, "f_2": 0.18408203125, "f_3": 0.094970703125, "f_4": 0.237548828125, "f_5": 0.0703125, "f_6": 0.10595703125, "f_7": 0.070068359375, "f_8": 0.06494140625, "f_9": 0.069580078125}, "sample13": {"f_0": 0.49169921875, "f_1": 0.07421875, "f_2": 0.22802734375, "f_3": 0.133056640625, "f_4": 0.12939453125, "f_5": 0.107421875, "f_6": 0.095458984375, "f_7": 0.193603515625, "f_8": 0.09033203125, "f_9": 0.082763671875}, "sample14": {"f_0": 0.477783203125, "f_1": 0.055419921875, "f_2": 0.238037109375, "f_3": 0.14404296875, "f_4": 0.158203125, "f_5": 0.10205078125, "f_6": 0.121337890625, "f_7": 0.225830078125, "f_8": 0.104736328125, "f_9": 0.084716796875}, "sample15": {"f_0": 0.4755859375, "f_1": 0.257568359375, "f_2": 0.120849609375, "f_3": 0.079833984375, "f_4": 0.142333984375, "f_5": 0.1357421875, "f_6": 0.09228515625, "f_7": 0.10791015625, "f_8": 0.107177734375, "f_9": 0.087158203125}, "sample16": {"f_0": 0.46240234375, "f_1": 0.380126953125, "f_2": 0.260498046875, "f_3": 0.1865234375, "f_4": 0.08837890625, "f_5": 0.075927734375, "f_6": 0.068359375, "f_7": 0.06884765625, "f_8": 0.0732421875, "f_9": 0.076416015625}, "sample17": {"f_0": 0.48095703125, "f_1": 0.339599609375, "f_2": 0.1943359375, "f_3": 0.1123046875, "f_4": 0.07666015625, "f_5": 0.050537109375, "f_6": 0.124755859375, "f_7": 0.157958984375, "f_8": 0.073486328125, "f_9": 0.047119140625}, "sample18": {"f_0": 0.48388671875, "f_1": 0.244384765625, "f_2": 0.13037109375, "f_3": 0.084716796875, "f_4": 0.051025390625, "f_5": 0.03076171875, "f_6": 0.03369140625, "f_7": 0.04736328125, "f_8": 0.05224609375, "f_9": 0.056396484375}, "sample19": {"f_0": 0.483154296875, "f_1": 0.447265625, "f_2": 0.294189453125, "f_3": 0.174072265625, "f_4": 0.064208984375, "f_5": 0.091064453125, "f_6": 0.12255859375, "f_7": 0.12109375, "f_8": 0.068603515625, "f_9": 0.059814453125}, "sample20": {"f_0": 0.476318359375, "f_1": 0.152587890625, "f_2": 0.0732421875, "f_3": 0.11962890625, "f_4": 0.100830078125, "f_5": 0.07666015625, "f_6": 0.074951171875, "f_7": 0.15380859375, "f_8": 0.1865234375, "f_9": 0.14404296875}, "sample21": {"f_0": 0.4833984375, "f_1": 0.0615234375, "f_2": 0.08642578125, "f_3": 0.06982421875, "f_4": 0.080322265625, "f_5": 0.161865234375, "f_6": 0.081298828125, "f_7": 0.060546875, "f_8": 0.0595703125, "f_9": 0.049072265625}, "sample22": {"f_0": 0.488525390625, "f_1": 0.359130859375, "f_2": 0.248291015625, "f_3": 0.263671875, "f_4": 0.072998046875, "f_5": 0.1064453125, "f_6": 0.060546875, "f_7": 0.10693359375, "f_8": 0.078125, "f_9": 0.087646484375}, "sample23": {"f_0": 0.474365234375, "f_1": 0.6025390625, "f_2": 0.483642578125, "f_3": 0.22607421875, "f_4": 0.083740234375, "f_5": 0.067138671875, "f_6": 0.117431640625, "f_7": 0.11376953125, "f_8": 0.096923828125, "f_9": 0.072021484375}, "sample24": {"f_0": 0.483642578125, "f_1": 0.245361328125, "f_2": 0.202880859375, "f_3": 0.326904296875, "f_4": 0.180908203125, "f_5": 0.1904296875, "f_6": 0.06640625, "f_7": 0.09716796875, "f_8": 0.06689453125, "f_9": 0.082275390625}, "sample25": {"f_0": 0.482666015625, "f_1": 0.34423828125, "f_2": 0.2314453125, "f_3": 0.160888671875, "f_4": 0.184326171875, "f_5": 0.16259765625, "f_6": 0.1298828125, "f_7": 0.11767578125, "f_8": 0.11474609375, "f_9": 0.079345703125}, "sample26": {"f_0": 0.4697265625, "f_1": 0.11865234375, "f_2": 0.052978515625, "f_3": 0.121337890625, "f_4": 0.183349609375, "f_5": 0.1845703125, "f_6": 0.1328125, "f_7": 0.076171875, "f_8": 0.076171875, "f_9": 0.103515625}, "sample27": {"f_0": 0.481689453125, "f_1": 0.494873046875, "f_2": 0.1669921875, "f_3": 0.104736328125, "f_4": 0.207275390625, "f_5": 0.117919921875, "f_6": 0.05615234375, "f_7": 0.0517578125, "f_8": 0.048828125, "f_9": 0.05810546875}, "sample28": {"f_0": 0.468994140625, "f_1": 0.298095703125, "f_2": 0.2275390625, "f_3": 0.216796875, "f_4": 0.1796875, "f_5": 0.093505859375, "f_6": 0.080322265625, "f_7": 0.06005859375, "f_8": 0.08056640625, "f_9": 0.052734375}, "sample29": {"f_0": 0.45166015625, "f_1": 0.440185546875, "f_2": 0.352783203125, "f_3": 0.2822265625, "f_4": 0.17431640625, "f_5": 0.107666015625, "f_6": 0.0673828125, "f_7": 0.0537109375, "f_8": 0.05078125, "f_9": 0.0478515625}, "sample30": {"f_0": 0.46630859375, "f_1": 0.513671875, "f_2": 0.135498046875, "f_3": 0.082763671875, "f_4": 0.17578125, "f_5": 0.10107421875, "f_6": 0.04296875, "f_7": 0.083740234375, "f_8": 0.096923828125, "f_9": 0.062744140625}, "sample31": {"f_0": 0.484375, "f_1": 0.364013671875, "f_2": 0.225830078125, "f_3": 0.137939453125, "f_4": 0.09716796875, "f_5": 0.09326171875, "f_6": 0.093994140625, "f_7": 0.06884765625, "f_8": 0.08056640625, "f_9": 0.10498046875}, "sample32": {"f_0": 0.469970703125, "f_1": 0.494873046875, "f_2": 0.3095703125, "f_3": 0.06494140625, "f_4": 0.148193359375, "f_5": 0.20263671875, "f_6": 0.083251953125, "f_7": 0.0703125, "f_8": 0.123046875, "f_9": 0.0888671875}, "sample33": {"f_0": 0.46923828125, "f_1": 0.057861328125, "f_2": 0.13134765625, "f_3": 0.282470703125, "f_4": 0.131591796875, "f_5": 0.0556640625, "f_6": 0.07763671875, "f_7": 0.120361328125, "f_8": 0.0556640625, "f_9": 0.06787109375}, "sample34": {"f_0": 0.48486328125, "f_1": 0.250244140625,