{"sample0": {"f_0": 0.466796875, "f_1": 0.0732421875, "f_2": 0.228515625, "f_3": 0.2919921875, "f_4": 0.34375, "f_5": 0.1064453125, "f_6": 0.236328125, "f_7": 0.1474609375, "f_8": 0.1728515625, "f_9": 0.1044921875}, "sample1": {"f_0": 0.4794921875, "f_1": 0.1044921875, "f_2": 0.31640625, "f_3": 0.1328125, "f_4": 0.1552734375, "f_5": 0.1953125, "f_6": 0.2763671875, "f_7": 0.1142578125, "f_8": 0.2197265625, "f_9": 0.181640625}, "sample2": {"f_0": 0.4873046875, "f_1": 0.3876953125, "f_2": 0.3056640625, "f_3": 0.2109375, "f_4": 0.2294921875, "f_5": 0.3046875, "f_6": 0.23046875, "f_7": 0.125, "f_8": 0.1181640625, "f_9": 0.166015625}, "sample3": {"f_0": 0.4833984375, "f_1": 0.107421875, "f_2": 0.3759765625, "f_3": 0.4638671875, "f_4": 0.1669921875, "f_5": 0.1708984375, "f_6": 0.2587890625, "f_7": 0.1767578125, "f_8": 0.1259765625, "f_9": 0.126953125}, "sample4": {"f_0": 0.4697265625, "f_1": 0.3427734375, "f_2": 0.2607421875, "f_3": 0.1748046875, "f_4": 0.1298828125, "f_5": 0.119140625, "f_6": 0.1650390625, "f_7": 0.14453125, "f_8": 0.13671875, "f_9": 0.1640625}, "sample5": {"f_0": 0.4892578125, "f_1": 0.3935546875, "f_2": 0.1923828125, "f_3": 0.1181640625, "f_4": 0.2529296875, "f_5": 0.1142578125, "f_6": 0.23828125, "f_7": 0.158203125, "f_8": 0.1337890625, "f_9": 0.109375}, "sample6": {"f_0": 0.486328125, "f_1": 0.08984375, "f_2": 0.1435546875, "f_3": 0.259765625, "f_4": 0.310546875, "f_5": 0.1103515625, "f_6": 0.1123046875, "f_7": 0.169921875, "f_8": 0.23046875, "f_9": 0.16015625}, "sample7": {"f_0": 0.4609375, "f_1": 0.212890625, "f_2": 0.177734375, "f_3": 0.1826171875, "f_4": 0.271484375, "f_5": 0.275390625, "f_6": 0.2763671875, "f_7": 0.16796875, "f_8": 0.1259765625, "f_9": 0.109375}, "sample8": {"f_0": 0.494140625, "f_1": 0.177734375, "f_2": 0.0849609375, "f_3": 0.22265625, "f_4": 0.34765625, "f_5": 0.3505859375, "f_6": 0.25390625, "f_7": 0.12890625, "f_8": 0.1015625, "f_9": 0.1513671875}, "sample9": {"f_0": 0.50390625, "f_1": 0.3603515625, "f_2": 0.2265625, "f_3": 0.2861328125, "f_4": 0.1806640625, "f_5": 0.1767578125, "f_6": 0.10546875, "f_7": 0.166015625, "f_8": 0.16796875, "f_9": 0.19921875}, "sample10": {"f_0": 0.4970703125, "f_1": 0.3486328125, "f_2": 0.2568359375, "f_3": 0.154296875, "f_4": 0.13671875, "f_5": 0.1279296875, "f_6": 0.0986328125, "f_7": 0.1318359375, "f_8": 0.1171875, "f_9": 0.103515625}, "sample11": {"f_0": 0.4814453125, "f_1": 0.5810546875, "f_2": 0.2392578125, "f_3": 0.23046875, "f_4": 0.26953125, "f_5": 0.1611328125, "f_6": 0.150390625, "f_7": 0.08984375, "f_8": 0.1123046875, "f_9": 0.205078125}, "sample12": {"f_0": 0.4912109375, "f_1": 0.4375, "f_2": 0.2001953125, "f_3": 0.103515625, "f_4": 0.26171875, "f_5": 0.23828125, "f_6": 0.173828125, "f_7": 0.1552734375, "f_8": 0.1376953125, "f_9": 0.1279296875}, "sample13": {"f_0": 0.5029296875, "f_1": 0.0771484375, "f_2": 0.2158203125, "f_3": 0.1806640625, "f_4": 0.1796875, "f_5": 0.1953125, "f_6": 0.150390625, "f_7": 0.30078125, "f_8": 0.2412109375, "f_9": 0.1064453125}, "sample14": {"f_0": 0.4580078125, "f_1": 0.0830078125, "f_2": 0.228515625, "f_3": 0.2060546875, "f_4": 0.228515625, "f_5": 0.1826171875, "f_6": 0.107421875, "f_7": 0.21875, "f_8": 0.25390625, "f_9": 0.1240234375}, "sample15": {"f_0": 0.486328125, "f_1": 0.2490234375, "f_2": 0.15625, "f_3": 0.1455078125, "f_4": 0.1416015625, "f_5": 0.1357421875, "f_6": 0.1220703125, "f_7": 0.1865234375, "f_8": 0.2001953125, "f_9": 0.1298828125}, "sample16": {"f_0": 0.494140625, "f_1": 0.353515625, "f_2": 0.220703125, "f_3": 0.291015625, "f_4": 0.2861328125, "f_5": 0.2421875, "f_6": 0.240234375, "f_7": 0.162109375, "f_8": 0.146484375, "f_9": 0.1318359375}, "sample17": {"f_0": 0.474609375, "f_1": 0.3974609375, "f_2": 0.1669921875, "f_3": 0.1611328125, "f_4": 0.1650390625, "f_5": 0.1318359375, "f_6": 0.193359375, "f_7": 0.20703125, "f_8": 0.11328125, "f_9": 0.1533203125}, "sample18": {"f_0": 0.5, "f_1": 0.2822265625, "f_2": 0.1796875, "f_3": 0.146484375, "f_4": 0.130859375, "f_5": 0.1376953125, "f_6": 0.1884765625, "f_7": 0.2255859375, "f_8": 0.2080078125, "f_9": 0.2353515625}, "sample19": {"f_0": 0.44140625, "f_1": 0.4697265625, "f_2": 0.3046875, "f_3": 0.279296875, "f_4": 0.142578125, "f_5": 0.0888671875, "f_6": 0.1083984375, "f_7": 0.130859375, "f_8": 0.1806640625, "f_9": 0.1513671875}, "sample20": {"f_0": 0.4892578125, "f_1": 0.201171875, "f_2": 0.09375, "f_3": 0.1279296875, "f_4": 0.1826171875, "f_5": 0.208984375, "f_6": 0.1640625, "f_7": 0.1513671875, "f_8": 0.1162109375, "f_9": 0.1337890625}, "sample21": {"f_0": 0.498046875, "f_1": 0.154296875, "f_2": 0.1240234375, "f_3": 0.17578125, "f_4": 0.1259765625, "f_5": 0.10546875, "f_6": 0.154296875, "f_7": 0.2021484375, "f_8": 0.1708984375, "f_9": 0.1640625}, "sample22": {"f_0": 0.48828125, "f_1": 0.39453125, "f_2": 0.19140625, "f_3": 0.36328125, "f_4": 0.1708984375, "f_5": 0.1396484375, "f_6": 0.1533203125, "f_7": 0.076171875, "f_8": 0.123046875, "f_9": 0.1015625}, "sample23": {"f_0": 0.466796875, "f_1": 0.52734375, "f_2": 0.5673828125, "f_3": 0.490234375, "f_4": 0.4521484375, "f_5": 0.392578125, "f_6": 0.2802734375, "f_7": 0.201171875, "f_8": 0.1708984375, "f_9": 0.115234375}, "sample24": {"f_0": 0.470703125, "f_1": 0.2353515625, "f_2": 0.220703125, "f_3": 0.466796875, "f_4": 0.2705078125, "f_5": 0.2421875, "f_6": 0.2099609375, "f_7": 0.1943359375, "f_8": 0.234375, "f_9": 0.12109375}, "sample25": {"f_0": 0.486328125, "f_1": 0.3701171875, "f_2": 0.22265625, "f_3": 0.19140625, "f_4": 0.2373046875, "f_5": 0.2685546875, "f_6": 0.3076171875, "f_7": 0.2470703125, "f_8": 0.2041015625, "f_9": 0.1962890625}, "sample26": {"f_0": 0.4814453125, "f_1": 0.2197265625, "f_2": 0.1220703125, "f_3": 0.0986328125, "f_4": 0.111328125, "f_5": 0.177734375, "f_6": 0.2255859375, "f_7": 0.2255859375, "f_8": 0.234375, "f_9": 0.232421875}, "sample27": {"f_0": 0.47265625, "f_1": 0.5732421875, "f_2": 0.236328125, "f_3": 0.1298828125, "f_4": 0.271484375, "f_5": 0.2841796875, "f_6": 0.181640625, "f_7": 0.1533203125, "f_8": 0.1435546875, "f_9": 0.1357421875}, "sample28": {"f_0": 0.4814453125, "f_1": 0.3017578125, "f_2": 0.2421875, "f_3": 0.275390625, "f_4": 0.1953125, "f_5": 0.18359375, "f_6": 0.150390625, "f_7": 0.154296875, "f_8": 0.16796875, "f_9": 0.1533203125}, "sample29": {"f_0": 0.490234375, "f_1": 0.46484375, "f_2": 0.4521484375, "f_3": 0.4072265625, "f_4": 0.384765625, "f_5": 0.3515625, "f_6": 0.310546875, "f_7": 0.275390625, "f_8": 0.2900390625, "f_9": 0.2431640625}, "sample30": {"f_0": 0.5, "f_1": 0.552734375, "f_2": 0.2060546875, "f_3": 0.1103515625, "f_4": 0.3037109375, "f_5": 0.3271484375, "f_6": 0.2021484375, "f_7": 0.1591796875, "f_8": 0.1962890625, "f_9": 0.1650390625}, "sample31": {"f_0": 0.4677734375, "f_1": 0.4140625, "f_2": 0.2607421875, "f_3": 0.18359375, "f_4": 0.1689453125, "f_5": 0.1611328125, "f_6": 0.16015625, "f_7": 0.197265625, "f_8": 0.1943359375, "f_9": 0.1630859375}, "sample32": {"f_0": 0.4892578125, "f_1": 0.51953125, "f_2": 0.40625, "f_3": 0.1787109375, "f_4": 0.1025390625, "f_5": 0.1591796875, "f_6": 0.30078125, "f_7": 0.2763671875, "f_8": 0.19140625, "f_9": 0.1201171875}, "sample33": {"f_0": 0.509765625, "f_1": 0.09375, "f_2": 0.11328125, "f_3": 0.388671875, "f_4": 0.2763671875, "f_5": 0.1396484375, "f_6": 0.1240234375, "f_7": 0.162109375, "f_8": 0.2158203125, "f_9": 0.1572265625}, "sample34": {"f_0": 0.5048828125, "f_1": 0.330078125, "f_2": 0.2841796875, "f_3": 0.1298828125, "f_4": 0.1171875, "f_5": 0.10546875, "f_6": 0.1181640625, "f_7": 0.169921875, "f_8": 0.1435546875, "f_9": 0.1337890625}, "sample35": {"f_0": 0.5166015625, "f_1": 0.3408203125, "f_2": 0.203125, "f_3": 0.171875, "f_4": 0.1669921875, "f_5": 0.27734375, "f_6": 0.3115234375, "f_7": 0.208984375, "f_8": 0.123046875, "f_9": 0.1123046875}, "sample36": {"f_0": 0.4921875, "f_1": 0.55078125, "f_2": 0.15234375, "f_3": 0.173828125, "f_4": 0.3935546875, "f_5": 0.251953125, "f_6": 0.1181640625, "f_7": 0.2119140625, "f_8": 0.23046875, "f_9": 0.1484375}, "sample37": {"f_0": 0.46484375, "f_1": 0.4775390625, "f_2": 0.279296875,