{"sample0": {"f_0": 0.47265625, "f_1": 0.390869140625, "f_2": 0.138671875, "f_3": 0.092041015625, "f_4": 0.218994140625, "f_5": 0.242431640625, "f_6": 0.09033203125, "f_7": 0.125, "f_8": 0.14501953125, "f_9": 0.162353515625}, "sample1": {"f_0": 0.487548828125, "f_1": 0.3916015625, "f_2": 0.10693359375, "f_3": 0.212890625, "f_4": 0.166748046875, "f_5": 0.134033203125, "f_6": 0.129638671875, "f_7": 0.217041015625, "f_8": 0.07373046875, "f_9": 0.1455078125}, "sample2": {"f_0": 0.47265625, "f_1": 0.20263671875, "f_2": 0.1015625, "f_3": 0.122802734375, "f_4": 0.106201171875, "f_5": 0.101806640625, "f_6": 0.093505859375, "f_7": 0.111328125, "f_8": 0.093017578125, "f_9": 0.065185546875}, "sample3": {"f_0": 0.472412109375, "f_1": 0.3720703125, "f_2": 0.14404296875, "f_3": 0.071044921875, "f_4": 0.108154296875, "f_5": 0.261474609375, "f_6": 0.23388671875, "f_7": 0.106201171875, "f_8": 0.083251953125, "f_9": 0.11572265625}, "sample4": {"f_0": 0.478759765625, "f_1": 0.417236328125, "f_2": 0.32373046875, "f_3": 0.234375, "f_4": 0.16455078125, "f_5": 0.115966796875, "f_6": 0.077392578125, "f_7": 0.075927734375, "f_8": 0.09375, "f_9": 0.0927734375}, "sample5": {"f_0": 0.4677734375, "f_1": 0.104248046875, "f_2": 0.20166015625, "f_3": 0.27587890625, "f_4": 0.115478515625, "f_5": 0.21044921875, "f_6": 0.10302734375, "f_7": 0.13232421875, "f_8": 0.0947265625, "f_9": 0.11181640625}, "sample6": {"f_0": 0.47509765625, "f_1": 0.431640625, "f_2": 0.208740234375, "f_3": 0.0791015625, "f_4": 0.240966796875, "f_5": 0.152099609375, "f_6": 0.126220703125, "f_7": 0.066650390625, "f_8": 0.113525390625, "f_9": 0.07470703125}, "sample7": {"f_0": 0.465576171875, "f_1": 0.382080078125, "f_2": 0.284423828125, "f_3": 0.18505859375, "f_4": 0.080078125, "f_5": 0.077880859375, "f_6": 0.115234375, "f_7": 0.175048828125, "f_8": 0.1611328125, "f_9": 0.097412109375}, "sample8": {"f_0": 0.474609375, "f_1": 0.424560546875, "f_2": 0.3115234375, "f_3": 0.17626953125, "f_4": 0.08203125, "f_5": 0.080810546875, "f_6": 0.066162109375, "f_7": 0.042724609375, "f_8": 0.06884765625, "f_9": 0.0869140625}, "sample9": {"f_0": 0.47216796875, "f_1": 0.15771484375, "f_2": 0.186279296875, "f_3": 0.135498046875, "f_4": 0.181396484375, "f_5": 0.17578125, "f_6": 0.122314453125, "f_7": 0.085693359375, "f_8": 0.14501953125, "f_9": 0.08837890625}, "sample10": {"f_0": 0.466796875, "f_1": 0.33349609375, "f_2": 0.219482421875, "f_3": 0.164306640625, "f_4": 0.141357421875, "f_5": 0.131103515625, "f_6": 0.120849609375, "f_7": 0.0986328125, "f_8": 0.089111328125, "f_9": 0.066162109375}, "sample11": {"f_0": 0.48095703125, "f_1": 0.055908203125, "f_2": 0.183349609375, "f_3": 0.074951171875, "f_4": 0.189208984375, "f_5": 0.121337890625, "f_6": 0.050048828125, "f_7": 0.065673828125, "f_8": 0.05908203125, "f_9": 0.062255859375}, "sample12": {"f_0": 0.47412109375, "f_1": 0.091552734375, "f_2": 0.192138671875, "f_3": 0.2509765625, "f_4": 0.08349609375, "f_5": 0.12158203125, "f_6": 0.05810546875, "f_7": 0.078125, "f_8": 0.052490234375, "f_9": 0.067138671875}, "sample13": {"f_0": 0.4794921875, "f_1": 0.50048828125, "f_2": 0.1318359375, "f_3": 0.1396484375, "f_4": 0.116943359375, "f_5": 0.149169921875, "f_6": 0.141357421875, "f_7": 0.07666015625, "f_8": 0.15576171875, "f_9": 0.123046875}, "sample14": {"f_0": 0.4794921875, "f_1": 0.48681640625, "f_2": 0.11376953125, "f_3": 0.14599609375, "f_4": 0.11279296875, "f_5": 0.206787109375, "f_6": 0.17919921875, "f_7": 0.08056640625, "f_8": 0.156005859375, "f_9": 0.11865234375}, "sample15": {"f_0": 0.488525390625, "f_1": 0.263427734375, "f_2": 0.21142578125, "f_3": 0.143798828125, "f_4": 0.088134765625, "f_5": 0.076904296875, "f_6": 0.09375, "f_7": 0.169677734375, "f_8": 0.16162109375, "f_9": 0.1162109375}, "sample16": {"f_0": 0.470458984375, "f_1": 0.21630859375, "f_2": 0.148681640625, "f_3": 0.08349609375, "f_4": 0.192138671875, "f_5": 0.172119140625, "f_6": 0.197509765625, "f_7": 0.15234375, "f_8": 0.0947265625, "f_9": 0.07421875}, "sample17": {"f_0": 0.47998046875, "f_1": 0.096435546875, "f_2": 0.183349609375, "f_3": 0.224609375, "f_4": 0.2265625, "f_5": 0.181884765625, "f_6": 0.108154296875, "f_7": 0.056640625, "f_8": 0.071533203125, "f_9": 0.101318359375}, "sample18": {"f_0": 0.479248046875, "f_1": 0.412841796875, "f_2": 0.30859375, "f_3": 0.17724609375, "f_4": 0.114990234375, "f_5": 0.086669921875, "f_6": 0.0615234375, "f_7": 0.0615234375, "f_8": 0.064208984375, "f_9": 0.090087890625}, "sample19": {"f_0": 0.47021484375, "f_1": 0.12939453125, "f_2": 0.112548828125, "f_3": 0.123046875, "f_4": 0.227294921875, "f_5": 0.175048828125, "f_6": 0.13427734375, "f_7": 0.068115234375, "f_8": 0.067138671875, "f_9": 0.057861328125}, "sample20": {"f_0": 0.482421875, "f_1": 0.549560546875, "f_2": 0.3701171875, "f_3": 0.178466796875, "f_4": 0.120361328125, "f_5": 0.13671875, "f_6": 0.135009765625, "f_7": 0.10498046875, "f_8": 0.084716796875, "f_9": 0.0673828125}, "sample21": {"f_0": 0.46337890625, "f_1": 0.53369140625, "f_2": 0.226318359375, "f_3": 0.2060546875, "f_4": 0.191650390625, "f_5": 0.064208984375, "f_6": 0.06640625, "f_7": 0.0537109375, "f_8": 0.0673828125, "f_9": 0.099853515625}, "sample22": {"f_0": 0.472412109375, "f_1": 0.0966796875, "f_2": 0.17529296875, "f_3": 0.063232421875, "f_4": 0.1845703125, "f_5": 0.115234375, "f_6": 0.1650390625, "f_7": 0.1005859375, "f_8": 0.08056640625, "f_9": 0.0576171875}, "sample23": {"f_0": 0.479248046875, "f_1": 0.135009765625, "f_2": 0.07177734375, "f_3": 0.121826171875, "f_4": 0.14794921875, "f_5": 0.150390625, "f_6": 0.080810546875, "f_7": 0.0703125, "f_8": 0.06982421875, "f_9": 0.078125}, "sample24": {"f_0": 0.4814453125, "f_1": 0.19921875, "f_2": 0.1435546875, "f_3": 0.07861328125, "f_4": 0.078125, "f_5": 0.080810546875, "f_6": 0.175537109375, "f_7": 0.126708984375, "f_8": 0.158203125, "f_9": 0.076416015625}, "sample25": {"f_0": 0.46630859375, "f_1": 0.24560546875, "f_2": 0.151123046875, "f_3": 0.123291015625, "f_4": 0.077880859375, "f_5": 0.066162109375, "f_6": 0.07177734375, "f_7": 0.06640625, "f_8": 0.060791015625, "f_9": 0.056640625}, "sample26": {"f_0": 0.474609375, "f_1": 0.582275390625, "f_2": 0.414794921875, "f_3": 0.2265625, "f_4": 0.073974609375, "f_5": 0.068359375, "f_6": 0.1435546875, "f_7": 0.18017578125, "f_8": 0.15869140625, "f_9": 0.101318359375}, "sample27": {"f_0": 0.466064453125, "f_1": 0.066162109375, "f_2": 0.239013671875, "f_3": 0.2880859375, "f_4": 0.1083984375, "f_5": 0.075927734375, "f_6": 0.1103515625, "f_7": 0.089111328125, "f_8": 0.067138671875, "f_9": 0.05517578125}, "sample28": {"f_0": 0.46875, "f_1": 0.172119140625, "f_2": 0.166748046875, "f_3": 0.15380859375, "f_4": 0.151611328125, "f_5": 0.149658203125, "f_6": 0.11572265625, "f_7": 0.144775390625, "f_8": 0.109619140625, "f_9": 0.09228515625}, "sample29": {"f_0": 0.48095703125, "f_1": 0.345458984375, "f_2": 0.267333984375, "f_3": 0.161376953125, "f_4": 0.131591796875, "f_5": 0.113525390625, "f_6": 0.108154296875, "f_7": 0.080810546875, "f_8": 0.09619140625, "f_9": 0.0810546875}, "sample30": {"f_0": 0.47705078125, "f_1": 0.074951171875, "f_2": 0.224853515625, "f_3": 0.26220703125, "f_4": 0.080322265625, "f_5": 0.06884765625, "f_6": 0.114013671875, "f_7": 0.0830078125, "f_8": 0.08984375, "f_9": 0.13916015625}, "sample31": {"f_0": 0.48193359375, "f_1": 0.353515625, "f_2": 0.255615234375, "f_3": 0.18115234375, "f_4": 0.165283203125, "f_5": 0.14794921875, "f_6": 0.11083984375, "f_7": 0.112060546875, "f_8": 0.130615234375, "f_9": 0.131591796875}, "sample32": {"f_0": 0.486572265625, "f_1": 0.085205078125, "f_2": 0.15478515625, "f_3": 0.381103515625, "f_4": 0.1396484375, "f_5": 0.076904296875, "f_6": 0.098876953125, "f_7": 0.070556640625, "f_8": 0.079345703125, "f_9": 0.0693359375}, "sample33": {"f_0": 0.460205078125, "f_1": 0.39404296875, "f_2": 0.263671875, "f_3": 0.074951171875, "f_4": 0.15185546875, "f_5": 0.22314453125, "f_6": 0.08056640625, "f_7": 0.0517578125, "f_8": 0.108154296875, "f_9": 0.085693359375}, "sample34": {"f_0": 0.478759765625, "f_1": 0.363037109375,