{"sample0": {"f_0": 0.037353515625, "f_1": 0.293212890625, "f_2": 0.162353515625, "f_3": 0.17236328125, "f_4": 0.07958984375, "f_5": 0.228759765625, "f_6": 0.118896484375, "f_7": 0.086669921875, "f_8": 0.079833984375, "f_9": 0.187744140625}, "sample1": {"f_0": 0.03857421875, "f_1": 0.332275390625, "f_2": 0.1455078125, "f_3": 0.12109375, "f_4": 0.114990234375, "f_5": 0.21044921875, "f_6": 0.085693359375, "f_7": 0.189697265625, "f_8": 0.13037109375, "f_9": 0.087890625}, "sample2": {"f_0": 0.03515625, "f_1": 0.09521484375, "f_2": 0.148193359375, "f_3": 0.0791015625, "f_4": 0.092041015625, "f_5": 0.197021484375, "f_6": 0.167724609375, "f_7": 0.111083984375, "f_8": 0.104736328125, "f_9": 0.094482421875}, "sample3": {"f_0": 0.035400390625, "f_1": 0.136474609375, "f_2": 0.324462890625, "f_3": 0.238525390625, "f_4": 0.108154296875, "f_5": 0.126708984375, "f_6": 0.1826171875, "f_7": 0.101318359375, "f_8": 0.052001953125, "f_9": 0.06787109375}, "sample4": {"f_0": 0.03173828125, "f_1": 0.064453125, "f_2": 0.0673828125, "f_3": 0.052978515625, "f_4": 0.059326171875, "f_5": 0.06201171875, "f_6": 0.06298828125, "f_7": 0.044189453125, "f_8": 0.0595703125, "f_9": 0.070068359375}, "sample5": {"f_0": 0.0361328125, "f_1": 0.261474609375, "f_2": 0.112548828125, "f_3": 0.148193359375, "f_4": 0.0771484375, "f_5": 0.125244140625, "f_6": 0.0615234375, "f_7": 0.082275390625, "f_8": 0.08203125, "f_9": 0.072021484375}, "sample6": {"f_0": 0.035400390625, "f_1": 0.25830078125, "f_2": 0.189697265625, "f_3": 0.18505859375, "f_4": 0.07421875, "f_5": 0.1494140625, "f_6": 0.109130859375, "f_7": 0.128173828125, "f_8": 0.04638671875, "f_9": 0.060791015625}, "sample7": {"f_0": 0.033447265625, "f_1": 0.096923828125, "f_2": 0.134765625, "f_3": 0.22412109375, "f_4": 0.191162109375, "f_5": 0.10498046875, "f_6": 0.065673828125, "f_7": 0.076416015625, "f_8": 0.1142578125, "f_9": 0.08056640625}, "sample8": {"f_0": 0.03564453125, "f_1": 0.071533203125, "f_2": 0.150146484375, "f_3": 0.16748046875, "f_4": 0.189697265625, "f_5": 0.1806640625, "f_6": 0.1220703125, "f_7": 0.077392578125, "f_8": 0.072265625, "f_9": 0.07373046875}, "sample9": {"f_0": 0.039306640625, "f_1": 0.107666015625, "f_2": 0.1337890625, "f_3": 0.228271484375, "f_4": 0.2451171875, "f_5": 0.17578125, "f_6": 0.0703125, "f_7": 0.066650390625, "f_8": 0.053955078125, "f_9": 0.053466796875}, "sample10": {"f_0": 0.02783203125, "f_1": 0.054931640625, "f_2": 0.057861328125, "f_3": 0.05419921875, "f_4": 0.09765625, "f_5": 0.083740234375, "f_6": 0.083251953125, "f_7": 0.05908203125, "f_8": 0.05419921875, "f_9": 0.04931640625}, "sample11": {"f_0": 0.02392578125, "f_1": 0.254638671875, "f_2": 0.1904296875, "f_3": 0.14990234375, "f_4": 0.14501953125, "f_5": 0.0556640625, "f_6": 0.0556640625, "f_7": 0.05419921875, "f_8": 0.062255859375, "f_9": 0.0556640625}, "sample12": {"f_0": 0.0263671875, "f_1": 0.3134765625, "f_2": 0.166748046875, "f_3": 0.110107421875, "f_4": 0.1005859375, "f_5": 0.092529296875, "f_6": 0.073974609375, "f_7": 0.056640625, "f_8": 0.052734375, "f_9": 0.068359375}, "sample13": {"f_0": 0.02685546875, "f_1": 0.26123046875, "f_2": 0.19873046875, "f_3": 0.092041015625, "f_4": 0.11083984375, "f_5": 0.0859375, "f_6": 0.195556640625, "f_7": 0.126708984375, "f_8": 0.08203125, "f_9": 0.132568359375}, "sample14": {"f_0": 0.027099609375, "f_1": 0.2685546875, "f_2": 0.212158203125, "f_3": 0.1162109375, "f_4": 0.111328125, "f_5": 0.097900390625, "f_6": 0.225830078125, "f_7": 0.138671875, "f_8": 0.074951171875, "f_9": 0.115478515625}, "sample15": {"f_0": 0.03125, "f_1": 0.061767578125, "f_2": 0.1337890625, "f_3": 0.107177734375, "f_4": 0.070556640625, "f_5": 0.073974609375, "f_6": 0.0673828125, "f_7": 0.07080078125, "f_8": 0.072265625, "f_9": 0.075439453125}, "sample16": {"f_0": 0.03173828125, "f_1": 0.087890625, "f_2": 0.073974609375, "f_3": 0.16015625, "f_4": 0.1826171875, "f_5": 0.16796875, "f_6": 0.15283203125, "f_7": 0.095458984375, "f_8": 0.07958984375, "f_9": 0.068115234375}, "sample17": {"f_0": 0.02978515625, "f_1": 0.138427734375, "f_2": 0.320068359375, "f_3": 0.18115234375, "f_4": 0.165283203125, "f_5": 0.104248046875, "f_6": 0.055908203125, "f_7": 0.10791015625, "f_8": 0.09912109375, "f_9": 0.07177734375}, "sample18": {"f_0": 0.030517578125, "f_1": 0.0654296875, "f_2": 0.06787109375, "f_3": 0.043701171875, "f_4": 0.04833984375, "f_5": 0.05615234375, "f_6": 0.0595703125, "f_7": 0.065673828125, "f_8": 0.062744140625, "f_9": 0.068115234375}, "sample19": {"f_0": 0.034912109375, "f_1": 0.130615234375, "f_2": 0.13671875, "f_3": 0.19921875, "f_4": 0.1279296875, "f_5": 0.0595703125, "f_6": 0.058837890625, "f_7": 0.056884765625, "f_8": 0.05224609375, "f_9": 0.064697265625}, "sample20": {"f_0": 0.033935546875, "f_1": 0.135009765625, "f_2": 0.189697265625, "f_3": 0.181884765625, "f_4": 0.097412109375, "f_5": 0.0947265625, "f_6": 0.14013671875, "f_7": 0.171630859375, "f_8": 0.14111328125, "f_9": 0.074462890625}, "sample21": {"f_0": 0.03173828125, "f_1": 0.19189453125, "f_2": 0.205322265625, "f_3": 0.115966796875, "f_4": 0.2109375, "f_5": 0.1484375, "f_6": 0.0546875, "f_7": 0.0615234375, "f_8": 0.050048828125, "f_9": 0.068115234375}, "sample22": {"f_0": 0.025146484375, "f_1": 0.161865234375, "f_2": 0.07177734375, "f_3": 0.203857421875, "f_4": 0.107421875, "f_5": 0.060791015625, "f_6": 0.065185546875, "f_7": 0.047119140625, "f_8": 0.054931640625, "f_9": 0.0517578125}, "sample23": {"f_0": 0.038818359375, "f_1": 0.16259765625, "f_2": 0.298583984375, "f_3": 0.264404296875, "f_4": 0.1796875, "f_5": 0.092529296875, "f_6": 0.073974609375, "f_7": 0.088134765625, "f_8": 0.09912109375, "f_9": 0.086669921875}, "sample24": {"f_0": 0.037841796875, "f_1": 0.0966796875, "f_2": 0.107421875, "f_3": 0.29638671875, "f_4": 0.152099609375, "f_5": 0.15234375, "f_6": 0.10791015625, "f_7": 0.096435546875, "f_8": 0.114501953125, "f_9": 0.07080078125}, "sample25": {"f_0": 0.03857421875, "f_1": 0.06640625, "f_2": 0.0869140625, "f_3": 0.10107421875, "f_4": 0.107421875, "f_5": 0.113037109375, "f_6": 0.072021484375, "f_7": 0.063232421875, "f_8": 0.066650390625, "f_9": 0.065673828125}, "sample26": {"f_0": 0.03515625, "f_1": 0.168701171875, "f_2": 0.301025390625, "f_3": 0.250732421875, "f_4": 0.1962890625, "f_5": 0.099853515625, "f_6": 0.048828125, "f_7": 0.09765625, "f_8": 0.149169921875, "f_9": 0.131103515625}, "sample27": {"f_0": 0.037841796875, "f_1": 0.240966796875, "f_2": 0.2919921875, "f_3": 0.08349609375, "f_4": 0.06201171875, "f_5": 0.10009765625, "f_6": 0.068603515625, "f_7": 0.04931640625, "f_8": 0.05224609375, "f_9": 0.050537109375}, "sample28": {"f_0": 0.037841796875, "f_1": 0.094970703125, "f_2": 0.162353515625, "f_3": 0.29150390625, "f_4": 0.221923828125, "f_5": 0.119384765625, "f_6": 0.075439453125, "f_7": 0.088623046875, "f_8": 0.0595703125, "f_9": 0.058837890625}, "sample29": {"f_0": 0.0341796875, "f_1": 0.06005859375, "f_2": 0.065185546875, "f_3": 0.069091796875, "f_4": 0.07861328125, "f_5": 0.0654296875, "f_6": 0.05810546875, "f_7": 0.049072265625, "f_8": 0.0458984375, "f_9": 0.05712890625}, "sample30": {"f_0": 0.03857421875, "f_1": 0.2177734375, "f_2": 0.254638671875, "f_3": 0.0859375, "f_4": 0.06787109375, "f_5": 0.11669921875, "f_6": 0.0712890625, "f_7": 0.05419921875, "f_8": 0.104736328125, "f_9": 0.103515625}, "sample31": {"f_0": 0.032470703125, "f_1": 0.05517578125, "f_2": 0.0673828125, "f_3": 0.090087890625, "f_4": 0.0732421875, "f_5": 0.070556640625, "f_6": 0.06396484375, "f_7": 0.054931640625, "f_8": 0.062255859375, "f_9": 0.06689453125}, "sample32": {"f_0": 0.029052734375, "f_1": 0.275390625, "f_2": 0.340087890625, "f_3": 0.187744140625, "f_4": 0.052490234375, "f_5": 0.097900390625, "f_6": 0.112060546875, "f_7": 0.05712890625, "f_8": 0.080810546875, "f_9": 0.092041015625}, "sample33": {"f_0": 0.033935546875, "f_1": 0.211181640625, "f_2": 0.341796875, "f_3": 0.125244140625, "f_4": 0.0556640625, "f_5": 0.14990234375, "f_6": 0.08642578125, "f_7": 0.07177734375, "f_8": 0.076904296875, "f_9": 0.06396484375}, "sample34": {"f_0": 0.03369140625,