{"sample0": {"f_0": 0.87841796875, "f_1": 0.223388671875, "f_2": 0.191650390625, "f_3": 0.177734375, "f_4": 0.38330078125, "f_5": 0.113525390625, "f_6": 0.16455078125, "f_7": 0.144775390625, "f_8": 0.167724609375, "f_9": 0.098388671875}, "sample1": {"f_0": 0.892578125, "f_1": 0.166748046875, "f_2": 0.26708984375, "f_3": 0.189453125, "f_4": 0.173095703125, "f_5": 0.077392578125, "f_6": 0.250244140625, "f_7": 0.1279296875, "f_8": 0.146484375, "f_9": 0.149658203125}, "sample2": {"f_0": 0.907470703125, "f_1": 0.447265625, "f_2": 0.201904296875, "f_3": 0.232177734375, "f_4": 0.173583984375, "f_5": 0.075439453125, "f_6": 0.055419921875, "f_7": 0.060791015625, "f_8": 0.0537109375, "f_9": 0.04833984375}, "sample3": {"f_0": 0.896240234375, "f_1": 0.356689453125, "f_2": 0.112548828125, "f_3": 0.201171875, "f_4": 0.203857421875, "f_5": 0.19970703125, "f_6": 0.1142578125, "f_7": 0.095947265625, "f_8": 0.156005859375, "f_9": 0.13916015625}, "sample4": {"f_0": 0.89501953125, "f_1": 0.6513671875, "f_2": 0.41552734375, "f_3": 0.271240234375, "f_4": 0.14208984375, "f_5": 0.08740234375, "f_6": 0.0595703125, "f_7": 0.052734375, "f_8": 0.0771484375, "f_9": 0.07080078125}, "sample5": {"f_0": 0.90087890625, "f_1": 0.183349609375, "f_2": 0.25048828125, "f_3": 0.228759765625, "f_4": 0.190185546875, "f_5": 0.1513671875, "f_6": 0.12646484375, "f_7": 0.08837890625, "f_8": 0.078125, "f_9": 0.10986328125}, "sample6": {"f_0": 0.913330078125, "f_1": 0.221435546875, "f_2": 0.1357421875, "f_3": 0.1259765625, "f_4": 0.3046875, "f_5": 0.0908203125, "f_6": 0.0712890625, "f_7": 0.08984375, "f_8": 0.125244140625, "f_9": 0.066650390625}, "sample7": {"f_0": 0.893310546875, "f_1": 0.452880859375, "f_2": 0.279296875, "f_3": 0.080322265625, "f_4": 0.125244140625, "f_5": 0.154052734375, "f_6": 0.177490234375, "f_7": 0.166748046875, "f_8": 0.083251953125, "f_9": 0.062744140625}, "sample8": {"f_0": 0.903076171875, "f_1": 0.5595703125, "f_2": 0.23291015625, "f_3": 0.08154296875, "f_4": 0.078125, "f_5": 0.090087890625, "f_6": 0.063720703125, "f_7": 0.06640625, "f_8": 0.097900390625, "f_9": 0.114501953125}, "sample9": {"f_0": 0.896728515625, "f_1": 0.369140625, "f_2": 0.238525390625, "f_3": 0.10302734375, "f_4": 0.08154296875, "f_5": 0.0869140625, "f_6": 0.152099609375, "f_7": 0.123291015625, "f_8": 0.144775390625, "f_9": 0.116943359375}, "sample10": {"f_0": 0.90478515625, "f_1": 0.568603515625, "f_2": 0.355224609375, "f_3": 0.17724609375, "f_4": 0.102294921875, "f_5": 0.101806640625, "f_6": 0.106689453125, "f_7": 0.10498046875, "f_8": 0.096923828125, "f_9": 0.071533203125}, "sample11": {"f_0": 0.917236328125, "f_1": 0.2958984375, "f_2": 0.18017578125, "f_3": 0.141845703125, "f_4": 0.101806640625, "f_5": 0.19921875, "f_6": 0.0927734375, "f_7": 0.086181640625, "f_8": 0.06591796875, "f_9": 0.069580078125}, "sample12": {"f_0": 0.9111328125, "f_1": 0.17529296875, "f_2": 0.204833984375, "f_3": 0.235107421875, "f_4": 0.22802734375, "f_5": 0.108154296875, "f_6": 0.095947265625, "f_7": 0.08349609375, "f_8": 0.068603515625, "f_9": 0.060791015625}, "sample13": {"f_0": 0.922607421875, "f_1": 0.312255859375, "f_2": 0.15625, "f_3": 0.203369140625, "f_4": 0.146728515625, "f_5": 0.15673828125, "f_6": 0.076171875, "f_7": 0.14697265625, "f_8": 0.170654296875, "f_9": 0.076904296875}, "sample14": {"f_0": 0.90673828125, "f_1": 0.26953125, "f_2": 0.142333984375, "f_3": 0.1748046875, "f_4": 0.152099609375, "f_5": 0.2216796875, "f_6": 0.07470703125, "f_7": 0.1630859375, "f_8": 0.184814453125, "f_9": 0.093994140625}, "sample15": {"f_0": 0.91552734375, "f_1": 0.4970703125, "f_2": 0.17138671875, "f_3": 0.126953125, "f_4": 0.138427734375, "f_5": 0.135498046875, "f_6": 0.13623046875, "f_7": 0.22119140625, "f_8": 0.21484375, "f_9": 0.126220703125}, "sample16": {"f_0": 0.910888671875, "f_1": 0.514892578125, "f_2": 0.306884765625, "f_3": 0.127685546875, "f_4": 0.072998046875, "f_5": 0.079345703125, "f_6": 0.1005859375, "f_7": 0.109130859375, "f_8": 0.081787109375, "f_9": 0.080322265625}, "sample17": {"f_0": 0.911376953125, "f_1": 0.33056640625, "f_2": 0.107666015625, "f_3": 0.126708984375, "f_4": 0.15771484375, "f_5": 0.173095703125, "f_6": 0.1611328125, "f_7": 0.10009765625, "f_8": 0.060791015625, "f_9": 0.07666015625}, "sample18": {"f_0": 0.9140625, "f_1": 0.6064453125, "f_2": 0.364013671875, "f_3": 0.207763671875, "f_4": 0.115966796875, "f_5": 0.05224609375, "f_6": 0.03955078125, "f_7": 0.04345703125, "f_8": 0.053466796875, "f_9": 0.06787109375}, "sample19": {"f_0": 0.917236328125, "f_1": 0.449462890625, "f_2": 0.269775390625, "f_3": 0.090087890625, "f_4": 0.2041015625, "f_5": 0.194580078125, "f_6": 0.219970703125, "f_7": 0.146484375, "f_8": 0.09033203125, "f_9": 0.057373046875}, "sample20": {"f_0": 0.91357421875, "f_1": 0.586181640625, "f_2": 0.24609375, "f_3": 0.099365234375, "f_4": 0.1201171875, "f_5": 0.119873046875, "f_6": 0.071044921875, "f_7": 0.080322265625, "f_8": 0.1240234375, "f_9": 0.138916015625}, "sample21": {"f_0": 0.916015625, "f_1": 0.41015625, "f_2": 0.124755859375, "f_3": 0.165283203125, "f_4": 0.06396484375, "f_5": 0.083984375, "f_6": 0.10498046875, "f_7": 0.062255859375, "f_8": 0.08642578125, "f_9": 0.07763671875}, "sample22": {"f_0": 0.92626953125, "f_1": 0.3076171875, "f_2": 0.366943359375, "f_3": 0.1552734375, "f_4": 0.14306640625, "f_5": 0.1572265625, "f_6": 0.15576171875, "f_7": 0.152587890625, "f_8": 0.11279296875, "f_9": 0.10595703125}, "sample23": {"f_0": 0.89697265625, "f_1": 0.55126953125, "f_2": 0.248779296875, "f_3": 0.089599609375, "f_4": 0.058349609375, "f_5": 0.1298828125, "f_6": 0.118408203125, "f_7": 0.079345703125, "f_8": 0.06298828125, "f_9": 0.064208984375}, "sample24": {"f_0": 0.895263671875, "f_1": 0.33203125, "f_2": 0.224853515625, "f_3": 0.125732421875, "f_4": 0.119384765625, "f_5": 0.10986328125, "f_6": 0.1611328125, "f_7": 0.123779296875, "f_8": 0.1181640625, "f_9": 0.083740234375}, "sample25": {"f_0": 0.90087890625, "f_1": 0.55126953125, "f_2": 0.281005859375, "f_3": 0.181640625, "f_4": 0.157470703125, "f_5": 0.12109375, "f_6": 0.09716796875, "f_7": 0.1279296875, "f_8": 0.105224609375, "f_9": 0.068359375}, "sample26": {"f_0": 0.90185546875, "f_1": 0.534912109375, "f_2": 0.185791015625, "f_3": 0.067138671875, "f_4": 0.071044921875, "f_5": 0.1533203125, "f_6": 0.2109375, "f_7": 0.1435546875, "f_8": 0.08740234375, "f_9": 0.072998046875}, "sample27": {"f_0": 0.897705078125, "f_1": 0.356201171875, "f_2": 0.097900390625, "f_3": 0.292236328125, "f_4": 0.23388671875, "f_5": 0.095947265625, "f_6": 0.09814453125, "f_7": 0.1044921875, "f_8": 0.063232421875, "f_9": 0.071533203125}, "sample28": {"f_0": 0.900634765625, "f_1": 0.356201171875, "f_2": 0.246337890625, "f_3": 0.0927734375, "f_4": 0.096923828125, "f_5": 0.11962890625, "f_6": 0.151611328125, "f_7": 0.1455078125, "f_8": 0.144775390625, "f_9": 0.076171875}, "sample29": {"f_0": 0.896484375, "f_1": 0.717041015625, "f_2": 0.55126953125, "f_3": 0.397705078125, "f_4": 0.24951171875, "f_5": 0.155029296875, "f_6": 0.1005859375, "f_7": 0.100341796875, "f_8": 0.091796875, "f_9": 0.07470703125}, "sample30": {"f_0": 0.894287109375, "f_1": 0.3779296875, "f_2": 0.099365234375, "f_3": 0.26904296875, "f_4": 0.189697265625, "f_5": 0.053466796875, "f_6": 0.088623046875, "f_7": 0.123291015625, "f_8": 0.067138671875, "f_9": 0.091796875}, "sample31": {"f_0": 0.90380859375, "f_1": 0.65283203125, "f_2": 0.416748046875, "f_3": 0.2626953125, "f_4": 0.179931640625, "f_5": 0.17529296875, "f_6": 0.14404296875, "f_7": 0.130859375, "f_8": 0.150390625, "f_9": 0.1572265625}, "sample32": {"f_0": 0.90087890625, "f_1": 0.30517578125, "f_2": 0.11181640625, "f_3": 0.245849609375, "f_4": 0.23828125, "f_5": 0.183349609375, "f_6": 0.06298828125, "f_7": 0.091064453125, "f_8": 0.116455078125, "f_9": 0.060791015625}, "sample33": {"f_0": 0.90185546875, "f_1": 0.195068359375, "f_2": 0.07568359375, "f_3": 0.2353515625, "f_4": 0.2265625, "f_5": 0.118408203125, "f_6": 0.084228515625, "f_7": 0.114013671875, "f_8": 0.079345703125, "f_9": 0.077392578125},