{"sample0": {"f_0": 0, "f_1": 0.03984319418668747, "f_2": 0.05879848450422287, "f_3": 0.05861266329884529, "f_4": 0.0878075659275055, "f_5": 0.11209232360124588, "f_6": 0.2661174237728119, "f_7": 0.23153378069400787, "f_8": 0.14317592978477478, "f_9": 0.22701895236968994}, "sample1": {"f_0": 0, "f_1": 0.07792332768440247, "f_2": 0.17201556265354156, "f_3": 0.2672838866710663, "f_4": 0.2857920825481415, "f_5": 0.22913844883441925, "f_6": 0.1680525243282318, "f_7": 0.1327134221792221, "f_8": 0.14448773860931396, "f_9": 0.19539476931095123}, "sample2": {"f_0": 0, "f_1": 0.029099956154823303, "f_2": 0.1615753173828125, "f_3": 0.2516533136367798, "f_4": 0.2941146194934845, "f_5": 0.2892846465110779, "f_6": 0.21003352105617523, "f_7": 0.14215433597564697, "f_8": 0.19610798358917236, "f_9": 0.2432684600353241}, "sample3": {"f_0": 0, "f_1": 0.1274731308221817, "f_2": 0.20528621971607208, "f_3": 0.22863511741161346, "f_4": 0.20576944947242737, "f_5": 0.1095743253827095, "f_6": 0.040901392698287964, "f_7": 0.08251383900642395, "f_8": 0.2059476673603058, "f_9": 0.30872973799705505}, "sample4": {"f_0": 0, "f_1": 0.01824476383626461, "f_2": 0.04149561747908592, "f_3": 0.055609531700611115, "f_4": 0.114104263484478, "f_5": 0.11275489628314972, "f_6": 0.15203997492790222, "f_7": 0.1849515736103058, "f_8": 0.17677171528339386, "f_9": 0.18043524026870728}, "sample5": {"f_0": 0, "f_1": 0.11589977145195007, "f_2": 0.274850457906723, "f_3": 0.2781214714050293, "f_4": 0.28346186876296997, "f_5": 0.2190091460943222, "f_6": 0.1768980324268341, "f_7": 0.2298809289932251, "f_8": 0.24513588845729828, "f_9": 0.1580321043729782}, "sample6": {"f_0": 0, "f_1": 0.016561312600970268, "f_2": 0.024101320654153824, "f_3": 0.020347129553556442, "f_4": 0.030005507171154022, "f_5": 0.04064660891890526, "f_6": 0.10133932530879974, "f_7": 0.07404039055109024, "f_8": 0.12488063424825668, "f_9": 0.16123677790164948}, "sample7": {"f_0": 0, "f_1": 0.026328815147280693, "f_2": 0.05054588243365288, "f_3": 0.09790339320898056, "f_4": 0.155429407954216, "f_5": 0.18897701799869537, "f_6": 0.22173435986042023, "f_7": 0.21746499836444855, "f_8": 0.23580163717269897, "f_9": 0.13946396112442017}, "sample8": {"f_0": 0, "f_1": 0.08329792320728302, "f_2": 0.1876211017370224, "f_3": 0.21482037007808685, "f_4": 0.12168177962303162, "f_5": 0.07656843960285187, "f_6": 0.18733927607536316, "f_7": 0.33643728494644165, "f_8": 0.3296582102775574, "f_9": 0.1658167839050293}, "sample9": {"f_0": 0, "f_1": 0.05364329367876053, "f_2": 0.0925644189119339, "f_3": 0.10277032852172852, "f_4": 0.09525205194950104, "f_5": 0.12334338575601578, "f_6": 0.16750387847423553, "f_7": 0.242008239030838, "f_8": 0.2601403295993805, "f_9": 0.30126896500587463}, "sample10": {"f_0": 0, "f_1": 0.04916426166892052, "f_2": 0.08893939107656479, "f_3": 0.1357003003358841, "f_4": 0.1893659234046936, "f_5": 0.20514556765556335, "f_6": 0.22410139441490173, "f_7": 0.1556110978126526, "f_8": 0.0880262702703476, "f_9": 0.03757961094379425}, "sample11": {"f_0": 0, "f_1": 0.019194530323147774, "f_2": 0.10663346201181412, "f_3": 0.18364983797073364, "f_4": 0.19923341274261475, "f_5": 0.131050243973732, "f_6": 0.018055131658911705, "f_7": 0.002362969098612666, "f_8": 0.06652717292308807, "f_9": 0.176417738199234}, "sample12": {"f_0": 0, "f_1": 0.015907566994428635, "f_2": 0.03551754727959633, "f_3": 0.11511826515197754, "f_4": 0.21612505614757538, "f_5": 0.3010602295398712, "f_6": 0.29019200801849365, "f_7": 0.2839316129684448, "f_8": 0.3237140476703644, "f_9": 0.2971944808959961}, "sample13": {"f_0": 0, "f_1": 0.07226910442113876, "f_2": 0.21657203137874603, "f_3": 0.19454866647720337, "f_4": 0.0809246227145195, "f_5": 0.06485824286937714, "f_6": 0.12333163619041443, "f_7": 0.21357281506061554, "f_8": 0.23616455495357513, "f_9": 0.1943487823009491}, "sample14": {"f_0": 0, "f_1": 0.020605726167559624, "f_2": 0.07359334826469421, "f_3": 0.12655633687973022, "f_4": 0.2014622688293457, "f_5": 0.25407764315605164, "f_6": 0.2555442154407501, "f_7": 0.18271873891353607, "f_8": 0.10206294804811478, "f_9": 0.09363646060228348}, "sample15": {"f_0": 0, "f_1": 0.04175791144371033, "f_2": 0.07148262858390808, "f_3": 0.16430819034576416, "f_4": 0.2568410336971283, "f_5": 0.3068610429763794, "f_6": 0.35073724389076233, "f_7": 0.3486343026161194, "f_8": 0.2608456313610077, "f_9": 0.19648991525173187}, "sample16": {"f_0": 0, "f_1": 0.12157448381185532, "f_2": 0.24063366651535034, "f_3": 0.3080812692642212, "f_4": 0.22773797810077667, "f_5": 0.19919921457767487, "f_6": 0.1662777066230774, "f_7": 0.16869552433490753, "f_8": 0.1710980087518692, "f_9": 0.20774230360984802}, "sample17": {"f_0": 0, "f_1": 0.037758879363536835, "f_2": 0.05463934317231178, "f_3": 0.12417434900999069, "f_4": 0.20613737404346466, "f_5": 0.2784173786640167, "f_6": 0.26900947093963623, "f_7": 0.22383177280426025, "f_8": 0.20532415807247162, "f_9": 0.235601007938385}, "sample18": {"f_0": 0, "f_1": 0.048714954406023026, "f_2": 0.09544707834720612, "f_3": 0.14338189363479614, "f_4": 0.2046992927789688, "f_5": 0.2547902762889862, "f_6": 0.22558827698230743, "f_7": 0.13275395333766937, "f_8": 0.11094474047422409, "f_9": 0.12190753221511841}, "sample19": {"f_0": 0, "f_1": 0.144725501537323, "f_2": 0.21924297511577606, "f_3": 0.18325631320476532, "f_4": 0.08051747828722, "f_5": 0.02503163367509842, "f_6": 0.06469463557004929, "f_7": 0.18788976967334747, "f_8": 0.2815801203250885, "f_9": 0.15059955418109894}, "sample20": {"f_0": 0, "f_1": 0, "f_2": 0.0035517578944563866, "f_3": 0, "f_4": 0.0032215050887316465, "f_5": 0.01129118911921978, "f_6": 0.013439666479825974, "f_7": 0.026430804282426834, "f_8": 0.05230012163519859, "f_9": 0.07714257389307022}, "sample21": {"f_0": 0, "f_1": 0.1667638123035431, "f_2": 0.2875734567642212, "f_3": 0.2994339168071747, "f_4": 0.25539228320121765, "f_5": 0.16990213096141815, "f_6": 0.2141047716140747, "f_7": 0.21447023749351501, "f_8": 0.10911000519990921, "f_9": 0.2025982290506363}, "sample22": {"f_0": 0, "f_1": 0.09232968837022781, "f_2": 0.2367422878742218, "f_3": 0.3117319345474243, "f_4": 0.32212889194488525, "f_5": 0.2267289012670517, "f_6": 0.20447230339050293, "f_7": 0.18829461932182312, "f_8": 0.19419364631175995, "f_9": 0.1568741351366043}, "sample23": {"f_0": 0, "f_1": 0.09934551268815994, "f_2": 0.20699532330036163, "f_3": 0.2611006200313568, "f_4": 0.20730604231357574, "f_5": 0.13121262192726135, "f_6": 0.0993681401014328, "f_7": 0.08828077465295792, "f_8": 0.13143207132816315, "f_9": 0.19508597254753113}, "sample24": {"f_0": 0, "f_1": 0.046881210058927536, "f_2": 0.17785042524337769, "f_3": 0.2104797065258026, "f_4": 0.10433808714151382, "f_5": 0, "f_6": 0.041705403476953506, "f_7": 0.1625499427318573, "f_8": 0.24228502810001373, "f_9": 0.21437224745750427}, "sample25": {"f_0": 0, "f_1": 0.0016398648731410503, "f_2": 0.049639638513326645, "f_3": 0.13756395876407623, "f_4": 0.2287692278623581, "f_5": 0.2020154446363449, "f_6": 0.07316695898771286, "f_7": 0.0038638345431536436, "f_8": 0.061930347234010696, "f_9": 0.1444241851568222}, "sample26": {"f_0": 0, "f_1": 0.0009424845338799059, "f_2": 0.04973575472831726, "f_3": 0.14820079505443573, "f_4": 0.18411438167095184, "f_5": 0.1860703080892563, "f_6": 0.16785264015197754, "f_7": 0.11806172877550125, "f_8": 0.023608028888702393, "f_9": 0}, "sample27": {"f_0": 0, "f_1": 0, "f_2": 0.030546782538294792, "f_3": 0.06095116212964058, "f_4": 0.062490448355674744, "f_5": 0.09093578159809113, "f_6": 0.10778295248746872, "f_7": 0.13082897663116455, "f_8": 0.17910918593406677, "f_9": 0.1923845261335373}, "sample28": {"f_0": 0, "f_1": 0, "f_2": 0.004975844640284777, "f_3": 0.019096434116363525, "f_4": 0.06887127459049225, "f_5": 0.12920893728733063, "f_6": 0.15388670563697815, "f_7": 0.14246079325675964, "f_8": 0.20912982523441315, "f_9": 0.22546863555908203}, "sample29": {"f_0": 0, "f_1": 0, "f_2": 0.06894661486148834, "f_3": 0.17679545283317566, "f_4": 0.25720900297164917, "f_5": 0.2786925733089447,