{"sample0": {"f_0": 0.431396484375, "f_1": 0.408203125, "f_2": 0.40869140625, "f_3": 0.376220703125, "f_4": 0.34375, "f_5": 0.334228515625, "f_6": 0.29296875, "f_7": 0.150146484375, "f_8": 0.157470703125, "f_9": 0.190185546875}, "sample1": {"f_0": 0.437744140625, "f_1": 0.158447265625, "f_2": 0.079345703125, "f_3": 0.067138671875, "f_4": 0.11181640625, "f_5": 0.164306640625, "f_6": 0.18994140625, "f_7": 0.16064453125, "f_8": 0.139404296875, "f_9": 0.142578125}, "sample2": {"f_0": 0.422119140625, "f_1": 0.43212890625, "f_2": 0.48681640625, "f_3": 0.462646484375, "f_4": 0.38720703125, "f_5": 0.28759765625, "f_6": 0.2275390625, "f_7": 0.236328125, "f_8": 0.26513671875, "f_9": 0.224853515625}, "sample3": {"f_0": 0.425048828125, "f_1": 0.110595703125, "f_2": 0.064453125, "f_3": 0.0908203125, "f_4": 0.169189453125, "f_5": 0.2216796875, "f_6": 0.195556640625, "f_7": 0.137939453125, "f_8": 0.05908203125, "f_9": 0.0673828125}, "sample4": {"f_0": 0.4296875, "f_1": 0.3779296875, "f_2": 0.43212890625, "f_3": 0.4248046875, "f_4": 0.466796875, "f_5": 0.43505859375, "f_6": 0.42919921875, "f_7": 0.36865234375, "f_8": 0.302734375, "f_9": 0.274169921875}, "sample5": {"f_0": 0.439697265625, "f_1": 0.11181640625, "f_2": 0.068115234375, "f_3": 0.13525390625, "f_4": 0.174072265625, "f_5": 0.17529296875, "f_6": 0.15478515625, "f_7": 0.133544921875, "f_8": 0.160400390625, "f_9": 0.1865234375}, "sample6": {"f_0": 0.43310546875, "f_1": 0.30615234375, "f_2": 0.3330078125, "f_3": 0.350341796875, "f_4": 0.36474609375, "f_5": 0.33935546875, "f_6": 0.323486328125, "f_7": 0.270751953125, "f_8": 0.25, "f_9": 0.219482421875}, "sample7": {"f_0": 0.445068359375, "f_1": 0.252685546875, "f_2": 0.189697265625, "f_3": 0.129638671875, "f_4": 0.125244140625, "f_5": 0.155029296875, "f_6": 0.245849609375, "f_7": 0.352294921875, "f_8": 0.428466796875, "f_9": 0.477294921875}, "sample8": {"f_0": 0.4013671875, "f_1": 0.4130859375, "f_2": 0.32763671875, "f_3": 0.20556640625, "f_4": 0.14697265625, "f_5": 0.21484375, "f_6": 0.311767578125, "f_7": 0.278564453125, "f_8": 0.1396484375, "f_9": 0.108154296875}, "sample9": {"f_0": 0.406982421875, "f_1": 0.206298828125, "f_2": 0.1396484375, "f_3": 0.13623046875, "f_4": 0.13134765625, "f_5": 0.10595703125, "f_6": 0.076904296875, "f_7": 0.055908203125, "f_8": 0.0556640625, "f_9": 0.056640625}, "sample10": {"f_0": 0.398193359375, "f_1": 0.21240234375, "f_2": 0.13427734375, "f_3": 0.11474609375, "f_4": 0.17822265625, "f_5": 0.299072265625, "f_6": 0.39501953125, "f_7": 0.458740234375, "f_8": 0.4345703125, "f_9": 0.32763671875}, "sample11": {"f_0": 0.399169921875, "f_1": 0.360107421875, "f_2": 0.311767578125, "f_3": 0.178466796875, "f_4": 0.0732421875, "f_5": 0.087890625, "f_6": 0.2333984375, "f_7": 0.3544921875, "f_8": 0.314453125, "f_9": 0.206787109375}, "sample12": {"f_0": 0.387451171875, "f_1": 0.251953125, "f_2": 0.17919921875, "f_3": 0.154541015625, "f_4": 0.180419921875, "f_5": 0.246337890625, "f_6": 0.239501953125, "f_7": 0.208251953125, "f_8": 0.177978515625, "f_9": 0.18701171875}, "sample13": {"f_0": 0.396240234375, "f_1": 0.128662109375, "f_2": 0.068359375, "f_3": 0.159912109375, "f_4": 0.197998046875, "f_5": 0.11865234375, "f_6": 0.07080078125, "f_7": 0.095947265625, "f_8": 0.170166015625, "f_9": 0.1728515625}, "sample14": {"f_0": 0.380126953125, "f_1": 0.3427734375, "f_2": 0.302490234375, "f_3": 0.210205078125, "f_4": 0.120361328125, "f_5": 0.06689453125, "f_6": 0.041748046875, "f_7": 0.052734375, "f_8": 0.081787109375, "f_9": 0.093017578125}, "sample15": {"f_0": 0.390625, "f_1": 0.24267578125, "f_2": 0.183349609375, "f_3": 0.161376953125, "f_4": 0.139404296875, "f_5": 0.160400390625, "f_6": 0.220703125, "f_7": 0.303955078125, "f_8": 0.27685546875, "f_9": 0.203125}, "sample16": {"f_0": 0.391357421875, "f_1": 0.098876953125, "f_2": 0.059326171875, "f_3": 0.102294921875, "f_4": 0.150390625, "f_5": 0.16357421875, "f_6": 0.177490234375, "f_7": 0.156005859375, "f_8": 0.16357421875, "f_9": 0.166259765625}, "sample17": {"f_0": 0.400390625, "f_1": 0.1962890625, "f_2": 0.157470703125, "f_3": 0.15380859375, "f_4": 0.169921875, "f_5": 0.179443359375, "f_6": 0.201904296875, "f_7": 0.171142578125, "f_8": 0.10546875, "f_9": 0.0751953125}, "sample18": {"f_0": 0.38623046875, "f_1": 0.19775390625, "f_2": 0.137451171875, "f_3": 0.130126953125, "f_4": 0.193115234375, "f_5": 0.272705078125, "f_6": 0.293212890625, "f_7": 0.2685546875, "f_8": 0.255615234375, "f_9": 0.25}, "sample19": {"f_0": 0.38525390625, "f_1": 0.09814453125, "f_2": 0.086181640625, "f_3": 0.173583984375, "f_4": 0.27001953125, "f_5": 0.251708984375, "f_6": 0.141357421875, "f_7": 0.061279296875, "f_8": 0.09521484375, "f_9": 0.152099609375}, "sample20": {"f_0": 0.4208984375, "f_1": 0.3095703125, "f_2": 0.269287109375, "f_3": 0.29833984375, "f_4": 0.249755859375, "f_5": 0.243408203125, "f_6": 0.246337890625, "f_7": 0.24365234375, "f_8": 0.2451171875, "f_9": 0.2275390625}, "sample21": {"f_0": 0.407470703125, "f_1": 0.091064453125, "f_2": 0.06689453125, "f_3": 0.11767578125, "f_4": 0.160400390625, "f_5": 0.18212890625, "f_6": 0.176025390625, "f_7": 0.24462890625, "f_8": 0.20068359375, "f_9": 0.178466796875}, "sample22": {"f_0": 0.40185546875, "f_1": 0.1572265625, "f_2": 0.068603515625, "f_3": 0.073974609375, "f_4": 0.151611328125, "f_5": 0.1806640625, "f_6": 0.1728515625, "f_7": 0.17041015625, "f_8": 0.168212890625, "f_9": 0.18798828125}, "sample23": {"f_0": 0.403076171875, "f_1": 0.104248046875, "f_2": 0.04736328125, "f_3": 0.08251953125, "f_4": 0.1611328125, "f_5": 0.18603515625, "f_6": 0.17822265625, "f_7": 0.14404296875, "f_8": 0.093994140625, "f_9": 0.08837890625}, "sample24": {"f_0": 0.421875, "f_1": 0.15625, "f_2": 0.07275390625, "f_3": 0.16845703125, "f_4": 0.30615234375, "f_5": 0.296875, "f_6": 0.142822265625, "f_7": 0.05859375, "f_8": 0.0576171875, "f_9": 0.154052734375}, "sample25": {"f_0": 0.403076171875, "f_1": 0.20654296875, "f_2": 0.172119140625, "f_3": 0.1630859375, "f_4": 0.17431640625, "f_5": 0.170166015625, "f_6": 0.1376953125, "f_7": 0.20361328125, "f_8": 0.124755859375, "f_9": 0.1259765625}, "sample26": {"f_0": 0.40576171875, "f_1": 0.406005859375, "f_2": 0.4169921875, "f_3": 0.384521484375, "f_4": 0.266357421875, "f_5": 0.183837890625, "f_6": 0.10791015625, "f_7": 0.086181640625, "f_8": 0.169189453125, "f_9": 0.25}, "sample27": {"f_0": 0.388427734375, "f_1": 0.2294921875, "f_2": 0.1669921875, "f_3": 0.14404296875, "f_4": 0.159423828125, "f_5": 0.159423828125, "f_6": 0.154296875, "f_7": 0.163818359375, "f_8": 0.159912109375, "f_9": 0.169677734375}, "sample28": {"f_0": 0.420166015625, "f_1": 0.234375, "f_2": 0.22021484375, "f_3": 0.185791015625, "f_4": 0.123779296875, "f_5": 0.0810546875, "f_6": 0.077880859375, "f_7": 0.073974609375, "f_8": 0.06689453125, "f_9": 0.09423828125}, "sample29": {"f_0": 0.406005859375, "f_1": 0.37451171875, "f_2": 0.455078125, "f_3": 0.4833984375, "f_4": 0.413330078125, "f_5": 0.317626953125, "f_6": 0.242919921875, "f_7": 0.184814453125, "f_8": 0.19091796875, "f_9": 0.161865234375}, "sample30": {"f_0": 0.412109375, "f_1": 0.328125, "f_2": 0.447998046875, "f_3": 0.44091796875, "f_4": 0.485595703125, "f_5": 0.46728515625, "f_6": 0.487548828125, "f_7": 0.435791015625, "f_8": 0.38525390625, "f_9": 0.3173828125}, "sample31": {"f_0": 0.396484375, "f_1": 0.413330078125, "f_2": 0.441162109375, "f_3": 0.4091796875, "f_4": 0.384765625, "f_5": 0.318603515625, "f_6": 0.228271484375, "f_7": 0.1005859375, "f_8": 0.064697265625, "f_9": 0.187255859375}, "sample32": {"f_0": 0.4091796875, "f_1": 0.2392578125, "f_2": 0.1611328125, "f_3": 0.149658203125, "f_4": 0.191162109375, "f_5": 0.2177734375, "f_6": 0.224853515625, "f_7": 0.218017578125, "f_8": 0.2080078125, "f_9": 0.189453125}, "sample33": {"f_0": 0.39599609375, "f_1": 0.20361328125, "f_2": 0.1611328125, "f_3": 0.136474609375, "f_4": 0.151123046875, "f_5": 0.168212890625, "f_6": 0.180908203125, "f_7": 0.199951171875, "f_8": 0.22705078125, "f_9": 0.194091796875}, "sample34": {"f_0": 0.4033203125, "f_1": 0.26220703125,