{"sample0": {"f_0": 1, "f_1": 0.7323704957962036, "f_2": 0.6825820803642273, "f_3": 0.6085615754127502, "f_4": 0.47466516494750977, "f_5": 0.39069345593452454, "f_6": 0.18222393095493317, "f_7": 0.1367311328649521, "f_8": 0.25184378027915955, "f_9": 0.17201484739780426}, "sample1": {"f_0": 1, "f_1": 0.6995378732681274, "f_2": 0.4932066798210144, "f_3": 0.295500248670578, "f_4": 0.1808975487947464, "f_5": 0.1821337640285492, "f_6": 0.24689027667045593, "f_7": 0.29153677821159363, "f_8": 0.2789384126663208, "f_9": 0.247836172580719}, "sample2": {"f_0": 1, "f_1": 0.7212726473808289, "f_2": 0.5179970860481262, "f_3": 0.35661935806274414, "f_4": 0.22398433089256287, "f_5": 0.16406850516796112, "f_6": 0.2045821100473404, "f_7": 0.26858192682266235, "f_8": 0.24070945382118225, "f_9": 0.19236645102500916}, "sample3": {"f_0": 1, "f_1": 0.600335955619812, "f_2": 0.3913790285587311, "f_3": 0.22267696261405945, "f_4": 0.20236912369728088, "f_5": 0.3463907837867737, "f_6": 0.4744564890861511, "f_7": 0.5433599948883057, "f_8": 0.382690966129303, "f_9": 0.2397068291902542}, "sample4": {"f_0": 1, "f_1": 0.7698058485984802, "f_2": 0.6919389963150024, "f_3": 0.6416492462158203, "f_4": 0.5396279096603394, "f_5": 0.5050693154335022, "f_6": 0.44917023181915283, "f_7": 0.34494656324386597, "f_8": 0.28242504596710205, "f_9": 0.28428491950035095}, "sample5": {"f_0": 1, "f_1": 0.5878145098686218, "f_2": 0.2852819263935089, "f_3": 0.17624585330486298, "f_4": 0.17371800541877747, "f_5": 0.2018401324748993, "f_6": 0.23918417096138, "f_7": 0.2115328162908554, "f_8": 0.15792734920978546, "f_9": 0.24384382367134094}, "sample6": {"f_0": 1, "f_1": 0.7809582948684692, "f_2": 0.7394422888755798, "f_3": 0.7193122506141663, "f_4": 0.6442806720733643, "f_5": 0.5867226123809814, "f_6": 0.46486133337020874, "f_7": 0.4137652516365051, "f_8": 0.33674418926239014, "f_9": 0.26485154032707214}, "sample7": {"f_0": 1, "f_1": 0.7334595322608948, "f_2": 0.6415514349937439, "f_3": 0.49023815989494324, "f_4": 0.33052924275398254, "f_5": 0.22836875915527344, "f_6": 0.2160954624414444, "f_7": 0.27236446738243103, "f_8": 0.355787992477417, "f_9": 0.5391263365745544}, "sample8": {"f_0": 0.9716978669166565, "f_1": 0.5321585536003113, "f_2": 0.2748856246471405, "f_3": 0.15804441273212433, "f_4": 0.24816782772541046, "f_5": 0.35560616850852966, "f_6": 0.2670786678791046, "f_7": 0.10320261865854263, "f_8": 0.11135827749967575, "f_9": 0.24262462556362152}, "sample9": {"f_0": 0.9779282212257385, "f_1": 0.6893866062164307, "f_2": 0.6474239826202393, "f_3": 0.6008161902427673, "f_4": 0.5928859710693359, "f_5": 0.5398494601249695, "f_6": 0.4374709129333496, "f_7": 0.304338276386261, "f_8": 0.2776727080345154, "f_9": 0.2021569162607193}, "sample10": {"f_0": 0.9793245196342468, "f_1": 0.6449277400970459, "f_2": 0.46566441655158997, "f_3": 0.2962575852870941, "f_4": 0.19859319925308228, "f_5": 0.23736710846424103, "f_6": 0.34319791197776794, "f_7": 0.469289630651474, "f_8": 0.5379897952079773, "f_9": 0.5358920097351074}, "sample11": {"f_0": 0.9743431806564331, "f_1": 0.6572514772415161, "f_2": 0.41332653164863586, "f_3": 0.22072792053222656, "f_4": 0.28103652596473694, "f_5": 0.5345704555511475, "f_6": 0.7294340133666992, "f_7": 0.6888790130615234, "f_8": 0.4565252661705017, "f_9": 0.21327069401741028}, "sample12": {"f_0": 0.9484670162200928, "f_1": 0.645463228225708, "f_2": 0.45704272389411926, "f_3": 0.2671325206756592, "f_4": 0.16213181614875793, "f_5": 0.11078698188066483, "f_6": 0.1377747505903244, "f_7": 0.11255785077810287, "f_8": 0.06733711808919907, "f_9": 0.09585881978273392}, "sample13": {"f_0": 0.9510452151298523, "f_1": 0.5513170957565308, "f_2": 0.25002485513687134, "f_3": 0.17506329715251923, "f_4": 0.36843112111091614, "f_5": 0.4361894130706787, "f_6": 0.38535597920417786, "f_7": 0.17182452976703644, "f_8": 0.14461573958396912, "f_9": 0.1843654215335846}, "sample14": {"f_0": 0.9267550110816956, "f_1": 0.619780957698822, "f_2": 0.4279058277606964, "f_3": 0.24609577655792236, "f_4": 0.17062793672084808, "f_5": 0.19446516036987305, "f_6": 0.3038633167743683, "f_7": 0.3918423652648926, "f_8": 0.4035572409629822, "f_9": 0.3355303108692169}, "sample15": {"f_0": 0.9385167956352234, "f_1": 0.6001685261726379, "f_2": 0.3760013282299042, "f_3": 0.21747873723506927, "f_4": 0.1330253779888153, "f_5": 0.07751750200986862, "f_6": 0.07862629741430283, "f_7": 0.11084942519664764, "f_8": 0.15399937331676483, "f_9": 0.18088580667972565}, "sample16": {"f_0": 0.9401313662528992, "f_1": 0.4856981337070465, "f_2": 0.2994266748428345, "f_3": 0.14213509857654572, "f_4": 0.12872734665870667, "f_5": 0.17914503812789917, "f_6": 0.19208185374736786, "f_7": 0.198383629322052, "f_8": 0.18493105471134186, "f_9": 0.15206092596054077}, "sample17": {"f_0": 0.9649764895439148, "f_1": 0.620022714138031, "f_2": 0.4267353117465973, "f_3": 0.2774421274662018, "f_4": 0.1665402501821518, "f_5": 0.1276945173740387, "f_6": 0.11109501868486404, "f_7": 0.14968442916870117, "f_8": 0.19826418161392212, "f_9": 0.20864954590797424}, "sample18": {"f_0": 0.9634827375411987, "f_1": 0.620984673500061, "f_2": 0.44145670533180237, "f_3": 0.286315381526947, "f_4": 0.18224449455738068, "f_5": 0.1814197599887848, "f_6": 0.2191648781299591, "f_7": 0.278929740190506, "f_8": 0.335509717464447, "f_9": 0.3149174153804779}, "sample19": {"f_0": 0.9557919502258301, "f_1": 0.5154231786727905, "f_2": 0.23815178871154785, "f_3": 0.2085450291633606, "f_4": 0.3953293263912201, "f_5": 0.579572319984436, "f_6": 0.5768364667892456, "f_7": 0.36833518743515015, "f_8": 0.14760781824588776, "f_9": 0.20922930538654327}, "sample20": {"f_0": 0.9878706932067871, "f_1": 0.7916220426559448, "f_2": 0.763619065284729, "f_3": 0.7275090217590332, "f_4": 0.6849905252456665, "f_5": 0.6268649697303772, "f_6": 0.5681667923927307, "f_7": 0.5307058095932007, "f_8": 0.46738481521606445, "f_9": 0.40762099623680115}, "sample21": {"f_0": 0.9721341133117676, "f_1": 0.49935293197631836, "f_2": 0.23310087621212006, "f_3": 0.1203702986240387, "f_4": 0.13331224024295807, "f_5": 0.19973531365394592, "f_6": 0.15782365202903748, "f_7": 0.17602811753749847, "f_8": 0.2933860719203949, "f_9": 0.2043977677822113}, "sample22": {"f_0": 0.9990756511688232, "f_1": 0.5907274484634399, "f_2": 0.37358328700065613, "f_3": 0.1907137781381607, "f_4": 0.11857564747333527, "f_5": 0.17232568562030792, "f_6": 0.19251857697963715, "f_7": 0.1912466287612915, "f_8": 0.17959822714328766, "f_9": 0.20326918363571167}, "sample23": {"f_0": 1, "f_1": 0.6267263889312744, "f_2": 0.36337921023368835, "f_3": 0.18913321197032928, "f_4": 0.1877274066209793, "f_5": 0.26708269119262695, "f_6": 0.3469025492668152, "f_7": 0.36009711027145386, "f_8": 0.3213215172290802, "f_9": 0.25526824593544006}, "sample24": {"f_0": 0.9996932744979858, "f_1": 0.6526882648468018, "f_2": 0.32971081137657166, "f_3": 0.18709485232830048, "f_4": 0.37783071398735046, "f_5": 0.6275004148483276, "f_6": 0.6424369812011719, "f_7": 0.44925954937934875, "f_8": 0.25781190395355225, "f_9": 0.17119936645030975}, "sample25": {"f_0": 0.9759576916694641, "f_1": 0.6611160635948181, "f_2": 0.4336020052433014, "f_3": 0.2705113887786865, "f_4": 0.16237163543701172, "f_5": 0.16603006422519684, "f_6": 0.3794672191143036, "f_7": 0.7021196484565735, "f_8": 0.5404608845710754, "f_9": 0.260837584733963}, "sample26": {"f_0": 1, "f_1": 0.7551755309104919, "f_2": 0.5792732834815979, "f_3": 0.4015880227088928, "f_4": 0.2615460157394409, "f_5": 0.21678505837917328, "f_6": 0.26413801312446594, "f_7": 0.4141767621040344, "f_8": 0.6108429431915283, "f_9": 0.7564080953598022}, "sample27": {"f_0": 0.9871206879615784, "f_1": 0.7336506843566895, "f_2": 0.6106512546539307, "f_3": 0.5178466439247131, "f_4": 0.43038880825042725, "f_5": 0.3578515648841858, "f_6": 0.32597115635871887, "f_7": 0.27462783455848694, "f_8": 0.24178676307201385, "f_9": 0.20287345349788666}, "sample28": {"f_0": 0.9117212891578674, "f_1": 0.7751005291938782, "f_2": 0.7616040706634521, "f_3": 0.7129058241844177,