{"sample0": {"f_0": 0.5018341541290283, "f_1": 0.49047982692718506, "f_2": 0.49657368659973145, "f_3": 0.4577743411064148, "f_4": 0.42083534598350525, "f_5": 0.4109616279602051, "f_6": 0.3612644374370575, "f_7": 0.17253601551055908, "f_8": 0.18097452819347382, "f_9": 0.22701862454414368}, "sample1": {"f_0": 0.5100544691085815, "f_1": 0.15372733771800995, "f_2": 0.05597316473722458, "f_3": 0.048138659447431564, "f_4": 0.11554255336523056, "f_5": 0.1883758008480072, "f_6": 0.22333423793315887, "f_7": 0.18297356367111206, "f_8": 0.15502458810806274, "f_9": 0.15801620483398438}, "sample2": {"f_0": 0.4916948676109314, "f_1": 0.5253864526748657, "f_2": 0.6015698313713074, "f_3": 0.5757841467857361, "f_4": 0.48124265670776367, "f_5": 0.3526242673397064, "f_6": 0.2720741927623749, "f_7": 0.2838820219039917, "f_8": 0.3233296275138855, "f_9": 0.2686766982078552}, "sample3": {"f_0": 0.44608980417251587, "f_1": 0.09400772303342819, "f_2": 0.04057065024971962, "f_3": 0.08791963756084442, "f_4": 0.19607745110988617, "f_5": 0.26414158940315247, "f_6": 0.2239859253168106, "f_7": 0.1386663019657135, "f_8": 0.03291226923465729, "f_9": 0.049948662519454956}, "sample4": {"f_0": 0.5007034540176392, "f_1": 0.4485973119735718, "f_2": 0.5232731699943542, "f_3": 0.5199732780456543, "f_4": 0.579628050327301, "f_5": 0.5386210680007935, "f_6": 0.5336638689041138, "f_7": 0.4580352008342743, "f_8": 0.37281733751296997, "f_9": 0.3349509537220001}, "sample5": {"f_0": 0.5137885808944702, "f_1": 0.09579671174287796, "f_2": 0.0480501651763916, "f_3": 0.14657361805438995, "f_4": 0.20039549469947815, "f_5": 0.20506279170513153, "f_6": 0.1773257851600647, "f_7": 0.14595316350460052, "f_8": 0.18442563712596893, "f_9": 0.21906475722789764}, "sample6": {"f_0": 0.5058736205101013, "f_1": 0.3514626622200012, "f_2": 0.3904592990875244, "f_3": 0.41691112518310547, "f_4": 0.43678849935531616, "f_5": 0.407665878534317, "f_6": 0.39239758253097534, "f_7": 0.3256235718727112, "f_8": 0.3013512194156647, "f_9": 0.2625853419303894}, "sample7": {"f_0": 0.5203843712806702, "f_1": 0.281368613243103, "f_2": 0.20322002470493317, "f_3": 0.13066156208515167, "f_4": 0.13304410874843597, "f_5": 0.17579391598701477, "f_6": 0.29731640219688416, "f_7": 0.43447765707969666, "f_8": 0.5324847102165222, "f_9": 0.5905013084411621}, "sample8": {"f_0": 0.46615317463874817, "f_1": 0.5065408945083618, "f_2": 0.40555498003959656, "f_3": 0.24645058810710907, "f_4": 0.1692371666431427, "f_5": 0.2567112445831299, "f_6": 0.38432803750038147, "f_7": 0.33976638317108154, "f_8": 0.15529781579971313, "f_9": 0.11406176537275314}, "sample9": {"f_0": 0.4726376533508301, "f_1": 0.22057053446769714, "f_2": 0.13287708163261414, "f_3": 0.12780649960041046, "f_4": 0.12313883006572723, "f_5": 0.09253101050853729, "f_6": 0.05225194990634918, "f_7": 0.03211858868598938, "f_8": 0.031789395958185196, "f_9": 0.0357806421816349}, "sample10": {"f_0": 0.4609692096710205, "f_1": 0.23230421543121338, "f_2": 0.13866378366947174, "f_3": 0.1212816908955574, "f_4": 0.20849159359931946, "f_5": 0.36790651082992554, "f_6": 0.49073150753974915, "f_7": 0.5694476962089539, "f_8": 0.5361586809158325, "f_9": 0.39671221375465393}, "sample11": {"f_0": 0.4634489417076111, "f_1": 0.4319128394126892, "f_2": 0.38218459486961365, "f_3": 0.20884019136428833, "f_4": 0.06140505149960518, "f_5": 0.06862347573041916, "f_6": 0.2557436227798462, "f_7": 0.42514240741729736, "f_8": 0.38237252831459045, "f_9": 0.24685080349445343}, "sample12": {"f_0": 0.4077622592449188, "f_1": 0.28986406326293945, "f_2": 0.2046564817428589, "f_3": 0.17846858501434326, "f_4": 0.21371421217918396, "f_5": 0.3000221848487854, "f_6": 0.2920045256614685, "f_7": 0.24931026995182037, "f_8": 0.20903179049491882, "f_9": 0.22130168974399567}, "sample13": {"f_0": 0.4638378322124481, "f_1": 0.12353808432817459, "f_2": 0.05733749642968178, "f_3": 0.18512310087680817, "f_4": 0.23387086391448975, "f_5": 0.11938286572694778, "f_6": 0.05653116852045059, "f_7": 0.09834752231836319, "f_8": 0.200604647397995, "f_9": 0.2036057412624359}, "sample14": {"f_0": 0.39724698662757874, "f_1": 0.41098979115486145, "f_2": 0.3684688210487366, "f_3": 0.25340110063552856, "f_4": 0.133320614695549, "f_5": 0.0548146516084671, "f_6": 0.014034749008715153, "f_7": 0.029277866706252098, "f_8": 0.07223916053771973, "f_9": 0.0937589779496193}, "sample15": {"f_0": 0.41008466482162476, "f_1": 0.2766486704349518, "f_2": 0.21085628867149353, "f_3": 0.18745464086532593, "f_4": 0.1586870551109314, "f_5": 0.18501001596450806, "f_6": 0.26526349782943726, "f_7": 0.3738151788711548, "f_8": 0.34114202857017517, "f_9": 0.2440812885761261}, "sample16": {"f_0": 0.45744097232818604, "f_1": 0.08385875821113586, "f_2": 0.0395001545548439, "f_3": 0.10175688564777374, "f_4": 0.17437081038951874, "f_5": 0.19178339838981628, "f_6": 0.2104732245206833, "f_7": 0.18203799426555634, "f_8": 0.19268348813056946, "f_9": 0.19546230137348175}, "sample17": {"f_0": 0.4653812348842621, "f_1": 0.21419191360473633, "f_2": 0.17369107902050018, "f_3": 0.17602668702602386, "f_4": 0.2000715434551239, "f_5": 0.21346524357795715, "f_6": 0.24206894636154175, "f_7": 0.20104749500751495, "f_8": 0.11074668169021606, "f_9": 0.06758333742618561}, "sample18": {"f_0": 0.4478093683719635, "f_1": 0.21306943893432617, "f_2": 0.1435929387807846, "f_3": 0.1417308896780014, "f_4": 0.22981394827365875, "f_5": 0.33519425988197327, "f_6": 0.3615211844444275, "f_7": 0.3260832130908966, "f_8": 0.3099903464317322, "f_9": 0.30334171652793884}, "sample19": {"f_0": 0.4505060017108917, "f_1": 0.08318332582712173, "f_2": 0.07243288308382034, "f_3": 0.20257797837257385, "f_4": 0.3279685974121094, "f_5": 0.29141661524772644, "f_6": 0.14066849648952484, "f_7": 0.03922226279973984, "f_8": 0.09560760855674744, "f_9": 0.176626056432724}, "sample20": {"f_0": 0.49164915084838867, "f_1": 0.3574794828891754, "f_2": 0.30292263627052307, "f_3": 0.345881849527359, "f_4": 0.2838019132614136, "f_5": 0.2793103754520416, "f_6": 0.2865046560764313, "f_7": 0.2865680456161499, "f_8": 0.2914719879627228, "f_9": 0.270275741815567}, "sample21": {"f_0": 0.47315266728401184, "f_1": 0.07321757823228836, "f_2": 0.052690304815769196, "f_3": 0.126339852809906, "f_4": 0.18746007978916168, "f_5": 0.21750354766845703, "f_6": 0.2089824676513672, "f_7": 0.3000912368297577, "f_8": 0.2405269742012024, "f_9": 0.21117866039276123}, "sample22": {"f_0": 0.42099952697753906, "f_1": 0.1603575497865677, "f_2": 0.04679153114557266, "f_3": 0.061107050627470016, "f_4": 0.17087207734584808, "f_5": 0.2127874344587326, "f_6": 0.20236369967460632, "f_7": 0.1999749094247818, "f_8": 0.1986941695213318, "f_9": 0.22563838958740234}, "sample23": {"f_0": 0.4224417209625244, "f_1": 0.08641534298658371, "f_2": 0.02023886702954769, "f_3": 0.07582983374595642, "f_4": 0.18526749312877655, "f_5": 0.21964924037456512, "f_6": 0.20707543194293976, "f_7": 0.15858115255832672, "f_8": 0.09281038492918015, "f_9": 0.08539720624685287}, "sample24": {"f_0": 0.4928940534591675, "f_1": 0.15735384821891785, "f_2": 0.0581098236143589, "f_3": 0.1947236955165863, "f_4": 0.37512338161468506, "f_5": 0.3509693145751953, "f_6": 0.13993781805038452, "f_7": 0.03266513720154762, "f_8": 0.040981266647577286, "f_9": 0.17492766678333282}, "sample25": {"f_0": 0.4720650911331177, "f_1": 0.2301565557718277, "f_2": 0.19305425882339478, "f_3": 0.18756893277168274, "f_4": 0.20619480311870575, "f_5": 0.19958648085594177, "f_6": 0.14837431907653809, "f_7": 0.22039727866649628, "f_8": 0.12251096963882446, "f_9": 0.13850754499435425}, "sample26": {"f_0": 0.4736303985118866, "f_1": 0.4908472001552582, "f_2": 0.5110074877738953, "f_3": 0.4749806523323059, "f_4": 0.3260885775089264, "f_5": 0.21532969176769257, "f_6": 0.11167972534894943, "f_7": 0.07679834961891174, "f_8": 0.17830616235733032, "f_9": 0.27805909514427185}, "sample27": {"f_0": 0.4490194320678711, "f_1": 0.25169670581817627, "f_2": 0.17432020604610443, "f_3": 0.15120147168636322, "f_4": 0.1770513504743576, "f_5": 0.17822737991809845,