{"sample0": {"f_0": 0.83837890625, "f_1": 0.58642578125, "f_2": 0.547119140625, "f_3": 0.488525390625, "f_4": 0.382080078125, "f_5": 0.318115234375, "f_6": 0.16064453125, "f_7": 0.123046875, "f_8": 0.208740234375, "f_9": 0.149169921875}, "sample1": {"f_0": 0.832275390625, "f_1": 0.563232421875, "f_2": 0.40380859375, "f_3": 0.250244140625, "f_4": 0.160888671875, "f_5": 0.15966796875, "f_6": 0.207275390625, "f_7": 0.239990234375, "f_8": 0.231689453125, "f_9": 0.20703125}, "sample2": {"f_0": 0.82861328125, "f_1": 0.5771484375, "f_2": 0.422119140625, "f_3": 0.29931640625, "f_4": 0.195556640625, "f_5": 0.147705078125, "f_6": 0.17578125, "f_7": 0.22314453125, "f_8": 0.203857421875, "f_9": 0.167236328125}, "sample3": {"f_0": 0.826171875, "f_1": 0.486083984375, "f_2": 0.323974609375, "f_3": 0.191650390625, "f_4": 0.1728515625, "f_5": 0.282958984375, "f_6": 0.38232421875, "f_7": 0.439453125, "f_8": 0.3193359375, "f_9": 0.20849609375}, "sample4": {"f_0": 0.8349609375, "f_1": 0.614990234375, "f_2": 0.557373046875, "f_3": 0.517822265625, "f_4": 0.437255859375, "f_5": 0.41162109375, "f_6": 0.3662109375, "f_7": 0.28515625, "f_8": 0.236083984375, "f_9": 0.236572265625}, "sample5": {"f_0": 0.851318359375, "f_1": 0.4794921875, "f_2": 0.244140625, "f_3": 0.1572265625, "f_4": 0.153076171875, "f_5": 0.174072265625, "f_6": 0.201416015625, "f_7": 0.180908203125, "f_8": 0.140869140625, "f_9": 0.204833984375}, "sample6": {"f_0": 0.855712890625, "f_1": 0.623291015625, "f_2": 0.59130859375, "f_3": 0.574462890625, "f_4": 0.517578125, "f_5": 0.4716796875, "f_6": 0.376708984375, "f_7": 0.336181640625, "f_8": 0.278564453125, "f_9": 0.22216796875}, "sample7": {"f_0": 0.85107421875, "f_1": 0.5888671875, "f_2": 0.51416015625, "f_3": 0.3984375, "f_4": 0.27294921875, "f_5": 0.193603515625, "f_6": 0.185791015625, "f_7": 0.23046875, "f_8": 0.2978515625, "f_9": 0.44091796875}, "sample8": {"f_0": 0.78173828125, "f_1": 0.430908203125, "f_2": 0.23291015625, "f_3": 0.13916015625, "f_4": 0.20703125, "f_5": 0.28955078125, "f_6": 0.223876953125, "f_7": 0.101318359375, "f_8": 0.107421875, "f_9": 0.203857421875}, "sample9": {"f_0": 0.781982421875, "f_1": 0.555908203125, "f_2": 0.5234375, "f_3": 0.486083984375, "f_4": 0.481201171875, "f_5": 0.439453125, "f_6": 0.358154296875, "f_7": 0.2578125, "f_8": 0.239501953125, "f_9": 0.18017578125}, "sample10": {"f_0": 0.786865234375, "f_1": 0.5185546875, "f_2": 0.378173828125, "f_3": 0.246826171875, "f_4": 0.17041015625, "f_5": 0.201904296875, "f_6": 0.287353515625, "f_7": 0.38427734375, "f_8": 0.4375, "f_9": 0.43017578125}, "sample11": {"f_0": 0.783203125, "f_1": 0.527099609375, "f_2": 0.33642578125, "f_3": 0.187255859375, "f_4": 0.234619140625, "f_5": 0.436279296875, "f_6": 0.5869140625, "f_7": 0.550537109375, "f_8": 0.369140625, "f_9": 0.179931640625}, "sample12": {"f_0": 0.76171875, "f_1": 0.516845703125, "f_2": 0.369384765625, "f_3": 0.220458984375, "f_4": 0.142333984375, "f_5": 0.10546875, "f_6": 0.126708984375, "f_7": 0.10595703125, "f_8": 0.072998046875, "f_9": 0.094970703125}, "sample13": {"f_0": 0.76611328125, "f_1": 0.447998046875, "f_2": 0.21240234375, "f_3": 0.151611328125, "f_4": 0.298583984375, "f_5": 0.3544921875, "f_6": 0.315673828125, "f_7": 0.150146484375, "f_8": 0.12939453125, "f_9": 0.15966796875}, "sample14": {"f_0": 0.742431640625, "f_1": 0.499267578125, "f_2": 0.346923828125, "f_3": 0.20458984375, "f_4": 0.148681640625, "f_5": 0.1708984375, "f_6": 0.2578125, "f_7": 0.3232421875, "f_8": 0.32958984375, "f_9": 0.27294921875}, "sample15": {"f_0": 0.753173828125, "f_1": 0.481689453125, "f_2": 0.306396484375, "f_3": 0.183349609375, "f_4": 0.12109375, "f_5": 0.080078125, "f_6": 0.0830078125, "f_7": 0.10888671875, "f_8": 0.139404296875, "f_9": 0.155517578125}, "sample16": {"f_0": 0.753173828125, "f_1": 0.3974609375, "f_2": 0.25390625, "f_3": 0.130859375, "f_4": 0.116455078125, "f_5": 0.153564453125, "f_6": 0.1630859375, "f_7": 0.168212890625, "f_8": 0.15869140625, "f_9": 0.1337890625}, "sample17": {"f_0": 0.7724609375, "f_1": 0.499267578125, "f_2": 0.3447265625, "f_3": 0.228759765625, "f_4": 0.145263671875, "f_5": 0.1171875, "f_6": 0.103759765625, "f_7": 0.132080078125, "f_8": 0.169921875, "f_9": 0.179931640625}, "sample18": {"f_0": 0.77001953125, "f_1": 0.500732421875, "f_2": 0.359130859375, "f_3": 0.236083984375, "f_4": 0.159423828125, "f_5": 0.15966796875, "f_6": 0.18896484375, "f_7": 0.233642578125, "f_8": 0.2744140625, "f_9": 0.25732421875}, "sample19": {"f_0": 0.768310546875, "f_1": 0.421142578125, "f_2": 0.203369140625, "f_3": 0.177734375, "f_4": 0.322509765625, "f_5": 0.466064453125, "f_6": 0.46875, "f_7": 0.306640625, "f_8": 0.13330078125, "f_9": 0.1767578125}, "sample20": {"f_0": 0.79345703125, "f_1": 0.634033203125, "f_2": 0.610107421875, "f_3": 0.58203125, "f_4": 0.54736328125, "f_5": 0.501220703125, "f_6": 0.454345703125, "f_7": 0.4248046875, "f_8": 0.37548828125, "f_9": 0.329345703125}, "sample21": {"f_0": 0.78125, "f_1": 0.4091796875, "f_2": 0.2021484375, "f_3": 0.113525390625, "f_4": 0.1201171875, "f_5": 0.16943359375, "f_6": 0.138427734375, "f_7": 0.152587890625, "f_8": 0.240234375, "f_9": 0.173828125}, "sample22": {"f_0": 0.79833984375, "f_1": 0.479248046875, "f_2": 0.311767578125, "f_3": 0.17041015625, "f_4": 0.112060546875, "f_5": 0.15087890625, "f_6": 0.166015625, "f_7": 0.163818359375, "f_8": 0.155029296875, "f_9": 0.171875}, "sample23": {"f_0": 0.805908203125, "f_1": 0.50830078125, "f_2": 0.30322265625, "f_3": 0.166259765625, "f_4": 0.1630859375, "f_5": 0.22216796875, "f_6": 0.28125, "f_7": 0.292724609375, "f_8": 0.26513671875, "f_9": 0.21484375}, "sample24": {"f_0": 0.80322265625, "f_1": 0.525634765625, "f_2": 0.27392578125, "f_3": 0.16259765625, "f_4": 0.307373046875, "f_5": 0.50048828125, "f_6": 0.5185546875, "f_7": 0.370361328125, "f_8": 0.219482421875, "f_9": 0.14990234375}, "sample25": {"f_0": 0.781982421875, "f_1": 0.528564453125, "f_2": 0.349853515625, "f_3": 0.223388671875, "f_4": 0.143310546875, "f_5": 0.144775390625, "f_6": 0.3076171875, "f_7": 0.56103515625, "f_8": 0.4365234375, "f_9": 0.217041015625}, "sample26": {"f_0": 0.806884765625, "f_1": 0.60302734375, "f_2": 0.4677734375, "f_3": 0.331787109375, "f_4": 0.218994140625, "f_5": 0.184326171875, "f_6": 0.220458984375, "f_7": 0.33740234375, "f_8": 0.489990234375, "f_9": 0.60595703125}, "sample27": {"f_0": 0.79345703125, "f_1": 0.58642578125, "f_2": 0.489990234375, "f_3": 0.41943359375, "f_4": 0.349609375, "f_5": 0.29345703125, "f_6": 0.26806640625, "f_7": 0.22705078125, "f_8": 0.202392578125, "f_9": 0.173583984375}, "sample28": {"f_0": 0.811279296875, "f_1": 0.619384765625, "f_2": 0.611328125, "f_3": 0.573974609375, "f_4": 0.48681640625, "f_5": 0.4033203125, "f_6": 0.37060546875, "f_7": 0.31298828125, "f_8": 0.2587890625, "f_9": 0.2109375}, "sample29": {"f_0": 0.79638671875, "f_1": 0.60986328125, "f_2": 0.5029296875, "f_3": 0.3740234375, "f_4": 0.238037109375, "f_5": 0.164794921875, "f_6": 0.127197265625, "f_7": 0.12353515625, "f_8": 0.14453125, "f_9": 0.162353515625}, "sample30": {"f_0": 0.7841796875, "f_1": 0.637939453125, "f_2": 0.585205078125, "f_3": 0.564208984375, "f_4": 0.509033203125, "f_5": 0.454833984375, "f_6": 0.35302734375, "f_7": 0.2802734375, "f_8": 0.21044921875, "f_9": 0.162109375}, "sample31": {"f_0": 0.782958984375, "f_1": 0.5869140625, "f_2": 0.467529296875, "f_3": 0.345947265625, "f_4": 0.245849609375, "f_5": 0.1630859375, "f_6": 0.099853515625, "f_7": 0.130126953125, "f_8": 0.286865234375, "f_9": 0.440673828125}, "sample32": {"f_0": 0.79052734375, "f_1": 0.551513671875, "f_2": 0.375244140625, "f_3": 0.22900390625, "f_4": 0.15380859375, "f_5": 0.157958984375, "f_6": 0.166748046875, "f_7": 0.167236328125, "f_8": 0.156982421875, "f_9": 0.143798828125}, "sample33": {"f_0": 0.79638671875, "f_1": 0.576904296875, "f_2": 0.4384765625, "f_3": 0.336669921875, "f_4": 0.233154296875, "f_5": 0.173828125, "f_6": 0.19091796875, "f_7": 0.30712890625, "f_8": 0.373291015625, "f_9": 0.254638671875}, "sample34": {"f_0": 0.782958984375,