{"sample0": {"f_0": 0.50390625, "f_1": 0.3955078125, "f_2": 0.2783203125, "f_3": 0.1474609375, "f_4": 0.1064453125, "f_5": 0.0771484375, "f_6": 0.1142578125, "f_7": 0.2822265625, "f_8": 0.2744140625, "f_9": 0.236328125}, "sample1": {"f_0": 0.5087890625, "f_1": 0.6962890625, "f_2": 0.7216796875, "f_3": 0.6015625, "f_4": 0.443359375, "f_5": 0.2724609375, "f_6": 0.212890625, "f_7": 0.2568359375, "f_8": 0.314453125, "f_9": 0.33203125}, "sample2": {"f_0": 0.5048828125, "f_1": 0.2685546875, "f_2": 0.103515625, "f_3": 0.02734375, "f_4": 0.0498046875, "f_5": 0.140625, "f_6": 0.1748046875, "f_7": 0.1484375, "f_8": 0.1357421875, "f_9": 0.171875}, "sample3": {"f_0": 0.50390625, "f_1": 0.6826171875, "f_2": 0.638671875, "f_3": 0.4482421875, "f_4": 0.255859375, "f_5": 0.185546875, "f_6": 0.298828125, "f_7": 0.5546875, "f_8": 0.6640625, "f_9": 0.6015625}, "sample4": {"f_0": 0.53125, "f_1": 0.3818359375, "f_2": 0.26953125, "f_3": 0.1943359375, "f_4": 0.1259765625, "f_5": 0.068359375, "f_6": 0.044921875, "f_7": 0.0703125, "f_8": 0.09375, "f_9": 0.1376953125}, "sample5": {"f_0": 0.4931640625, "f_1": 0.6962890625, "f_2": 0.5966796875, "f_3": 0.3974609375, "f_4": 0.283203125, "f_5": 0.259765625, "f_6": 0.3017578125, "f_7": 0.3662109375, "f_8": 0.2880859375, "f_9": 0.21875}, "sample6": {"f_0": 0.501953125, "f_1": 0.4443359375, "f_2": 0.3876953125, "f_3": 0.3447265625, "f_4": 0.298828125, "f_5": 0.2158203125, "f_6": 0.193359375, "f_7": 0.1689453125, "f_8": 0.1923828125, "f_9": 0.1748046875}, "sample7": {"f_0": 0.515625, "f_1": 0.5732421875, "f_2": 0.5869140625, "f_3": 0.5478515625, "f_4": 0.4150390625, "f_5": 0.2958984375, "f_6": 0.1484375, "f_7": 0.078125, "f_8": 0.048828125, "f_9": 0.068359375}, "sample8": {"f_0": 0.5078125, "f_1": 0.1552734375, "f_2": 0.0595703125, "f_3": 0.177734375, "f_4": 0.296875, "f_5": 0.2392578125, "f_6": 0.0712890625, "f_7": 0.1611328125, "f_8": 0.419921875, "f_9": 0.4228515625}, "sample9": {"f_0": 0.4990234375, "f_1": 0.5908203125, "f_2": 0.6728515625, "f_3": 0.7158203125, "f_4": 0.7490234375, "f_5": 0.7822265625, "f_6": 0.7197265625, "f_7": 0.6904296875, "f_8": 0.7314453125, "f_9": 0.681640625}, "sample10": {"f_0": 0.515625, "f_1": 0.6123046875, "f_2": 0.556640625, "f_3": 0.443359375, "f_4": 0.216796875, "f_5": 0.0947265625, "f_6": 0.029296875, "f_7": 0.0751953125, "f_8": 0.1513671875, "f_9": 0.2470703125}, "sample11": {"f_0": 0.5009765625, "f_1": 0.2197265625, "f_2": 0.0986328125, "f_3": 0.240234375, "f_4": 0.4833984375, "f_5": 0.669921875, "f_6": 0.5576171875, "f_7": 0.3193359375, "f_8": 0.0869140625, "f_9": 0.19140625}, "sample12": {"f_0": 0.455078125, "f_1": 0.486328125, "f_2": 0.40234375, "f_3": 0.29296875, "f_4": 0.205078125, "f_5": 0.1669921875, "f_6": 0.1298828125, "f_7": 0.21484375, "f_8": 0.3369140625, "f_9": 0.283203125}, "sample13": {"f_0": 0.4697265625, "f_1": 0.720703125, "f_2": 0.544921875, "f_3": 0.28515625, "f_4": 0.240234375, "f_5": 0.498046875, "f_6": 0.5654296875, "f_7": 0.3974609375, "f_8": 0.25390625, "f_9": 0.2333984375}, "sample14": {"f_0": 0.515625, "f_1": 0.3056640625, "f_2": 0.1630859375, "f_3": 0.1650390625, "f_4": 0.33984375, "f_5": 0.576171875, "f_6": 0.7509765625, "f_7": 0.7294921875, "f_8": 0.591796875, "f_9": 0.3984375}, "sample15": {"f_0": 0.5234375, "f_1": 0.34765625, "f_2": 0.2255859375, "f_3": 0.2265625, "f_4": 0.314453125, "f_5": 0.3115234375, "f_6": 0.1982421875, "f_7": 0.1201171875, "f_8": 0.10546875, "f_9": 0.1708984375}, "sample16": {"f_0": 0.498046875, "f_1": 0.712890625, "f_2": 0.6630859375, "f_3": 0.5, "f_4": 0.23828125, "f_5": 0.2353515625, "f_6": 0.2138671875, "f_7": 0.23046875, "f_8": 0.224609375, "f_9": 0.259765625}, "sample17": {"f_0": 0.5, "f_1": 0.4619140625, "f_2": 0.3994140625, "f_3": 0.265625, "f_4": 0.251953125, "f_5": 0.20703125, "f_6": 0.2216796875, "f_7": 0.2451171875, "f_8": 0.3935546875, "f_9": 0.52734375}, "sample18": {"f_0": 0.5078125, "f_1": 0.5380859375, "f_2": 0.5419921875, "f_3": 0.37109375, "f_4": 0.2197265625, "f_5": 0.1298828125, "f_6": 0.107421875, "f_7": 0.1328125, "f_8": 0.1611328125, "f_9": 0.142578125}, "sample19": {"f_0": 0.5244140625, "f_1": 0.69921875, "f_2": 0.53515625, "f_3": 0.2470703125, "f_4": 0.14453125, "f_5": 0.4091796875, "f_6": 0.6953125, "f_7": 0.705078125, "f_8": 0.4365234375, "f_9": 0.2470703125}, "sample20": {"f_0": 0.49609375, "f_1": 0.4775390625, "f_2": 0.43359375, "f_3": 0.4169921875, "f_4": 0.384765625, "f_5": 0.3349609375, "f_6": 0.318359375, "f_7": 0.2822265625, "f_8": 0.240234375, "f_9": 0.2666015625}, "sample21": {"f_0": 0.494140625, "f_1": 0.716796875, "f_2": 0.623046875, "f_3": 0.421875, "f_4": 0.228515625, "f_5": 0.2216796875, "f_6": 0.244140625, "f_7": 0.126953125, "f_8": 0.1806640625, "f_9": 0.23046875}, "sample22": {"f_0": 0.484375, "f_1": 0.7060546875, "f_2": 0.748046875, "f_3": 0.6259765625, "f_4": 0.3935546875, "f_5": 0.2802734375, "f_6": 0.2685546875, "f_7": 0.23828125, "f_8": 0.240234375, "f_9": 0.1455078125}, "sample23": {"f_0": 0.4912109375, "f_1": 0.70703125, "f_2": 0.6767578125, "f_3": 0.494140625, "f_4": 0.31640625, "f_5": 0.2197265625, "f_6": 0.2666015625, "f_7": 0.365234375, "f_8": 0.392578125, "f_9": 0.423828125}, "sample24": {"f_0": 0.4931640625, "f_1": 0.6943359375, "f_2": 0.5498046875, "f_3": 0.240234375, "f_4": 0.1728515625, "f_5": 0.3505859375, "f_6": 0.654296875, "f_7": 0.7109375, "f_8": 0.5, "f_9": 0.2958984375}, "sample25": {"f_0": 0.5107421875, "f_1": 0.4541015625, "f_2": 0.3232421875, "f_3": 0.26953125, "f_4": 0.240234375, "f_5": 0.2236328125, "f_6": 0.3857421875, "f_7": 0.619140625, "f_8": 0.5654296875, "f_9": 0.3232421875}, "sample26": {"f_0": 0.498046875, "f_1": 0.3212890625, "f_2": 0.1572265625, "f_3": 0.09765625, "f_4": 0.1279296875, "f_5": 0.216796875, "f_6": 0.38671875, "f_7": 0.56640625, "f_8": 0.626953125, "f_9": 0.5673828125}, "sample27": {"f_0": 0.498046875, "f_1": 0.55078125, "f_2": 0.5126953125, "f_3": 0.4384765625, "f_4": 0.365234375, "f_5": 0.3056640625, "f_6": 0.27734375, "f_7": 0.283203125, "f_8": 0.25, "f_9": 0.263671875}, "sample28": {"f_0": 0.48828125, "f_1": 0.546875, "f_2": 0.6220703125, "f_3": 0.6728515625, "f_4": 0.7001953125, "f_5": 0.6875, "f_6": 0.65234375, "f_7": 0.5859375, "f_8": 0.51953125, "f_9": 0.486328125}, "sample29": {"f_0": 0.49609375, "f_1": 0.2578125, "f_2": 0.091796875, "f_3": 0.0244140625, "f_4": 0.05078125, "f_5": 0.111328125, "f_6": 0.220703125, "f_7": 0.2431640625, "f_8": 0.220703125, "f_9": 0.23046875}, "sample30": {"f_0": 0.52734375, "f_1": 0.3828125, "f_2": 0.263671875, "f_3": 0.19140625, "f_4": 0.1162109375, "f_5": 0.0703125, "f_6": 0.041015625, "f_7": 0.0361328125, "f_8": 0.0556640625, "f_9": 0.0810546875}, "sample31": {"f_0": 0.494140625, "f_1": 0.2880859375, "f_2": 0.150390625, "f_3": 0.08203125, "f_4": 0.0517578125, "f_5": 0.11328125, "f_6": 0.23828125, "f_7": 0.4033203125, "f_8": 0.486328125, "f_9": 0.419921875}, "sample32": {"f_0": 0.49609375, "f_1": 0.4990234375, "f_2": 0.3916015625, "f_3": 0.3193359375, "f_4": 0.22265625, "f_5": 0.1953125, "f_6": 0.1552734375, "f_7": 0.189453125, "f_8": 0.2080078125, "f_9": 0.2216796875}, "sample33": {"f_0": 0.5107421875, "f_1": 0.458984375, "f_2": 0.4443359375, "f_3": 0.349609375, "f_4": 0.314453125, "f_5": 0.25, "f_6": 0.263671875, "f_7": 0.2587890625, "f_8": 0.3037109375, "f_9": 0.22265625}, "sample34": {"f_0": 0.5029296875, "f_1": 0.451171875, "f_2": 0.3505859375, "f_3": 0.2548828125, "f_4": 0.201171875, "f_5": 0.1796875, "f_6": 0.228515625, "f_7": 0.3193359375, "f_8": 0.36328125, "f_9": 0.515625}, "sample35": {"f_0": 0.515625, "f_1": 0.4462890625, "f_2": 0.3369140625, "f_3": 0.265625, "f_4": 0.224609375, "f_5": 0.25390625, "f_6": 0.271484375, "f_7": 0.2060546875, "f_8": 0.181640625, "f_9": 0.181640625}, "sample36": {"f_0": 0.5068359375, "f_1": 0.486328125, "f_2": 0.5048828125, "f_3": 0.4462890625, "f_4": 0.4013671875, "f_5": 0.333984375, "f_6": 0.275390625, "f_7": 0.2353515625, "f_8": 0.2021484375, "f_9": 0.162109375}, "sample37": {"f_0": 0.529296875, "f_1": 0.265625, "f_2": 0.099609375, "f_3": 0.0234375,