{"sample0": {"f_0": 0.427978515625, "f_1": 0.25, "f_2": 0.220458984375, "f_3": 0.18896484375, "f_4": 0.145263671875, "f_5": 0.1171875, "f_6": 0.080810546875, "f_7": 0.18798828125, "f_8": 0.190185546875, "f_9": 0.154052734375}, "sample1": {"f_0": 0.417724609375, "f_1": 0.48876953125, "f_2": 0.482666015625, "f_3": 0.412353515625, "f_4": 0.28515625, "f_5": 0.197021484375, "f_6": 0.184814453125, "f_7": 0.218017578125, "f_8": 0.220703125, "f_9": 0.226806640625}, "sample2": {"f_0": 0.41552734375, "f_1": 0.200439453125, "f_2": 0.083251953125, "f_3": 0.05908203125, "f_4": 0.067626953125, "f_5": 0.103271484375, "f_6": 0.142333984375, "f_7": 0.138671875, "f_8": 0.111572265625, "f_9": 0.136962890625}, "sample3": {"f_0": 0.411865234375, "f_1": 0.520263671875, "f_2": 0.459228515625, "f_3": 0.28857421875, "f_4": 0.18505859375, "f_5": 0.15283203125, "f_6": 0.258544921875, "f_7": 0.39697265625, "f_8": 0.451904296875, "f_9": 0.40673828125}, "sample4": {"f_0": 0.43115234375, "f_1": 0.28564453125, "f_2": 0.20361328125, "f_3": 0.16455078125, "f_4": 0.121337890625, "f_5": 0.118896484375, "f_6": 0.0888671875, "f_7": 0.081787109375, "f_8": 0.103515625, "f_9": 0.12060546875}, "sample5": {"f_0": 0.43115234375, "f_1": 0.51953125, "f_2": 0.416015625, "f_3": 0.272216796875, "f_4": 0.208251953125, "f_5": 0.175048828125, "f_6": 0.2119140625, "f_7": 0.2451171875, "f_8": 0.1904296875, "f_9": 0.168701171875}, "sample6": {"f_0": 0.432373046875, "f_1": 0.36083984375, "f_2": 0.337646484375, "f_3": 0.275146484375, "f_4": 0.22607421875, "f_5": 0.203125, "f_6": 0.146728515625, "f_7": 0.17724609375, "f_8": 0.1572265625, "f_9": 0.15966796875}, "sample7": {"f_0": 0.434326171875, "f_1": 0.3955078125, "f_2": 0.397216796875, "f_3": 0.371337890625, "f_4": 0.281982421875, "f_5": 0.208740234375, "f_6": 0.121826171875, "f_7": 0.075927734375, "f_8": 0.06494140625, "f_9": 0.10009765625}, "sample8": {"f_0": 0.386962890625, "f_1": 0.141845703125, "f_2": 0.06982421875, "f_3": 0.12109375, "f_4": 0.1650390625, "f_5": 0.14013671875, "f_6": 0.064453125, "f_7": 0.115966796875, "f_8": 0.250244140625, "f_9": 0.23388671875}, "sample9": {"f_0": 0.403076171875, "f_1": 0.41650390625, "f_2": 0.4609375, "f_3": 0.46044921875, "f_4": 0.463134765625, "f_5": 0.455810546875, "f_6": 0.432373046875, "f_7": 0.415771484375, "f_8": 0.433837890625, "f_9": 0.388427734375}, "sample10": {"f_0": 0.396484375, "f_1": 0.388671875, "f_2": 0.3369140625, "f_3": 0.2578125, "f_4": 0.14501953125, "f_5": 0.089111328125, "f_6": 0.065185546875, "f_7": 0.079833984375, "f_8": 0.14111328125, "f_9": 0.167236328125}, "sample11": {"f_0": 0.40087890625, "f_1": 0.22509765625, "f_2": 0.11083984375, "f_3": 0.1708984375, "f_4": 0.317626953125, "f_5": 0.468994140625, "f_6": 0.423583984375, "f_7": 0.237060546875, "f_8": 0.12109375, "f_9": 0.14208984375}, "sample12": {"f_0": 0.39794921875, "f_1": 0.298095703125, "f_2": 0.226806640625, "f_3": 0.173583984375, "f_4": 0.134521484375, "f_5": 0.1103515625, "f_6": 0.09814453125, "f_7": 0.13623046875, "f_8": 0.16845703125, "f_9": 0.159423828125}, "sample13": {"f_0": 0.389892578125, "f_1": 0.43505859375, "f_2": 0.3212890625, "f_3": 0.167236328125, "f_4": 0.162353515625, "f_5": 0.3349609375, "f_6": 0.369140625, "f_7": 0.229736328125, "f_8": 0.161865234375, "f_9": 0.16650390625}, "sample14": {"f_0": 0.36669921875, "f_1": 0.212646484375, "f_2": 0.1240234375, "f_3": 0.1103515625, "f_4": 0.21484375, "f_5": 0.31689453125, "f_6": 0.438232421875, "f_7": 0.423095703125, "f_8": 0.3447265625, "f_9": 0.249267578125}, "sample15": {"f_0": 0.385986328125, "f_1": 0.293701171875, "f_2": 0.19140625, "f_3": 0.15869140625, "f_4": 0.177978515625, "f_5": 0.1943359375, "f_6": 0.14453125, "f_7": 0.092041015625, "f_8": 0.084716796875, "f_9": 0.12890625}, "sample16": {"f_0": 0.390380859375, "f_1": 0.4287109375, "f_2": 0.393310546875, "f_3": 0.280029296875, "f_4": 0.161376953125, "f_5": 0.152099609375, "f_6": 0.152587890625, "f_7": 0.16259765625, "f_8": 0.155029296875, "f_9": 0.14892578125}, "sample17": {"f_0": 0.388671875, "f_1": 0.357421875, "f_2": 0.259521484375, "f_3": 0.1982421875, "f_4": 0.15576171875, "f_5": 0.13427734375, "f_6": 0.13037109375, "f_7": 0.158203125, "f_8": 0.2333984375, "f_9": 0.29248046875}, "sample18": {"f_0": 0.39111328125, "f_1": 0.383544921875, "f_2": 0.33935546875, "f_3": 0.2392578125, "f_4": 0.1435546875, "f_5": 0.10107421875, "f_6": 0.0888671875, "f_7": 0.10888671875, "f_8": 0.128662109375, "f_9": 0.126953125}, "sample19": {"f_0": 0.380615234375, "f_1": 0.4638671875, "f_2": 0.3203125, "f_3": 0.156982421875, "f_4": 0.13232421875, "f_5": 0.263671875, "f_6": 0.40673828125, "f_7": 0.413818359375, "f_8": 0.27099609375, "f_9": 0.15283203125}, "sample20": {"f_0": 0.395263671875, "f_1": 0.355224609375, "f_2": 0.37744140625, "f_3": 0.32177734375, "f_4": 0.334228515625, "f_5": 0.316650390625, "f_6": 0.259033203125, "f_7": 0.229248046875, "f_8": 0.218017578125, "f_9": 0.179443359375}, "sample21": {"f_0": 0.4052734375, "f_1": 0.4658203125, "f_2": 0.369140625, "f_3": 0.246337890625, "f_4": 0.161865234375, "f_5": 0.140625, "f_6": 0.14990234375, "f_7": 0.10498046875, "f_8": 0.1376953125, "f_9": 0.159912109375}, "sample22": {"f_0": 0.408447265625, "f_1": 0.44921875, "f_2": 0.446533203125, "f_3": 0.364990234375, "f_4": 0.233642578125, "f_5": 0.1640625, "f_6": 0.170166015625, "f_7": 0.157958984375, "f_8": 0.15576171875, "f_9": 0.121337890625}, "sample23": {"f_0": 0.405517578125, "f_1": 0.509765625, "f_2": 0.455810546875, "f_3": 0.31689453125, "f_4": 0.195068359375, "f_5": 0.16455078125, "f_6": 0.200927734375, "f_7": 0.24169921875, "f_8": 0.2685546875, "f_9": 0.29150390625}, "sample24": {"f_0": 0.4130859375, "f_1": 0.44091796875, "f_2": 0.364013671875, "f_3": 0.183349609375, "f_4": 0.10546875, "f_5": 0.246826171875, "f_6": 0.431640625, "f_7": 0.46728515625, "f_8": 0.359619140625, "f_9": 0.203369140625}, "sample25": {"f_0": 0.40478515625, "f_1": 0.362060546875, "f_2": 0.260498046875, "f_3": 0.182861328125, "f_4": 0.160400390625, "f_5": 0.15576171875, "f_6": 0.25634765625, "f_7": 0.376953125, "f_8": 0.39990234375, "f_9": 0.2333984375}, "sample26": {"f_0": 0.416015625, "f_1": 0.240234375, "f_2": 0.129150390625, "f_3": 0.059814453125, "f_4": 0.09130859375, "f_5": 0.150390625, "f_6": 0.277587890625, "f_7": 0.361328125, "f_8": 0.36865234375, "f_9": 0.3935546875}, "sample27": {"f_0": 0.424072265625, "f_1": 0.391357421875, "f_2": 0.381591796875, "f_3": 0.336181640625, "f_4": 0.260986328125, "f_5": 0.240234375, "f_6": 0.224609375, "f_7": 0.198974609375, "f_8": 0.185302734375, "f_9": 0.169677734375}, "sample28": {"f_0": 0.427734375, "f_1": 0.424072265625, "f_2": 0.432861328125, "f_3": 0.421630859375, "f_4": 0.45263671875, "f_5": 0.45654296875, "f_6": 0.431396484375, "f_7": 0.3876953125, "f_8": 0.34423828125, "f_9": 0.294921875}, "sample29": {"f_0": 0.422119140625, "f_1": 0.25927734375, "f_2": 0.133056640625, "f_3": 0.044677734375, "f_4": 0.0498046875, "f_5": 0.075439453125, "f_6": 0.114501953125, "f_7": 0.163330078125, "f_8": 0.160888671875, "f_9": 0.159912109375}, "sample30": {"f_0": 0.401611328125, "f_1": 0.333984375, "f_2": 0.206298828125, "f_3": 0.18359375, "f_4": 0.118408203125, "f_5": 0.0908203125, "f_6": 0.04833984375, "f_7": 0.04052734375, "f_8": 0.05126953125, "f_9": 0.072509765625}, "sample31": {"f_0": 0.396728515625, "f_1": 0.20703125, "f_2": 0.1025390625, "f_3": 0.069580078125, "f_4": 0.0556640625, "f_5": 0.077880859375, "f_6": 0.14208984375, "f_7": 0.280517578125, "f_8": 0.36328125, "f_9": 0.3056640625}, "sample32": {"f_0": 0.411376953125, "f_1": 0.360595703125, "f_2": 0.2783203125, "f_3": 0.206787109375, "f_4": 0.153564453125, "f_5": 0.1259765625, "f_6": 0.115478515625, "f_7": 0.1298828125, "f_8": 0.135986328125, "f_9": 0.142578125}, "sample33": {"f_0": 0.4130859375, "f_1": 0.407470703125, "f_2": 0.339111328125, "f_3": 0.28369140625, "f_4": 0.208251953125, "f_5": 0.173583984375, "f_6": 0.158447265625, "f_7": 0.18212890625, "f_8": 0.2216796875, "f_9": 0.178955078125}, "sample34": {"f_0": 0.405029296875, "f_1": 0.381103515625,