{"sample0": {"f_0": 0, "f_1": 0.0205078125, "f_2": 0.0400390625, "f_3": 0.09375, "f_4": 0.15234375, "f_5": 0.2119140625, "f_6": 0.349609375, "f_7": 0.2919921875, "f_8": 0.1884765625, "f_9": 0.291015625}, "sample1": {"f_0": 0, "f_1": 0.048828125, "f_2": 0.158203125, "f_3": 0.2861328125, "f_4": 0.31640625, "f_5": 0.2880859375, "f_6": 0.220703125, "f_7": 0.162109375, "f_8": 0.1650390625, "f_9": 0.201171875}, "sample2": {"f_0": 0, "f_1": 0.0439453125, "f_2": 0.173828125, "f_3": 0.2958984375, "f_4": 0.408203125, "f_5": 0.4130859375, "f_6": 0.2802734375, "f_7": 0.20703125, "f_8": 0.2353515625, "f_9": 0.3017578125}, "sample3": {"f_0": 0, "f_1": 0.072265625, "f_2": 0.1923828125, "f_3": 0.287109375, "f_4": 0.2529296875, "f_5": 0.150390625, "f_6": 0.0576171875, "f_7": 0.0546875, "f_8": 0.240234375, "f_9": 0.345703125}, "sample4": {"f_0": 0, "f_1": 0.0078125, "f_2": 0.037109375, "f_3": 0.0634765625, "f_4": 0.1337890625, "f_5": 0.1748046875, "f_6": 0.26953125, "f_7": 0.29296875, "f_8": 0.26953125, "f_9": 0.19921875}, "sample5": {"f_0": 0, "f_1": 0.1171875, "f_2": 0.2548828125, "f_3": 0.3505859375, "f_4": 0.30859375, "f_5": 0.2705078125, "f_6": 0.2236328125, "f_7": 0.26953125, "f_8": 0.2978515625, "f_9": 0.1982421875}, "sample6": {"f_0": 0, "f_1": 0.0009765625, "f_2": 0.005859375, "f_3": 0.017578125, "f_4": 0.033203125, "f_5": 0.0625, "f_6": 0.0693359375, "f_7": 0.111328125, "f_8": 0.1337890625, "f_9": 0.1650390625}, "sample7": {"f_0": 0, "f_1": 0.013671875, "f_2": 0.0478515625, "f_3": 0.1083984375, "f_4": 0.1953125, "f_5": 0.236328125, "f_6": 0.2734375, "f_7": 0.2861328125, "f_8": 0.26171875, "f_9": 0.1943359375}, "sample8": {"f_0": 0, "f_1": 0.1015625, "f_2": 0.2685546875, "f_3": 0.2978515625, "f_4": 0.171875, "f_5": 0.0947265625, "f_6": 0.224609375, "f_7": 0.455078125, "f_8": 0.4267578125, "f_9": 0.22265625}, "sample9": {"f_0": 0, "f_1": 0.0068359375, "f_2": 0.0283203125, "f_3": 0.060546875, "f_4": 0.09375, "f_5": 0.16796875, "f_6": 0.2060546875, "f_7": 0.2294921875, "f_8": 0.2744140625, "f_9": 0.3173828125}, "sample10": {"f_0": 0, "f_1": 0.01953125, "f_2": 0.0908203125, "f_3": 0.1708984375, "f_4": 0.212890625, "f_5": 0.3125, "f_6": 0.2763671875, "f_7": 0.25, "f_8": 0.1083984375, "f_9": 0.0390625}, "sample11": {"f_0": 0, "f_1": 0.0634765625, "f_2": 0.1669921875, "f_3": 0.2529296875, "f_4": 0.185546875, "f_5": 0.0771484375, "f_6": 0.001953125, "f_7": 0.0224609375, "f_8": 0.1337890625, "f_9": 0.2412109375}, "sample12": {"f_0": 0, "f_1": 0.0087890625, "f_2": 0.05859375, "f_3": 0.1826171875, "f_4": 0.3125, "f_5": 0.4072265625, "f_6": 0.3720703125, "f_7": 0.40234375, "f_8": 0.4755859375, "f_9": 0.4169921875}, "sample13": {"f_0": 0, "f_1": 0.109375, "f_2": 0.2802734375, "f_3": 0.2490234375, "f_4": 0.1005859375, "f_5": 0.0478515625, "f_6": 0.171875, "f_7": 0.255859375, "f_8": 0.3203125, "f_9": 0.255859375}, "sample14": {"f_0": 0, "f_1": 0.0244140625, "f_2": 0.1005859375, "f_3": 0.1845703125, "f_4": 0.2724609375, "f_5": 0.3642578125, "f_6": 0.30859375, "f_7": 0.232421875, "f_8": 0.1416015625, "f_9": 0.0751953125}, "sample15": {"f_0": 0, "f_1": 0.0126953125, "f_2": 0.1025390625, "f_3": 0.212890625, "f_4": 0.3662109375, "f_5": 0.44921875, "f_6": 0.482421875, "f_7": 0.513671875, "f_8": 0.408203125, "f_9": 0.2626953125}, "sample16": {"f_0": 0, "f_1": 0.1044921875, "f_2": 0.2705078125, "f_3": 0.4052734375, "f_4": 0.3525390625, "f_5": 0.2744140625, "f_6": 0.232421875, "f_7": 0.220703125, "f_8": 0.2529296875, "f_9": 0.2890625}, "sample17": {"f_0": 0, "f_1": 0.009765625, "f_2": 0.0576171875, "f_3": 0.1513671875, "f_4": 0.2900390625, "f_5": 0.357421875, "f_6": 0.3544921875, "f_7": 0.2919921875, "f_8": 0.2666015625, "f_9": 0.30859375}, "sample18": {"f_0": 0, "f_1": 0.013671875, "f_2": 0.0615234375, "f_3": 0.1904296875, "f_4": 0.2587890625, "f_5": 0.3701171875, "f_6": 0.3017578125, "f_7": 0.2041015625, "f_8": 0.1396484375, "f_9": 0.1796875}, "sample19": {"f_0": 0, "f_1": 0.0791015625, "f_2": 0.2392578125, "f_3": 0.228515625, "f_4": 0.1201171875, "f_5": 0.0087890625, "f_6": 0.08984375, "f_7": 0.26171875, "f_8": 0.33984375, "f_9": 0.2119140625}, "sample20": {"f_0": 0, "f_1": 0.0009765625, "f_2": 0, "f_3": 0.0048828125, "f_4": 0.0078125, "f_5": 0.01171875, "f_6": 0.04296875, "f_7": 0.0439453125, "f_8": 0.0849609375, "f_9": 0.08203125}, "sample21": {"f_0": 0, "f_1": 0.1376953125, "f_2": 0.2734375, "f_3": 0.3798828125, "f_4": 0.341796875, "f_5": 0.2177734375, "f_6": 0.26953125, "f_7": 0.29296875, "f_8": 0.166015625, "f_9": 0.2568359375}, "sample22": {"f_0": 0, "f_1": 0.0830078125, "f_2": 0.2294921875, "f_3": 0.40625, "f_4": 0.3935546875, "f_5": 0.3076171875, "f_6": 0.2724609375, "f_7": 0.2568359375, "f_8": 0.248046875, "f_9": 0.2275390625}, "sample23": {"f_0": 0, "f_1": 0.0693359375, "f_2": 0.2177734375, "f_3": 0.2822265625, "f_4": 0.26171875, "f_5": 0.1796875, "f_6": 0.1162109375, "f_7": 0.103515625, "f_8": 0.1396484375, "f_9": 0.18359375}, "sample24": {"f_0": 0, "f_1": 0.0888671875, "f_2": 0.20703125, "f_3": 0.24609375, "f_4": 0.1455078125, "f_5": 0.013671875, "f_6": 0.064453125, "f_7": 0.189453125, "f_8": 0.330078125, "f_9": 0.2802734375}, "sample25": {"f_0": 0, "f_1": 0.005859375, "f_2": 0.0654296875, "f_3": 0.185546875, "f_4": 0.2978515625, "f_5": 0.24609375, "f_6": 0.0693359375, "f_7": 0.04296875, "f_8": 0.05859375, "f_9": 0.166015625}, "sample26": {"f_0": 0, "f_1": 0.025390625, "f_2": 0.0966796875, "f_3": 0.1904296875, "f_4": 0.23828125, "f_5": 0.2587890625, "f_6": 0.2353515625, "f_7": 0.14453125, "f_8": 0.0498046875, "f_9": 0.01171875}, "sample27": {"f_0": 0, "f_1": 0.005859375, "f_2": 0.013671875, "f_3": 0.056640625, "f_4": 0.087890625, "f_5": 0.1123046875, "f_6": 0.12890625, "f_7": 0.15625, "f_8": 0.1923828125, "f_9": 0.2138671875}, "sample28": {"f_0": 0, "f_1": 0.0107421875, "f_2": 0.0205078125, "f_3": 0.0390625, "f_4": 0.083984375, "f_5": 0.1181640625, "f_6": 0.158203125, "f_7": 0.2158203125, "f_8": 0.2099609375, "f_9": 0.2373046875}, "sample29": {"f_0": 0, "f_1": 0.04296875, "f_2": 0.1748046875, "f_3": 0.306640625, "f_4": 0.388671875, "f_5": 0.3828125, "f_6": 0.3681640625, "f_7": 0.3466796875, "f_8": 0.2802734375, "f_9": 0.267578125}, "sample30": {"f_0": 0, "f_1": 0.009765625, "f_2": 0.0322265625, "f_3": 0.0888671875, "f_4": 0.1416015625, "f_5": 0.173828125, "f_6": 0.2646484375, "f_7": 0.30078125, "f_8": 0.318359375, "f_9": 0.365234375}, "sample31": {"f_0": 0, "f_1": 0.03515625, "f_2": 0.125, "f_3": 0.19140625, "f_4": 0.279296875, "f_5": 0.359375, "f_6": 0.388671875, "f_7": 0.3193359375, "f_8": 0.1513671875, "f_9": 0.0283203125}, "sample32": {"f_0": 0, "f_1": 0.005859375, "f_2": 0.0595703125, "f_3": 0.1669921875, "f_4": 0.26953125, "f_5": 0.30859375, "f_6": 0.271484375, "f_7": 0.25390625, "f_8": 0.2626953125, "f_9": 0.29296875}, "sample33": {"f_0": 0, "f_1": 0.0048828125, "f_2": 0.0322265625, "f_3": 0.080078125, "f_4": 0.17578125, "f_5": 0.2470703125, "f_6": 0.193359375, "f_7": 0.1044921875, "f_8": 0.0654296875, "f_9": 0.1455078125}, "sample34": {"f_0": 0, "f_1": 0.0029296875, "f_2": 0.0126953125, "f_3": 0.0400390625, "f_4": 0.0830078125, "f_5": 0.169921875, "f_6": 0.2421875, "f_7": 0.314453125, "f_8": 0.3984375, "f_9": 0.392578125}, "sample35": {"f_0": 0, "f_1": 0.0048828125, "f_2": 0.015625, "f_3": 0.052734375, "f_4": 0.099609375, "f_5": 0.193359375, "f_6": 0.2529296875, "f_7": 0.2431640625, "f_8": 0.2041015625, "f_9": 0.21484375}, "sample36": {"f_0": 0, "f_1": 0.001953125, "f_2": 0.0078125, "f_3": 0.0322265625, "f_4": 0.0654296875, "f_5": 0.1396484375, "f_6": 0.21484375, "f_7": 0.2822265625, "f_8": 0.3447265625, "f_9": 0.44140625}, "sample37": {"f_0": 0, "f_1": 0.0478515625, "f_2": 0.1396484375, "f_3": 0.3115234375, "f_4": 0.3818359375, "f_5": 0.279296875, "f_6": 0.1474609375, "f_7": 0.07421875, "f_8": 0.140625, "f_9": 0.2177734375}, "sample38": {"f_0": 0, "f_1": 0.033203125, "f_2": 0.119140625, "f_3": 0.21875, "f_4": 0.298828125, "f_5": 0.2744140625, "f_6": 0.2548828125, "f_7": 0.197265625, "f_8": 0.103515625, "f_9": 0.0810546875}, "sample39": {"f_0": 0,