{"sample0": {"f_0": 0.03515625, "f_1": 0.0546875, "f_2": 0.0791015625, "f_3": 0.1123046875, "f_4": 0.142578125, "f_5": 0.173828125, "f_6": 0.21875, "f_7": 0.22265625, "f_8": 0.169921875, "f_9": 0.21484375}, "sample1": {"f_0": 0.01953125, "f_1": 0.083984375, "f_2": 0.185546875, "f_3": 0.2138671875, "f_4": 0.2314453125, "f_5": 0.220703125, "f_6": 0.16796875, "f_7": 0.1259765625, "f_8": 0.138671875, "f_9": 0.1298828125}, "sample2": {"f_0": 0.021484375, "f_1": 0.107421875, "f_2": 0.1650390625, "f_3": 0.2255859375, "f_4": 0.2939453125, "f_5": 0.2646484375, "f_6": 0.201171875, "f_7": 0.1708984375, "f_8": 0.1943359375, "f_9": 0.1884765625}, "sample3": {"f_0": 0.0322265625, "f_1": 0.1015625, "f_2": 0.177734375, "f_3": 0.189453125, "f_4": 0.1962890625, "f_5": 0.1240234375, "f_6": 0.0849609375, "f_7": 0.0849609375, "f_8": 0.1875, "f_9": 0.2724609375}, "sample4": {"f_0": 0.025390625, "f_1": 0.0751953125, "f_2": 0.103515625, "f_3": 0.0859375, "f_4": 0.1103515625, "f_5": 0.16015625, "f_6": 0.2021484375, "f_7": 0.23046875, "f_8": 0.1943359375, "f_9": 0.1669921875}, "sample5": {"f_0": 0.0283203125, "f_1": 0.1298828125, "f_2": 0.216796875, "f_3": 0.22265625, "f_4": 0.232421875, "f_5": 0.193359375, "f_6": 0.1630859375, "f_7": 0.189453125, "f_8": 0.1787109375, "f_9": 0.1435546875}, "sample6": {"f_0": 0.0234375, "f_1": 0.0595703125, "f_2": 0.0732421875, "f_3": 0.080078125, "f_4": 0.0771484375, "f_5": 0.0810546875, "f_6": 0.11328125, "f_7": 0.10546875, "f_8": 0.1318359375, "f_9": 0.1533203125}, "sample7": {"f_0": 0.0205078125, "f_1": 0.0751953125, "f_2": 0.0791015625, "f_3": 0.1162109375, "f_4": 0.1396484375, "f_5": 0.1630859375, "f_6": 0.21875, "f_7": 0.2119140625, "f_8": 0.22265625, "f_9": 0.1865234375}, "sample8": {"f_0": 0.0185546875, "f_1": 0.1259765625, "f_2": 0.224609375, "f_3": 0.2041015625, "f_4": 0.150390625, "f_5": 0.09765625, "f_6": 0.197265625, "f_7": 0.3271484375, "f_8": 0.3173828125, "f_9": 0.1650390625}, "sample9": {"f_0": 0.025390625, "f_1": 0.0810546875, "f_2": 0.0751953125, "f_3": 0.109375, "f_4": 0.12109375, "f_5": 0.169921875, "f_6": 0.193359375, "f_7": 0.173828125, "f_8": 0.2177734375, "f_9": 0.2421875}, "sample10": {"f_0": 0.0224609375, "f_1": 0.072265625, "f_2": 0.107421875, "f_3": 0.1416015625, "f_4": 0.197265625, "f_5": 0.2490234375, "f_6": 0.203125, "f_7": 0.1826171875, "f_8": 0.10546875, "f_9": 0.0712890625}, "sample11": {"f_0": 0.0283203125, "f_1": 0.0908203125, "f_2": 0.142578125, "f_3": 0.177734375, "f_4": 0.169921875, "f_5": 0.1123046875, "f_6": 0.076171875, "f_7": 0.076171875, "f_8": 0.125, "f_9": 0.166015625}, "sample12": {"f_0": 0.009765625, "f_1": 0.052734375, "f_2": 0.0791015625, "f_3": 0.1337890625, "f_4": 0.2451171875, "f_5": 0.29296875, "f_6": 0.2763671875, "f_7": 0.2607421875, "f_8": 0.314453125, "f_9": 0.2734375}, "sample13": {"f_0": 0.03125, "f_1": 0.138671875, "f_2": 0.1962890625, "f_3": 0.1943359375, "f_4": 0.103515625, "f_5": 0.080078125, "f_6": 0.1533203125, "f_7": 0.1845703125, "f_8": 0.244140625, "f_9": 0.1708984375}, "sample14": {"f_0": 0.0205078125, "f_1": 0.08203125, "f_2": 0.111328125, "f_3": 0.146484375, "f_4": 0.2275390625, "f_5": 0.2705078125, "f_6": 0.2724609375, "f_7": 0.2080078125, "f_8": 0.1201171875, "f_9": 0.087890625}, "sample15": {"f_0": 0.017578125, "f_1": 0.048828125, "f_2": 0.095703125, "f_3": 0.1533203125, "f_4": 0.2587890625, "f_5": 0.3203125, "f_6": 0.345703125, "f_7": 0.3779296875, "f_8": 0.279296875, "f_9": 0.19921875}, "sample16": {"f_0": 0.0263671875, "f_1": 0.1240234375, "f_2": 0.236328125, "f_3": 0.2958984375, "f_4": 0.2353515625, "f_5": 0.1845703125, "f_6": 0.1708984375, "f_7": 0.181640625, "f_8": 0.1982421875, "f_9": 0.212890625}, "sample17": {"f_0": 0.021484375, "f_1": 0.0693359375, "f_2": 0.068359375, "f_3": 0.142578125, "f_4": 0.19921875, "f_5": 0.2568359375, "f_6": 0.26953125, "f_7": 0.2373046875, "f_8": 0.1875, "f_9": 0.21484375}, "sample18": {"f_0": 0.0185546875, "f_1": 0.0654296875, "f_2": 0.09765625, "f_3": 0.1474609375, "f_4": 0.2001953125, "f_5": 0.255859375, "f_6": 0.2314453125, "f_7": 0.2001953125, "f_8": 0.1328125, "f_9": 0.1435546875}, "sample19": {"f_0": 0.0185546875, "f_1": 0.1044921875, "f_2": 0.1748046875, "f_3": 0.17578125, "f_4": 0.1123046875, "f_5": 0.0751953125, "f_6": 0.1279296875, "f_7": 0.2119140625, "f_8": 0.2646484375, "f_9": 0.1611328125}, "sample20": {"f_0": 0.01953125, "f_1": 0.0478515625, "f_2": 0.068359375, "f_3": 0.0595703125, "f_4": 0.0673828125, "f_5": 0.0791015625, "f_6": 0.072265625, "f_7": 0.056640625, "f_8": 0.072265625, "f_9": 0.0830078125}, "sample21": {"f_0": 0.0224609375, "f_1": 0.1162109375, "f_2": 0.232421875, "f_3": 0.2431640625, "f_4": 0.2265625, "f_5": 0.185546875, "f_6": 0.224609375, "f_7": 0.2431640625, "f_8": 0.1318359375, "f_9": 0.2060546875}, "sample22": {"f_0": 0.015625, "f_1": 0.09765625, "f_2": 0.166015625, "f_3": 0.271484375, "f_4": 0.2958984375, "f_5": 0.2216796875, "f_6": 0.2158203125, "f_7": 0.2021484375, "f_8": 0.201171875, "f_9": 0.1748046875}, "sample23": {"f_0": 0.02734375, "f_1": 0.11328125, "f_2": 0.19140625, "f_3": 0.2255859375, "f_4": 0.2099609375, "f_5": 0.1474609375, "f_6": 0.1298828125, "f_7": 0.115234375, "f_8": 0.1318359375, "f_9": 0.16015625}, "sample24": {"f_0": 0.025390625, "f_1": 0.1220703125, "f_2": 0.1884765625, "f_3": 0.197265625, "f_4": 0.1376953125, "f_5": 0.0625, "f_6": 0.078125, "f_7": 0.197265625, "f_8": 0.2421875, "f_9": 0.208984375}, "sample25": {"f_0": 0.0234375, "f_1": 0.0654296875, "f_2": 0.0869140625, "f_3": 0.125, "f_4": 0.232421875, "f_5": 0.19140625, "f_6": 0.095703125, "f_7": 0.1005859375, "f_8": 0.0810546875, "f_9": 0.115234375}, "sample26": {"f_0": 0.025390625, "f_1": 0.0908203125, "f_2": 0.1044921875, "f_3": 0.1376953125, "f_4": 0.166015625, "f_5": 0.19921875, "f_6": 0.1640625, "f_7": 0.1220703125, "f_8": 0.099609375, "f_9": 0.05859375}, "sample27": {"f_0": 0.017578125, "f_1": 0.0634765625, "f_2": 0.0654296875, "f_3": 0.078125, "f_4": 0.09375, "f_5": 0.1123046875, "f_6": 0.10546875, "f_7": 0.1064453125, "f_8": 0.1689453125, "f_9": 0.1826171875}, "sample28": {"f_0": 0.0126953125, "f_1": 0.068359375, "f_2": 0.068359375, "f_3": 0.083984375, "f_4": 0.09375, "f_5": 0.1279296875, "f_6": 0.154296875, "f_7": 0.1787109375, "f_8": 0.1748046875, "f_9": 0.2119140625}, "sample29": {"f_0": 0.021484375, "f_1": 0.09765625, "f_2": 0.1767578125, "f_3": 0.2529296875, "f_4": 0.3046875, "f_5": 0.279296875, "f_6": 0.2744140625, "f_7": 0.240234375, "f_8": 0.21484375, "f_9": 0.193359375}, "sample30": {"f_0": 0.0244140625, "f_1": 0.078125, "f_2": 0.0830078125, "f_3": 0.1220703125, "f_4": 0.142578125, "f_5": 0.18359375, "f_6": 0.2294921875, "f_7": 0.2138671875, "f_8": 0.2392578125, "f_9": 0.26953125}, "sample31": {"f_0": 0.017578125, "f_1": 0.0810546875, "f_2": 0.1455078125, "f_3": 0.1552734375, "f_4": 0.2109375, "f_5": 0.251953125, "f_6": 0.294921875, "f_7": 0.24609375, "f_8": 0.1396484375, "f_9": 0.0869140625}, "sample32": {"f_0": 0.029296875, "f_1": 0.05078125, "f_2": 0.068359375, "f_3": 0.13671875, "f_4": 0.1953125, "f_5": 0.21484375, "f_6": 0.2197265625, "f_7": 0.2158203125, "f_8": 0.224609375, "f_9": 0.2158203125}, "sample33": {"f_0": 0.0263671875, "f_1": 0.0517578125, "f_2": 0.0751953125, "f_3": 0.09765625, "f_4": 0.1240234375, "f_5": 0.1943359375, "f_6": 0.15234375, "f_7": 0.107421875, "f_8": 0.0673828125, "f_9": 0.11328125}, "sample34": {"f_0": 0.0244140625, "f_1": 0.05859375, "f_2": 0.078125, "f_3": 0.068359375, "f_4": 0.107421875, "f_5": 0.1435546875, "f_6": 0.205078125, "f_7": 0.2431640625, "f_8": 0.2724609375, "f_9": 0.283203125}, "sample35": {"f_0": 0.0234375, "f_1": 0.080078125, "f_2": 0.0771484375, "f_3": 0.072265625, "f_4": 0.0947265625, "f_5": 0.1484375, "f_6": 0.1826171875, "f_7": 0.1845703125, "f_8": 0.1669921875, "f_9": 0.169921875}, "sample36": {"f_0": 0.025390625, "f_1": 0.06640625, "f_2": 0.0634765625, "f_3": 0.0703125, "f_4": 0.0908203125, "f_5": 0.123046875, "f_6": 0.15625, "f_7": 0.2060546875, "f_8": 0.2255859375, "f_9": 0.2724609375}, "sample37": {"f_0": 0.02734375, "f_1": 0.0869140625,