{"sample0": {"f_0": 0.4873046875, "f_1": 0.5849609375, "f_2": 0.6103515625, "f_3": 0.6787109375, "f_4": 0.5693359375, "f_5": 0.5576171875, "f_6": 0.44921875, "f_7": 0.2119140625, "f_8": 0.2470703125, "f_9": 0.2763671875}, "sample1": {"f_0": 0.5107421875, "f_1": 0.26171875, "f_2": 0.1103515625, "f_3": 0.044921875, "f_4": 0.130859375, "f_5": 0.2314453125, "f_6": 0.263671875, "f_7": 0.2431640625, "f_8": 0.2041015625, "f_9": 0.1826171875}, "sample2": {"f_0": 0.4892578125, "f_1": 0.6591796875, "f_2": 0.75, "f_3": 0.720703125, "f_4": 0.6123046875, "f_5": 0.40625, "f_6": 0.326171875, "f_7": 0.3427734375, "f_8": 0.4052734375, "f_9": 0.3291015625}, "sample3": {"f_0": 0.509765625, "f_1": 0.2236328125, "f_2": 0.0712890625, "f_3": 0.09765625, "f_4": 0.2041015625, "f_5": 0.33203125, "f_6": 0.3232421875, "f_7": 0.22265625, "f_8": 0.064453125, "f_9": 0.0556640625}, "sample4": {"f_0": 0.4853515625, "f_1": 0.5654296875, "f_2": 0.6171875, "f_3": 0.650390625, "f_4": 0.6865234375, "f_5": 0.7333984375, "f_6": 0.662109375, "f_7": 0.5537109375, "f_8": 0.4423828125, "f_9": 0.4072265625}, "sample5": {"f_0": 0.5009765625, "f_1": 0.1533203125, "f_2": 0.0556640625, "f_3": 0.1337890625, "f_4": 0.2392578125, "f_5": 0.251953125, "f_6": 0.2119140625, "f_7": 0.185546875, "f_8": 0.2294921875, "f_9": 0.2705078125}, "sample6": {"f_0": 0.4833984375, "f_1": 0.5400390625, "f_2": 0.5419921875, "f_3": 0.537109375, "f_4": 0.556640625, "f_5": 0.5087890625, "f_6": 0.4580078125, "f_7": 0.416015625, "f_8": 0.3935546875, "f_9": 0.3349609375}, "sample7": {"f_0": 0.48828125, "f_1": 0.349609375, "f_2": 0.244140625, "f_3": 0.1376953125, "f_4": 0.1279296875, "f_5": 0.1962890625, "f_6": 0.3486328125, "f_7": 0.5380859375, "f_8": 0.6875, "f_9": 0.78125}, "sample8": {"f_0": 0.501953125, "f_1": 0.7333984375, "f_2": 0.591796875, "f_3": 0.3291015625, "f_4": 0.20703125, "f_5": 0.3701171875, "f_6": 0.583984375, "f_7": 0.4599609375, "f_8": 0.1650390625, "f_9": 0.12109375}, "sample9": {"f_0": 0.4892578125, "f_1": 0.421875, "f_2": 0.3232421875, "f_3": 0.2646484375, "f_4": 0.181640625, "f_5": 0.09765625, "f_6": 0.0615234375, "f_7": 0.048828125, "f_8": 0.041015625, "f_9": 0.025390625}, "sample10": {"f_0": 0.5068359375, "f_1": 0.337890625, "f_2": 0.17578125, "f_3": 0.142578125, "f_4": 0.2919921875, "f_5": 0.4931640625, "f_6": 0.677734375, "f_7": 0.79296875, "f_8": 0.6953125, "f_9": 0.5380859375}, "sample11": {"f_0": 0.494140625, "f_1": 0.63671875, "f_2": 0.5390625, "f_3": 0.2666015625, "f_4": 0.1005859375, "f_5": 0.16015625, "f_6": 0.3984375, "f_7": 0.6298828125, "f_8": 0.5673828125, "f_9": 0.3125}, "sample12": {"f_0": 0.4736328125, "f_1": 0.380859375, "f_2": 0.2490234375, "f_3": 0.2255859375, "f_4": 0.302734375, "f_5": 0.40625, "f_6": 0.4287109375, "f_7": 0.318359375, "f_8": 0.263671875, "f_9": 0.2529296875}, "sample13": {"f_0": 0.4921875, "f_1": 0.1513671875, "f_2": 0.056640625, "f_3": 0.2529296875, "f_4": 0.3623046875, "f_5": 0.220703125, "f_6": 0.09765625, "f_7": 0.1337890625, "f_8": 0.2763671875, "f_9": 0.265625}, "sample14": {"f_0": 0.494140625, "f_1": 0.556640625, "f_2": 0.51953125, "f_3": 0.3623046875, "f_4": 0.1708984375, "f_5": 0.048828125, "f_6": 0.025390625, "f_7": 0.0439453125, "f_8": 0.1123046875, "f_9": 0.205078125}, "sample15": {"f_0": 0.517578125, "f_1": 0.5029296875, "f_2": 0.376953125, "f_3": 0.265625, "f_4": 0.2021484375, "f_5": 0.2314453125, "f_6": 0.40234375, "f_7": 0.51953125, "f_8": 0.4931640625, "f_9": 0.33984375}, "sample16": {"f_0": 0.498046875, "f_1": 0.15625, "f_2": 0.0439453125, "f_3": 0.103515625, "f_4": 0.25, "f_5": 0.2421875, "f_6": 0.2919921875, "f_7": 0.2265625, "f_8": 0.259765625, "f_9": 0.28515625}, "sample17": {"f_0": 0.5048828125, "f_1": 0.3857421875, "f_2": 0.2568359375, "f_3": 0.220703125, "f_4": 0.248046875, "f_5": 0.3056640625, "f_6": 0.328125, "f_7": 0.236328125, "f_8": 0.1435546875, "f_9": 0.0849609375}, "sample18": {"f_0": 0.5078125, "f_1": 0.3369140625, "f_2": 0.193359375, "f_3": 0.2021484375, "f_4": 0.287109375, "f_5": 0.4130859375, "f_6": 0.4599609375, "f_7": 0.4287109375, "f_8": 0.4501953125, "f_9": 0.4189453125}, "sample19": {"f_0": 0.5126953125, "f_1": 0.1904296875, "f_2": 0.0673828125, "f_3": 0.2724609375, "f_4": 0.443359375, "f_5": 0.4404296875, "f_6": 0.1904296875, "f_7": 0.0380859375, "f_8": 0.1015625, "f_9": 0.271484375}, "sample20": {"f_0": 0.4736328125, "f_1": 0.5283203125, "f_2": 0.5205078125, "f_3": 0.486328125, "f_4": 0.5126953125, "f_5": 0.4658203125, "f_6": 0.466796875, "f_7": 0.39453125, "f_8": 0.3818359375, "f_9": 0.37109375}, "sample21": {"f_0": 0.517578125, "f_1": 0.12890625, "f_2": 0.060546875, "f_3": 0.12109375, "f_4": 0.2802734375, "f_5": 0.283203125, "f_6": 0.2841796875, "f_7": 0.40234375, "f_8": 0.330078125, "f_9": 0.267578125}, "sample22": {"f_0": 0.48828125, "f_1": 0.1923828125, "f_2": 0.056640625, "f_3": 0.046875, "f_4": 0.1767578125, "f_5": 0.2080078125, "f_6": 0.236328125, "f_7": 0.25, "f_8": 0.25390625, "f_9": 0.3212890625}, "sample23": {"f_0": 0.49609375, "f_1": 0.2158203125, "f_2": 0.0625, "f_3": 0.0966796875, "f_4": 0.1943359375, "f_5": 0.2958984375, "f_6": 0.27734375, "f_7": 0.2392578125, "f_8": 0.1640625, "f_9": 0.1162109375}, "sample24": {"f_0": 0.5029296875, "f_1": 0.1845703125, "f_2": 0.0732421875, "f_3": 0.216796875, "f_4": 0.4140625, "f_5": 0.4208984375, "f_6": 0.1904296875, "f_7": 0.0615234375, "f_8": 0.068359375, "f_9": 0.2177734375}, "sample25": {"f_0": 0.5390625, "f_1": 0.3935546875, "f_2": 0.27734375, "f_3": 0.2353515625, "f_4": 0.2470703125, "f_5": 0.24609375, "f_6": 0.1962890625, "f_7": 0.2578125, "f_8": 0.22265625, "f_9": 0.205078125}, "sample26": {"f_0": 0.51171875, "f_1": 0.658203125, "f_2": 0.6474609375, "f_3": 0.580078125, "f_4": 0.421875, "f_5": 0.26171875, "f_6": 0.1494140625, "f_7": 0.1025390625, "f_8": 0.2451171875, "f_9": 0.3955078125}, "sample27": {"f_0": 0.4951171875, "f_1": 0.4130859375, "f_2": 0.2890625, "f_3": 0.2431640625, "f_4": 0.2451171875, "f_5": 0.2421875, "f_6": 0.251953125, "f_7": 0.2509765625, "f_8": 0.220703125, "f_9": 0.244140625}, "sample28": {"f_0": 0.4755859375, "f_1": 0.4072265625, "f_2": 0.341796875, "f_3": 0.26171875, "f_4": 0.1787109375, "f_5": 0.126953125, "f_6": 0.1005859375, "f_7": 0.078125, "f_8": 0.078125, "f_9": 0.1083984375}, "sample29": {"f_0": 0.4951171875, "f_1": 0.6953125, "f_2": 0.779296875, "f_3": 0.755859375, "f_4": 0.6513671875, "f_5": 0.484375, "f_6": 0.3388671875, "f_7": 0.2431640625, "f_8": 0.2802734375, "f_9": 0.2451171875}, "sample30": {"f_0": 0.5234375, "f_1": 0.5947265625, "f_2": 0.68359375, "f_3": 0.74609375, "f_4": 0.7412109375, "f_5": 0.7333984375, "f_6": 0.7548828125, "f_7": 0.6796875, "f_8": 0.5615234375, "f_9": 0.5107421875}, "sample31": {"f_0": 0.505859375, "f_1": 0.6552734375, "f_2": 0.7080078125, "f_3": 0.65625, "f_4": 0.5888671875, "f_5": 0.513671875, "f_6": 0.3134765625, "f_7": 0.12109375, "f_8": 0.1201171875, "f_9": 0.3876953125}, "sample32": {"f_0": 0.5166015625, "f_1": 0.3662109375, "f_2": 0.2783203125, "f_3": 0.2060546875, "f_4": 0.2705078125, "f_5": 0.3115234375, "f_6": 0.3525390625, "f_7": 0.3212890625, "f_8": 0.2958984375, "f_9": 0.2900390625}, "sample33": {"f_0": 0.505859375, "f_1": 0.3828125, "f_2": 0.32421875, "f_3": 0.228515625, "f_4": 0.240234375, "f_5": 0.244140625, "f_6": 0.271484375, "f_7": 0.296875, "f_8": 0.33203125, "f_9": 0.2607421875}, "sample34": {"f_0": 0.5263671875, "f_1": 0.494140625, "f_2": 0.552734375, "f_3": 0.4951171875, "f_4": 0.4150390625, "f_5": 0.3251953125, "f_6": 0.2763671875, "f_7": 0.2275390625, "f_8": 0.1728515625, "f_9": 0.1064453125}, "sample35": {"f_0": 0.5126953125, "f_1": 0.4970703125, "f_2": 0.4775390625, "f_3": 0.4169921875, "f_4": 0.3359375, "f_5": 0.27734375, "f_6": 0.2060546875, "f_7": 0.2744140625, "f_8": 0.357421875, "f_9": 0.3115234375}, "sample36": {"f_0": 0.478515625, "f_1": 0.4541015625, "f_2": 0.3994140625, "f_3": 0.3017578125, "f_4": 0.2412109375, "f_5": 0.19140625, "f_6": 0.21875, "f_7": 0.2802734375, "f_8": 0.3125, "f_9": 0.3701171875}, "sample37": {"f_0": 0.5322265625, "f_1": 0.662109375,