{"sample0": {"f_0": 0.845703125, "f_1": 0.6728515625, "f_2": 0.6005859375, "f_3": 0.50390625, "f_4": 0.365234375, "f_5": 0.2998046875, "f_6": 0.19921875, "f_7": 0.15625, "f_8": 0.2451171875, "f_9": 0.1591796875}, "sample1": {"f_0": 0.826171875, "f_1": 0.6298828125, "f_2": 0.48828125, "f_3": 0.2451171875, "f_4": 0.1845703125, "f_5": 0.1787109375, "f_6": 0.2041015625, "f_7": 0.2822265625, "f_8": 0.232421875, "f_9": 0.21484375}, "sample2": {"f_0": 0.84765625, "f_1": 0.6142578125, "f_2": 0.486328125, "f_3": 0.3427734375, "f_4": 0.1904296875, "f_5": 0.1552734375, "f_6": 0.1669921875, "f_7": 0.21875, "f_8": 0.2255859375, "f_9": 0.1826171875}, "sample3": {"f_0": 0.8349609375, "f_1": 0.568359375, "f_2": 0.3720703125, "f_3": 0.208984375, "f_4": 0.2060546875, "f_5": 0.267578125, "f_6": 0.427734375, "f_7": 0.421875, "f_8": 0.396484375, "f_9": 0.23046875}, "sample4": {"f_0": 0.84765625, "f_1": 0.654296875, "f_2": 0.626953125, "f_3": 0.576171875, "f_4": 0.4833984375, "f_5": 0.421875, "f_6": 0.2919921875, "f_7": 0.29296875, "f_8": 0.2373046875, "f_9": 0.2275390625}, "sample5": {"f_0": 0.8466796875, "f_1": 0.5234375, "f_2": 0.259765625, "f_3": 0.1875, "f_4": 0.1953125, "f_5": 0.189453125, "f_6": 0.193359375, "f_7": 0.1845703125, "f_8": 0.1640625, "f_9": 0.2080078125}, "sample6": {"f_0": 0.8359375, "f_1": 0.6591796875, "f_2": 0.65234375, "f_3": 0.5576171875, "f_4": 0.57421875, "f_5": 0.46875, "f_6": 0.390625, "f_7": 0.33984375, "f_8": 0.294921875, "f_9": 0.2373046875}, "sample7": {"f_0": 0.8408203125, "f_1": 0.6396484375, "f_2": 0.537109375, "f_3": 0.392578125, "f_4": 0.2587890625, "f_5": 0.1904296875, "f_6": 0.1943359375, "f_7": 0.25, "f_8": 0.34765625, "f_9": 0.40625}, "sample8": {"f_0": 0.826171875, "f_1": 0.5498046875, "f_2": 0.3115234375, "f_3": 0.1494140625, "f_4": 0.25390625, "f_5": 0.3720703125, "f_6": 0.287109375, "f_7": 0.1220703125, "f_8": 0.1171875, "f_9": 0.224609375}, "sample9": {"f_0": 0.8369140625, "f_1": 0.6640625, "f_2": 0.6416015625, "f_3": 0.62890625, "f_4": 0.556640625, "f_5": 0.51171875, "f_6": 0.42578125, "f_7": 0.3857421875, "f_8": 0.3291015625, "f_9": 0.298828125}, "sample10": {"f_0": 0.830078125, "f_1": 0.623046875, "f_2": 0.4521484375, "f_3": 0.27734375, "f_4": 0.181640625, "f_5": 0.2080078125, "f_6": 0.330078125, "f_7": 0.44140625, "f_8": 0.52734375, "f_9": 0.5224609375}, "sample11": {"f_0": 0.833984375, "f_1": 0.583984375, "f_2": 0.326171875, "f_3": 0.18359375, "f_4": 0.2802734375, "f_5": 0.529296875, "f_6": 0.6708984375, "f_7": 0.6279296875, "f_8": 0.3916015625, "f_9": 0.2158203125}, "sample12": {"f_0": 0.837890625, "f_1": 0.58984375, "f_2": 0.421875, "f_3": 0.2451171875, "f_4": 0.15234375, "f_5": 0.1328125, "f_6": 0.1298828125, "f_7": 0.1357421875, "f_8": 0.12109375, "f_9": 0.1171875}, "sample13": {"f_0": 0.833984375, "f_1": 0.513671875, "f_2": 0.2470703125, "f_3": 0.1669921875, "f_4": 0.322265625, "f_5": 0.44921875, "f_6": 0.3916015625, "f_7": 0.2021484375, "f_8": 0.14453125, "f_9": 0.1728515625}, "sample14": {"f_0": 0.833984375, "f_1": 0.5908203125, "f_2": 0.4384765625, "f_3": 0.263671875, "f_4": 0.158203125, "f_5": 0.2255859375, "f_6": 0.3212890625, "f_7": 0.384765625, "f_8": 0.416015625, "f_9": 0.3564453125}, "sample15": {"f_0": 0.81640625, "f_1": 0.576171875, "f_2": 0.3427734375, "f_3": 0.2216796875, "f_4": 0.1630859375, "f_5": 0.0966796875, "f_6": 0.0927734375, "f_7": 0.1279296875, "f_8": 0.171875, "f_9": 0.18359375}, "sample16": {"f_0": 0.8623046875, "f_1": 0.537109375, "f_2": 0.34375, "f_3": 0.1513671875, "f_4": 0.15625, "f_5": 0.1826171875, "f_6": 0.201171875, "f_7": 0.18359375, "f_8": 0.1982421875, "f_9": 0.1708984375}, "sample17": {"f_0": 0.8310546875, "f_1": 0.5712890625, "f_2": 0.4052734375, "f_3": 0.2685546875, "f_4": 0.16796875, "f_5": 0.1220703125, "f_6": 0.1357421875, "f_7": 0.1552734375, "f_8": 0.2158203125, "f_9": 0.2197265625}, "sample18": {"f_0": 0.8271484375, "f_1": 0.6220703125, "f_2": 0.4287109375, "f_3": 0.2734375, "f_4": 0.181640625, "f_5": 0.171875, "f_6": 0.16015625, "f_7": 0.2666015625, "f_8": 0.3173828125, "f_9": 0.2841796875}, "sample19": {"f_0": 0.8525390625, "f_1": 0.533203125, "f_2": 0.2939453125, "f_3": 0.1826171875, "f_4": 0.3408203125, "f_5": 0.5771484375, "f_6": 0.56640625, "f_7": 0.369140625, "f_8": 0.1708984375, "f_9": 0.197265625}, "sample20": {"f_0": 0.8251953125, "f_1": 0.6982421875, "f_2": 0.6435546875, "f_3": 0.6181640625, "f_4": 0.578125, "f_5": 0.5107421875, "f_6": 0.4560546875, "f_7": 0.416015625, "f_8": 0.4033203125, "f_9": 0.349609375}, "sample21": {"f_0": 0.8271484375, "f_1": 0.4970703125, "f_2": 0.2666015625, "f_3": 0.158203125, "f_4": 0.1474609375, "f_5": 0.2060546875, "f_6": 0.1572265625, "f_7": 0.177734375, "f_8": 0.2529296875, "f_9": 0.1787109375}, "sample22": {"f_0": 0.849609375, "f_1": 0.5732421875, "f_2": 0.3994140625, "f_3": 0.234375, "f_4": 0.138671875, "f_5": 0.1650390625, "f_6": 0.1787109375, "f_7": 0.1904296875, "f_8": 0.16796875, "f_9": 0.189453125}, "sample23": {"f_0": 0.8076171875, "f_1": 0.58203125, "f_2": 0.376953125, "f_3": 0.2119140625, "f_4": 0.173828125, "f_5": 0.2255859375, "f_6": 0.30859375, "f_7": 0.3095703125, "f_8": 0.2978515625, "f_9": 0.2197265625}, "sample24": {"f_0": 0.84765625, "f_1": 0.564453125, "f_2": 0.2802734375, "f_3": 0.189453125, "f_4": 0.314453125, "f_5": 0.541015625, "f_6": 0.583984375, "f_7": 0.3955078125, "f_8": 0.2333984375, "f_9": 0.1669921875}, "sample25": {"f_0": 0.8544921875, "f_1": 0.5712890625, "f_2": 0.3896484375, "f_3": 0.2705078125, "f_4": 0.154296875, "f_5": 0.1943359375, "f_6": 0.3349609375, "f_7": 0.5634765625, "f_8": 0.4951171875, "f_9": 0.2568359375}, "sample26": {"f_0": 0.8525390625, "f_1": 0.630859375, "f_2": 0.5078125, "f_3": 0.349609375, "f_4": 0.2060546875, "f_5": 0.2001953125, "f_6": 0.2421875, "f_7": 0.3671875, "f_8": 0.5048828125, "f_9": 0.6201171875}, "sample27": {"f_0": 0.8486328125, "f_1": 0.6650390625, "f_2": 0.564453125, "f_3": 0.4375, "f_4": 0.3505859375, "f_5": 0.32421875, "f_6": 0.2958984375, "f_7": 0.255859375, "f_8": 0.189453125, "f_9": 0.203125}, "sample28": {"f_0": 0.8388671875, "f_1": 0.6806640625, "f_2": 0.625, "f_3": 0.6083984375, "f_4": 0.52734375, "f_5": 0.455078125, "f_6": 0.38671875, "f_7": 0.349609375, "f_8": 0.263671875, "f_9": 0.2138671875}, "sample29": {"f_0": 0.8310546875, "f_1": 0.6123046875, "f_2": 0.453125, "f_3": 0.3583984375, "f_4": 0.2099609375, "f_5": 0.146484375, "f_6": 0.119140625, "f_7": 0.130859375, "f_8": 0.1845703125, "f_9": 0.1689453125}, "sample30": {"f_0": 0.8583984375, "f_1": 0.6728515625, "f_2": 0.603515625, "f_3": 0.5947265625, "f_4": 0.515625, "f_5": 0.421875, "f_6": 0.341796875, "f_7": 0.2822265625, "f_8": 0.2275390625, "f_9": 0.185546875}, "sample31": {"f_0": 0.83984375, "f_1": 0.6337890625, "f_2": 0.4658203125, "f_3": 0.365234375, "f_4": 0.279296875, "f_5": 0.193359375, "f_6": 0.119140625, "f_7": 0.1669921875, "f_8": 0.3525390625, "f_9": 0.4853515625}, "sample32": {"f_0": 0.837890625, "f_1": 0.595703125, "f_2": 0.408203125, "f_3": 0.2412109375, "f_4": 0.17578125, "f_5": 0.16015625, "f_6": 0.1611328125, "f_7": 0.1767578125, "f_8": 0.17578125, "f_9": 0.162109375}, "sample33": {"f_0": 0.8408203125, "f_1": 0.61328125, "f_2": 0.48046875, "f_3": 0.3740234375, "f_4": 0.2509765625, "f_5": 0.1904296875, "f_6": 0.20703125, "f_7": 0.330078125, "f_8": 0.396484375, "f_9": 0.28515625}, "sample34": {"f_0": 0.8447265625, "f_1": 0.6318359375, "f_2": 0.5849609375, "f_3": 0.486328125, "f_4": 0.3466796875, "f_5": 0.2568359375, "f_6": 0.216796875, "f_7": 0.1650390625, "f_8": 0.1279296875, "f_9": 0.169921875}, "sample35": {"f_0": 0.82421875, "f_1": 0.630859375, "f_2": 0.55078125, "f_3": 0.44140625, "f_4": 0.3115234375, "f_5": 0.2587890625, "f_6": 0.177734375, "f_7": 0.181640625, "f_8": 0.2314453125, "f_9": 0.21484375}, "sample36": {"f_0": 0.826171875, "f_1": 0.6494140625, "f_2": 0.5830078125, "f_3": 0.4814453125, "f_4": 0.388671875, "f_5": 0.2744140625, "f_6": 0.2294921875, "f_7": 0.1513671875, "f_8": 0.15625, "f_9": 0.140625}, "sample37": {"f_0": 0.8125, "f_1": 0.6240234375,